=== RUN 1 ===

> bsuk@0.1.0 build
> astro build

01:53:07 [content] Syncing content
01:53:07 [content] Synced content
01:53:07 [types] Generated 781ms
01:53:07 [build] output: "static"
01:53:07 [build] mode: "static"
01:53:07 [build] directory: /Users/apple/Downloads/BSUK/dist/
01:53:07 [build] Collecting build info...
01:53:07 [build] ✓ Completed in 904ms.
01:53:07 [build] Building static entrypoints...
01:53:10 [vite] ✓ built in 3.11s
01:53:11 [vite] ✓ built in 1.30s
01:53:11 [build] Rearranging server assets...

 generating static routes 
01:53:11   ├─ /available-puppies/roman/index.html (+21ms) 
01:53:11   ├─ /available-puppies/byrd/index.html (+4ms) 
01:53:11   ├─ /available-puppies/ince/index.html (+5ms) 
01:53:11   ├─ /available-puppies/vennie/index.html (+4ms) 
01:53:11   ├─ /available-puppies/christa/index.html (+4ms) 
01:53:11   ├─ /available-puppies/cheryl/index.html (+5ms) 
01:53:11   ├─ /available-puppies/index.html (+8ms) 
01:53:12   ├─ /blog/index.html (+4ms) 
01:53:12   ├─ /blue-staffy-health-uk/index.html (+9ms) 
01:53:12   ├─ /blue-staffy-pup-sale-uk/index.html (+6ms) 
01:53:12   ├─ /blue-staffy-uk-breeders/index.html (+7ms) 
01:53:12   ├─ /buy-blue-staffy-puppies-uk/index.html (+9ms) 
01:53:12   ├─ /buy-staffy-puppies-for-sale-uk/index.html (+10ms) 
01:53:12   ├─ /kit-preview/index.html (+18ms) 
01:53:12   ├─ /privacy-policy-uk/index.html (+5ms) 
01:53:12   ├─ /search/index.html (+3ms) 
01:53:12   ├─ /thank-you-blue-staffy-puppies-journey/index.html (+6ms) 
01:53:12   ├─ /uk-blue-staffy-breeders-contact/index.html (+10ms) 
01:53:12   ├─ /uk-blue-staffy-puppy-buying-guide/index.html (+13ms) 
01:53:12   ├─ /uk-locations/blue-staffies-newcastle-under-lyme/index.html (+2ms) 
01:53:12   ├─ /uk-locations/blue-staffy-puppies-aberdeen/index.html (+5ms) 
01:53:12   ├─ /uk-locations/blue-staffy-puppies-birmingham/index.html (+2ms) 
01:53:12   ├─ /uk-locations/blue-staffy-puppies-bristol-uk/index.html (+2ms) 
01:53:12   ├─ /uk-locations/blue-staffy-puppies-dundee/index.html (+4ms) 
01:53:12   ├─ /uk-locations/blue-staffy-puppies-edinburgh/index.html (+4ms) 
01:53:12   ├─ /uk-locations/blue-staffy-puppies-for-sale-in-leicester/index.html (+3ms) 
01:53:12   ├─ /uk-locations/blue-staffy-puppies-for-sale-leeds/index.html (+3ms) 
01:53:12   ├─ /uk-locations/blue-staffy-puppies-hull/index.html (+3ms) 
01:53:12   ├─ /uk-locations/blue-staffy-puppies-inverness/index.html (+4ms) 
01:53:12   ├─ /uk-locations/blue-staffy-puppies-london/index.html (+2ms) 
01:53:12   ├─ /uk-locations/blue-staffy-puppies-manchester-uk/index.html (+5ms) 
01:53:12   ├─ /uk-locations/blue-staffy-puppies-middlesbrough/index.html (+3ms) 
01:53:12   ├─ /uk-locations/blue-staffy-puppies-oxford/index.html (+2ms) 
01:53:12   ├─ /uk-locations/blue-staffy-puppies-south-yorkshire/index.html (+2ms) 
01:53:12   ├─ /uk-locations/blue-staffy-puppies-sunderland/index.html (+3ms) 
01:53:12   ├─ /uk-locations/blue-staffy-puppies-uk/index.html (+4ms) 
01:53:12   ├─ /uk-locations/blue-staffy-puppies-york/index.html (+4ms) 
01:53:12   ├─ /uk-locations/buy-blue-staffy-puppy-coventry-area/index.html (+2ms) 
01:53:12   ├─ /uk-locations/staffy-breeding-dogs-glasgow/index.html (+2ms) 
01:53:12   ├─ /uk-locations/staffy-puppies-cardiff-wales/index.html (+3ms) 
01:53:12   ├─ /uk-locations/staffy-puppies-for-sale-cornwall/index.html (+2ms) 
01:53:12   ├─ /uk-locations/staffy-puppies-for-sale-essex/index.html (+2ms) 
01:53:12   ├─ /uk-locations/staffy-puppies-for-sale-glasgow/index.html (+2ms) 
01:53:12   ├─ /uk-locations/staffy-puppies-for-sale-liverpool/index.html (+3ms) 
01:53:12   ├─ /uk-locations/staffy-puppies-for-sale-nottingham/index.html (+2ms) 
01:53:12   ├─ /uk-locations/staffy-puppies-wolverhampton/index.html (+2ms) 
01:53:12   ├─ /uk-locations/uk-staffordshire-bull-terrier-breeder/index.html (+4ms) 
01:53:12   ├─ /uk-locations/index.html (+4ms) 
01:53:12   ├─ /uk-staffordshire-bull-terrier-guide/index.html (+9ms) 
01:53:12   ├─ /index.html (+10ms) 
01:53:12   ├─ /blue-staffy-blog-guides/index.html (+3ms) 
01:53:12 ✓ Completed in 318ms.

 generating optimized images 
01:53:12   ▶ /_astro/Roman1.DKvYvyvM_2bjowu.webp (reused cache entry) (+2ms) (1/46)
01:53:12   ▶ /_astro/Byrd1.Dc5KZxb2_Z12dGBv.webp (reused cache entry) (+2ms) (2/46)
01:53:12   ▶ /_astro/Ince1.CjowFAsd_Z8xVgY.webp (reused cache entry) (+2ms) (3/46)
01:53:12   ▶ /_astro/Roman2.C-A0j1ry_1uH9rQ.webp (reused cache entry) (+3ms) (4/46)
01:53:12   ▶ /_astro/Roman1.DKvYvyvM_144hpR.webp (reused cache entry) (+2ms) (5/46)
01:53:12   ▶ /_astro/Byrd1.Dc5KZxb2_Sq7u9.webp (reused cache entry) (+3ms) (6/46)
01:53:12   ▶ /_astro/Ince1.CjowFAsd_1ydgJK.webp (reused cache entry) (+3ms) (7/46)
01:53:12   ▶ /_astro/Roman2.C-A0j1ry_Z2h5Yfu.webp (reused cache entry) (+3ms) (8/46)
01:53:12   ▶ /_astro/Roman1.DKvYvyvM_Z3aOFK.webp (reused cache entry) (+3ms) (9/46)
01:53:12   ▶ /_astro/Byrd1.Dc5KZxb2_Z9yFxp.webp (reused cache entry) (+4ms) (10/46)
01:53:12   ▶ /_astro/Roman2.C-A0j1ry_sWg9c.webp (reused cache entry) (+4ms) (11/46)
01:53:12   ▶ /_astro/Ince1.CjowFAsd_Zgl9sa.webp (reused cache entry) (+5ms) (12/46)
01:53:12   ▶ /_astro/Roman1.DKvYvyvM_ZERQpB.webp (reused cache entry) (+4ms) (13/46)
01:53:12   ▶ /_astro/Roman2.C-A0j1ry_ZwJcId.webp (reused cache entry) (+2ms) (14/46)
01:53:12   ▶ /_astro/Byrd1.Dc5KZxb2_1zROfE.webp (reused cache entry) (+3ms) (15/46)
01:53:12   ▶ /_astro/Ince1.CjowFAsd_2txzAb.webp (reused cache entry) (+2ms) (16/46)
01:53:12   ▶ /_astro/Byrd1.Dc5KZxb2_Z2rts2K.webp (reused cache entry) (+2ms) (17/46)
01:53:12   ▶ /_astro/Ince1.CjowFAsd_Z1xNGHe.webp (reused cache entry) (+2ms) (18/46)
01:53:12   ▶ /_astro/Roman2.C-A0j1ry_2oY8o4.webp (reused cache entry) (+2ms) (19/46)
01:53:12   ▶ /_astro/Vennie.ke5yj4Fb_qwe4J.webp (reused cache entry) (+2ms) (20/46)
01:53:12   ▶ /_astro/Byrd1.Dc5KZxb2_13r1px.webp (reused cache entry) (+1ms) (21/46)
01:53:12   ▶ /_astro/Ince1.CjowFAsd_1W6LK4.webp (reused cache entry) (+2ms) (22/46)
01:53:12   ▶ /_astro/Roman2.C-A0j1ry_2iWGRt.webp (reused cache entry) (+2ms) (23/46)
01:53:12   ▶ /_astro/Vennie.ke5yj4Fb_qmObM.webp (reused cache entry) (+2ms) (24/46)
01:53:12   ▶ /_astro/Ince1.CjowFAsd_1nekPD.webp (reused cache entry) (+2ms) (25/46)
01:53:12   ▶ /_astro/Byrd1.Dc5KZxb2_ZfBevx.webp (reused cache entry) (+2ms) (26/46)
01:53:12   ▶ /_astro/Roman2.C-A0j1ry_ZfyScE.webp (reused cache entry) (+2ms) (27/46)
01:53:12   ▶ /_astro/Vennie.ke5yj4Fb_8go8H.webp (reused cache entry) (+3ms) (28/46)
01:53:12   ▶ /_astro/Christa.DCD6hF9z_24FDMC.webp (reused cache entry) (+2ms) (29/46)
01:53:12   ▶ /_astro/Cheryl1.BA5--lqv_1QWN42.webp (reused cache entry) (+2ms) (30/46)
01:53:12   ▶ /_astro/Vennie.ke5yj4Fb_1fCzYE.webp (reused cache entry) (+2ms) (31/46)
01:53:12   ▶ /_astro/Christa.DCD6hF9z_Z23bJ25.webp (reused cache entry) (+2ms) (32/46)
01:53:12   ▶ /_astro/Vennie.ke5yj4Fb_24EeX6.webp (reused cache entry) (+1ms) (33/46)
01:53:12   ▶ /_astro/Cheryl1.BA5--lqv_Z1P5ulo.webp (reused cache entry) (+3ms) (34/46)
01:53:12   ▶ /_astro/Vennie.ke5yj4Fb_24zx1C.webp (reused cache entry) (+2ms) (35/46)
01:53:12   ▶ /_astro/Christa.DCD6hF9z_T3FVW.webp (reused cache entry) (+3ms) (36/46)
01:53:12   ▶ /_astro/Christa.DCD6hF9z_4kO1d.webp (reused cache entry) (+2ms) (37/46)
01:53:12   ▶ /_astro/Cheryl1.BA5--lqv_b7QRc.webp (reused cache entry) (+4ms) (38/46)
01:53:12   ▶ /_astro/Vennie.ke5yj4Fb_ZRyHkN.webp (reused cache entry) (+4ms) (39/46)
01:53:12   ▶ /_astro/Christa.DCD6hF9z_15fV8S.webp (reused cache entry) (+2ms) (40/46)
01:53:12   ▶ /_astro/Cheryl1.BA5--lqv_Zvqq7g.webp (reused cache entry) (+2ms) (41/46)
01:53:12   ▶ /_astro/Cheryl1.BA5--lqv_1BX5wb.webp (reused cache entry) (+2ms) (42/46)
01:53:12   ▶ /_astro/Christa.DCD6hF9z_ZXFfKX.webp (reused cache entry) (+2ms) (43/46)
01:53:12   ▶ /_astro/Christa.DCD6hF9z_1u9BJ.webp (reused cache entry) (+1ms) (44/46)
01:53:12   ▶ /_astro/Cheryl1.BA5--lqv_2leFTW.webp (reused cache entry) (+2ms) (45/46)
01:53:12   ▶ /_astro/Cheryl1.BA5--lqv_Z1xfPiP.webp (reused cache entry) (+2ms) (46/46)
01:53:12 ✓ Completed in 37ms.

01:53:12 [build] ✓ Completed in 4.85s.
01:53:12 [build] 51 page(s) built in 5.79s
01:53:12 [build] Complete!

> bsuk@0.1.0 postbuild
> python3 scripts/generate_sitemaps.py && python3 scripts/build_search_index.py

WARNING: SITE_URL not set — sitemaps carry https://SITE_URL_PLACEHOLDER
page      13
post      1
location  11
puppy     6
video     4
index: page-sitemap.xml, post-sitemap.xml, location-sitemap.xml, puppy-sitemap.xml, video-sitemap.xml
search index: 31 rows -> public/search-index.json and dist/search-index.json
  Blog 1, Location 11, Page 13, Puppy 6
  2 title(s) carry the former city verbatim from data/page-map.json (Known Issue 16; not rewritten here)

> bsuk@0.1.0 check:all
> npm run check:parity && npm run check:redirects && npm run check:schema && npm run check:sitemaps && npm run check:placeholders && npm run check:markers && npm run agents


> bsuk@0.1.0 check:parity
> python3 scripts/migration_parity.py

# Migration parity

Built pages measured against what the extractor promised. `raw` is the old
`.entry-content` before the extractor's deliberate removals (dead WordPress forms,
the four sold pups' cards); `expected` is the same page after them; `built` is what
`article.prose-migrated` renders. Note that `raw` is itself measured after site
chrome and dead forms are stripped, so it slightly understates the WordPress body.
The gate compares expected → built with a 2% whitespace band; headings must match
exactly, embeds must never decrease, a built page missing its article scope fails,
and expected must keep at least 60% of raw's words.

| URL | words raw→expected→built | headings exp→built | images exp→built | embeds exp→built | cards removed | result |
| --- | --- | --- | --- | --- | --- | --- |
| /blue-staffy-blog-guides/ | 0→0→142 | 0→3 | 0→0 | 0→0 | 0 | PASS (archive) |
| /blue-staffy-health-uk/ | 3510→3165→3165 | 62→62 | 8→8 | 0→0 | 4 | PASS |
| /blue-staffy-pup-sale-uk/ | 1133→788→788 | 18→18 | 5→5 | 0→0 | 4 | PASS |
| /blue-staffy-uk-breeders/ | 2316→1780→1780 | 27→27 | 7→7 | 1→1 | 4 | PASS |
| /buy-blue-staffy-puppies-uk/ | 2488→2254→2254 | 27→27 | 7→7 | 1→1 | 5 | PASS |
| /buy-staffy-puppies-for-sale-uk/ | 4706→4706→4706 | 50→50 | 13→13 | 1→1 | 0 | PASS |
| / | 3369→3112→3112 | 59→59 | 14→14 | 2→2 | 4 | PASS |
| /privacy-policy-uk/ | 1015→1015→1015 | 23→23 | 3→3 | 0→0 | 0 | PASS |
| /thank-you-blue-staffy-puppies-journey/ | 422→422→422 | 5→5 | 1→1 | 0→0 | 0 | PASS |
| /uk-blue-staffy-breeders-contact/ | 397→397→397 | 6→6 | 1→1 | 0→0 | 0 | PASS |
| /uk-blue-staffy-puppy-buying-guide/ | 6117→6117→6117 | 68→68 | 17→17 | 1→1 | 0 | PASS |
| /uk-locations/blue-staffies-newcastle-under-lyme/ | 5→5→5 | 0→0 | 0→0 | 0→0 | 0 | PASS |
| /uk-locations/blue-staffy-puppies-aberdeen/ | 476→443→443 | 10→10 | 0→0 | 0→0 | 4 | PASS (puppy-grid-emptied) |
| /uk-locations/blue-staffy-puppies-birmingham/ | 4→4→4 | 0→0 | 0→0 | 0→0 | 0 | PASS |
| /uk-locations/blue-staffy-puppies-bristol-uk/ | 0→0→0 | 0→0 | 0→0 | 0→0 | 0 | PASS |
| /uk-locations/blue-staffy-puppies-dundee/ | 463→430→430 | 10→10 | 0→0 | 0→0 | 4 | PASS (puppy-grid-emptied) |
| /uk-locations/blue-staffy-puppies-edinburgh/ | 485→452→452 | 10→10 | 0→0 | 0→0 | 4 | PASS (puppy-grid-emptied) |
| /uk-locations/blue-staffy-puppies-for-sale-in-leicester/ | 7→7→7 | 0→0 | 0→0 | 0→0 | 0 | PASS |
| /uk-locations/blue-staffy-puppies-for-sale-leeds/ | 0→0→0 | 0→0 | 0→0 | 0→0 | 0 | PASS |
| /uk-locations/blue-staffy-puppies-hull/ | 470→437→437 | 10→10 | 0→0 | 0→0 | 4 | PASS (puppy-grid-emptied) |
| /uk-locations/blue-staffy-puppies-inverness/ | 469→436→436 | 10→10 | 0→0 | 0→0 | 4 | PASS (puppy-grid-emptied) |
| /uk-locations/blue-staffy-puppies-london/ | 4→4→4 | 0→0 | 0→0 | 0→0 | 0 | PASS |
| /uk-locations/blue-staffy-puppies-manchester-uk/ | 5→5→5 | 0→0 | 0→0 | 0→0 | 0 | PASS |
| /uk-locations/blue-staffy-puppies-middlesbrough/ | 449→416→416 | 10→10 | 0→0 | 0→0 | 4 | PASS (puppy-grid-emptied) |
| /uk-locations/blue-staffy-puppies-oxford/ | 473→440→440 | 10→10 | 0→0 | 0→0 | 4 | PASS (puppy-grid-emptied) |
| /uk-locations/blue-staffy-puppies-south-yorkshire/ | 0→0→0 | 0→0 | 0→0 | 0→0 | 0 | PASS |
| /uk-locations/blue-staffy-puppies-sunderland/ | 464→431→431 | 10→10 | 0→0 | 0→0 | 4 | PASS (puppy-grid-emptied) |
| /uk-locations/blue-staffy-puppies-uk/ | 2112→1767→1767 | 29→29 | 11→11 | 0→0 | 4 | PASS |
| /uk-locations/blue-staffy-puppies-york/ | 474→441→441 | 10→10 | 0→0 | 0→0 | 4 | PASS (puppy-grid-emptied) |
| /uk-locations/buy-blue-staffy-puppy-coventry-area/ | 0→0→0 | 0→0 | 0→0 | 0→0 | 0 | PASS |
| /uk-locations/staffy-breeding-dogs-glasgow/ | 1853→1508→1508 | 19→19 | 4→4 | 1→1 | 4 | PASS |
| /uk-locations/staffy-puppies-cardiff-wales/ | 4→4→4 | 0→0 | 0→0 | 0→0 | 0 | PASS |
| /uk-locations/staffy-puppies-for-sale-cornwall/ | 0→0→0 | 0→0 | 0→0 | 0→0 | 0 | PASS |
| /uk-locations/staffy-puppies-for-sale-essex/ | 0→0→0 | 0→0 | 0→0 | 0→0 | 0 | PASS |
| /uk-locations/staffy-puppies-for-sale-glasgow/ | 5→5→5 | 0→0 | 0→0 | 0→0 | 0 | PASS |
| /uk-locations/staffy-puppies-for-sale-liverpool/ | 5→5→5 | 0→0 | 0→0 | 0→0 | 0 | PASS |
| /uk-locations/staffy-puppies-for-sale-nottingham/ | 5→5→5 | 0→0 | 0→0 | 0→0 | 0 | PASS |
| /uk-locations/staffy-puppies-wolverhampton/ | 3→3→3 | 0→0 | 0→0 | 0→0 | 0 | PASS |
| /uk-locations/uk-staffordshire-bull-terrier-breeder/ | 0→0→0 | 0→0 | 0→0 | 0→0 | 0 | PASS |
| /uk-staffordshire-bull-terrier-guide/ | 4975→4630→4630 | 72→72 | 10→10 | 1→1 | 4 | PASS |

examined 40 pages, 0 failing

examined 40 pages, 0 failing

> bsuk@0.1.0 check:redirects
> python3 scripts/redirect_check.py

# Redirects and internal links

Every concrete redirect must reach a live page in exactly one hop; wildcard and
placeholder rules have only their target checked. Every root-relative reference in
every built page must resolve; one that resolves only *through* a redirect is
reported as a warning, since Foundation keeps two legacy in-body links verbatim and
the fix belongs in the extractor's rewrite map, not in generated HTML. WordPress
leftovers fail outright; `SITE_URL_PLACEHOLDER` is counted only, as it is expected
until the launch domain is set.

## Problems

None.


## Redirected references (warning)

None.

SITE_URL_PLACEHOLDER occurrences: 566 (expected until launch)

examined 18 redirects, 2186 internal refs (distinct per page); 0 redirected refs; 0 problems

examined 18 redirects, 2186 internal refs (distinct per page); 0 redirected refs; 0 problems

> bsuk@0.1.0 check:schema
> python3 scripts/schema_check.py

# Structured data

Every `application/ld+json` block in every built page. Blocking: a block that does
not parse, a `telephone` still holding PHONE_PLACEHOLDER, `InStock` on anything but
an available puppy's page, an `@id` reference no node on the page defines, a Product
with no `offers`, and an Offer stating price without priceCurrency (or the reverse).
An Offer stating neither is a bare availability statement and is left alone.
Advisory: duplicate sitewide nodes, empty `url`, a WebPage with no `name`, and the
InStock URL quoted outside any Offer node.

## Blocking

None.


## Advisory

None.


examined 51 pages; 0 blocking, 0 advisory

examined 51 pages; 0 blocking, 0 advisory

> bsuk@0.1.0 check:sitemaps
> python3 scripts/sitemap_check.py

WARNING: SITE_URL not set — auditing against https://SITE_URL_PLACEHOLDER
# Sitemaps

Every indexable built page appears in exactly one URL shard; `video-sitemap.xml` is
supplementary and excluded from that count. Every `<loc>` must be a built page (or a
served asset) that is not `noindex`, must start with the site base, and must not
repeat within its shard. The index must list every shard in dist/ and nothing else,
and robots.txt must point at exactly `<base>/sitemap_index.xml`.

## Problems

None.


## Shards

| shard | urls |
| --- | --- |
| location-sitemap.xml | 11 |
| page-sitemap.xml | 13 |
| post-sitemap.xml | 1 |
| puppy-sitemap.xml | 6 |
| video-sitemap.xml | 4 |

31 of 51 built pages are indexable; each must appear in exactly one URL shard.

examined 51 built pages, 5 shards, 35 sitemap urls; 0 problems

examined 51 built pages, 5 shards, 35 sitemap urls; 0 problems

> bsuk@0.1.0 check:placeholders
> python3 scripts/placeholder_check.py

# Placeholders (pre-launch build)
  SITE_URL_PLACEHOLDER       903 occurrence(s) in 115 file(s)
  PHONE_PLACEHOLDER           22 occurrence(s) in 14 file(s)
  FORMSPREE_ID_PLACEHOLDER     0 occurrence(s) in 0 file(s)
  LICENCE_CLAIM_PLACEHOLDER   536 occurrence(s) in 74 file(s)
  LEGAL_CLAIM_PLACEHOLDER    144 occurrence(s) in 70 file(s)
  REVIEW_PLACEHOLDER           0 occurrence(s) in 0 file(s)
  TOTAL                     1605
placeholders: 1605 (advisory — set BSUK_RELEASE=1 to make this blocking)

> bsuk@0.1.0 check:markers
> python3 scripts/marker_check.py

examined 240 files; 0 problems

> bsuk@0.1.0 agents
> python3 scripts/build_agent_registry.py --check

examined 36 agents; 0 problems

> bsuk@0.1.0 test:py
> python3 -m pytest tests/py -q

........................................................................ [  5%]
........................................................................ [ 10%]
........................................................................ [ 15%]
.................................x...................................... [ 21%]
s..sssss..s............................................................. [ 26%]
........................................................................ [ 31%]
........................................................................ [ 37%]
........................................................................ [ 42%]
........................................................................ [ 47%]
........................................................................ [ 52%]
........................................................................ [ 58%]
........................................................................ [ 63%]
........................................................................ [ 68%]
........................................................................ [ 74%]
........................................................................ [ 79%]
........................................................................ [ 84%]
........................................................................ [ 89%]
........................................................................ [ 95%]
.................................................................        [100%]
=============================== warnings summary ===============================
tests/py/test_extract_blog.py: 38 warnings
tests/py/test_extract_core.py: 6 warnings
tests/py/test_extract_writers.py: 43 warnings
tests/py/test_images.py: 8 warnings
tests/py/test_old_pups.py: 32 warnings
tests/py/test_parity.py: 19 warnings
  /Users/apple/Library/Python/3.9/lib/python/site-packages/bs4/builder/_lxml.py:124: DeprecationWarning: The 'strip_cdata' option of HTMLParser() has never done anything and will eventually be removed.
    parser = parser(

-- Docs: https://docs.pytest.org/en/stable/how-to/capture-warnings.html
1353 passed, 7 skipped, 1 xfailed, 146 warnings in 91.16s (0:01:31)

> bsuk@0.1.0 test:render:meta
> playwright test -c tests/render/playwright.config.ts meta.spec.ts


Running 360 tests using 2 workers

  ✓    1 [vp768] › tests/render/meta.spec.ts:59:1 › the registry is not empty (19ms)
  ✓    2 [vp375] › tests/render/meta.spec.ts:59:1 › the registry is not empty (9ms)
[WebServer] 127.0.0.1 - - [19/Sep/2026 01:55:05] "GET /tests/render/fixtures/known_broken/form-inquiry-contract.html HTTP/1.1" 200 -
[WebServer] 127.0.0.1 - - [19/Sep/2026 01:55:05] "GET /tests/render/fixtures/known_broken/form-inquiry-contract.html HTTP/1.1" 200 -
  ✓    3 [vp768] › tests/render/meta.spec.ts:96:5 › form-inquiry-contract [FORM] › fires on the known_broken fixture (822ms)
  ✓    4 [vp375] › tests/render/meta.spec.ts:96:5 › form-inquiry-contract [FORM] › fires on the known_broken fixture (821ms)
[WebServer] 127.0.0.1 - - [19/Sep/2026 01:55:06] "GET /tests/render/fixtures/known_good/form-inquiry-contract.html HTTP/1.1" 200 -
[WebServer] 127.0.0.1 - - [19/Sep/2026 01:55:06] "GET /tests/render/fixtures/known_good/form-inquiry-contract.html HTTP/1.1" 200 -
  ✓    6 [vp375] › tests/render/meta.spec.ts:112:5 › form-inquiry-contract [FORM] › is silent on the known_good fixture (187ms)
  ✓    5 [vp768] › tests/render/meta.spec.ts:112:5 › form-inquiry-contract [FORM] › is silent on the known_good fixture (314ms)
[WebServer] 127.0.0.1 - - [19/Sep/2026 01:55:06] "GET /tests/render/fixtures/known_broken/layout-no-horizontal-overflow.html HTTP/1.1" 200 -
[WebServer] 127.0.0.1 - - [19/Sep/2026 01:55:06] "GET /tests/render/fixtures/known_broken/layout-no-horizontal-overflow.html HTTP/1.1" 200 -
  ✓    7 [vp375] › tests/render/meta.spec.ts:96:5 › layout-no-horizontal-overflow [LAYOUT] › fires on the known_broken fixture (154ms)
  ✓    8 [vp768] › tests/render/meta.spec.ts:96:5 › layout-no-horizontal-overflow [LAYOUT] › fires on the known_broken fixture (274ms)
[WebServer] 127.0.0.1 - - [19/Sep/2026 01:55:06] "GET /tests/render/fixtures/known_good/layout-no-horizontal-overflow.html HTTP/1.1" 200 -
[WebServer] 127.0.0.1 - - [19/Sep/2026 01:55:06] "GET /tests/render/fixtures/known_good/layout-no-horizontal-overflow.html HTTP/1.1" 200 -
  ✓    9 [vp375] › tests/render/meta.spec.ts:112:5 › layout-no-horizontal-overflow [LAYOUT] › is silent on the known_good fixture (219ms)
  ✓   10 [vp768] › tests/render/meta.spec.ts:112:5 › layout-no-horizontal-overflow [LAYOUT] › is silent on the known_good fixture (255ms)
[WebServer] 127.0.0.1 - - [19/Sep/2026 01:55:06] "GET /tests/render/fixtures/known_broken/layout-min-font-size.html HTTP/1.1" 200 -
[WebServer] 127.0.0.1 - - [19/Sep/2026 01:55:06] "GET /tests/render/fixtures/known_broken/layout-min-font-size.html HTTP/1.1" 200 -
  ✓   12 [vp768] › tests/render/meta.spec.ts:96:5 › layout-min-font-size [LAYOUT] › fires on the known_broken fixture (226ms)
  ✓   11 [vp375] › tests/render/meta.spec.ts:96:5 › layout-min-font-size [LAYOUT] › fires on the known_broken fixture (283ms)
[WebServer] 127.0.0.1 - - [19/Sep/2026 01:55:07] "GET /tests/render/fixtures/known_good/layout-min-font-size.html HTTP/1.1" 200 -
  ✓   13 [vp768] › tests/render/meta.spec.ts:112:5 › layout-min-font-size [LAYOUT] › is silent on the known_good fixture (186ms)
[WebServer] 127.0.0.1 - - [19/Sep/2026 01:55:07] "GET /tests/render/fixtures/known_good/layout-min-font-size.html HTTP/1.1" 200 -
  ✓   14 [vp375] › tests/render/meta.spec.ts:112:5 › layout-min-font-size [LAYOUT] › is silent on the known_good fixture (250ms)
[WebServer] 127.0.0.1 - - [19/Sep/2026 01:55:07] "GET /tests/render/fixtures/known_broken/layout-tap-target-size.html HTTP/1.1" 200 -
[WebServer] 127.0.0.1 - - [19/Sep/2026 01:55:07] "GET /tests/render/fixtures/known_broken/layout-tap-target-size.html HTTP/1.1" 200 -
  ✓   15 [vp768] › tests/render/meta.spec.ts:96:5 › layout-tap-target-size [LAYOUT] › fires on the known_broken fixture (273ms)
  ✓   16 [vp375] › tests/render/meta.spec.ts:96:5 › layout-tap-target-size [LAYOUT] › fires on the known_broken fixture (187ms)
[WebServer] 127.0.0.1 - - [19/Sep/2026 01:55:07] "GET /tests/render/fixtures/known_good/layout-tap-target-size.html HTTP/1.1" 200 -
[WebServer] 127.0.0.1 - - [19/Sep/2026 01:55:07] "GET /tests/render/fixtures/known_good/layout-tap-target-size.html HTTP/1.1" 200 -
  ✓   18 [vp375] › tests/render/meta.spec.ts:112:5 › layout-tap-target-size [LAYOUT] › is silent on the known_good fixture (267ms)
  ✓   17 [vp768] › tests/render/meta.spec.ts:112:5 › layout-tap-target-size [LAYOUT] › is silent on the known_good fixture (304ms)
[WebServer] 127.0.0.1 - - [19/Sep/2026 01:55:08] "GET /tests/render/fixtures/known_broken/layout-hero-counter-separation.html HTTP/1.1" 200 -
[WebServer] 127.0.0.1 - - [19/Sep/2026 01:55:08] "GET /tests/render/fixtures/known_broken/layout-hero-counter-separation.html HTTP/1.1" 200 -
  ✓   20 [vp768] › tests/render/meta.spec.ts:96:5 › layout-hero-counter-separation [LAYOUT] › fires on the known_broken fixture (192ms)
  ✓   19 [vp375] › tests/render/meta.spec.ts:96:5 › layout-hero-counter-separation [LAYOUT] › fires on the known_broken fixture (272ms)
[WebServer] 127.0.0.1 - - [19/Sep/2026 01:55:08] "GET /tests/render/fixtures/known_good/layout-hero-counter-separation.html HTTP/1.1" 200 -
[WebServer] 127.0.0.1 - - [19/Sep/2026 01:55:08] "GET /tests/render/fixtures/known_good/layout-hero-counter-separation.html HTTP/1.1" 200 -
  ✓   21 [vp768] › tests/render/meta.spec.ts:112:5 › layout-hero-counter-separation [LAYOUT] › is silent on the known_good fixture (257ms)
  ✓   22 [vp375] › tests/render/meta.spec.ts:112:5 › layout-hero-counter-separation [LAYOUT] › is silent on the known_good fixture (277ms)
[WebServer] 127.0.0.1 - - [19/Sep/2026 01:55:08] "GET /tests/render/fixtures/known_broken/layout-h3-image-first.html HTTP/1.1" 200 -
[WebServer] 127.0.0.1 - - [19/Sep/2026 01:55:08] "GET /tests/render/fixtures/known_broken/layout-h3-image-first.html HTTP/1.1" 200 -
  ✓   24 [vp375] › tests/render/meta.spec.ts:96:5 › layout-h3-image-first [LAYOUT] › fires on the known_broken fixture (296ms)
  ✓   23 [vp768] › tests/render/meta.spec.ts:96:5 › layout-h3-image-first [LAYOUT] › fires on the known_broken fixture (340ms)
[WebServer] 127.0.0.1 - - [19/Sep/2026 01:55:08] "GET /tests/render/fixtures/known_good/layout-h3-image-first.html HTTP/1.1" 200 -
  ✓   25 [vp375] › tests/render/meta.spec.ts:112:5 › layout-h3-image-first [LAYOUT] › is silent on the known_good fixture (196ms)
[WebServer] 127.0.0.1 - - [19/Sep/2026 01:55:09] "GET /tests/render/fixtures/known_good/layout-h3-image-first.html HTTP/1.1" 200 -
  ✓   26 [vp768] › tests/render/meta.spec.ts:112:5 › layout-h3-image-first [LAYOUT] › is silent on the known_good fixture (193ms)
[WebServer] 127.0.0.1 - - [19/Sep/2026 01:55:09] "GET /tests/render/fixtures/known_broken/layout-image-box-reserved.html HTTP/1.1" 200 -
[WebServer] 127.0.0.1 - - [19/Sep/2026 01:55:09] "GET /tests/render/fixtures/assets/wide-1600.png HTTP/1.1" 200 -
[WebServer] 127.0.0.1 - - [19/Sep/2026 01:55:09] "GET /tests/render/fixtures/known_broken/layout-image-box-reserved.html HTTP/1.1" 200 -
[WebServer] 127.0.0.1 - - [19/Sep/2026 01:55:09] "GET /tests/render/fixtures/assets/wide-1600.png HTTP/1.1" 200 -
[WebServer] 127.0.0.1 - - [19/Sep/2026 01:55:09] code 404, message File not found
[WebServer] 127.0.0.1 - - [19/Sep/2026 01:55:09] "GET /__bsuk_pending_image__/0.webp HTTP/1.1" 404 -
[WebServer] 127.0.0.1 - - [19/Sep/2026 01:55:09] code 404, message File not found
[WebServer] 127.0.0.1 - - [19/Sep/2026 01:55:09] "GET /__bsuk_pending_image__/0.webp HTTP/1.1" 404 -
  ✓   27 [vp375] › tests/render/meta.spec.ts:96:5 › layout-image-box-reserved [LAYOUT] › fires on the known_broken fixture (522ms)
  ✓   28 [vp768] › tests/render/meta.spec.ts:96:5 › layout-image-box-reserved [LAYOUT] › fires on the known_broken fixture (402ms)
[WebServer] 127.0.0.1 - - [19/Sep/2026 01:55:09] "GET /tests/render/fixtures/known_good/layout-image-box-reserved.html HTTP/1.1" 200 -
[WebServer] 127.0.0.1 - - [19/Sep/2026 01:55:09] "GET /tests/render/fixtures/assets/wide-1600.png HTTP/1.1" 200 -
[WebServer] 127.0.0.1 - - [19/Sep/2026 01:55:09] "GET /tests/render/fixtures/known_good/layout-image-box-reserved.html HTTP/1.1" 200 -
[WebServer] 127.0.0.1 - - [19/Sep/2026 01:55:09] "GET /tests/render/fixtures/assets/wide-1600.png HTTP/1.1" 200 -
[WebServer] 127.0.0.1 - - [19/Sep/2026 01:55:09] code 404, message File not found
[WebServer] 127.0.0.1 - - [19/Sep/2026 01:55:09] "GET /__bsuk_pending_image__/0.webp HTTP/1.1" 404 -
[WebServer] 127.0.0.1 - - [19/Sep/2026 01:55:09] code 404, message File not found
[WebServer] 127.0.0.1 - - [19/Sep/2026 01:55:09] "GET /__bsuk_pending_image__/0.webp HTTP/1.1" 404 -
  ✓   30 [vp768] › tests/render/meta.spec.ts:112:5 › layout-image-box-reserved [LAYOUT] › is silent on the known_good fixture (285ms)
  ✓   29 [vp375] › tests/render/meta.spec.ts:112:5 › layout-image-box-reserved [LAYOUT] › is silent on the known_good fixture (273ms)
[WebServer] 127.0.0.1 - - [19/Sep/2026 01:55:10] "GET /tests/render/fixtures/known_broken/img-srcset-within-2x.html HTTP/1.1" 200 -
[WebServer] 127.0.0.1 - - [19/Sep/2026 01:55:10] "GET /tests/render/fixtures/assets/wide-1600.png HTTP/1.1" 200 -
[WebServer] 127.0.0.1 - - [19/Sep/2026 01:55:10] "GET /tests/render/fixtures/known_broken/img-srcset-within-2x.html HTTP/1.1" 200 -
[WebServer] 127.0.0.1 - - [19/Sep/2026 01:55:10] "GET /tests/render/fixtures/assets/wide-1600.png HTTP/1.1" 200 -
  ✓   31 [vp768] › tests/render/meta.spec.ts:96:5 › img-srcset-within-2x [IMG] › fires on the known_broken fixture (431ms)
  ✓   32 [vp375] › tests/render/meta.spec.ts:96:5 › img-srcset-within-2x [IMG] › fires on the known_broken fixture (454ms)
[WebServer] 127.0.0.1 - - [19/Sep/2026 01:55:10] "GET /tests/render/fixtures/known_good/img-srcset-within-2x.html HTTP/1.1" 200 -
[WebServer] 127.0.0.1 - - [19/Sep/2026 01:55:10] "GET /tests/render/fixtures/assets/narrow-400.png HTTP/1.1" 200 -
[WebServer] 127.0.0.1 - - [19/Sep/2026 01:55:10] "GET /tests/render/fixtures/known_good/img-srcset-within-2x.html HTTP/1.1" 200 -
[WebServer] 127.0.0.1 - - [19/Sep/2026 01:55:10] "GET /tests/render/fixtures/assets/narrow-400.png HTTP/1.1" 200 -
  ✓   33 [vp768] › tests/render/meta.spec.ts:112:5 › img-srcset-within-2x [IMG] › is silent on the known_good fixture (429ms)
  ✓   34 [vp375] › tests/render/meta.spec.ts:112:5 › img-srcset-within-2x [IMG] › is silent on the known_good fixture (436ms)
[WebServer] 127.0.0.1 - - [19/Sep/2026 01:55:10] "GET /tests/render/fixtures/known_broken/img-alt-present-and-unique.html HTTP/1.1" 200 -
[WebServer] 127.0.0.1 - - [19/Sep/2026 01:55:10] "GET /tests/render/fixtures/assets/narrow-400.png HTTP/1.1" 200 -
[WebServer] 127.0.0.1 - - [19/Sep/2026 01:55:11] "GET /tests/render/fixtures/known_broken/img-alt-present-and-unique.html HTTP/1.1" 200 -
[WebServer] 127.0.0.1 - - [19/Sep/2026 01:55:11] "GET /tests/render/fixtures/assets/narrow-400.png HTTP/1.1" 200 -
  ✓   36 [vp375] › tests/render/meta.spec.ts:96:5 › img-alt-present-and-unique [IMG] › fires on the known_broken fixture (329ms)
[WebServer] 127.0.0.1 - - [19/Sep/2026 01:55:11] "GET /tests/render/fixtures/known_good/img-alt-present-and-unique.html HTTP/1.1" 200 -
[WebServer] 127.0.0.1 - - [19/Sep/2026 01:55:11] "GET /tests/render/fixtures/assets/narrow-400.png HTTP/1.1" 200 -
  ✓   35 [vp768] › tests/render/meta.spec.ts:96:5 › img-alt-present-and-unique [IMG] › fires on the known_broken fixture (531ms)
[WebServer] 127.0.0.1 - - [19/Sep/2026 01:55:11] "GET /tests/render/fixtures/known_good/img-alt-present-and-unique.html HTTP/1.1" 200 -
[WebServer] 127.0.0.1 - - [19/Sep/2026 01:55:11] "GET /tests/render/fixtures/assets/narrow-400.png HTTP/1.1" 200 -
  ✓   37 [vp375] › tests/render/meta.spec.ts:112:5 › img-alt-present-and-unique [IMG] › is silent on the known_good fixture (399ms)
[WebServer] 127.0.0.1 - - [19/Sep/2026 01:55:11] "GET /tests/render/fixtures/known_broken/nav-anchors-resolve.html HTTP/1.1" 200 -
  ✓   38 [vp768] › tests/render/meta.spec.ts:112:5 › img-alt-present-and-unique [IMG] › is silent on the known_good fixture (374ms)
  ✓   39 [vp375] › tests/render/meta.spec.ts:96:5 › nav-anchors-resolve [NAV] › fires on the known_broken fixture (163ms)
[WebServer] 127.0.0.1 - - [19/Sep/2026 01:55:11] "GET /tests/render/fixtures/known_broken/nav-anchors-resolve.html HTTP/1.1" 200 -
[WebServer] 127.0.0.1 - - [19/Sep/2026 01:55:12] "GET /tests/render/fixtures/known_good/nav-anchors-resolve.html HTTP/1.1" 200 -
  ✓   40 [vp768] › tests/render/meta.spec.ts:96:5 › nav-anchors-resolve [NAV] › fires on the known_broken fixture (275ms)
  ✓   41 [vp375] › tests/render/meta.spec.ts:112:5 › nav-anchors-resolve [NAV] › is silent on the known_good fixture (221ms)
[WebServer] 127.0.0.1 - - [19/Sep/2026 01:55:12] "GET /tests/render/fixtures/known_good/nav-anchors-resolve.html HTTP/1.1" 200 -
[WebServer] 127.0.0.1 - - [19/Sep/2026 01:55:12] "GET /tests/render/fixtures/known_broken/nav-jump-target-lands.html HTTP/1.1" 200 -
  ✓   42 [vp768] › tests/render/meta.spec.ts:112:5 › nav-anchors-resolve [NAV] › is silent on the known_good fixture (205ms)
[WebServer] 127.0.0.1 - - [19/Sep/2026 01:55:12] "GET /tests/render/fixtures/known_broken/nav-jump-target-lands.html HTTP/1.1" 200 -
  ✓   44 [vp768] › tests/render/meta.spec.ts:96:5 › nav-jump-target-lands [NAV] › fires on the known_broken fixture (1.6s)
  ✓   43 [vp375] › tests/render/meta.spec.ts:96:5 › nav-jump-target-lands [NAV] › fires on the known_broken fixture (1.8s)
[WebServer] 127.0.0.1 - - [19/Sep/2026 01:55:14] "GET /tests/render/fixtures/known_good/nav-jump-target-lands.html HTTP/1.1" 200 -
[WebServer] 127.0.0.1 - - [19/Sep/2026 01:55:14] "GET /tests/render/fixtures/known_good/nav-jump-target-lands.html HTTP/1.1" 200 -
  ✓   45 [vp768] › tests/render/meta.spec.ts:112:5 › nav-jump-target-lands [NAV] › is silent on the known_good fixture (1.9s)
  ✓   46 [vp375] › tests/render/meta.spec.ts:112:5 › nav-jump-target-lands [NAV] › is silent on the known_good fixture (1.9s)
[WebServer] 127.0.0.1 - - [19/Sep/2026 01:55:15] "GET /tests/render/fixtures/known_broken/sem-heading-order.html HTTP/1.1" 200 -
  ✓   47 [vp768] › tests/render/meta.spec.ts:96:5 › sem-heading-order [SEM] › fires on the known_broken fixture (158ms)
[WebServer] 127.0.0.1 - - [19/Sep/2026 01:55:16] "GET /tests/render/fixtures/known_broken/sem-heading-order.html HTTP/1.1" 200 -
  ✓   48 [vp375] › tests/render/meta.spec.ts:96:5 › sem-heading-order [SEM] › fires on the known_broken fixture (255ms)
[WebServer] 127.0.0.1 - - [19/Sep/2026 01:55:16] "GET /tests/render/fixtures/known_good/sem-heading-order.html HTTP/1.1" 200 -
[WebServer] 127.0.0.1 - - [19/Sep/2026 01:55:16] "GET /tests/render/fixtures/known_good/sem-heading-order.html HTTP/1.1" 200 -
  ✓   49 [vp768] › tests/render/meta.spec.ts:112:5 › sem-heading-order [SEM] › is silent on the known_good fixture (263ms)
  ✓   50 [vp375] › tests/render/meta.spec.ts:112:5 › sem-heading-order [SEM] › is silent on the known_good fixture (153ms)
[WebServer] 127.0.0.1 - - [19/Sep/2026 01:55:16] "GET /tests/render/fixtures/known_broken/sem-all-six-levels.html HTTP/1.1" 200 -
  ✓   51 [vp768] › tests/render/meta.spec.ts:96:5 › sem-all-six-levels [SEM] › fires on the known_broken fixture (186ms)
[WebServer] 127.0.0.1 - - [19/Sep/2026 01:55:16] "GET /tests/render/fixtures/known_broken/sem-all-six-levels.html HTTP/1.1" 200 -
  ✓   52 [vp375] › tests/render/meta.spec.ts:96:5 › sem-all-six-levels [SEM] › fires on the known_broken fixture (188ms)
[WebServer] 127.0.0.1 - - [19/Sep/2026 01:55:16] "GET /tests/render/fixtures/known_good/sem-all-six-levels.html HTTP/1.1" 200 -
[WebServer] 127.0.0.1 - - [19/Sep/2026 01:55:16] "GET /tests/render/fixtures/known_good/sem-all-six-levels.html HTTP/1.1" 200 -
  ✓   53 [vp768] › tests/render/meta.spec.ts:112:5 › sem-all-six-levels [SEM] › is silent on the known_good fixture (214ms)
  ✓   54 [vp375] › tests/render/meta.spec.ts:112:5 › sem-all-six-levels [SEM] › is silent on the known_good fixture (204ms)
[WebServer] 127.0.0.1 - - [19/Sep/2026 01:55:16] "GET /tests/render/fixtures/known_broken/sem-title-case-headings.html HTTP/1.1" 200 -
[WebServer] 127.0.0.1 - - [19/Sep/2026 01:55:16] "GET /tests/render/fixtures/known_broken/sem-title-case-headings.html HTTP/1.1" 200 -
  ✓   56 [vp375] › tests/render/meta.spec.ts:96:5 › sem-title-case-headings [SEM] › fires on the known_broken fixture (218ms)
  ✓   55 [vp768] › tests/render/meta.spec.ts:96:5 › sem-title-case-headings [SEM] › fires on the known_broken fixture (279ms)
[WebServer] 127.0.0.1 - - [19/Sep/2026 01:55:17] "GET /tests/render/fixtures/known_good/sem-title-case-headings.html HTTP/1.1" 200 -
[WebServer] 127.0.0.1 - - [19/Sep/2026 01:55:17] "GET /tests/render/fixtures/known_good/sem-title-case-headings.html HTTP/1.1" 200 -
  ✓   58 [vp768] › tests/render/meta.spec.ts:112:5 › sem-title-case-headings [SEM] › is silent on the known_good fixture (393ms)
  ✓   57 [vp375] › tests/render/meta.spec.ts:112:5 › sem-title-case-headings [SEM] › is silent on the known_good fixture (396ms)
[WebServer] 127.0.0.1 - - [19/Sep/2026 01:55:17] "GET /tests/render/fixtures/known_broken/sem-section-opening-paragraph.html HTTP/1.1" 200 -
[WebServer] 127.0.0.1 - - [19/Sep/2026 01:55:17] "GET /tests/render/fixtures/known_broken/sem-section-opening-paragraph.html HTTP/1.1" 200 -
  ✓   59 [vp768] › tests/render/meta.spec.ts:96:5 › sem-section-opening-paragraph [SEM] › fires on the known_broken fixture (275ms)
  ✓   60 [vp375] › tests/render/meta.spec.ts:96:5 › sem-section-opening-paragraph [SEM] › fires on the known_broken fixture (327ms)
[WebServer] 127.0.0.1 - - [19/Sep/2026 01:55:17] "GET /tests/render/fixtures/known_good/sem-section-opening-paragraph.html HTTP/1.1" 200 -
[WebServer] 127.0.0.1 - - [19/Sep/2026 01:55:17] "GET /tests/render/fixtures/known_good/sem-section-opening-paragraph.html HTTP/1.1" 200 -
  ✓   61 [vp768] › tests/render/meta.spec.ts:112:5 › sem-section-opening-paragraph [SEM] › is silent on the known_good fixture (223ms)
  ✓   62 [vp375] › tests/render/meta.spec.ts:112:5 › sem-section-opening-paragraph [SEM] › is silent on the known_good fixture (193ms)
[WebServer] 127.0.0.1 - - [19/Sep/2026 01:55:18] "GET /tests/render/fixtures/known_broken/sem-statement-label-visible.html HTTP/1.1" 200 -
[WebServer] 127.0.0.1 - - [19/Sep/2026 01:55:18] "GET /tests/render/fixtures/known_broken/sem-statement-label-visible.html HTTP/1.1" 200 -
  ✓   63 [vp768] › tests/render/meta.spec.ts:96:5 › sem-statement-label-visible [SEM] › fires on the known_broken fixture (210ms)
  ✓   64 [vp375] › tests/render/meta.spec.ts:96:5 › sem-statement-label-visible [SEM] › fires on the known_broken fixture (210ms)
[WebServer] 127.0.0.1 - - [19/Sep/2026 01:55:18] "GET /tests/render/fixtures/known_good/sem-statement-label-visible.html HTTP/1.1" 200 -
[WebServer] 127.0.0.1 - - [19/Sep/2026 01:55:18] "GET /tests/render/fixtures/known_good/sem-statement-label-visible.html HTTP/1.1" 200 -
  ✓   65 [vp768] › tests/render/meta.spec.ts:112:5 › sem-statement-label-visible [SEM] › is silent on the known_good fixture (268ms)
  ✓   66 [vp375] › tests/render/meta.spec.ts:112:5 › sem-statement-label-visible [SEM] › is silent on the known_good fixture (284ms)
[WebServer] 127.0.0.1 - - [19/Sep/2026 01:55:18] "GET /tests/render/fixtures/known_broken/schema-single-product-offer.html HTTP/1.1" 200 -
[WebServer] 127.0.0.1 - - [19/Sep/2026 01:55:18] "GET /tests/render/fixtures/known_broken/schema-single-product-offer.html HTTP/1.1" 200 -
  ✓   67 [vp768] › tests/render/meta.spec.ts:96:5 › schema-single-product-offer [SCHEMA] › fires on the known_broken fixture (202ms)
  ✓   68 [vp375] › tests/render/meta.spec.ts:96:5 › schema-single-product-offer [SCHEMA] › fires on the known_broken fixture (234ms)
[WebServer] 127.0.0.1 - - [19/Sep/2026 01:55:18] "GET /tests/render/fixtures/known_good/schema-single-product-offer.html HTTP/1.1" 200 -
  ✓   69 [vp768] › tests/render/meta.spec.ts:112:5 › schema-single-product-offer [SCHEMA] › is silent on the known_good fixture (257ms)
[WebServer] 127.0.0.1 - - [19/Sep/2026 01:55:18] "GET /tests/render/fixtures/known_good/schema-single-product-offer.html HTTP/1.1" 200 -
  ✓   70 [vp375] › tests/render/meta.spec.ts:112:5 › schema-single-product-offer [SCHEMA] › is silent on the known_good fixture (246ms)
[WebServer] 127.0.0.1 - - [19/Sep/2026 01:55:19] "GET /tests/render/fixtures/known_broken/schema-sold-not-instock.html HTTP/1.1" 200 -
[WebServer] 127.0.0.1 - - [19/Sep/2026 01:55:19] "GET /tests/render/fixtures/known_broken/schema-sold-not-instock.html HTTP/1.1" 200 -
  ✓   71 [vp768] › tests/render/meta.spec.ts:96:5 › schema-sold-not-instock [SCHEMA] › fires on the known_broken fixture (169ms)
  ✓   72 [vp375] › tests/render/meta.spec.ts:96:5 › schema-sold-not-instock [SCHEMA] › fires on the known_broken fixture (198ms)
[WebServer] 127.0.0.1 - - [19/Sep/2026 01:55:19] "GET /tests/render/fixtures/known_good/schema-sold-not-instock.html HTTP/1.1" 200 -
[WebServer] 127.0.0.1 - - [19/Sep/2026 01:55:19] "GET /tests/render/fixtures/known_good/schema-sold-not-instock.html HTTP/1.1" 200 -
  ✓   73 [vp768] › tests/render/meta.spec.ts:112:5 › schema-sold-not-instock [SCHEMA] › is silent on the known_good fixture (196ms)
  ✓   74 [vp375] › tests/render/meta.spec.ts:112:5 › schema-sold-not-instock [SCHEMA] › is silent on the known_good fixture (206ms)
[WebServer] 127.0.0.1 - - [19/Sep/2026 01:55:19] "GET /tests/render/fixtures/known_broken/schema-date-modified-present.html HTTP/1.1" 200 -
  ✓   75 [vp768] › tests/render/meta.spec.ts:96:5 › schema-date-modified-present [SCHEMA] › fires on the known_broken fixture (177ms)
[WebServer] 127.0.0.1 - - [19/Sep/2026 01:55:19] "GET /tests/render/fixtures/known_broken/schema-date-modified-present.html HTTP/1.1" 200 -
  ✓   76 [vp375] › tests/render/meta.spec.ts:96:5 › schema-date-modified-present [SCHEMA] › fires on the known_broken fixture (197ms)
[WebServer] 127.0.0.1 - - [19/Sep/2026 01:55:19] "GET /tests/render/fixtures/known_good/schema-date-modified-present.html HTTP/1.1" 200 -
[WebServer] 127.0.0.1 - - [19/Sep/2026 01:55:19] "GET /tests/render/fixtures/known_good/schema-date-modified-present.html HTTP/1.1" 200 -
  ✓   78 [vp375] › tests/render/meta.spec.ts:112:5 › schema-date-modified-present [SCHEMA] › is silent on the known_good fixture (154ms)
  ✓   77 [vp768] › tests/render/meta.spec.ts:112:5 › schema-date-modified-present [SCHEMA] › is silent on the known_good fixture (286ms)
[WebServer] 127.0.0.1 - - [19/Sep/2026 01:55:20] "GET /tests/render/fixtures/known_broken/schema-no-visible-date.html HTTP/1.1" 200 -
[WebServer] 127.0.0.1 - - [19/Sep/2026 01:55:20] "GET /tests/render/fixtures/known_broken/schema-no-visible-date.html HTTP/1.1" 200 -
  ✓   79 [vp375] › tests/render/meta.spec.ts:96:5 › schema-no-visible-date [SCHEMA] › fires on the known_broken fixture (283ms)
  ✓   80 [vp768] › tests/render/meta.spec.ts:96:5 › schema-no-visible-date [SCHEMA] › fires on the known_broken fixture (210ms)
[WebServer] 127.0.0.1 - - [19/Sep/2026 01:55:20] "GET /tests/render/fixtures/known_good/schema-no-visible-date.html HTTP/1.1" 200 -
[WebServer] 127.0.0.1 - - [19/Sep/2026 01:55:20] "GET /tests/render/fixtures/known_good/schema-no-visible-date.html HTTP/1.1" 200 -
  ✓   82 [vp768] › tests/render/meta.spec.ts:112:5 › schema-no-visible-date [SCHEMA] › is silent on the known_good fixture (220ms)
  ✓   81 [vp375] › tests/render/meta.spec.ts:112:5 › schema-no-visible-date [SCHEMA] › is silent on the known_good fixture (219ms)
[WebServer] 127.0.0.1 - - [19/Sep/2026 01:55:20] "GET /tests/render/fixtures/known_broken/css-class-resolves.html HTTP/1.1" 200 -
[WebServer] 127.0.0.1 - - [19/Sep/2026 01:55:20] "GET /tests/render/fixtures/known_broken/css-class-resolves.html HTTP/1.1" 200 -
  ✓   84 [vp375] › tests/render/meta.spec.ts:96:5 › css-class-resolves [CSS] › fires on the known_broken fixture (202ms)
  ✓   83 [vp768] › tests/render/meta.spec.ts:96:5 › css-class-resolves [CSS] › fires on the known_broken fixture (236ms)
[WebServer] 127.0.0.1 - - [19/Sep/2026 01:55:20] "GET /tests/render/fixtures/known_good/css-class-resolves.html HTTP/1.1" 200 -
[WebServer] 127.0.0.1 - - [19/Sep/2026 01:55:20] "GET /tests/render/fixtures/known_good/css-class-resolves.html HTTP/1.1" 200 -
  ✓   85 [vp375] › tests/render/meta.spec.ts:112:5 › css-class-resolves [CSS] › is silent on the known_good fixture (202ms)
  ✓   86 [vp768] › tests/render/meta.spec.ts:112:5 › css-class-resolves [CSS] › is silent on the known_good fixture (241ms)
[WebServer] 127.0.0.1 - - [19/Sep/2026 01:55:20] "GET /tests/render/fixtures/known_broken/css-no-dead-component-rule.html HTTP/1.1" 200 -
  ✓   87 [vp375] › tests/render/meta.spec.ts:96:5 › css-no-dead-component-rule [CSS] › fires on the known_broken fixture (175ms)
[WebServer] 127.0.0.1 - - [19/Sep/2026 01:55:21] "GET /tests/render/fixtures/known_broken/css-no-dead-component-rule.html HTTP/1.1" 200 -
[WebServer] 127.0.0.1 - - [19/Sep/2026 01:55:21] "GET /tests/render/fixtures/known_good/css-no-dead-component-rule.html HTTP/1.1" 200 -
  ✓   88 [vp768] › tests/render/meta.spec.ts:96:5 › css-no-dead-component-rule [CSS] › fires on the known_broken fixture (226ms)
  ✓   89 [vp375] › tests/render/meta.spec.ts:112:5 › css-no-dead-component-rule [CSS] › is silent on the known_good fixture (177ms)
[WebServer] 127.0.0.1 - - [19/Sep/2026 01:55:21] "GET /tests/render/fixtures/known_good/css-no-dead-component-rule.html HTTP/1.1" 200 -
  ✓   90 [vp768] › tests/render/meta.spec.ts:112:5 › css-no-dead-component-rule [CSS] › is silent on the known_good fixture (187ms)
[WebServer] 127.0.0.1 - - [19/Sep/2026 01:55:21] "GET /tests/render/fixtures/known_broken/css-component-color-not-overridden.html HTTP/1.1" 200 -
  ✓   91 [vp375] › tests/render/meta.spec.ts:96:5 › css-component-color-not-overridden [CSS] › fires on the known_broken fixture (222ms)
[WebServer] 127.0.0.1 - - [19/Sep/2026 01:55:21] "GET /tests/render/fixtures/known_broken/css-component-color-not-overridden.html HTTP/1.1" 200 -
[WebServer] 127.0.0.1 - - [19/Sep/2026 01:55:21] "GET /tests/render/fixtures/known_good/css-component-color-not-overridden.html HTTP/1.1" 200 -
  ✓   92 [vp768] › tests/render/meta.spec.ts:96:5 › css-component-color-not-overridden [CSS] › fires on the known_broken fixture (214ms)
  ✓   93 [vp375] › tests/render/meta.spec.ts:112:5 › css-component-color-not-overridden [CSS] › is silent on the known_good fixture (190ms)
[WebServer] 127.0.0.1 - - [19/Sep/2026 01:55:21] "GET /tests/render/fixtures/known_good/css-component-color-not-overridden.html HTTP/1.1" 200 -
[WebServer] 127.0.0.1 - - [19/Sep/2026 01:55:21] "GET /tests/render/fixtures/known_broken/dup-no-sibling-crossover.html HTTP/1.1" 200 -
  ✓   94 [vp768] › tests/render/meta.spec.ts:112:5 › css-component-color-not-overridden [CSS] › is silent on the known_good fixture (184ms)
  ✓   95 [vp375] › tests/render/meta.spec.ts:96:5 › dup-no-sibling-crossover [DUP] › fires on the known_broken fixture (214ms)
[WebServer] 127.0.0.1 - - [19/Sep/2026 01:55:21] "GET /tests/render/fixtures/known_broken/dup-no-sibling-crossover.html HTTP/1.1" 200 -
[WebServer] 127.0.0.1 - - [19/Sep/2026 01:55:22] "GET /tests/render/fixtures/known_good/dup-no-sibling-crossover.html HTTP/1.1" 200 -
  ✓   96 [vp768] › tests/render/meta.spec.ts:96:5 › dup-no-sibling-crossover [DUP] › fires on the known_broken fixture (196ms)
  ✓   97 [vp375] › tests/render/meta.spec.ts:112:5 › dup-no-sibling-crossover [DUP] › is silent on the known_good fixture (199ms)
[WebServer] 127.0.0.1 - - [19/Sep/2026 01:55:22] "GET /tests/render/fixtures/known_good/dup-no-sibling-crossover.html HTTP/1.1" 200 -
[WebServer] 127.0.0.1 - - [19/Sep/2026 01:55:22] "GET /tests/render/fixtures/known_broken/a11y-text-contrast-aa.html HTTP/1.1" 200 -
  ✓   98 [vp768] › tests/render/meta.spec.ts:112:5 › dup-no-sibling-crossover [DUP] › is silent on the known_good fixture (194ms)
  ✓   99 [vp375] › tests/render/meta.spec.ts:96:5 › a11y-text-contrast-aa [A11Y] › fires on the known_broken fixture (208ms)
[WebServer] 127.0.0.1 - - [19/Sep/2026 01:55:22] "GET /tests/render/fixtures/known_broken/a11y-text-contrast-aa.html HTTP/1.1" 200 -
[WebServer] 127.0.0.1 - - [19/Sep/2026 01:55:22] "GET /tests/render/fixtures/known_good/a11y-text-contrast-aa.html HTTP/1.1" 200 -
  ✓  100 [vp768] › tests/render/meta.spec.ts:96:5 › a11y-text-contrast-aa [A11Y] › fires on the known_broken fixture (205ms)
  ✓  101 [vp375] › tests/render/meta.spec.ts:112:5 › a11y-text-contrast-aa [A11Y] › is silent on the known_good fixture (223ms)
[WebServer] 127.0.0.1 - - [19/Sep/2026 01:55:22] "GET /tests/render/fixtures/known_good/a11y-text-contrast-aa.html HTTP/1.1" 200 -
  ✓  102 [vp768] › tests/render/meta.spec.ts:112:5 › a11y-text-contrast-aa [A11Y] › is silent on the known_good fixture (205ms)
[WebServer] 127.0.0.1 - - [19/Sep/2026 01:55:22] "GET /tests/render/fixtures/known_broken/dup-adjacent-to-whitelist.html HTTP/1.1" 200 -
  ✓  103 [vp375] › tests/render/meta.spec.ts:149:3 › dup-no-sibling-crossover sees a crossover adjacent to a whitelisted line › reports each passage beside the shipping line, and never the line itself (316ms)
  -  104 [vp768] › tests/render/meta.spec.ts:149:3 › dup-no-sibling-crossover sees a crossover adjacent to a whitelisted line › reports each passage beside the shipping line, and never the line itself
  -  106 [vp768] › tests/render/meta.spec.ts:190:3 › dup-no-sibling-crossover judges every page against the whole built site › every target is compared against every other built page
  ✓  105 [vp375] › tests/render/meta.spec.ts:190:3 › dup-no-sibling-crossover judges every page against the whole built site › every target is compared against every other built page (29ms)
  -  107 [vp768] › tests/render/meta.spec.ts:262:3 › dup-no-sibling-crossover tokenises exactly like dup_content_audit.py › a run that is 12 words only because an apostrophe split a word is not a crossover
  -  109 [vp768] › tests/render/meta.spec.ts:279:3 › dup-no-sibling-crossover tokenises exactly like dup_content_audit.py › an apostrophe the corpus page writes as &#39; is the same word
  -  110 [vp768] › tests/render/meta.spec.ts:293:3 › dup-no-sibling-crossover tokenises exactly like dup_content_audit.py › normalise() and the whitelist stems match Python token for token
  ✓  111 [vp768] › tests/render/meta.spec.ts:338:3 › dist/ freshness gate › a dist/ newer than src/ is fresh (5ms)
  ✓  112 [vp768] › tests/render/meta.spec.ts:347:3 › dist/ freshness gate › a src/ file newer than every dist/ file is STALE (8ms)
  ✓  113 [vp768] › tests/render/meta.spec.ts:359:3 › dist/ freshness gate › a newer package.json (the non-directory branch of newest()) forces refusal (7ms)
  ✓  114 [vp768] › tests/render/meta.spec.ts:374:3 › dist/ freshness gate › a missing dist/ is STALE, never fresh-by-default (3ms)
  ✓  115 [vp768] › tests/render/meta.spec.ts:386:3 › dist/ freshness gate › an empty dist/ is STALE (3ms)
  ✓  116 [vp768] › tests/render/meta.spec.ts:397:3 › dist/ freshness gate › vendored trees under src/ are not treated as source (7ms)
  ✓  117 [vp768] › tests/render/meta.spec.ts:413:3 › dist/ freshness gate › an unreadable path under src/ refuses rather than silently passing as fresh (9ms)
  ✓  118 [vp768] › tests/render/meta.spec.ts:425:3 › resetRaw › empties a populated raw dir, so a refused run cannot merge into a prior clean scorecard (3ms)
  -  119 [vp768] › tests/render/meta.spec.ts:543:3 › globalSetup vs spec-module-scope regression probe › resetRaw() at spec module scope loses other workers' partials
  -  120 [vp768] › tests/render/meta.spec.ts:558:3 › globalSetup vs spec-module-scope regression probe › resetRaw() in globalSetup preserves every project’s partial
  ✓  121 [vp768] › tests/render/meta.spec.ts:576:3 › resetRaw placement — pins the actual production wiring › resetRaw() is called in global-setup.ts and nowhere in pages.spec.ts (2ms)
[WebServer] 127.0.0.1 - - [19/Sep/2026 01:55:23] "GET /tests/render/fixtures/known_broken/dup-contraction-boundary.html HTTP/1.1" 200 -
  ✓  108 [vp375] › tests/render/meta.spec.ts:262:3 › dup-no-sibling-crossover tokenises exactly like dup_content_audit.py › a run that is 12 words only because an apostrophe split a word is not a crossover (693ms)
[WebServer] 127.0.0.1 - - [19/Sep/2026 01:55:24] "GET /tests/render/fixtures/known_broken/dup-contraction-entity.html HTTP/1.1" 200 -
  ✓  123 [vp375] › tests/render/meta.spec.ts:279:3 › dup-no-sibling-crossover tokenises exactly like dup_content_audit.py › an apostrophe the corpus page writes as &#39; is the same word (418ms)
  ✓  124 [vp375] › tests/render/meta.spec.ts:293:3 › dup-no-sibling-crossover tokenises exactly like dup_content_audit.py › normalise() and the whitelist stems match Python token for token (190ms)
  ✓  125 [vp375] › tests/render/meta.spec.ts:338:3 › dist/ freshness gate › a dist/ newer than src/ is fresh (4ms)
  ✓  126 [vp375] › tests/render/meta.spec.ts:347:3 › dist/ freshness gate › a src/ file newer than every dist/ file is STALE (3ms)
  ✓  127 [vp375] › tests/render/meta.spec.ts:359:3 › dist/ freshness gate › a newer package.json (the non-directory branch of newest()) forces refusal (19ms)
  ✓  128 [vp375] › tests/render/meta.spec.ts:374:3 › dist/ freshness gate › a missing dist/ is STALE, never fresh-by-default (4ms)
  ✓  129 [vp375] › tests/render/meta.spec.ts:386:3 › dist/ freshness gate › an empty dist/ is STALE (2ms)
  ✓  130 [vp375] › tests/render/meta.spec.ts:397:3 › dist/ freshness gate › vendored trees under src/ are not treated as source (3ms)
  ✓  131 [vp375] › tests/render/meta.spec.ts:413:3 › dist/ freshness gate › an unreadable path under src/ refuses rather than silently passing as fresh (2ms)
  ✓  132 [vp375] › tests/render/meta.spec.ts:425:3 › resetRaw › empties a populated raw dir, so a refused run cannot merge into a prior clean scorecard (2ms)
  ✓  133 [vp375] › tests/render/meta.spec.ts:543:3 › globalSetup vs spec-module-scope regression probe › resetRaw() at spec module scope loses other workers' partials (3.7s)
  ✓  134 [vp375] › tests/render/meta.spec.ts:558:3 › globalSetup vs spec-module-scope regression probe › resetRaw() in globalSetup preserves every project’s partial (3.0s)
  ✓  135 [vp375] › tests/render/meta.spec.ts:576:3 › resetRaw placement — pins the actual production wiring › resetRaw() is called in global-setup.ts and nowhere in pages.spec.ts (3ms)
  ✓  122 [vp768] › tests/render/meta.spec.ts:600:3 › nav-jump-target-lands reports causes, not instances › a page with many broken anchors yields ONE row per failure mode (11.3s)
  -  137 [vp768] › tests/render/meta.spec.ts:669:3 › nav-jump-target-lands names the direction of failure › fires on a page whose targets overshoot the chrome band
  -  138 [vp768] › tests/render/meta.spec.ts:681:3 › nav-jump-target-lands names the direction of failure › stays silent when the same page lands inside the band
  -  139 [vp768] › tests/render/meta.spec.ts:697:3 › nav-jump-target-lands names the direction of failure › names both cohorts when targets fail in opposite directions
  -  140 [vp768] › tests/render/meta.spec.ts:716:3 › nav-jump-target-lands names the direction of failure › names an undershooting minority without claiming overshoot
  -  141 [vp768] › tests/render/meta.spec.ts:757:3 › nav-jump-target-lands measures geometry, not smooth-scroll timing › clicks under instant scrolling, restores the page, and still catches the real miss
  ✓  142 [vp768] › tests/render/meta.spec.ts:829:3 › the check-result contract › accepts a well-formed result (86ms)
  ✓  143 [vp768] › tests/render/meta.spec.ts:834:3 › the check-result contract › rejects more rows than MAX_DEFECT_ROWS (85ms)
  ✓  144 [vp768] › tests/render/meta.spec.ts:839:3 › the check-result contract › rejects a row with no count (86ms)
  ✓  145 [vp768] › tests/render/meta.spec.ts:843:3 › the check-result contract › rejects count: 0 — a defect row describes at least one failure (172ms)
  ✓  146 [vp768] › tests/render/meta.spec.ts:847:3 › the check-result contract › rejects a row attributed to a different check (132ms)
  ✓  147 [vp768] › tests/render/meta.spec.ts:853:3 › the check-result contract › rejects a row attributed to a different family (151ms)
  ✓  148 [vp768] › tests/render/meta.spec.ts:857:3 › the check-result contract › rejects a negative examined count (146ms)
  ✓  149 [vp768] › tests/render/meta.spec.ts:870:3 › nested slugs cannot silently lose a page › flattenSlug removes every path separator (4ms)
  ✓  150 [vp768] › tests/render/meta.spec.ts:879:3 › nested slugs cannot silently lose a page › writePartial actually lands a file for a nested slug (8ms)
  -  151 [vp768] › tests/render/meta.spec.ts:905:3 › measureTopChrome is deterministic and finds late-pinning chrome › finds a rail that only pins past 1.5 viewports
  -  152 [vp768] › tests/render/meta.spec.ts:919:3 › measureTopChrome is deterministic and finds late-pinning chrome › returns the same height however the page was left scrolled
  -  153 [vp768] › tests/render/meta.spec.ts:954:3 › waitForScrollSettle does not call an UNSTARTED scroll settled › waits out a scroll whose first frame lands after the stability threshold
  -  154 [vp768] › tests/render/meta.spec.ts:977:3 › waitForScrollSettle does not call an UNSTARTED scroll settled › still settles promptly when the scroll never needed to move
  -  155 [vp768] › tests/render/meta.spec.ts:998:3 › measureTopChrome does not absorb sticky page content › a sticky sidebar pinned at top:0 is not counted as chrome
  -  156 [vp768] › tests/render/meta.spec.ts:1022:3 › layout-tap-target-size honours WCAG 2.5.8 exemptions › is silent on skip links, prose links, labelled inputs and isolated targets
  ✓  157 [vp768] › tests/render/meta.spec.ts:1077:3 › dist/ freshness sees a DELETED source page › a built route whose source was deleted is reported by name (4ms)
  ✓  158 [vp768] › tests/render/meta.spec.ts:1085:3 › dist/ freshness sees a DELETED source page › matching source and built sets report no orphan (2ms)
  ✓  159 [vp768] › tests/render/meta.spec.ts:1096:3 › dist/ freshness sees a DELETED source page › checkDistFreshness refuses, and its reason names the orphaned route (4ms)
  ✓  160 [vp768] › tests/render/meta.spec.ts:1110:3 › dist/ freshness sees a DELETED source page › the real repo has no orphaned routes (5ms)
  ✓  161 [vp768] › tests/render/meta.spec.ts:1149:3 › every registered family is actually wired into targets.json › the predicate names a family that is registered but wired nowhere (0ms)
  ✓  162 [vp768] › tests/render/meta.spec.ts:1155:3 › every registered family is actually wired into targets.json › a family wired into even one page type is not reported (0ms)
  ✓  163 [vp768] › tests/render/meta.spec.ts:1163:3 › every registered family is actually wired into targets.json › the REAL repo wires every family it registers (3ms)
  ✓  164 [vp768] › tests/render/meta.spec.ts:1173:3 › every registered family is actually wired into targets.json › targets.json declares no family that no check registers (1ms)
[WebServer] 127.0.0.1 - - [19/Sep/2026 01:55:37] "GET /tests/render/fixtures/known_broken/img-broken-vs-still-loading.html HTTP/1.1" 200 -
[WebServer] 127.0.0.1 - - [19/Sep/2026 01:55:37] code 404, message File not found
[WebServer] 127.0.0.1 - - [19/Sep/2026 01:55:37] "GET /definitely-not-a-real-image-404.webp HTTP/1.1" 404 -
[WebServer] 127.0.0.1 - - [19/Sep/2026 01:55:37] code 404, message File not found
[WebServer] 127.0.0.1 - - [19/Sep/2026 01:55:37] "GET /definitely-not-a-real-image-404.webp HTTP/1.1" 404 -
  ✓  165 [vp768] › tests/render/meta.spec.ts:1209:3 › img-srcset-within-2x separates broken from still-loading › a 404 image is still reported — a broken page must not score clean (360ms)
[WebServer] 127.0.0.1 - - [19/Sep/2026 01:55:37] "GET /tests/render/fixtures/known_broken/img-broken-vs-still-loading.html HTTP/1.1" 200 -
[WebServer] 127.0.0.1 - - [19/Sep/2026 01:55:37] code 404, message File not found
[WebServer] 127.0.0.1 - - [19/Sep/2026 01:55:37] "GET /definitely-not-a-real-image-404.webp HTTP/1.1" 404 -
[WebServer] 127.0.0.1 - - [19/Sep/2026 01:55:37] code 404, message File not found
[WebServer] 127.0.0.1 - - [19/Sep/2026 01:55:37] "GET /definitely-not-a-real-image-404.webp HTTP/1.1" 404 -
  ✓  166 [vp768] › tests/render/meta.spec.ts:1222:3 › img-srcset-within-2x separates broken from still-loading › the decodable image is examined, not skipped (347ms)
[WebServer] 127.0.0.1 - - [19/Sep/2026 01:55:38] "GET /tests/render/fixtures/known_broken/img-broken-vs-still-loading.html HTTP/1.1" 200 -
[WebServer] 127.0.0.1 - - [19/Sep/2026 01:55:38] code 404, message File not found
[WebServer] 127.0.0.1 - - [19/Sep/2026 01:55:38] "GET /definitely-not-a-real-image-404.webp HTTP/1.1" 404 -
[WebServer] 127.0.0.1 - - [19/Sep/2026 01:55:38] code 404, message File not found
[WebServer] 127.0.0.1 - - [19/Sep/2026 01:55:38] "GET /definitely-not-a-real-image-404.webp HTTP/1.1" 404 -
  ✓  167 [vp768] › tests/render/meta.spec.ts:1233:3 › img-srcset-within-2x separates broken from still-loading › no defect row ever describes an image as merely still loading (348ms)
[WebServer] 127.0.0.1 - - [19/Sep/2026 01:55:38] "GET /tests/render/fixtures/form-inquiry-contract-noform.html HTTP/1.1" 200 -
  ✓  168 [vp768] › tests/render/meta.spec.ts:1281:3 › form-inquiry-contract: zero-examined is a defect only where a form is expected › the contact page with no non-search form fires one defect (138ms)
[WebServer] 127.0.0.1 - - [19/Sep/2026 01:55:38] "GET /tests/render/fixtures/form-inquiry-contract-noform.html HTTP/1.1" 200 -
  ✓  169 [vp768] › tests/render/meta.spec.ts:1297:3 › form-inquiry-contract: zero-examined is a defect only where a form is expected › a location page with no non-search form is silent (121ms)
[WebServer] 127.0.0.1 - - [19/Sep/2026 01:55:38] "GET /tests/render/fixtures/form-inquiry-contract-noform.html HTTP/1.1" 200 -
  ✓  170 [vp768] › tests/render/meta.spec.ts:1310:3 › form-inquiry-contract: zero-examined is a defect only where a form is expected › a hub page with no non-search form is silent (123ms)
  ✓  171 [vp768] › tests/render/meta.spec.ts:1335:3 › fieldChecksSkipped pins the field-contract exemption list › in scope: every rich and blog page, contact page included (2ms)
  ✓  172 [vp768] › tests/render/meta.spec.ts:1347:3 › fieldChecksSkipped pins the field-contract exemption list › exempt: the uk-locations cluster and the hubs (2ms)
  ✓  173 [vp768] › tests/render/meta.spec.ts:1364:3 › contractFor pins the per-slug field contract › full: rich pages (2ms)
  ✓  174 [vp768] › tests/render/meta.spec.ts:1369:3 › contractFor pins the per-slug field contract › short: blog-kind pages, and blog/* posts absent from the map (1ms)
  ✓  175 [vp768] › tests/render/meta.spec.ts:1373:3 › contractFor pins the per-slug field contract › none: the locations cluster and the hubs (1ms)
  ✓  176 [vp768] › tests/render/meta.spec.ts:1387:3 › formExpected pins the zero-examined exemption list › expected: the contact page only (1ms)
  ✓  177 [vp768] › tests/render/meta.spec.ts:1391:3 › formExpected pins the zero-examined exemption list › not expected: other interior pages, home, puppy, hub, location and blog (2ms)
[WebServer] 127.0.0.1 - - [19/Sep/2026 01:55:38] "GET /tests/render/fixtures/known_good/form-inquiry-contract-blog-short.html HTTP/1.1" 200 -
  ✓  178 [vp768] › tests/render/meta.spec.ts:1414:3 › form-inquiry-contract: the short (blog) contract is exercised › a blog-kind page with name/email/message only is clean (140ms)
[WebServer] 127.0.0.1 - - [19/Sep/2026 01:55:39] "GET /tests/render/fixtures/known_good/form-inquiry-contract-blog-short.html HTTP/1.1" 200 -
  ✓  179 [vp768] › tests/render/meta.spec.ts:1429:3 › form-inquiry-contract: the short (blog) contract is exercised › the same form missing `message` fires (131ms)
  ✓  180 [vp768] › tests/render/meta.spec.ts:1467:3 › every deferred check is registered and still passes both fixtures › every deferred id names a check the registry actually holds (1ms)
  ✓  181 [vp768] › tests/render/meta.spec.ts:1487:3 › every deferred check is registered and still passes both fixtures › every deferred id carries a reason that states its promotion condition (0ms)
  ✓  182 [vp768] › tests/render/meta.spec.ts:1510:3 › every deferred check is registered and still passes both fixtures › no deferred check is actually examining nodes in the latest run (57ms)
[WebServer] 127.0.0.1 - - [19/Sep/2026 01:55:39] "GET /tests/render/fixtures/known_good/kit-counter-separated.html HTTP/1.1" 200 -
  ✓  183 [vp768] › tests/render/meta.spec.ts:1589:3 › layout-hero-counter-separation [kit CounterStrip] › is silent on the kit strip with its bed and rule (129ms)
[WebServer] 127.0.0.1 - - [19/Sep/2026 01:55:39] "GET /tests/render/fixtures/known_broken/kit-counter-flush.html HTTP/1.1" 200 -
  ✓  184 [vp768] › tests/render/meta.spec.ts:1599:3 › layout-hero-counter-separation [kit CounterStrip] › fires when the kit strip keeps the hero band and drops the rule (131ms)
[WebServer] 127.0.0.1 - - [19/Sep/2026 01:55:39] "GET /tests/render/fixtures/known_good/kit-h3-image-first.html HTTP/1.1" 200 -
  ✓  185 [vp768] › tests/render/meta.spec.ts:1634:3 › layout-h3-image-first [kit InfoCard] › is silent on the kit card with its image above its prose (128ms)
[WebServer] 127.0.0.1 - - [19/Sep/2026 01:55:39] "GET /tests/render/fixtures/known_broken/kit-h3-image-last.html HTTP/1.1" 200 -
  ✓  186 [vp768] › tests/render/meta.spec.ts:1646:3 › layout-h3-image-first [kit InfoCard] › fires when the kit card drops the image below the prose (123ms)
[WebServer] 127.0.0.1 - - [19/Sep/2026 01:55:39] "GET /tests/render/fixtures/known_good/kit-stmt-label.html HTTP/1.1" 200 -
  ✓  187 [vp768] › tests/render/meta.spec.ts:1661:3 › sem-statement-label-visible [kit InfoCard] › is silent on the kit card labels in all three places it puts one (124ms)
[WebServer] 127.0.0.1 - - [19/Sep/2026 01:55:39] "GET /tests/render/fixtures/known_broken/kit-stmt-label-hidden.html HTTP/1.1" 200 -
  ✓  188 [vp768] › tests/render/meta.spec.ts:1673:3 › sem-statement-label-visible [kit InfoCard] › fires on a hidden label and on one with no kind (133ms)
  ✓  189 [vp1280] › tests/render/meta.spec.ts:59:1 › the registry is not empty (9ms)
[WebServer] 127.0.0.1 - - [19/Sep/2026 01:55:42] "GET /tests/render/fixtures/known_broken/form-inquiry-contract.html HTTP/1.1" 200 -
  ✓  190 [vp1280] › tests/render/meta.spec.ts:96:5 › form-inquiry-contract [FORM] › fires on the known_broken fixture (526ms)
[WebServer] 127.0.0.1 - - [19/Sep/2026 01:55:42] "GET /tests/render/fixtures/known_good/form-inquiry-contract.html HTTP/1.1" 200 -
  ✓  136 [vp375] › tests/render/meta.spec.ts:600:3 › nav-jump-target-lands reports causes, not instances › a page with many broken anchors yields ONE row per failure mode (11.1s)
[WebServer] 127.0.0.1 - - [19/Sep/2026 01:55:42] "GET /tests/render/fixtures/known_broken/nav-overshoot.html HTTP/1.1" 200 -
  ✓  191 [vp1280] › tests/render/meta.spec.ts:112:5 › form-inquiry-contract [FORM] › is silent on the known_good fixture (363ms)
[WebServer] 127.0.0.1 - - [19/Sep/2026 01:55:42] "GET /tests/render/fixtures/known_broken/layout-no-horizontal-overflow.html HTTP/1.1" 200 -
  ✓  193 [vp1280] › tests/render/meta.spec.ts:96:5 › layout-no-horizontal-overflow [LAYOUT] › fires on the known_broken fixture (255ms)
[WebServer] 127.0.0.1 - - [19/Sep/2026 01:55:43] "GET /tests/render/fixtures/known_good/layout-no-horizontal-overflow.html HTTP/1.1" 200 -
  ✓  194 [vp1280] › tests/render/meta.spec.ts:112:5 › layout-no-horizontal-overflow [LAYOUT] › is silent on the known_good fixture (250ms)
[WebServer] 127.0.0.1 - - [19/Sep/2026 01:55:43] "GET /tests/render/fixtures/known_broken/layout-min-font-size.html HTTP/1.1" 200 -
  ✓  195 [vp1280] › tests/render/meta.spec.ts:96:5 › layout-min-font-size [LAYOUT] › fires on the known_broken fixture (366ms)
[WebServer] 127.0.0.1 - - [19/Sep/2026 01:55:43] "GET /tests/render/fixtures/known_good/layout-min-font-size.html HTTP/1.1" 200 -
  ✓  196 [vp1280] › tests/render/meta.spec.ts:112:5 › layout-min-font-size [LAYOUT] › is silent on the known_good fixture (251ms)
[WebServer] 127.0.0.1 - - [19/Sep/2026 01:55:44] "GET /tests/render/fixtures/known_broken/layout-tap-target-size.html HTTP/1.1" 200 -
  ✓  197 [vp1280] › tests/render/meta.spec.ts:96:5 › layout-tap-target-size [LAYOUT] › fires on the known_broken fixture (282ms)
[WebServer] 127.0.0.1 - - [19/Sep/2026 01:55:44] "GET /tests/render/fixtures/known_good/layout-tap-target-size.html HTTP/1.1" 200 -
  ✓  198 [vp1280] › tests/render/meta.spec.ts:112:5 › layout-tap-target-size [LAYOUT] › is silent on the known_good fixture (330ms)
[WebServer] 127.0.0.1 - - [19/Sep/2026 01:55:44] "GET /tests/render/fixtures/known_broken/layout-hero-counter-separation.html HTTP/1.1" 200 -
  ✓  199 [vp1280] › tests/render/meta.spec.ts:96:5 › layout-hero-counter-separation [LAYOUT] › fires on the known_broken fixture (241ms)
  ✓  192 [vp375] › tests/render/meta.spec.ts:669:3 › nav-jump-target-lands names the direction of failure › fires on a page whose targets overshoot the chrome band (2.5s)
[WebServer] 127.0.0.1 - - [19/Sep/2026 01:55:45] "GET /tests/render/fixtures/known_good/layout-hero-counter-separation.html HTTP/1.1" 200 -
  ✓  200 [vp1280] › tests/render/meta.spec.ts:112:5 › layout-hero-counter-separation [LAYOUT] › is silent on the known_good fixture (318ms)
[WebServer] 127.0.0.1 - - [19/Sep/2026 01:55:45] "GET /tests/render/fixtures/known_good/nav-overshoot-fixed.html HTTP/1.1" 200 -
[WebServer] 127.0.0.1 - - [19/Sep/2026 01:55:45] "GET /tests/render/fixtures/known_broken/layout-h3-image-first.html HTTP/1.1" 200 -
  ✓  202 [vp1280] › tests/render/meta.spec.ts:96:5 › layout-h3-image-first [LAYOUT] › fires on the known_broken fixture (346ms)
[WebServer] 127.0.0.1 - - [19/Sep/2026 01:55:45] "GET /tests/render/fixtures/known_good/layout-h3-image-first.html HTTP/1.1" 200 -
  ✓  203 [vp1280] › tests/render/meta.spec.ts:112:5 › layout-h3-image-first [LAYOUT] › is silent on the known_good fixture (284ms)
[WebServer] 127.0.0.1 - - [19/Sep/2026 01:55:46] "GET /tests/render/fixtures/known_broken/layout-image-box-reserved.html HTTP/1.1" 200 -
[WebServer] 127.0.0.1 - - [19/Sep/2026 01:55:46] "GET /tests/render/fixtures/assets/wide-1600.png HTTP/1.1" 200 -
[WebServer] 127.0.0.1 - - [19/Sep/2026 01:55:46] code 404, message File not found
[WebServer] 127.0.0.1 - - [19/Sep/2026 01:55:46] "GET /__bsuk_pending_image__/0.webp HTTP/1.1" 404 -
  ✓  204 [vp1280] › tests/render/meta.spec.ts:96:5 › layout-image-box-reserved [LAYOUT] › fires on the known_broken fixture (325ms)
[WebServer] 127.0.0.1 - - [19/Sep/2026 01:55:46] "GET /tests/render/fixtures/known_good/layout-image-box-reserved.html HTTP/1.1" 200 -
[WebServer] 127.0.0.1 - - [19/Sep/2026 01:55:46] "GET /tests/render/fixtures/assets/wide-1600.png HTTP/1.1" 200 -
[WebServer] 127.0.0.1 - - [19/Sep/2026 01:55:46] code 404, message File not found
[WebServer] 127.0.0.1 - - [19/Sep/2026 01:55:46] "GET /__bsuk_pending_image__/0.webp HTTP/1.1" 404 -
  ✓  205 [vp1280] › tests/render/meta.spec.ts:112:5 › layout-image-box-reserved [LAYOUT] › is silent on the known_good fixture (273ms)
[WebServer] 127.0.0.1 - - [19/Sep/2026 01:55:46] "GET /tests/render/fixtures/known_broken/img-srcset-within-2x.html HTTP/1.1" 200 -
[WebServer] 127.0.0.1 - - [19/Sep/2026 01:55:46] "GET /tests/render/fixtures/assets/wide-1600.png HTTP/1.1" 200 -
  ✓  206 [vp1280] › tests/render/meta.spec.ts:96:5 › img-srcset-within-2x [IMG] › fires on the known_broken fixture (569ms)
[WebServer] 127.0.0.1 - - [19/Sep/2026 01:55:47] "GET /tests/render/fixtures/known_good/img-srcset-within-2x.html HTTP/1.1" 200 -
[WebServer] 127.0.0.1 - - [19/Sep/2026 01:55:47] "GET /tests/render/fixtures/assets/narrow-400.png HTTP/1.1" 200 -
  ✓  207 [vp1280] › tests/render/meta.spec.ts:112:5 › img-srcset-within-2x [IMG] › is silent on the known_good fixture (470ms)
  ✓  201 [vp375] › tests/render/meta.spec.ts:681:3 › nav-jump-target-lands names the direction of failure › stays silent when the same page lands inside the band (2.7s)
[WebServer] 127.0.0.1 - - [19/Sep/2026 01:55:47] "GET /tests/render/fixtures/known_broken/img-alt-present-and-unique.html HTTP/1.1" 200 -
[WebServer] 127.0.0.1 - - [19/Sep/2026 01:55:47] "GET /tests/render/fixtures/assets/narrow-400.png HTTP/1.1" 200 -
[WebServer] 127.0.0.1 - - [19/Sep/2026 01:55:48] "GET /tests/render/fixtures/known_broken/nav-overshoot-mixed.html HTTP/1.1" 200 -
  ✓  208 [vp1280] › tests/render/meta.spec.ts:96:5 › img-alt-present-and-unique [IMG] › fires on the known_broken fixture (564ms)
[WebServer] 127.0.0.1 - - [19/Sep/2026 01:55:48] "GET /tests/render/fixtures/known_good/img-alt-present-and-unique.html HTTP/1.1" 200 -
[WebServer] 127.0.0.1 - - [19/Sep/2026 01:55:48] "GET /tests/render/fixtures/assets/narrow-400.png HTTP/1.1" 200 -
  ✓  210 [vp1280] › tests/render/meta.spec.ts:112:5 › img-alt-present-and-unique [IMG] › is silent on the known_good fixture (387ms)
[WebServer] 127.0.0.1 - - [19/Sep/2026 01:55:48] "GET /tests/render/fixtures/known_broken/nav-anchors-resolve.html HTTP/1.1" 200 -
  ✓  211 [vp1280] › tests/render/meta.spec.ts:96:5 › nav-anchors-resolve [NAV] › fires on the known_broken fixture (203ms)
[WebServer] 127.0.0.1 - - [19/Sep/2026 01:55:49] "GET /tests/render/fixtures/known_good/nav-anchors-resolve.html HTTP/1.1" 200 -
  ✓  212 [vp1280] › tests/render/meta.spec.ts:112:5 › nav-anchors-resolve [NAV] › is silent on the known_good fixture (151ms)
[WebServer] 127.0.0.1 - - [19/Sep/2026 01:55:49] "GET /tests/render/fixtures/known_broken/nav-jump-target-lands.html HTTP/1.1" 200 -
  ✓  213 [vp1280] › tests/render/meta.spec.ts:96:5 › nav-jump-target-lands [NAV] › fires on the known_broken fixture (1.7s)
[WebServer] 127.0.0.1 - - [19/Sep/2026 01:55:50] "GET /tests/render/fixtures/known_good/nav-jump-target-lands.html HTTP/1.1" 200 -
  ✓  214 [vp1280] › tests/render/meta.spec.ts:112:5 › nav-jump-target-lands [NAV] › is silent on the known_good fixture (1.8s)
[WebServer] 127.0.0.1 - - [19/Sep/2026 01:55:52] "GET /tests/render/fixtures/known_broken/sem-heading-order.html HTTP/1.1" 200 -
  ✓  215 [vp1280] › tests/render/meta.spec.ts:96:5 › sem-heading-order [SEM] › fires on the known_broken fixture (130ms)
[WebServer] 127.0.0.1 - - [19/Sep/2026 01:55:52] "GET /tests/render/fixtures/known_good/sem-heading-order.html HTTP/1.1" 200 -
  ✓  216 [vp1280] › tests/render/meta.spec.ts:112:5 › sem-heading-order [SEM] › is silent on the known_good fixture (119ms)
[WebServer] 127.0.0.1 - - [19/Sep/2026 01:55:52] "GET /tests/render/fixtures/known_broken/sem-all-six-levels.html HTTP/1.1" 200 -
  ✓  217 [vp1280] › tests/render/meta.spec.ts:96:5 › sem-all-six-levels [SEM] › fires on the known_broken fixture (123ms)
[WebServer] 127.0.0.1 - - [19/Sep/2026 01:55:53] "GET /tests/render/fixtures/known_good/sem-all-six-levels.html HTTP/1.1" 200 -
  ✓  218 [vp1280] › tests/render/meta.spec.ts:112:5 › sem-all-six-levels [SEM] › is silent on the known_good fixture (121ms)
[WebServer] 127.0.0.1 - - [19/Sep/2026 01:55:53] "GET /tests/render/fixtures/known_broken/sem-title-case-headings.html HTTP/1.1" 200 -
  ✓  219 [vp1280] › tests/render/meta.spec.ts:96:5 › sem-title-case-headings [SEM] › fires on the known_broken fixture (124ms)
[WebServer] 127.0.0.1 - - [19/Sep/2026 01:55:53] "GET /tests/render/fixtures/known_good/sem-title-case-headings.html HTTP/1.1" 200 -
  ✓  220 [vp1280] › tests/render/meta.spec.ts:112:5 › sem-title-case-headings [SEM] › is silent on the known_good fixture (133ms)
[WebServer] 127.0.0.1 - - [19/Sep/2026 01:55:53] "GET /tests/render/fixtures/known_broken/sem-section-opening-paragraph.html HTTP/1.1" 200 -
  ✓  221 [vp1280] › tests/render/meta.spec.ts:96:5 › sem-section-opening-paragraph [SEM] › fires on the known_broken fixture (119ms)
[WebServer] 127.0.0.1 - - [19/Sep/2026 01:55:53] "GET /tests/render/fixtures/known_good/sem-section-opening-paragraph.html HTTP/1.1" 200 -
  ✓  222 [vp1280] › tests/render/meta.spec.ts:112:5 › sem-section-opening-paragraph [SEM] › is silent on the known_good fixture (116ms)
[WebServer] 127.0.0.1 - - [19/Sep/2026 01:55:53] "GET /tests/render/fixtures/known_broken/sem-statement-label-visible.html HTTP/1.1" 200 -
  ✓  223 [vp1280] › tests/render/meta.spec.ts:96:5 › sem-statement-label-visible [SEM] › fires on the known_broken fixture (120ms)
[WebServer] 127.0.0.1 - - [19/Sep/2026 01:55:53] "GET /tests/render/fixtures/known_good/sem-statement-label-visible.html HTTP/1.1" 200 -
  ✓  224 [vp1280] › tests/render/meta.spec.ts:112:5 › sem-statement-label-visible [SEM] › is silent on the known_good fixture (131ms)
[WebServer] 127.0.0.1 - - [19/Sep/2026 01:55:54] "GET /tests/render/fixtures/known_broken/schema-single-product-offer.html HTTP/1.1" 200 -
  ✓  225 [vp1280] › tests/render/meta.spec.ts:96:5 › schema-single-product-offer [SCHEMA] › fires on the known_broken fixture (124ms)
[WebServer] 127.0.0.1 - - [19/Sep/2026 01:55:54] "GET /tests/render/fixtures/known_good/schema-single-product-offer.html HTTP/1.1" 200 -
  ✓  226 [vp1280] › tests/render/meta.spec.ts:112:5 › schema-single-product-offer [SCHEMA] › is silent on the known_good fixture (121ms)
[WebServer] 127.0.0.1 - - [19/Sep/2026 01:55:54] "GET /tests/render/fixtures/known_broken/schema-sold-not-instock.html HTTP/1.1" 200 -
  ✓  227 [vp1280] › tests/render/meta.spec.ts:96:5 › schema-sold-not-instock [SCHEMA] › fires on the known_broken fixture (115ms)
[WebServer] 127.0.0.1 - - [19/Sep/2026 01:55:54] "GET /tests/render/fixtures/known_good/schema-sold-not-instock.html HTTP/1.1" 200 -
  ✓  228 [vp1280] › tests/render/meta.spec.ts:112:5 › schema-sold-not-instock [SCHEMA] › is silent on the known_good fixture (117ms)
[WebServer] 127.0.0.1 - - [19/Sep/2026 01:55:54] "GET /tests/render/fixtures/known_broken/schema-date-modified-present.html HTTP/1.1" 200 -
  ✓  229 [vp1280] › tests/render/meta.spec.ts:96:5 › schema-date-modified-present [SCHEMA] › fires on the known_broken fixture (112ms)
[WebServer] 127.0.0.1 - - [19/Sep/2026 01:55:54] "GET /tests/render/fixtures/known_good/schema-date-modified-present.html HTTP/1.1" 200 -
  ✓  230 [vp1280] › tests/render/meta.spec.ts:112:5 › schema-date-modified-present [SCHEMA] › is silent on the known_good fixture (109ms)
[WebServer] 127.0.0.1 - - [19/Sep/2026 01:55:54] "GET /tests/render/fixtures/known_broken/schema-no-visible-date.html HTTP/1.1" 200 -
  ✓  231 [vp1280] › tests/render/meta.spec.ts:96:5 › schema-no-visible-date [SCHEMA] › fires on the known_broken fixture (109ms)
[WebServer] 127.0.0.1 - - [19/Sep/2026 01:55:54] "GET /tests/render/fixtures/known_good/schema-no-visible-date.html HTTP/1.1" 200 -
  ✓  232 [vp1280] › tests/render/meta.spec.ts:112:5 › schema-no-visible-date [SCHEMA] › is silent on the known_good fixture (118ms)
[WebServer] 127.0.0.1 - - [19/Sep/2026 01:55:55] "GET /tests/render/fixtures/known_broken/css-class-resolves.html HTTP/1.1" 200 -
  ✓  233 [vp1280] › tests/render/meta.spec.ts:96:5 › css-class-resolves [CSS] › fires on the known_broken fixture (120ms)
[WebServer] 127.0.0.1 - - [19/Sep/2026 01:55:55] "GET /tests/render/fixtures/known_good/css-class-resolves.html HTTP/1.1" 200 -
  ✓  234 [vp1280] › tests/render/meta.spec.ts:112:5 › css-class-resolves [CSS] › is silent on the known_good fixture (122ms)
[WebServer] 127.0.0.1 - - [19/Sep/2026 01:55:55] "GET /tests/render/fixtures/known_broken/css-no-dead-component-rule.html HTTP/1.1" 200 -
  ✓  235 [vp1280] › tests/render/meta.spec.ts:96:5 › css-no-dead-component-rule [CSS] › fires on the known_broken fixture (111ms)
[WebServer] 127.0.0.1 - - [19/Sep/2026 01:55:55] "GET /tests/render/fixtures/known_good/css-no-dead-component-rule.html HTTP/1.1" 200 -
  ✓  236 [vp1280] › tests/render/meta.spec.ts:112:5 › css-no-dead-component-rule [CSS] › is silent on the known_good fixture (119ms)
[WebServer] 127.0.0.1 - - [19/Sep/2026 01:55:55] "GET /tests/render/fixtures/known_broken/css-component-color-not-overridden.html HTTP/1.1" 200 -
  ✓  237 [vp1280] › tests/render/meta.spec.ts:96:5 › css-component-color-not-overridden [CSS] › fires on the known_broken fixture (120ms)
[WebServer] 127.0.0.1 - - [19/Sep/2026 01:55:55] "GET /tests/render/fixtures/known_good/css-component-color-not-overridden.html HTTP/1.1" 200 -
  ✓  238 [vp1280] › tests/render/meta.spec.ts:112:5 › css-component-color-not-overridden [CSS] › is silent on the known_good fixture (119ms)
[WebServer] 127.0.0.1 - - [19/Sep/2026 01:55:55] "GET /tests/render/fixtures/known_broken/dup-no-sibling-crossover.html HTTP/1.1" 200 -
  ✓  239 [vp1280] › tests/render/meta.spec.ts:96:5 › dup-no-sibling-crossover [DUP] › fires on the known_broken fixture (126ms)
[WebServer] 127.0.0.1 - - [19/Sep/2026 01:55:55] "GET /tests/render/fixtures/known_good/dup-no-sibling-crossover.html HTTP/1.1" 200 -
  ✓  240 [vp1280] › tests/render/meta.spec.ts:112:5 › dup-no-sibling-crossover [DUP] › is silent on the known_good fixture (151ms)
[WebServer] 127.0.0.1 - - [19/Sep/2026 01:55:56] "GET /tests/render/fixtures/known_broken/a11y-text-contrast-aa.html HTTP/1.1" 200 -
  ✓  241 [vp1280] › tests/render/meta.spec.ts:96:5 › a11y-text-contrast-aa [A11Y] › fires on the known_broken fixture (140ms)
[WebServer] 127.0.0.1 - - [19/Sep/2026 01:55:56] "GET /tests/render/fixtures/known_good/a11y-text-contrast-aa.html HTTP/1.1" 200 -
  ✓  242 [vp1280] › tests/render/meta.spec.ts:112:5 › a11y-text-contrast-aa [A11Y] › is silent on the known_good fixture (134ms)
  -  243 [vp1280] › tests/render/meta.spec.ts:149:3 › dup-no-sibling-crossover sees a crossover adjacent to a whitelisted line › reports each passage beside the shipping line, and never the line itself
  -  244 [vp1280] › tests/render/meta.spec.ts:190:3 › dup-no-sibling-crossover judges every page against the whole built site › every target is compared against every other built page
  -  245 [vp1280] › tests/render/meta.spec.ts:262:3 › dup-no-sibling-crossover tokenises exactly like dup_content_audit.py › a run that is 12 words only because an apostrophe split a word is not a crossover
  -  246 [vp1280] › tests/render/meta.spec.ts:279:3 › dup-no-sibling-crossover tokenises exactly like dup_content_audit.py › an apostrophe the corpus page writes as &#39; is the same word
  -  247 [vp1280] › tests/render/meta.spec.ts:293:3 › dup-no-sibling-crossover tokenises exactly like dup_content_audit.py › normalise() and the whitelist stems match Python token for token
  ✓  248 [vp1280] › tests/render/meta.spec.ts:338:3 › dist/ freshness gate › a dist/ newer than src/ is fresh (3ms)
  ✓  249 [vp1280] › tests/render/meta.spec.ts:347:3 › dist/ freshness gate › a src/ file newer than every dist/ file is STALE (3ms)
  ✓  250 [vp1280] › tests/render/meta.spec.ts:359:3 › dist/ freshness gate › a newer package.json (the non-directory branch of newest()) forces refusal (2ms)
  ✓  251 [vp1280] › tests/render/meta.spec.ts:374:3 › dist/ freshness gate › a missing dist/ is STALE, never fresh-by-default (2ms)
  ✓  252 [vp1280] › tests/render/meta.spec.ts:386:3 › dist/ freshness gate › an empty dist/ is STALE (2ms)
  ✓  253 [vp1280] › tests/render/meta.spec.ts:397:3 › dist/ freshness gate › vendored trees under src/ are not treated as source (3ms)
  ✓  254 [vp1280] › tests/render/meta.spec.ts:413:3 › dist/ freshness gate › an unreadable path under src/ refuses rather than silently passing as fresh (2ms)
  ✓  255 [vp1280] › tests/render/meta.spec.ts:425:3 › resetRaw › empties a populated raw dir, so a refused run cannot merge into a prior clean scorecard (2ms)
  -  256 [vp1280] › tests/render/meta.spec.ts:543:3 › globalSetup vs spec-module-scope regression probe › resetRaw() at spec module scope loses other workers' partials
  -  257 [vp1280] › tests/render/meta.spec.ts:558:3 › globalSetup vs spec-module-scope regression probe › resetRaw() in globalSetup preserves every project’s partial
  ✓  258 [vp1280] › tests/render/meta.spec.ts:576:3 › resetRaw placement — pins the actual production wiring › resetRaw() is called in global-setup.ts and nowhere in pages.spec.ts (1ms)
  ✓  209 [vp375] › tests/render/meta.spec.ts:697:3 › nav-jump-target-lands names the direction of failure › names both cohorts when targets fail in opposite directions (10.7s)
[WebServer] 127.0.0.1 - - [19/Sep/2026 01:55:58] "GET /tests/render/fixtures/known_broken/nav-undershoot-minority.html HTTP/1.1" 200 -
  ✓  259 [vp1280] › tests/render/meta.spec.ts:600:3 › nav-jump-target-lands reports causes, not instances › a page with many broken anchors yields ONE row per failure mode (11.0s)
  -  261 [vp1280] › tests/render/meta.spec.ts:669:3 › nav-jump-target-lands names the direction of failure › fires on a page whose targets overshoot the chrome band
  -  262 [vp1280] › tests/render/meta.spec.ts:681:3 › nav-jump-target-lands names the direction of failure › stays silent when the same page lands inside the band
  -  263 [vp1280] › tests/render/meta.spec.ts:697:3 › nav-jump-target-lands names the direction of failure › names both cohorts when targets fail in opposite directions
  -  264 [vp1280] › tests/render/meta.spec.ts:716:3 › nav-jump-target-lands names the direction of failure › names an undershooting minority without claiming overshoot
  -  265 [vp1280] › tests/render/meta.spec.ts:757:3 › nav-jump-target-lands measures geometry, not smooth-scroll timing › clicks under instant scrolling, restores the page, and still catches the real miss
  ✓  266 [vp1280] › tests/render/meta.spec.ts:829:3 › the check-result contract › accepts a well-formed result (149ms)
  ✓  260 [vp375] › tests/render/meta.spec.ts:716:3 › nav-jump-target-lands names the direction of failure › names an undershooting minority without claiming overshoot (10.5s)
[WebServer] 127.0.0.1 - - [19/Sep/2026 01:56:09] "GET /tests/render/fixtures/known_broken/nav-smooth-scroll-landing.html HTTP/1.1" 200 -
  ✓  267 [vp1280] › tests/render/meta.spec.ts:834:3 › the check-result contract › rejects more rows than MAX_DEFECT_ROWS (202ms)
  ✓  269 [vp1280] › tests/render/meta.spec.ts:839:3 › the check-result contract › rejects a row with no count (99ms)
  ✓  270 [vp1280] › tests/render/meta.spec.ts:843:3 › the check-result contract › rejects count: 0 — a defect row describes at least one failure (93ms)
  ✓  271 [vp1280] › tests/render/meta.spec.ts:847:3 › the check-result contract › rejects a row attributed to a different check (101ms)
  ✓  272 [vp1280] › tests/render/meta.spec.ts:853:3 › the check-result contract › rejects a row attributed to a different family (106ms)
  ✓  273 [vp1280] › tests/render/meta.spec.ts:857:3 › the check-result contract › rejects a negative examined count (117ms)
  ✓  274 [vp1280] › tests/render/meta.spec.ts:870:3 › nested slugs cannot silently lose a page › flattenSlug removes every path separator (2ms)
  ✓  275 [vp1280] › tests/render/meta.spec.ts:879:3 › nested slugs cannot silently lose a page › writePartial actually lands a file for a nested slug (7ms)
  -  276 [vp1280] › tests/render/meta.spec.ts:905:3 › measureTopChrome is deterministic and finds late-pinning chrome › finds a rail that only pins past 1.5 viewports
  -  277 [vp1280] › tests/render/meta.spec.ts:919:3 › measureTopChrome is deterministic and finds late-pinning chrome › returns the same height however the page was left scrolled
  -  278 [vp1280] › tests/render/meta.spec.ts:954:3 › waitForScrollSettle does not call an UNSTARTED scroll settled › waits out a scroll whose first frame lands after the stability threshold
  -  279 [vp1280] › tests/render/meta.spec.ts:977:3 › waitForScrollSettle does not call an UNSTARTED scroll settled › still settles promptly when the scroll never needed to move
  -  280 [vp1280] › tests/render/meta.spec.ts:998:3 › measureTopChrome does not absorb sticky page content › a sticky sidebar pinned at top:0 is not counted as chrome
  -  281 [vp1280] › tests/render/meta.spec.ts:1022:3 › layout-tap-target-size honours WCAG 2.5.8 exemptions › is silent on skip links, prose links, labelled inputs and isolated targets
  ✓  282 [vp1280] › tests/render/meta.spec.ts:1077:3 › dist/ freshness sees a DELETED source page › a built route whose source was deleted is reported by name (4ms)
  ✓  283 [vp1280] › tests/render/meta.spec.ts:1085:3 › dist/ freshness sees a DELETED source page › matching source and built sets report no orphan (5ms)
  ✓  284 [vp1280] › tests/render/meta.spec.ts:1096:3 › dist/ freshness sees a DELETED source page › checkDistFreshness refuses, and its reason names the orphaned route (7ms)
  ✓  285 [vp1280] › tests/render/meta.spec.ts:1110:3 › dist/ freshness sees a DELETED source page › the real repo has no orphaned routes (24ms)
  ✓  286 [vp1280] › tests/render/meta.spec.ts:1149:3 › every registered family is actually wired into targets.json › the predicate names a family that is registered but wired nowhere (9ms)
  ✓  287 [vp1280] › tests/render/meta.spec.ts:1155:3 › every registered family is actually wired into targets.json › a family wired into even one page type is not reported (1ms)
  ✓  288 [vp1280] › tests/render/meta.spec.ts:1163:3 › every registered family is actually wired into targets.json › the REAL repo wires every family it registers (2ms)
  ✓  289 [vp1280] › tests/render/meta.spec.ts:1173:3 › every registered family is actually wired into targets.json › targets.json declares no family that no check registers (2ms)
[WebServer] 127.0.0.1 - - [19/Sep/2026 01:56:11] "GET /tests/render/fixtures/known_broken/img-broken-vs-still-loading.html HTTP/1.1" 200 -
[WebServer] 127.0.0.1 - - [19/Sep/2026 01:56:11] code 404, message File not found
[WebServer] 127.0.0.1 - - [19/Sep/2026 01:56:11] "GET /definitely-not-a-real-image-404.webp HTTP/1.1" 404 -
[WebServer] 127.0.0.1 - - [19/Sep/2026 01:56:11] code 404, message File not found
[WebServer] 127.0.0.1 - - [19/Sep/2026 01:56:11] "GET /definitely-not-a-real-image-404.webp HTTP/1.1" 404 -
  ✓  290 [vp1280] › tests/render/meta.spec.ts:1209:3 › img-srcset-within-2x separates broken from still-loading › a 404 image is still reported — a broken page must not score clean (408ms)
[WebServer] 127.0.0.1 - - [19/Sep/2026 01:56:11] "GET /tests/render/fixtures/known_broken/img-broken-vs-still-loading.html HTTP/1.1" 200 -
[WebServer] 127.0.0.1 - - [19/Sep/2026 01:56:11] code 404, message File not found
[WebServer] 127.0.0.1 - - [19/Sep/2026 01:56:11] "GET /definitely-not-a-real-image-404.webp HTTP/1.1" 404 -
[WebServer] 127.0.0.1 - - [19/Sep/2026 01:56:12] code 404, message File not found
[WebServer] 127.0.0.1 - - [19/Sep/2026 01:56:12] "GET /definitely-not-a-real-image-404.webp HTTP/1.1" 404 -
  ✓  291 [vp1280] › tests/render/meta.spec.ts:1222:3 › img-srcset-within-2x separates broken from still-loading › the decodable image is examined, not skipped (332ms)
[WebServer] 127.0.0.1 - - [19/Sep/2026 01:56:12] "GET /tests/render/fixtures/known_broken/img-broken-vs-still-loading.html HTTP/1.1" 200 -
[WebServer] 127.0.0.1 - - [19/Sep/2026 01:56:12] code 404, message File not found
[WebServer] 127.0.0.1 - - [19/Sep/2026 01:56:12] "GET /definitely-not-a-real-image-404.webp HTTP/1.1" 404 -
[WebServer] 127.0.0.1 - - [19/Sep/2026 01:56:12] code 404, message File not found
[WebServer] 127.0.0.1 - - [19/Sep/2026 01:56:12] "GET /definitely-not-a-real-image-404.webp HTTP/1.1" 404 -
  ✓  292 [vp1280] › tests/render/meta.spec.ts:1233:3 › img-srcset-within-2x separates broken from still-loading › no defect row ever describes an image as merely still loading (373ms)
[WebServer] 127.0.0.1 - - [19/Sep/2026 01:56:12] "GET /tests/render/fixtures/form-inquiry-contract-noform.html HTTP/1.1" 200 -
  ✓  293 [vp1280] › tests/render/meta.spec.ts:1281:3 › form-inquiry-contract: zero-examined is a defect only where a form is expected › the contact page with no non-search form fires one defect (188ms)
[WebServer] 127.0.0.1 - - [19/Sep/2026 01:56:12] "GET /tests/render/fixtures/form-inquiry-contract-noform.html HTTP/1.1" 200 -
  ✓  294 [vp1280] › tests/render/meta.spec.ts:1297:3 › form-inquiry-contract: zero-examined is a defect only where a form is expected › a location page with no non-search form is silent (127ms)
[WebServer] 127.0.0.1 - - [19/Sep/2026 01:56:12] "GET /tests/render/fixtures/form-inquiry-contract-noform.html HTTP/1.1" 200 -
  ✓  295 [vp1280] › tests/render/meta.spec.ts:1310:3 › form-inquiry-contract: zero-examined is a defect only where a form is expected › a hub page with no non-search form is silent (117ms)
  ✓  296 [vp1280] › tests/render/meta.spec.ts:1335:3 › fieldChecksSkipped pins the field-contract exemption list › in scope: every rich and blog page, contact page included (2ms)
  ✓  297 [vp1280] › tests/render/meta.spec.ts:1347:3 › fieldChecksSkipped pins the field-contract exemption list › exempt: the uk-locations cluster and the hubs (2ms)
  ✓  298 [vp1280] › tests/render/meta.spec.ts:1364:3 › contractFor pins the per-slug field contract › full: rich pages (1ms)
  ✓  299 [vp1280] › tests/render/meta.spec.ts:1369:3 › contractFor pins the per-slug field contract › short: blog-kind pages, and blog/* posts absent from the map (1ms)
  ✓  300 [vp1280] › tests/render/meta.spec.ts:1373:3 › contractFor pins the per-slug field contract › none: the locations cluster and the hubs (1ms)
  ✓  301 [vp1280] › tests/render/meta.spec.ts:1387:3 › formExpected pins the zero-examined exemption list › expected: the contact page only (0ms)
  ✓  302 [vp1280] › tests/render/meta.spec.ts:1391:3 › formExpected pins the zero-examined exemption list › not expected: other interior pages, home, puppy, hub, location and blog (3ms)
[WebServer] 127.0.0.1 - - [19/Sep/2026 01:56:13] "GET /tests/render/fixtures/known_good/form-inquiry-contract-blog-short.html HTTP/1.1" 200 -
  ✓  303 [vp1280] › tests/render/meta.spec.ts:1414:3 › form-inquiry-contract: the short (blog) contract is exercised › a blog-kind page with name/email/message only is clean (126ms)
[WebServer] 127.0.0.1 - - [19/Sep/2026 01:56:13] "GET /tests/render/fixtures/known_good/form-inquiry-contract-blog-short.html HTTP/1.1" 200 -
  ✓  304 [vp1280] › tests/render/meta.spec.ts:1429:3 › form-inquiry-contract: the short (blog) contract is exercised › the same form missing `message` fires (129ms)
  ✓  305 [vp1280] › tests/render/meta.spec.ts:1467:3 › every deferred check is registered and still passes both fixtures › every deferred id names a check the registry actually holds (1ms)
  ✓  306 [vp1280] › tests/render/meta.spec.ts:1487:3 › every deferred check is registered and still passes both fixtures › every deferred id carries a reason that states its promotion condition (0ms)
  ✓  307 [vp1280] › tests/render/meta.spec.ts:1510:3 › every deferred check is registered and still passes both fixtures › no deferred check is actually examining nodes in the latest run (6ms)
[WebServer] 127.0.0.1 - - [19/Sep/2026 01:56:13] "GET /tests/render/fixtures/known_good/kit-counter-separated.html HTTP/1.1" 200 -
  ✓  308 [vp1280] › tests/render/meta.spec.ts:1589:3 › layout-hero-counter-separation [kit CounterStrip] › is silent on the kit strip with its bed and rule (118ms)
[WebServer] 127.0.0.1 - - [19/Sep/2026 01:56:13] "GET /tests/render/fixtures/known_broken/kit-counter-flush.html HTTP/1.1" 200 -
  ✓  309 [vp1280] › tests/render/meta.spec.ts:1599:3 › layout-hero-counter-separation [kit CounterStrip] › fires when the kit strip keeps the hero band and drops the rule (124ms)
[WebServer] 127.0.0.1 - - [19/Sep/2026 01:56:13] "GET /tests/render/fixtures/known_good/kit-h3-image-first.html HTTP/1.1" 200 -
  ✓  310 [vp1280] › tests/render/meta.spec.ts:1634:3 › layout-h3-image-first [kit InfoCard] › is silent on the kit card with its image above its prose (130ms)
[WebServer] 127.0.0.1 - - [19/Sep/2026 01:56:13] "GET /tests/render/fixtures/known_broken/kit-h3-image-last.html HTTP/1.1" 200 -
  ✓  311 [vp1280] › tests/render/meta.spec.ts:1646:3 › layout-h3-image-first [kit InfoCard] › fires when the kit card drops the image below the prose (128ms)
[WebServer] 127.0.0.1 - - [19/Sep/2026 01:56:13] "GET /tests/render/fixtures/known_good/kit-stmt-label.html HTTP/1.1" 200 -
  ✓  312 [vp1280] › tests/render/meta.spec.ts:1661:3 › sem-statement-label-visible [kit InfoCard] › is silent on the kit card labels in all three places it puts one (124ms)
[WebServer] 127.0.0.1 - - [19/Sep/2026 01:56:14] "GET /tests/render/fixtures/known_broken/kit-stmt-label-hidden.html HTTP/1.1" 200 -
  ✓  313 [vp1280] › tests/render/meta.spec.ts:1673:3 › sem-statement-label-visible [kit InfoCard] › fires on a hidden label and on one with no kind (128ms)
  ✓  268 [vp375] › tests/render/meta.spec.ts:757:3 › nav-jump-target-lands measures geometry, not smooth-scroll timing › clicks under instant scrolling, restores the page, and still catches the real miss (16.3s)
  ✓  314 [vp375] › tests/render/meta.spec.ts:829:3 › the check-result contract › accepts a well-formed result (94ms)
  ✓  315 [vp375] › tests/render/meta.spec.ts:834:3 › the check-result contract › rejects more rows than MAX_DEFECT_ROWS (157ms)
  ✓  316 [vp375] › tests/render/meta.spec.ts:839:3 › the check-result contract › rejects a row with no count (101ms)
  ✓  317 [vp375] › tests/render/meta.spec.ts:843:3 › the check-result contract › rejects count: 0 — a defect row describes at least one failure (101ms)
  ✓  318 [vp375] › tests/render/meta.spec.ts:847:3 › the check-result contract › rejects a row attributed to a different check (89ms)
  ✓  319 [vp375] › tests/render/meta.spec.ts:853:3 › the check-result contract › rejects a row attributed to a different family (88ms)
  ✓  320 [vp375] › tests/render/meta.spec.ts:857:3 › the check-result contract › rejects a negative examined count (107ms)
  ✓  321 [vp375] › tests/render/meta.spec.ts:870:3 › nested slugs cannot silently lose a page › flattenSlug removes every path separator (7ms)
  ✓  322 [vp375] › tests/render/meta.spec.ts:879:3 › nested slugs cannot silently lose a page › writePartial actually lands a file for a nested slug (3ms)
[WebServer] 127.0.0.1 - - [19/Sep/2026 01:56:26] "GET /tests/render/fixtures/known_broken/chrome-late-rail.html HTTP/1.1" 200 -
  ✓  323 [vp375] › tests/render/meta.spec.ts:905:3 › measureTopChrome is deterministic and finds late-pinning chrome › finds a rail that only pins past 1.5 viewports (832ms)
[WebServer] 127.0.0.1 - - [19/Sep/2026 01:56:27] "GET /tests/render/fixtures/known_broken/chrome-late-rail.html HTTP/1.1" 200 -
  ✓  324 [vp375] › tests/render/meta.spec.ts:919:3 › measureTopChrome is deterministic and finds late-pinning chrome › returns the same height however the page was left scrolled (2.6s)
[WebServer] 127.0.0.1 - - [19/Sep/2026 01:56:29] "GET /tests/render/fixtures/known_broken/scroll-late-start.html HTTP/1.1" 200 -
  ✓  325 [vp375] › tests/render/meta.spec.ts:954:3 › waitForScrollSettle does not call an UNSTARTED scroll settled › waits out a scroll whose first frame lands after the stability threshold (561ms)
[WebServer] 127.0.0.1 - - [19/Sep/2026 01:56:30] "GET /tests/render/fixtures/known_broken/scroll-late-start.html HTTP/1.1" 200 -
  ✓  326 [vp375] › tests/render/meta.spec.ts:977:3 › waitForScrollSettle does not call an UNSTARTED scroll settled › still settles promptly when the scroll never needed to move (557ms)
[WebServer] 127.0.0.1 - - [19/Sep/2026 01:56:30] "GET /tests/render/fixtures/known_broken/chrome-sticky-sidebar.html HTTP/1.1" 200 -
  ✓  327 [vp375] › tests/render/meta.spec.ts:998:3 › measureTopChrome does not absorb sticky page content › a sticky sidebar pinned at top:0 is not counted as chrome (906ms)
[WebServer] 127.0.0.1 - - [19/Sep/2026 01:56:31] "GET /tests/render/fixtures/known_good/layout-tap-target-exemptions.html HTTP/1.1" 200 -
  ✓  328 [vp375] › tests/render/meta.spec.ts:1022:3 › layout-tap-target-size honours WCAG 2.5.8 exemptions › is silent on skip links, prose links, labelled inputs and isolated targets (136ms)
  ✓  329 [vp375] › tests/render/meta.spec.ts:1077:3 › dist/ freshness sees a DELETED source page › a built route whose source was deleted is reported by name (2ms)
  ✓  330 [vp375] › tests/render/meta.spec.ts:1085:3 › dist/ freshness sees a DELETED source page › matching source and built sets report no orphan (3ms)
  ✓  331 [vp375] › tests/render/meta.spec.ts:1096:3 › dist/ freshness sees a DELETED source page › checkDistFreshness refuses, and its reason names the orphaned route (3ms)
  ✓  332 [vp375] › tests/render/meta.spec.ts:1110:3 › dist/ freshness sees a DELETED source page › the real repo has no orphaned routes (5ms)
  ✓  333 [vp375] › tests/render/meta.spec.ts:1149:3 › every registered family is actually wired into targets.json › the predicate names a family that is registered but wired nowhere (1ms)
  ✓  334 [vp375] › tests/render/meta.spec.ts:1155:3 › every registered family is actually wired into targets.json › a family wired into even one page type is not reported (1ms)
  ✓  335 [vp375] › tests/render/meta.spec.ts:1163:3 › every registered family is actually wired into targets.json › the REAL repo wires every family it registers (1ms)
  ✓  336 [vp375] › tests/render/meta.spec.ts:1173:3 › every registered family is actually wired into targets.json › targets.json declares no family that no check registers (1ms)
[WebServer] 127.0.0.1 - - [19/Sep/2026 01:56:31] "GET /tests/render/fixtures/known_broken/img-broken-vs-still-loading.html HTTP/1.1" 200 -
[WebServer] 127.0.0.1 - - [19/Sep/2026 01:56:32] code 404, message File not found
[WebServer] 127.0.0.1 - - [19/Sep/2026 01:56:32] "GET /definitely-not-a-real-image-404.webp HTTP/1.1" 404 -
[WebServer] 127.0.0.1 - - [19/Sep/2026 01:56:32] code 404, message File not found
[WebServer] 127.0.0.1 - - [19/Sep/2026 01:56:32] "GET /definitely-not-a-real-image-404.webp HTTP/1.1" 404 -
  ✓  337 [vp375] › tests/render/meta.spec.ts:1209:3 › img-srcset-within-2x separates broken from still-loading › a 404 image is still reported — a broken page must not score clean (338ms)
[WebServer] 127.0.0.1 - - [19/Sep/2026 01:56:32] "GET /tests/render/fixtures/known_broken/img-broken-vs-still-loading.html HTTP/1.1" 200 -
[WebServer] 127.0.0.1 - - [19/Sep/2026 01:56:32] code 404, message File not found
[WebServer] 127.0.0.1 - - [19/Sep/2026 01:56:32] "GET /definitely-not-a-real-image-404.webp HTTP/1.1" 404 -
[WebServer] 127.0.0.1 - - [19/Sep/2026 01:56:32] code 404, message File not found
[WebServer] 127.0.0.1 - - [19/Sep/2026 01:56:32] "GET /definitely-not-a-real-image-404.webp HTTP/1.1" 404 -
  ✓  338 [vp375] › tests/render/meta.spec.ts:1222:3 › img-srcset-within-2x separates broken from still-loading › the decodable image is examined, not skipped (326ms)
[WebServer] 127.0.0.1 - - [19/Sep/2026 01:56:32] "GET /tests/render/fixtures/known_broken/img-broken-vs-still-loading.html HTTP/1.1" 200 -
[WebServer] 127.0.0.1 - - [19/Sep/2026 01:56:32] code 404, message File not found
[WebServer] 127.0.0.1 - - [19/Sep/2026 01:56:32] "GET /definitely-not-a-real-image-404.webp HTTP/1.1" 404 -
[WebServer] 127.0.0.1 - - [19/Sep/2026 01:56:32] code 404, message File not found
[WebServer] 127.0.0.1 - - [19/Sep/2026 01:56:32] "GET /definitely-not-a-real-image-404.webp HTTP/1.1" 404 -
  ✓  339 [vp375] › tests/render/meta.spec.ts:1233:3 › img-srcset-within-2x separates broken from still-loading › no defect row ever describes an image as merely still loading (406ms)
[WebServer] 127.0.0.1 - - [19/Sep/2026 01:56:33] "GET /tests/render/fixtures/form-inquiry-contract-noform.html HTTP/1.1" 200 -
  ✓  340 [vp375] › tests/render/meta.spec.ts:1281:3 › form-inquiry-contract: zero-examined is a defect only where a form is expected › the contact page with no non-search form fires one defect (239ms)
[WebServer] 127.0.0.1 - - [19/Sep/2026 01:56:33] "GET /tests/render/fixtures/form-inquiry-contract-noform.html HTTP/1.1" 200 -
  ✓  341 [vp375] › tests/render/meta.spec.ts:1297:3 › form-inquiry-contract: zero-examined is a defect only where a form is expected › a location page with no non-search form is silent (302ms)
[WebServer] 127.0.0.1 - - [19/Sep/2026 01:56:33] "GET /tests/render/fixtures/form-inquiry-contract-noform.html HTTP/1.1" 200 -
  ✓  342 [vp375] › tests/render/meta.spec.ts:1310:3 › form-inquiry-contract: zero-examined is a defect only where a form is expected › a hub page with no non-search form is silent (139ms)
  ✓  343 [vp375] › tests/render/meta.spec.ts:1335:3 › fieldChecksSkipped pins the field-contract exemption list › in scope: every rich and blog page, contact page included (2ms)
  ✓  344 [vp375] › tests/render/meta.spec.ts:1347:3 › fieldChecksSkipped pins the field-contract exemption list › exempt: the uk-locations cluster and the hubs (2ms)
  ✓  345 [vp375] › tests/render/meta.spec.ts:1364:3 › contractFor pins the per-slug field contract › full: rich pages (1ms)
  ✓  346 [vp375] › tests/render/meta.spec.ts:1369:3 › contractFor pins the per-slug field contract › short: blog-kind pages, and blog/* posts absent from the map (1ms)
  ✓  347 [vp375] › tests/render/meta.spec.ts:1373:3 › contractFor pins the per-slug field contract › none: the locations cluster and the hubs (1ms)
  ✓  348 [vp375] › tests/render/meta.spec.ts:1387:3 › formExpected pins the zero-examined exemption list › expected: the contact page only (0ms)
  ✓  349 [vp375] › tests/render/meta.spec.ts:1391:3 › formExpected pins the zero-examined exemption list › not expected: other interior pages, home, puppy, hub, location and blog (2ms)
[WebServer] 127.0.0.1 - - [19/Sep/2026 01:56:33] "GET /tests/render/fixtures/known_good/form-inquiry-contract-blog-short.html HTTP/1.1" 200 -
  ✓  350 [vp375] › tests/render/meta.spec.ts:1414:3 › form-inquiry-contract: the short (blog) contract is exercised › a blog-kind page with name/email/message only is clean (117ms)
[WebServer] 127.0.0.1 - - [19/Sep/2026 01:56:33] "GET /tests/render/fixtures/known_good/form-inquiry-contract-blog-short.html HTTP/1.1" 200 -
  ✓  351 [vp375] › tests/render/meta.spec.ts:1429:3 › form-inquiry-contract: the short (blog) contract is exercised › the same form missing `message` fires (118ms)
  ✓  352 [vp375] › tests/render/meta.spec.ts:1467:3 › every deferred check is registered and still passes both fixtures › every deferred id names a check the registry actually holds (1ms)
  ✓  353 [vp375] › tests/render/meta.spec.ts:1487:3 › every deferred check is registered and still passes both fixtures › every deferred id carries a reason that states its promotion condition (1ms)
  ✓  354 [vp375] › tests/render/meta.spec.ts:1510:3 › every deferred check is registered and still passes both fixtures › no deferred check is actually examining nodes in the latest run (8ms)
[WebServer] 127.0.0.1 - - [19/Sep/2026 01:56:34] "GET /tests/render/fixtures/known_good/kit-counter-separated.html HTTP/1.1" 200 -
  ✓  355 [vp375] › tests/render/meta.spec.ts:1589:3 › layout-hero-counter-separation [kit CounterStrip] › is silent on the kit strip with its bed and rule (169ms)
[WebServer] 127.0.0.1 - - [19/Sep/2026 01:56:34] "GET /tests/render/fixtures/known_broken/kit-counter-flush.html HTTP/1.1" 200 -
  ✓  356 [vp375] › tests/render/meta.spec.ts:1599:3 › layout-hero-counter-separation [kit CounterStrip] › fires when the kit strip keeps the hero band and drops the rule (219ms)
[WebServer] 127.0.0.1 - - [19/Sep/2026 01:56:34] "GET /tests/render/fixtures/known_good/kit-h3-image-first.html HTTP/1.1" 200 -
  ✓  357 [vp375] › tests/render/meta.spec.ts:1634:3 › layout-h3-image-first [kit InfoCard] › is silent on the kit card with its image above its prose (248ms)
[WebServer] 127.0.0.1 - - [19/Sep/2026 01:56:34] "GET /tests/render/fixtures/known_broken/kit-h3-image-last.html HTTP/1.1" 200 -
  ✓  358 [vp375] › tests/render/meta.spec.ts:1646:3 › layout-h3-image-first [kit InfoCard] › fires when the kit card drops the image below the prose (180ms)
[WebServer] 127.0.0.1 - - [19/Sep/2026 01:56:35] "GET /tests/render/fixtures/known_good/kit-stmt-label.html HTTP/1.1" 200 -
  ✓  359 [vp375] › tests/render/meta.spec.ts:1661:3 › sem-statement-label-visible [kit InfoCard] › is silent on the kit card labels in all three places it puts one (129ms)
[WebServer] 127.0.0.1 - - [19/Sep/2026 01:56:35] "GET /tests/render/fixtures/known_broken/kit-stmt-label-hidden.html HTTP/1.1" 200 -
  ✓  360 [vp375] › tests/render/meta.spec.ts:1673:3 › sem-statement-label-visible [kit InfoCard] › fires on a hidden label and on one with no kind (124ms)

  36 skipped
  324 passed (1.6m)

> bsuk@0.1.0 test:render:pages
> playwright test -c tests/render/playwright.config.ts pages.spec.ts


Running 54 tests using 2 workers

[freshness] dist/ is current (newest: dist/search-index.json)
[freshness] dist/ is current (newest: dist/search-index.json)
[WebServer] 127.0.0.1 - - [19/Sep/2026 01:56:39] "GET / HTTP/1.1" 200 -
[WebServer] 127.0.0.1 - - [19/Sep/2026 01:56:39] "GET / HTTP/1.1" 200 -
[WebServer] 127.0.0.1 - - [19/Sep/2026 01:56:39] "GET /images/kc-registered-blue-staffy-pups-london.webp HTTP/1.1" 200 -
[WebServer] 127.0.0.1 - - [19/Sep/2026 01:56:39] "GET /_astro/Roman2.C-A0j1ry_2iWGRt.webp HTTP/1.1" 200 -
[WebServer] 127.0.0.1 - - [19/Sep/2026 01:56:39] "GET /_astro/Byrd1.Dc5KZxb2_13r1px.webp HTTP/1.1" 200 -
[WebServer] 127.0.0.1 - - [19/Sep/2026 01:56:39] "GET /_astro/Roman2.C-A0j1ry_2oY8o4.webp HTTP/1.1" 200 -
[WebServer] 127.0.0.1 - - [19/Sep/2026 01:56:39] "GET /images/kc-registered-blue-staffy-pups-london.webp HTTP/1.1" 200 -
[WebServer] 127.0.0.1 - - [19/Sep/2026 01:56:39] "GET /_astro/Byrd1.Dc5KZxb2_Z2rts2K.webp HTTP/1.1" 200 -
[WebServer] 127.0.0.1 - - [19/Sep/2026 01:56:39] "GET /videos/playful-blue-staffy-puppies-uk.mp4 HTTP/1.1" 200 -
[WebServer] 127.0.0.1 - - [19/Sep/2026 01:56:39] "GET /images/blue-staffy-puppy-for-sale-uk.webp HTTP/1.1" 200 -
[WebServer] 127.0.0.1 - - [19/Sep/2026 01:56:39] "GET /videos/playful-blue-staffy-puppies-uk.mp4 HTTP/1.1" 200 -
[WebServer] 127.0.0.1 - - [19/Sep/2026 01:56:39] "GET /images/blue-staffy-puppy-for-sale-uk.webp HTTP/1.1" 200 -
[WebServer] 127.0.0.1 - - [19/Sep/2026 01:56:40] "GET /images/healthy-staffy-breed-guide-1.webp HTTP/1.1" 200 -
[WebServer] 127.0.0.1 - - [19/Sep/2026 01:56:40] "GET /images/buy-staffy-health-guarantee-uk-760.webp HTTP/1.1" 200 -
[WebServer] 127.0.0.1 - - [19/Sep/2026 01:56:40] "GET /images/victoria-family-blue-staffy-manchester.webp HTTP/1.1" 200 -
[WebServer] 127.0.0.1 - - [19/Sep/2026 01:56:40] "GET /images/kc-staffy-puppies-for-rehoming-uk.webp HTTP/1.1" 200 -
[WebServer] 127.0.0.1 - - [19/Sep/2026 01:56:40] "GET /images/playful-blue-staffy-lawn-uk-760.webp HTTP/1.1" 200 -
[WebServer] 127.0.0.1 - - [19/Sep/2026 01:56:40] "GET /images/playful-staffy-puppies-uk-sale.webp HTTP/1.1" 200 -
[WebServer] 127.0.0.1 - - [19/Sep/2026 01:56:40] "GET /images/mark-blue-staffy-london.webp HTTP/1.1" 200 -
[WebServer] 127.0.0.1 - - [19/Sep/2026 01:56:40] "GET /images/maggie-blue-staffy-dam-with-pups-760.webp HTTP/1.1" 200 -
[WebServer] 127.0.0.1 - - [19/Sep/2026 01:56:40] "GET /images/blue-staffy-family-dog-uk.webp HTTP/1.1" 200 -
[WebServer] 127.0.0.1 - - [19/Sep/2026 01:56:40] "GET /images/blue-staffy-puppy-vet-check-uk-760.webp HTTP/1.1" 200 -
[WebServer] 127.0.0.1 - - [19/Sep/2026 01:56:40] "GET /images/buy-staffy-health-guarantee-uk.webp HTTP/1.1" 200 -
[WebServer] 127.0.0.1 - - [19/Sep/2026 01:56:40] "GET /images/healthy-staffy-breed-guide-1.webp HTTP/1.1" 200 -
[WebServer] 127.0.0.1 - - [19/Sep/2026 01:56:40] "GET /images/kc-staffy-puppies-for-rehoming-uk.webp HTTP/1.1" 200 -
[WebServer] 127.0.0.1 - - [19/Sep/2026 01:56:40] "GET /images/bluestaffyuk-nationwide-delivery-760.webp HTTP/1.1" 200 -
[WebServer] 127.0.0.1 - - [19/Sep/2026 01:56:40] "GET /images/blue-staffy-puppy-delivery-uk-760.webp HTTP/1.1" 200 -
[WebServer] 127.0.0.1 - - [19/Sep/2026 01:56:40] "GET /images/playful-blue-staffy-lawn-uk.webp HTTP/1.1" 200 -
[WebServer] 127.0.0.1 - - [19/Sep/2026 01:56:40] "GET /_astro/Ince1.CjowFAsd_1W6LK4.webp HTTP/1.1" 200 -
[WebServer] 127.0.0.1 - - [19/Sep/2026 01:56:40] "GET /_astro/Vennie.ke5yj4Fb_24zx1C.webp HTTP/1.1" 200 -
[WebServer] 127.0.0.1 - - [19/Sep/2026 01:56:40] "GET /images/victoria-family-blue-staffy-manchester.webp HTTP/1.1" 200 -
[WebServer] 127.0.0.1 - - [19/Sep/2026 01:56:40] "GET /images/mark-blue-staffy-london.webp HTTP/1.1" 200 -
[WebServer] 127.0.0.1 - - [19/Sep/2026 01:56:40] "GET /images/playful-staffy-puppies-uk-sale.webp HTTP/1.1" 200 -
[WebServer] 127.0.0.1 - - [19/Sep/2026 01:56:40] "GET /_astro/Christa.DCD6hF9z_ZXFfKX.webp HTTP/1.1" 200 -
[WebServer] 127.0.0.1 - - [19/Sep/2026 01:56:40] "GET /images/maggie-blue-staffy-dam-with-pups.webp HTTP/1.1" 200 -
[WebServer] 127.0.0.1 - - [19/Sep/2026 01:56:40] "GET /images/blue-staffy-family-dog-uk.webp HTTP/1.1" 200 -
[WebServer] 127.0.0.1 - - [19/Sep/2026 01:56:40] "GET /images/blue-staffy-puppy-vet-check-uk.webp HTTP/1.1" 200 -
[WebServer] 127.0.0.1 - - [19/Sep/2026 01:56:40] "GET /images/bluestaffyuk-nationwide-delivery.webp HTTP/1.1" 200 -
[WebServer] 127.0.0.1 - - [19/Sep/2026 01:56:40] "GET /images/blue-staffy-puppy-delivery-uk.webp HTTP/1.1" 200 -
[WebServer] 127.0.0.1 - - [19/Sep/2026 01:56:40] "GET /_astro/Ince1.CjowFAsd_Z1xNGHe.webp HTTP/1.1" 200 -
[WebServer] 127.0.0.1 - - [19/Sep/2026 01:56:40] "GET /_astro/Vennie.ke5yj4Fb_24EeX6.webp HTTP/1.1" 200 -
[WebServer] 127.0.0.1 - - [19/Sep/2026 01:56:40] "GET /_astro/Christa.DCD6hF9z_15fV8S.webp HTTP/1.1" 200 -
[WebServer] 127.0.0.1 - - [19/Sep/2026 01:56:40] "GET /_astro/Cheryl1.BA5--lqv_2leFTW.webp HTTP/1.1" 200 -
[WebServer] 127.0.0.1 - - [19/Sep/2026 01:56:40] "GET /_astro/Cheryl1.BA5--lqv_1BX5wb.webp HTTP/1.1" 200 -
[WebServer] ----------------------------------------
[WebServer] Exception occurred during processing of request from ('127.0.0.1', 61561)
[WebServer] Traceback (most recent call last):
[WebServer]   File "/Library/Developer/CommandLineTools/Library/Frameworks/Python3.framework/Versions/3.9/lib/python3.9/socketserver.py", line 683, in process_request_thread
[WebServer]     self.finish_request(request, client_address)
[WebServer]   File "/Library/Developer/CommandLineTools/Library/Frameworks/Python3.framework/Versions/3.9/lib/python3.9/socketserver.py", line 360, in finish_request
[WebServer]     self.RequestHandlerClass(request, client_address, self)
[WebServer]   File "/Library/Developer/CommandLineTools/Library/Frameworks/Python3.framework/Versions/3.9/lib/python3.9/http/server.py", line 660, in __init__
[WebServer]     super().__init__(*args, **kwargs)
[WebServer]   File "/Library/Developer/CommandLineTools/Library/Frameworks/Python3.framework/Versions/3.9/lib/python3.9/socketserver.py", line 747, in __init__
[WebServer]     self.handle()
[WebServer]   File "/Library/Developer/CommandLineTools/Library/Frameworks/Python3.framework/Versions/3.9/lib/python3.9/http/server.py", line 434, in handle
[WebServer]     self.handle_one_request()
[WebServer]   File "/Library/Developer/CommandLineTools/Library/Frameworks/Python3.framework/Versions/3.9/lib/python3.9/http/server.py", line 422, in handle_one_request
[WebServer]     method()
[WebServer]   File "/Library/Developer/CommandLineTools/Library/Frameworks/Python3.framework/Versions/3.9/lib/python3.9/http/server.py", line 667, in do_GET
[WebServer]     self.copyfile(f, self.wfile)
[WebServer]   File "/Library/Developer/CommandLineTools/Library/Frameworks/Python3.framework/Versions/3.9/lib/python3.9/http/server.py", line 867, in copyfile
[WebServer]     shutil.copyfileobj(source, outputfile)
[WebServer]   File "/Library/Developer/CommandLineTools/Library/Frameworks/Python3.framework/Versions/3.9/lib/python3.9/shutil.py", line 208, in copyfileobj
[WebServer]     fdst_write(buf)
[WebServer]   File "/Library/Developer/CommandLineTools/Library/Frameworks/Python3.framework/Versions/3.9/lib/python3.9/socketserver.py", line 826, in write
[WebServer]     self._sock.sendall(b)
[WebServer] BrokenPipeError: [Errno 32] Broken pipe
[WebServer] ----------------------------------------
  ✘   1 [vp375] › tests/render/pages.spec.ts:109:3 › index (12.1s)
[WebServer] ----------------------------------------
[WebServer] Exception occurred during processing of request from ('127.0.0.1', 61559)
[WebServer] Traceback (most recent call last):
[WebServer]   File "/Library/Developer/CommandLineTools/Library/Frameworks/Python3.framework/Versions/3.9/lib/python3.9/socketserver.py", line 683, in process_request_thread
[WebServer]     self.finish_request(request, client_address)
[WebServer]   File "/Library/Developer/CommandLineTools/Library/Frameworks/Python3.framework/Versions/3.9/lib/python3.9/socketserver.py", line 360, in finish_request
[WebServer]     self.RequestHandlerClass(request, client_address, self)
[WebServer]   File "/Library/Developer/CommandLineTools/Library/Frameworks/Python3.framework/Versions/3.9/lib/python3.9/http/server.py", line 660, in __init__
[WebServer]     super().__init__(*args, **kwargs)
[WebServer]   File "/Library/Developer/CommandLineTools/Library/Frameworks/Python3.framework/Versions/3.9/lib/python3.9/socketserver.py", line 747, in __init__
[WebServer]     self.handle()
[WebServer]   File "/Library/Developer/CommandLineTools/Library/Frameworks/Python3.framework/Versions/3.9/lib/python3.9/http/server.py", line 434, in handle
[WebServer]     self.handle_one_request()
[WebServer]   File "/Library/Developer/CommandLineTools/Library/Frameworks/Python3.framework/Versions/3.9/lib/python3.9/http/server.py", line 422, in handle_one_request
[WebServer]     method()
[WebServer]   File "/Library/Developer/CommandLineTools/Library/Frameworks/Python3.framework/Versions/3.9/lib/python3.9/http/server.py", line 667, in do_GET
[WebServer]     self.copyfile(f, self.wfile)
[WebServer]   File "/Library/Developer/CommandLineTools/Library/Frameworks/Python3.framework/Versions/3.9/lib/python3.9/http/server.py", line 867, in copyfile
[WebServer]     shutil.copyfileobj(source, outputfile)
[WebServer]   File "/Library/Developer/CommandLineTools/Library/Frameworks/Python3.framework/Versions/3.9/lib/python3.9/shutil.py", line 208, in copyfileobj
[WebServer]     fdst_write(buf)
[WebServer]   File "/Library/Developer/CommandLineTools/Library/Frameworks/Python3.framework/Versions/3.9/lib/python3.9/socketserver.py", line 826, in write
[WebServer]     self._sock.sendall(b)
[WebServer] BrokenPipeError: [Errno 32] Broken pipe
[WebServer] ----------------------------------------
  ✘   2 [vp768] › tests/render/pages.spec.ts:109:3 › index (12.1s)
[freshness] dist/ is current (newest: dist/search-index.json)
[freshness] dist/ is current (newest: dist/search-index.json)
[WebServer] 127.0.0.1 - - [19/Sep/2026 01:56:52] "GET /buy-blue-staffy-puppies-uk/ HTTP/1.1" 200 -
[WebServer] 127.0.0.1 - - [19/Sep/2026 01:56:52] "GET /images/blue-staffy-puppies-uk-litter1.webp HTTP/1.1" 200 -
[WebServer] 127.0.0.1 - - [19/Sep/2026 01:56:52] "GET /_astro/Roman2.C-A0j1ry_2iWGRt.webp HTTP/1.1" 200 -
[WebServer] 127.0.0.1 - - [19/Sep/2026 01:56:52] "GET /_astro/Byrd1.Dc5KZxb2_13r1px.webp HTTP/1.1" 200 -
[WebServer] 127.0.0.1 - - [19/Sep/2026 01:56:52] "GET /buy-blue-staffy-puppies-uk/ HTTP/1.1" 200 -
[WebServer] 127.0.0.1 - - [19/Sep/2026 01:56:52] "GET /images/blue-staffy-puppies-uk-litter1.webp HTTP/1.1" 200 -
[WebServer] 127.0.0.1 - - [19/Sep/2026 01:56:52] "GET /_astro/Roman2.C-A0j1ry_2oY8o4.webp HTTP/1.1" 200 -
[WebServer] 127.0.0.1 - - [19/Sep/2026 01:56:52] "GET /_astro/Byrd1.Dc5KZxb2_Z2rts2K.webp HTTP/1.1" 200 -
[WebServer] 127.0.0.1 - - [19/Sep/2026 01:56:52] "GET /videos/best-blue-staffy-puppies-uk.mp4 HTTP/1.1" 200 -
[WebServer] 127.0.0.1 - - [19/Sep/2026 01:56:53] "GET /videos/best-blue-staffy-puppies-uk.mp4 HTTP/1.1" 200 -
[WebServer] 127.0.0.1 - - [19/Sep/2026 01:56:54] "GET /images/staffordshire-bull-terrier-for-sale-uk-ready-760.webp HTTP/1.1" 200 -
[WebServer] 127.0.0.1 - - [19/Sep/2026 01:56:54] "GET /images/buy-staffordshire-bull-terrier-uk-now-760.webp HTTP/1.1" 200 -
[WebServer] 127.0.0.1 - - [19/Sep/2026 01:56:54] "GET /images/blue-staffy-pups-near-you-760.webp HTTP/1.1" 200 -
[WebServer] 127.0.0.1 - - [19/Sep/2026 01:56:54] "GET /images/uk-blue-staffy-breeders-trust-760.webp HTTP/1.1" 200 -
[WebServer] 127.0.0.1 - - [19/Sep/2026 01:56:54] "GET /images/blue-staffy-puppy-delivery-uk-760.webp HTTP/1.1" 200 -
[WebServer] 127.0.0.1 - - [19/Sep/2026 01:56:54] "GET /images/blue-staffy-testimonial-london-happy-owner.webp HTTP/1.1" 200 -
[WebServer] 127.0.0.1 - - [19/Sep/2026 01:56:54] "GET /images/staffordshire-bull-terrier-for-sale-uk-ready.webp HTTP/1.1" 200 -
[WebServer] 127.0.0.1 - - [19/Sep/2026 01:56:54] "GET /images/blue-staffy-puppy-testimonial-cardiff-daniel.webp HTTP/1.1" 200 -
[WebServer] 127.0.0.1 - - [19/Sep/2026 01:56:54] "GET /images/buy-staffordshire-bull-terrier-uk-now.webp HTTP/1.1" 200 -
[WebServer] 127.0.0.1 - - [19/Sep/2026 01:56:54] "GET /_astro/Ince1.CjowFAsd_1W6LK4.webp HTTP/1.1" 200 -
[WebServer] 127.0.0.1 - - [19/Sep/2026 01:56:54] "GET /_astro/Vennie.ke5yj4Fb_24zx1C.webp HTTP/1.1" 200 -
[WebServer] 127.0.0.1 - - [19/Sep/2026 01:56:54] "GET /images/blue-staffy-pups-near-you.webp HTTP/1.1" 200 -
[WebServer] 127.0.0.1 - - [19/Sep/2026 01:56:54] "GET /images/uk-blue-staffy-breeders-trust.webp HTTP/1.1" 200 -
[WebServer] 127.0.0.1 - - [19/Sep/2026 01:56:54] "GET /images/blue-staffy-puppy-delivery-uk.webp HTTP/1.1" 200 -
[WebServer] 127.0.0.1 - - [19/Sep/2026 01:56:54] "GET /images/blue-staffy-testimonial-london-happy-owner.webp HTTP/1.1" 200 -
[WebServer] 127.0.0.1 - - [19/Sep/2026 01:56:54] "GET /images/blue-staffy-puppy-testimonial-cardiff-daniel.webp HTTP/1.1" 200 -
[WebServer] 127.0.0.1 - - [19/Sep/2026 01:56:54] "GET /_astro/Ince1.CjowFAsd_Z1xNGHe.webp HTTP/1.1" 200 -
[WebServer] 127.0.0.1 - - [19/Sep/2026 01:56:54] "GET /_astro/Vennie.ke5yj4Fb_24EeX6.webp HTTP/1.1" 200 -
[WebServer] 127.0.0.1 - - [19/Sep/2026 01:56:54] "GET /_astro/Cheryl1.BA5--lqv_1BX5wb.webp HTTP/1.1" 200 -
[WebServer] 127.0.0.1 - - [19/Sep/2026 01:56:54] "GET /_astro/Christa.DCD6hF9z_15fV8S.webp HTTP/1.1" 200 -
[WebServer] 127.0.0.1 - - [19/Sep/2026 01:56:54] "GET /_astro/Christa.DCD6hF9z_ZXFfKX.webp HTTP/1.1" 200 -
[WebServer] 127.0.0.1 - - [19/Sep/2026 01:56:54] "GET /_astro/Cheryl1.BA5--lqv_2leFTW.webp HTTP/1.1" 200 -
[WebServer] ----------------------------------------
[WebServer] Exception occurred during processing of request from ('127.0.0.1', 61618)
[WebServer] Traceback (most recent call last):
[WebServer]   File "/Library/Developer/CommandLineTools/Library/Frameworks/Python3.framework/Versions/3.9/lib/python3.9/socketserver.py", line 683, in process_request_thread
[WebServer]     self.finish_request(request, client_address)
[WebServer]   File "/Library/Developer/CommandLineTools/Library/Frameworks/Python3.framework/Versions/3.9/lib/python3.9/socketserver.py", line 360, in finish_request
[WebServer]     self.RequestHandlerClass(request, client_address, self)
[WebServer]   File "/Library/Developer/CommandLineTools/Library/Frameworks/Python3.framework/Versions/3.9/lib/python3.9/http/server.py", line 660, in __init__
[WebServer]     super().__init__(*args, **kwargs)
[WebServer]   File "/Library/Developer/CommandLineTools/Library/Frameworks/Python3.framework/Versions/3.9/lib/python3.9/socketserver.py", line 747, in __init__
[WebServer]     self.handle()
[WebServer]   File "/Library/Developer/CommandLineTools/Library/Frameworks/Python3.framework/Versions/3.9/lib/python3.9/http/server.py", line 434, in handle
[WebServer]     self.handle_one_request()
[WebServer]   File "/Library/Developer/CommandLineTools/Library/Frameworks/Python3.framework/Versions/3.9/lib/python3.9/http/server.py", line 422, in handle_one_request
[WebServer]     method()
[WebServer]   File "/Library/Developer/CommandLineTools/Library/Frameworks/Python3.framework/Versions/3.9/lib/python3.9/http/server.py", line 667, in do_GET
[WebServer]     self.copyfile(f, self.wfile)
[WebServer]   File "/Library/Developer/CommandLineTools/Library/Frameworks/Python3.framework/Versions/3.9/lib/python3.9/http/server.py", line 867, in copyfile
[WebServer]     shutil.copyfileobj(source, outputfile)
[WebServer]   File "/Library/Developer/CommandLineTools/Library/Frameworks/Python3.framework/Versions/3.9/lib/python3.9/shutil.py", line 208, in copyfileobj
[WebServer]     fdst_write(buf)
[WebServer]   File "/Library/Developer/CommandLineTools/Library/Frameworks/Python3.framework/Versions/3.9/lib/python3.9/socketserver.py", line 826, in write
[WebServer]     self._sock.sendall(b)
[WebServer] BrokenPipeError: [Errno 32] Broken pipe
[WebServer] ----------------------------------------
  ✘   3 [vp375] › tests/render/pages.spec.ts:109:3 › buy-blue-staffy-puppies-uk (9.2s)
[WebServer] ----------------------------------------
[WebServer] Exception occurred during processing of request from ('127.0.0.1', 61619)
[WebServer] Traceback (most recent call last):
[WebServer]   File "/Library/Developer/CommandLineTools/Library/Frameworks/Python3.framework/Versions/3.9/lib/python3.9/socketserver.py", line 683, in process_request_thread
[WebServer]     self.finish_request(request, client_address)
[WebServer]   File "/Library/Developer/CommandLineTools/Library/Frameworks/Python3.framework/Versions/3.9/lib/python3.9/socketserver.py", line 360, in finish_request
[WebServer]     self.RequestHandlerClass(request, client_address, self)
[WebServer]   File "/Library/Developer/CommandLineTools/Library/Frameworks/Python3.framework/Versions/3.9/lib/python3.9/http/server.py", line 660, in __init__
[WebServer]     super().__init__(*args, **kwargs)
[WebServer]   File "/Library/Developer/CommandLineTools/Library/Frameworks/Python3.framework/Versions/3.9/lib/python3.9/socketserver.py", line 747, in __init__
[WebServer]     self.handle()
[WebServer]   File "/Library/Developer/CommandLineTools/Library/Frameworks/Python3.framework/Versions/3.9/lib/python3.9/http/server.py", line 434, in handle
[WebServer]     self.handle_one_request()
[WebServer]   File "/Library/Developer/CommandLineTools/Library/Frameworks/Python3.framework/Versions/3.9/lib/python3.9/http/server.py", line 422, in handle_one_request
[WebServer]     method()
[WebServer]   File "/Library/Developer/CommandLineTools/Library/Frameworks/Python3.framework/Versions/3.9/lib/python3.9/http/server.py", line 667, in do_GET
[WebServer]     self.copyfile(f, self.wfile)
[WebServer]   File "/Library/Developer/CommandLineTools/Library/Frameworks/Python3.framework/Versions/3.9/lib/python3.9/http/server.py", line 867, in copyfile
[WebServer]     shutil.copyfileobj(source, outputfile)
[WebServer]   File "/Library/Developer/CommandLineTools/Library/Frameworks/Python3.framework/Versions/3.9/lib/python3.9/shutil.py", line 208, in copyfileobj
[WebServer]     fdst_write(buf)
[WebServer]   File "/Library/Developer/CommandLineTools/Library/Frameworks/Python3.framework/Versions/3.9/lib/python3.9/socketserver.py", line 826, in write
[WebServer]     self._sock.sendall(b)
[WebServer] BrokenPipeError: [Errno 32] Broken pipe
[WebServer] ----------------------------------------
  ✘   4 [vp768] › tests/render/pages.spec.ts:109:3 › buy-blue-staffy-puppies-uk (9.5s)
[freshness] dist/ is current (newest: dist/search-index.json)
[freshness] dist/ is current (newest: dist/search-index.json)
[WebServer] 127.0.0.1 - - [19/Sep/2026 01:57:03] "GET /blue-staffy-pup-sale-uk/ HTTP/1.1" 200 -
[WebServer] 127.0.0.1 - - [19/Sep/2026 01:57:03] "GET /blue-staffy-pup-sale-uk/ HTTP/1.1" 200 -
[WebServer] 127.0.0.1 - - [19/Sep/2026 01:57:03] "GET /images/buy-staffordshire-bull-terrier-uk-now-760.webp HTTP/1.1" 200 -
[WebServer] 127.0.0.1 - - [19/Sep/2026 01:57:04] "GET /images/blue-staffy-testimonial-london-happy-owner.webp HTTP/1.1" 200 -
[WebServer] 127.0.0.1 - - [19/Sep/2026 01:57:04] "GET /images/bluestaffyuk-nationwide-delivery-760.webp HTTP/1.1" 200 -
[WebServer] 127.0.0.1 - - [19/Sep/2026 01:57:04] "GET /images/maggie-blue-staffy-dam-with-pups-760.webp HTTP/1.1" 200 -
[WebServer] 127.0.0.1 - - [19/Sep/2026 01:57:04] "GET /images/mark-blue-staffy-london.webp HTTP/1.1" 200 -
[WebServer] 127.0.0.1 - - [19/Sep/2026 01:57:04] "GET /images/buy-staffordshire-bull-terrier-uk-now.webp HTTP/1.1" 200 -
[WebServer] 127.0.0.1 - - [19/Sep/2026 01:57:04] "GET /images/blue-staffy-testimonial-london-happy-owner.webp HTTP/1.1" 200 -
[WebServer] 127.0.0.1 - - [19/Sep/2026 01:57:04] "GET /images/bluestaffyuk-nationwide-delivery.webp HTTP/1.1" 200 -
[WebServer] 127.0.0.1 - - [19/Sep/2026 01:57:04] "GET /images/maggie-blue-staffy-dam-with-pups.webp HTTP/1.1" 200 -
[WebServer] 127.0.0.1 - - [19/Sep/2026 01:57:04] "GET /images/mark-blue-staffy-london.webp HTTP/1.1" 200 -
  ✓   5 [vp375] › tests/render/pages.spec.ts:109:3 › blue-staffy-pup-sale-uk (6.6s)
[WebServer] 127.0.0.1 - - [19/Sep/2026 01:57:10] "GET /buy-staffy-puppies-for-sale-uk/ HTTP/1.1" 200 -
  ✘   6 [vp768] › tests/render/pages.spec.ts:109:3 › blue-staffy-pup-sale-uk (7.1s)
[freshness] dist/ is current (newest: dist/search-index.json)
[WebServer] 127.0.0.1 - - [19/Sep/2026 01:57:11] "GET /images/avoid-staffordshire-bull-terrier-temperament-problems-bluestaffyuk.webp HTTP/1.1" 200 -
[WebServer] 127.0.0.1 - - [19/Sep/2026 01:57:11] "GET /images/kennel-club-assured-breeder-vs-others-bluestaffyuk.webp HTTP/1.1" 200 -
[WebServer] 127.0.0.1 - - [19/Sep/2026 01:57:11] "GET /images/buy-staffy-puppies-for-sale-uk-bluestaffyuk.webp HTTP/1.1" 200 -
[WebServer] 127.0.0.1 - - [19/Sep/2026 01:57:11] "GET /images/best-blue-staffy-breeder-reviews-puppy-for-sale-uk.webp HTTP/1.1" 200 -
[WebServer] 127.0.0.1 - - [19/Sep/2026 01:57:11] "GET /images/healthy-staffy-puppy-for-sale-uk.webp HTTP/1.1" 200 -
[WebServer] 127.0.0.1 - - [19/Sep/2026 01:57:11] "GET /images/trusted-blue-staffy-breeder-reviews-satisfied-owners.webp HTTP/1.1" 200 -
[WebServer] 127.0.0.1 - - [19/Sep/2026 01:57:11] "GET /images/vet-checked-blue-staffy-puppy-near-me.webp HTTP/1.1" 200 -
[WebServer] 127.0.0.1 - - [19/Sep/2026 01:57:11] "GET /images/english-blue-staffy-for-sale-puppy.webp HTTP/1.1" 200 -
[WebServer] 127.0.0.1 - - [19/Sep/2026 01:57:11] "GET /images/staffy-puppies-norwich-for-sale-uk.webp HTTP/1.1" 200 -
[WebServer] 127.0.0.1 - - [19/Sep/2026 01:57:11] "GET /images/local-blue-staffy-breeders-near-me-uk.webp HTTP/1.1" 200 -
[WebServer] 127.0.0.1 - - [19/Sep/2026 01:57:11] "GET /images/premium-staffy-puppy-for-sale-in-the-uk-ready-now.webp HTTP/1.1" 200 -
[WebServer] 127.0.0.1 - - [19/Sep/2026 01:57:11] "GET /images/affordable-vs-premium-blue-staffy-breeders-comparison.webp HTTP/1.1" 200 -
[WebServer] 127.0.0.1 - - [19/Sep/2026 01:57:11] "GET /images/blue-staffy-bully-puppies-for-sale-uk-kc-certified.webp HTTP/1.1" 200 -
[WebServer] 127.0.0.1 - - [19/Sep/2026 01:57:12] "GET /buy-staffy-puppies-for-sale-uk/ HTTP/1.1" 200 -
[WebServer] 127.0.0.1 - - [19/Sep/2026 01:57:13] "GET /images/kennel-club-assured-breeder-vs-others-bluestaffyuk.webp HTTP/1.1" 200 -
[WebServer] 127.0.0.1 - - [19/Sep/2026 01:57:13] "GET /images/best-blue-staffy-breeder-reviews-puppy-for-sale-uk.webp HTTP/1.1" 200 -
[WebServer] 127.0.0.1 - - [19/Sep/2026 01:57:13] "GET /images/avoid-staffordshire-bull-terrier-temperament-problems-bluestaffyuk.webp HTTP/1.1" 200 -
[WebServer] 127.0.0.1 - - [19/Sep/2026 01:57:13] "GET /images/buy-staffy-puppies-for-sale-uk-bluestaffyuk.webp HTTP/1.1" 200 -
[WebServer] 127.0.0.1 - - [19/Sep/2026 01:57:13] "GET /images/healthy-staffy-puppy-for-sale-uk.webp HTTP/1.1" 200 -
[WebServer] 127.0.0.1 - - [19/Sep/2026 01:57:13] "GET /images/trusted-blue-staffy-breeder-reviews-satisfied-owners.webp HTTP/1.1" 200 -
[WebServer] 127.0.0.1 - - [19/Sep/2026 01:57:13] "GET /images/english-blue-staffy-for-sale-puppy.webp HTTP/1.1" 200 -
[WebServer] 127.0.0.1 - - [19/Sep/2026 01:57:13] "GET /images/vet-checked-blue-staffy-puppy-near-me.webp HTTP/1.1" 200 -
[WebServer] 127.0.0.1 - - [19/Sep/2026 01:57:13] "GET /images/staffy-puppies-norwich-for-sale-uk.webp HTTP/1.1" 200 -
[WebServer] 127.0.0.1 - - [19/Sep/2026 01:57:13] "GET /images/local-blue-staffy-breeders-near-me-uk.webp HTTP/1.1" 200 -
[WebServer] 127.0.0.1 - - [19/Sep/2026 01:57:13] "GET /images/premium-staffy-puppy-for-sale-in-the-uk-ready-now.webp HTTP/1.1" 200 -
[WebServer] 127.0.0.1 - - [19/Sep/2026 01:57:13] "GET /images/affordable-vs-premium-blue-staffy-breeders-comparison.webp HTTP/1.1" 200 -
[WebServer] 127.0.0.1 - - [19/Sep/2026 01:57:13] "GET /images/blue-staffy-bully-puppies-for-sale-uk-kc-certified.webp HTTP/1.1" 200 -
  ✓   7 [vp375] › tests/render/pages.spec.ts:109:3 › buy-staffy-puppies-for-sale-uk (9.8s)
[WebServer] 127.0.0.1 - - [19/Sep/2026 01:57:19] "GET /available-puppies/roman/ HTTP/1.1" 200 -
[WebServer] 127.0.0.1 - - [19/Sep/2026 01:57:20] "GET /_astro/Roman2.C-A0j1ry_1uH9rQ.webp HTTP/1.1" 200 -
[WebServer] 127.0.0.1 - - [19/Sep/2026 01:57:20] "GET /_astro/Roman1.DKvYvyvM_2bjowu.webp HTTP/1.1" 200 -
[WebServer] 127.0.0.1 - - [19/Sep/2026 01:57:20] code 404, message File not found
[WebServer] 127.0.0.1 - - [19/Sep/2026 01:57:20] "GET /__bsuk_pending_image__/0.webp HTTP/1.1" 404 -
[WebServer] 127.0.0.1 - - [19/Sep/2026 01:57:20] code 404, message File not found
[WebServer] 127.0.0.1 - - [19/Sep/2026 01:57:20] "GET /__bsuk_pending_image__/1.webp HTTP/1.1" 404 -
  ✘   8 [vp768] › tests/render/pages.spec.ts:109:3 › buy-staffy-puppies-for-sale-uk (10.4s)
  ✘   9 [vp375] › tests/render/pages.spec.ts:109:3 › available-puppies/roman (4.3s)
[freshness] dist/ is current (newest: dist/search-index.json)
[WebServer] 127.0.0.1 - - [19/Sep/2026 01:57:27] "GET /available-puppies/roman/ HTTP/1.1" 200 -
[WebServer] 127.0.0.1 - - [19/Sep/2026 01:57:27] "GET /_astro/Roman2.C-A0j1ry_Z2h5Yfu.webp HTTP/1.1" 200 -
[WebServer] 127.0.0.1 - - [19/Sep/2026 01:57:27] "GET /_astro/Roman1.DKvYvyvM_2bjowu.webp HTTP/1.1" 200 -
[freshness] dist/ is current (newest: dist/search-index.json)
[WebServer] 127.0.0.1 - - [19/Sep/2026 01:57:28] code 404, message File not found
[WebServer] 127.0.0.1 - - [19/Sep/2026 01:57:28] "GET /__bsuk_pending_image__/0.webp HTTP/1.1" 404 -
[WebServer] 127.0.0.1 - - [19/Sep/2026 01:57:28] code 404, message File not found
[WebServer] 127.0.0.1 - - [19/Sep/2026 01:57:28] "GET /__bsuk_pending_image__/1.webp HTTP/1.1" 404 -
[WebServer] 127.0.0.1 - - [19/Sep/2026 01:57:29] "GET /available-puppies/ HTTP/1.1" 200 -
[WebServer] 127.0.0.1 - - [19/Sep/2026 01:57:29] "GET /_astro/Roman2.C-A0j1ry_2iWGRt.webp HTTP/1.1" 200 -
[WebServer] 127.0.0.1 - - [19/Sep/2026 01:57:29] "GET /_astro/Byrd1.Dc5KZxb2_13r1px.webp HTTP/1.1" 200 -
[WebServer] 127.0.0.1 - - [19/Sep/2026 01:57:29] "GET /_astro/Ince1.CjowFAsd_1W6LK4.webp HTTP/1.1" 200 -
[WebServer] 127.0.0.1 - - [19/Sep/2026 01:57:29] "GET /_astro/Vennie.ke5yj4Fb_24zx1C.webp HTTP/1.1" 200 -
[WebServer] 127.0.0.1 - - [19/Sep/2026 01:57:29] "GET /_astro/Christa.DCD6hF9z_ZXFfKX.webp HTTP/1.1" 200 -
[WebServer] 127.0.0.1 - - [19/Sep/2026 01:57:29] "GET /_astro/Cheryl1.BA5--lqv_2leFTW.webp HTTP/1.1" 200 -
[WebServer] 127.0.0.1 - - [19/Sep/2026 01:57:31] code 404, message File not found
[WebServer] 127.0.0.1 - - [19/Sep/2026 01:57:31] "GET /__bsuk_pending_image__/0.webp HTTP/1.1" 404 -
  ✘  10 [vp768] › tests/render/pages.spec.ts:109:3 › available-puppies/roman (5.6s)
[freshness] dist/ is current (newest: dist/search-index.json)
[WebServer] 127.0.0.1 - - [19/Sep/2026 01:57:34] "GET /available-puppies/ HTTP/1.1" 200 -
[WebServer] 127.0.0.1 - - [19/Sep/2026 01:57:34] "GET /_astro/Roman2.C-A0j1ry_2oY8o4.webp HTTP/1.1" 200 -
[WebServer] 127.0.0.1 - - [19/Sep/2026 01:57:34] "GET /_astro/Byrd1.Dc5KZxb2_Z2rts2K.webp HTTP/1.1" 200 -
[WebServer] 127.0.0.1 - - [19/Sep/2026 01:57:34] "GET /_astro/Ince1.CjowFAsd_Z1xNGHe.webp HTTP/1.1" 200 -
[WebServer] 127.0.0.1 - - [19/Sep/2026 01:57:34] "GET /_astro/Vennie.ke5yj4Fb_24EeX6.webp HTTP/1.1" 200 -
[WebServer] 127.0.0.1 - - [19/Sep/2026 01:57:34] "GET /_astro/Christa.DCD6hF9z_15fV8S.webp HTTP/1.1" 200 -
[WebServer] 127.0.0.1 - - [19/Sep/2026 01:57:34] "GET /_astro/Cheryl1.BA5--lqv_1BX5wb.webp HTTP/1.1" 200 -
[WebServer] 127.0.0.1 - - [19/Sep/2026 01:57:35] code 404, message File not found
[WebServer] 127.0.0.1 - - [19/Sep/2026 01:57:35] "GET /__bsuk_pending_image__/0.webp HTTP/1.1" 404 -
[WebServer] 127.0.0.1 - - [19/Sep/2026 01:57:35] code 404, message File not found
[WebServer] 127.0.0.1 - - [19/Sep/2026 01:57:35] code 404, message File not found
[WebServer] 127.0.0.1 - - [19/Sep/2026 01:57:35] "GET /__bsuk_pending_image__/1.webp HTTP/1.1" 404 -
[WebServer] 127.0.0.1 - - [19/Sep/2026 01:57:35] code 404, message File not found
[WebServer] 127.0.0.1 - - [19/Sep/2026 01:57:35] "GET /__bsuk_pending_image__/2.webp HTTP/1.1" 404 -
[WebServer] 127.0.0.1 - - [19/Sep/2026 01:57:35] "GET /__bsuk_pending_image__/3.webp HTTP/1.1" 404 -
  ✘  11 [vp375] › tests/render/pages.spec.ts:109:3 › available-puppies (5.9s)
[freshness] dist/ is current (newest: dist/search-index.json)
[WebServer] 127.0.0.1 - - [19/Sep/2026 01:57:37] "GET /uk-blue-staffy-puppy-buying-guide/ HTTP/1.1" 200 -
  ✘  12 [vp768] › tests/render/pages.spec.ts:109:3 › available-puppies (4.2s)
[WebServer] 127.0.0.1 - - [19/Sep/2026 01:57:39] "GET /images/purebred-blue-male-staffy-available-for-rehoming.webp HTTP/1.1" 200 -
[WebServer] 127.0.0.1 - - [19/Sep/2026 01:57:39] "GET /images/how-to-buy-blue-staffy-puppy-uk-steps1.webp HTTP/1.1" 200 -
[WebServer] 127.0.0.1 - - [19/Sep/2026 01:57:39] "GET /images/blue-staffy-vet-check.webp HTTP/1.1" 200 -
[WebServer] 127.0.0.1 - - [19/Sep/2026 01:57:39] "GET /images/pros-and-cons-of-owning-a-blue-staffy-uk.webp HTTP/1.1" 200 -
[WebServer] 127.0.0.1 - - [19/Sep/2026 01:57:39] "GET /images/blue-staffy-health-prioritising-wellbeing.webp HTTP/1.1" 200 -
[WebServer] 127.0.0.1 - - [19/Sep/2026 01:57:39] "GET /images/blue-staffy-uk-reviews-owner-testimonials.webp HTTP/1.1" 200 -
[WebServer] 127.0.0.1 - - [19/Sep/2026 01:57:39] "GET /images/blue-staffy-research.webp HTTP/1.1" 200 -
[WebServer] 127.0.0.1 - - [19/Sep/2026 01:57:39] "GET /images/1blue-staffy-family-breeder.webp HTTP/1.1" 200 -
[WebServer] 127.0.0.1 - - [19/Sep/2026 01:57:39] "GET /images/blue-staffy-puppy-preparation.webp HTTP/1.1" 200 -
[WebServer] 127.0.0.1 - - [19/Sep/2026 01:57:39] "GET /images/1blue-staffy-socialisation-checklist.webp HTTP/1.1" 200 -
[WebServer] 127.0.0.1 - - [19/Sep/2026 01:57:39] "GET /images/blue-staffy-training-socialisation.webp HTTP/1.1" 200 -
[WebServer] 127.0.0.1 - - [19/Sep/2026 01:57:39] "GET /images/bluestaffyuk-nationwide-infographic.webp HTTP/1.1" 200 -
[WebServer] 127.0.0.1 - - [19/Sep/2026 01:57:39] "GET /images/defra-pet-transport-process.webp HTTP/1.1" 200 -
[WebServer] 127.0.0.1 - - [19/Sep/2026 01:57:39] "GET /images/uk-family-blue-staffy.webp HTTP/1.1" 200 -
[WebServer] 127.0.0.1 - - [19/Sep/2026 01:57:39] "GET /images/healthy-blue-staffy-pups-for-sale-certified.webp HTTP/1.1" 200 -
[WebServer] 127.0.0.1 - - [19/Sep/2026 01:57:39] "GET /images/blue-staffy-adoption-vs-buying-infographic.webp HTTP/1.1" 200 -
[WebServer] 127.0.0.1 - - [19/Sep/2026 01:57:39] "GET /images/ready-to-welcome-blue-staffy-infographic.webp HTTP/1.1" 200 -
[freshness] dist/ is current (newest: dist/search-index.json)
[WebServer] 127.0.0.1 - - [19/Sep/2026 01:57:40] "GET /uk-blue-staffy-puppy-buying-guide/ HTTP/1.1" 200 -
[WebServer] 127.0.0.1 - - [19/Sep/2026 01:57:42] "GET /images/purebred-blue-male-staffy-available-for-rehoming.webp HTTP/1.1" 200 -
[WebServer] 127.0.0.1 - - [19/Sep/2026 01:57:42] "GET /images/how-to-buy-blue-staffy-puppy-uk-steps1.webp HTTP/1.1" 200 -
[WebServer] 127.0.0.1 - - [19/Sep/2026 01:57:42] "GET /images/pros-and-cons-of-owning-a-blue-staffy-uk.webp HTTP/1.1" 200 -
[WebServer] 127.0.0.1 - - [19/Sep/2026 01:57:42] "GET /images/blue-staffy-health-prioritising-wellbeing.webp HTTP/1.1" 200 -
[WebServer] 127.0.0.1 - - [19/Sep/2026 01:57:42] "GET /images/blue-staffy-vet-check.webp HTTP/1.1" 200 -
[WebServer] 127.0.0.1 - - [19/Sep/2026 01:57:42] "GET /images/blue-staffy-research.webp HTTP/1.1" 200 -
[WebServer] 127.0.0.1 - - [19/Sep/2026 01:57:42] "GET /images/blue-staffy-uk-reviews-owner-testimonials.webp HTTP/1.1" 200 -
[WebServer] 127.0.0.1 - - [19/Sep/2026 01:57:42] "GET /images/blue-staffy-puppy-preparation.webp HTTP/1.1" 200 -
[WebServer] 127.0.0.1 - - [19/Sep/2026 01:57:42] "GET /images/1blue-staffy-socialisation-checklist.webp HTTP/1.1" 200 -
[WebServer] 127.0.0.1 - - [19/Sep/2026 01:57:42] "GET /images/1blue-staffy-family-breeder.webp HTTP/1.1" 200 -
[WebServer] 127.0.0.1 - - [19/Sep/2026 01:57:42] "GET /images/blue-staffy-training-socialisation.webp HTTP/1.1" 200 -
[WebServer] 127.0.0.1 - - [19/Sep/2026 01:57:42] "GET /images/bluestaffyuk-nationwide-infographic.webp HTTP/1.1" 200 -
[WebServer] 127.0.0.1 - - [19/Sep/2026 01:57:42] "GET /images/defra-pet-transport-process.webp HTTP/1.1" 200 -
[WebServer] 127.0.0.1 - - [19/Sep/2026 01:57:42] "GET /images/uk-family-blue-staffy.webp HTTP/1.1" 200 -
[WebServer] 127.0.0.1 - - [19/Sep/2026 01:57:42] "GET /images/healthy-blue-staffy-pups-for-sale-certified.webp HTTP/1.1" 200 -
[WebServer] 127.0.0.1 - - [19/Sep/2026 01:57:42] "GET /images/blue-staffy-adoption-vs-buying-infographic.webp HTTP/1.1" 200 -
[WebServer] 127.0.0.1 - - [19/Sep/2026 01:57:42] "GET /images/ready-to-welcome-blue-staffy-infographic.webp HTTP/1.1" 200 -
  ✘  13 [vp375] › tests/render/pages.spec.ts:109:3 › uk-blue-staffy-puppy-buying-guide (12.6s)
[freshness] dist/ is current (newest: dist/search-index.json)
[WebServer] 127.0.0.1 - - [19/Sep/2026 01:57:50] "GET /uk-staffordshire-bull-terrier-guide/ HTTP/1.1" 200 -
  ✘  14 [vp768] › tests/render/pages.spec.ts:109:3 › uk-blue-staffy-puppy-buying-guide (12.5s)
[WebServer] 127.0.0.1 - - [19/Sep/2026 01:57:52] "GET /images/sbt-history-heritage-from-pit-to-pet.webp HTTP/1.1" 200 -
[WebServer] 127.0.0.1 - - [19/Sep/2026 01:57:52] "GET /images/blue-staffy-puppy-for-sale-uk.webp HTTP/1.1" 200 -
[WebServer] 127.0.0.1 - - [19/Sep/2026 01:57:52] "GET /images/true-cost-of-a-staffy-lifetime-budget-planning.webp HTTP/1.1" 200 -
[WebServer] 127.0.0.1 - - [19/Sep/2026 01:57:52] "GET /images/find-health-certified-staffy-breeders-uk.webp HTTP/1.1" 200 -
[WebServer] 127.0.0.1 - - [19/Sep/2026 01:57:52] "GET /images/comprehensive-uk-staffordshire-bull-terrier-guide-book.webp HTTP/1.1" 200 -
[WebServer] 127.0.0.1 - - [19/Sep/2026 01:57:52] "GET /images/sbt-uk-legal-status-public-perception.webp HTTP/1.1" 200 -
[WebServer] 127.0.0.1 - - [19/Sep/2026 01:57:52] "GET /images/kc-registered-staffy-puppies.webp HTTP/1.1" 200 -
[WebServer] 127.0.0.1 - - [19/Sep/2026 01:57:52] "GET /images/busting-common-staffy-myths-loving-family-dog.webp HTTP/1.1" 200 -
[WebServer] 127.0.0.1 - - [19/Sep/2026 01:57:52] "GET /images/staffordshire-bull-terrier-vs-american-bully-comparison.webp HTTP/1.1" 200 -
[WebServer] 127.0.0.1 - - [19/Sep/2026 01:57:52] "GET /images/dedicated-blue-staffy-pup-care-glasgow.webp HTTP/1.1" 200 -
[freshness] dist/ is current (newest: dist/search-index.json)
[WebServer] 127.0.0.1 - - [19/Sep/2026 01:57:55] "GET /uk-staffordshire-bull-terrier-guide/ HTTP/1.1" 200 -
[WebServer] 127.0.0.1 - - [19/Sep/2026 01:57:56] "GET /images/comprehensive-uk-staffordshire-bull-terrier-guide-book.webp HTTP/1.1" 200 -
[WebServer] 127.0.0.1 - - [19/Sep/2026 01:57:56] "GET /images/sbt-history-heritage-from-pit-to-pet.webp HTTP/1.1" 200 -
[WebServer] 127.0.0.1 - - [19/Sep/2026 01:57:56] "GET /images/true-cost-of-a-staffy-lifetime-budget-planning.webp HTTP/1.1" 200 -
[WebServer] 127.0.0.1 - - [19/Sep/2026 01:57:56] "GET /images/sbt-uk-legal-status-public-perception.webp HTTP/1.1" 200 -
[WebServer] 127.0.0.1 - - [19/Sep/2026 01:57:56] "GET /images/kc-registered-staffy-puppies.webp HTTP/1.1" 200 -
[WebServer] 127.0.0.1 - - [19/Sep/2026 01:57:56] "GET /images/blue-staffy-puppy-for-sale-uk.webp HTTP/1.1" 200 -
[WebServer] 127.0.0.1 - - [19/Sep/2026 01:57:56] "GET /images/busting-common-staffy-myths-loving-family-dog.webp HTTP/1.1" 200 -
[WebServer] 127.0.0.1 - - [19/Sep/2026 01:57:56] "GET /images/staffordshire-bull-terrier-vs-american-bully-comparison.webp HTTP/1.1" 200 -
[WebServer] 127.0.0.1 - - [19/Sep/2026 01:57:56] "GET /images/find-health-certified-staffy-breeders-uk.webp HTTP/1.1" 200 -
[WebServer] 127.0.0.1 - - [19/Sep/2026 01:57:56] "GET /images/dedicated-blue-staffy-pup-care-glasgow.webp HTTP/1.1" 200 -
  ✘  15 [vp375] › tests/render/pages.spec.ts:109:3 › uk-staffordshire-bull-terrier-guide (11.2s)
[freshness] dist/ is current (newest: dist/search-index.json)
[WebServer] 127.0.0.1 - - [19/Sep/2026 01:58:03] "GET /blue-staffy-health-uk/ HTTP/1.1" 200 -
[WebServer] 127.0.0.1 - - [19/Sep/2026 01:58:04] "GET /images/what-health-tests-blue-staffies-need.webp HTTP/1.1" 200 -
[WebServer] 127.0.0.1 - - [19/Sep/2026 01:58:04] "GET /images/blue-staffy-puppies-uk-litter1-760.webp HTTP/1.1" 200 -
[WebServer] 127.0.0.1 - - [19/Sep/2026 01:58:04] "GET /images/blue-staffy-puppy-vet-check-uk-760.webp HTTP/1.1" 200 -
[WebServer] 127.0.0.1 - - [19/Sep/2026 01:58:04] "GET /images/find-health-certified-staffy-breeders-uk.webp HTTP/1.1" 200 -
[WebServer] 127.0.0.1 - - [19/Sep/2026 01:58:04] "GET /images/what-to-feed-new-blue-staffy-puppy.webp HTTP/1.1" 200 -
[WebServer] 127.0.0.1 - - [19/Sep/2026 01:58:04] "GET /images/puppy-vaccinations-uk.webp HTTP/1.1" 200 -
[WebServer] 127.0.0.1 - - [19/Sep/2026 01:58:04] "GET /images/kc-registered-staffy-puppies.webp HTTP/1.1" 200 -
[WebServer] 127.0.0.1 - - [19/Sep/2026 01:58:04] "GET /images/maggie-blue-staffy-dam-with-pups-760.webp HTTP/1.1" 200 -
  ✘  16 [vp768] › tests/render/pages.spec.ts:109:3 › uk-staffordshire-bull-terrier-guide (10.2s)
[freshness] dist/ is current (newest: dist/search-index.json)
[WebServer] 127.0.0.1 - - [19/Sep/2026 01:58:06] "GET /blue-staffy-health-uk/ HTTP/1.1" 200 -
[WebServer] 127.0.0.1 - - [19/Sep/2026 01:58:07] "GET /images/what-health-tests-blue-staffies-need.webp HTTP/1.1" 200 -
[WebServer] 127.0.0.1 - - [19/Sep/2026 01:58:07] "GET /images/blue-staffy-puppy-vet-check-uk.webp HTTP/1.1" 200 -
[WebServer] 127.0.0.1 - - [19/Sep/2026 01:58:07] "GET /images/blue-staffy-puppies-uk-litter1.webp HTTP/1.1" 200 -
[WebServer] 127.0.0.1 - - [19/Sep/2026 01:58:07] "GET /images/find-health-certified-staffy-breeders-uk.webp HTTP/1.1" 200 -
[WebServer] 127.0.0.1 - - [19/Sep/2026 01:58:07] "GET /images/what-to-feed-new-blue-staffy-puppy.webp HTTP/1.1" 200 -
[WebServer] 127.0.0.1 - - [19/Sep/2026 01:58:07] "GET /images/kc-registered-staffy-puppies.webp HTTP/1.1" 200 -
[WebServer] 127.0.0.1 - - [19/Sep/2026 01:58:07] "GET /images/puppy-vaccinations-uk.webp HTTP/1.1" 200 -
[WebServer] 127.0.0.1 - - [19/Sep/2026 01:58:07] "GET /images/maggie-blue-staffy-dam-with-pups.webp HTTP/1.1" 200 -
  ✘  17 [vp375] › tests/render/pages.spec.ts:109:3 › blue-staffy-health-uk (7.4s)
[freshness] dist/ is current (newest: dist/search-index.json)
[WebServer] 127.0.0.1 - - [19/Sep/2026 01:58:12] "GET /blue-staffy-uk-breeders/ HTTP/1.1" 200 -
[WebServer] 127.0.0.1 - - [19/Sep/2026 01:58:12] "GET /images/family-friendly-blue-staffy-glasgow.webp HTTP/1.1" 200 -
[WebServer] 127.0.0.1 - - [19/Sep/2026 01:58:13] "GET /images/testimonial-david-southampton-staffy-pup.webp HTTP/1.1" 200 -
[WebServer] 127.0.0.1 - - [19/Sep/2026 01:58:13] "GET /images/bluestaffyuk-nationwide-delivery-760.webp HTTP/1.1" 200 -
[WebServer] 127.0.0.1 - - [19/Sep/2026 01:58:13] "GET /images/blue-staffy-family-dog-uk.webp HTTP/1.1" 200 -
[WebServer] 127.0.0.1 - - [19/Sep/2026 01:58:13] "GET /images/trusted-uk-breeders-blue-staffy-family.webp HTTP/1.1" 200 -
[WebServer] 127.0.0.1 - - [19/Sep/2026 01:58:13] "GET /images/playful-blue-staffy-lawn-uk-760.webp HTTP/1.1" 200 -
[WebServer] 127.0.0.1 - - [19/Sep/2026 01:58:13] "GET /images/breeder-sitting-blue-staffy-puppy-home.webp HTTP/1.1" 200 -
  ✘  18 [vp768] › tests/render/pages.spec.ts:109:3 › blue-staffy-health-uk (7.8s)
[freshness] dist/ is current (newest: dist/search-index.json)
[WebServer] 127.0.0.1 - - [19/Sep/2026 01:58:15] "GET /blue-staffy-uk-breeders/ HTTP/1.1" 200 -
[WebServer] 127.0.0.1 - - [19/Sep/2026 01:58:16] "GET /images/family-friendly-blue-staffy-glasgow.webp HTTP/1.1" 200 -
[WebServer] 127.0.0.1 - - [19/Sep/2026 01:58:17] "GET /images/bluestaffyuk-nationwide-delivery.webp HTTP/1.1" 200 -
[WebServer] 127.0.0.1 - - [19/Sep/2026 01:58:17] "GET /images/playful-blue-staffy-lawn-uk.webp HTTP/1.1" 200 -
[WebServer] 127.0.0.1 - - [19/Sep/2026 01:58:17] "GET /images/blue-staffy-family-dog-uk.webp HTTP/1.1" 200 -
[WebServer] 127.0.0.1 - - [19/Sep/2026 01:58:17] "GET /images/trusted-uk-breeders-blue-staffy-family.webp HTTP/1.1" 200 -
[WebServer] 127.0.0.1 - - [19/Sep/2026 01:58:17] "GET /images/testimonial-david-southampton-staffy-pup.webp HTTP/1.1" 200 -
[WebServer] 127.0.0.1 - - [19/Sep/2026 01:58:17] "GET /images/breeder-sitting-blue-staffy-puppy-home.webp HTTP/1.1" 200 -
  ✘  19 [vp375] › tests/render/pages.spec.ts:109:3 › blue-staffy-uk-breeders (7.8s)
[freshness] dist/ is current (newest: dist/search-index.json)
[WebServer] 127.0.0.1 - - [19/Sep/2026 01:58:21] "GET /uk-blue-staffy-breeders-contact/ HTTP/1.1" 200 -
[WebServer] 127.0.0.1 - - [19/Sep/2026 01:58:21] "GET /images/uk-blue-staffy-breeders-contact-form-support.webp HTTP/1.1" 200 -
[WebServer] 127.0.0.1 - - [19/Sep/2026 01:58:22] code 404, message File not found
[WebServer] 127.0.0.1 - - [19/Sep/2026 01:58:22] "GET /__bsuk_pending_image__/0.webp HTTP/1.1" 404 -
  ✘  20 [vp768] › tests/render/pages.spec.ts:109:3 › blue-staffy-uk-breeders (7.4s)
[freshness] dist/ is current (newest: dist/search-index.json)
[WebServer] 127.0.0.1 - - [19/Sep/2026 01:58:24] "GET /uk-blue-staffy-breeders-contact/ HTTP/1.1" 200 -
[WebServer] 127.0.0.1 - - [19/Sep/2026 01:58:24] "GET /images/uk-blue-staffy-breeders-contact-form-support.webp HTTP/1.1" 200 -
[WebServer] 127.0.0.1 - - [19/Sep/2026 01:58:25] code 404, message File not found
[WebServer] 127.0.0.1 - - [19/Sep/2026 01:58:25] "GET /__bsuk_pending_image__/0.webp HTTP/1.1" 404 -
  ✓  21 [vp375] › tests/render/pages.spec.ts:109:3 › uk-blue-staffy-breeders-contact (4.9s)
[WebServer] 127.0.0.1 - - [19/Sep/2026 01:58:25] "GET /privacy-policy-uk/ HTTP/1.1" 200 -
[WebServer] 127.0.0.1 - - [19/Sep/2026 01:58:25] "GET /images/privacy-policy-staffy-silhouette-bluestaffyuk.webp HTTP/1.1" 200 -
[WebServer] 127.0.0.1 - - [19/Sep/2026 01:58:25] "GET /images/blue-staffy-privacy-policy-info-discussion.webp HTTP/1.1" 200 -
[WebServer] 127.0.0.1 - - [19/Sep/2026 01:58:26] "GET /images/breeder-sitting-blue-staffy-puppy-home.webp HTTP/1.1" 200 -
  ✓  22 [vp768] › tests/render/pages.spec.ts:109:3 › uk-blue-staffy-breeders-contact (4.4s)
[WebServer] 127.0.0.1 - - [19/Sep/2026 01:58:29] "GET /privacy-policy-uk/ HTTP/1.1" 200 -
[WebServer] 127.0.0.1 - - [19/Sep/2026 01:58:29] "GET /images/privacy-policy-staffy-silhouette-bluestaffyuk.webp HTTP/1.1" 200 -
[WebServer] 127.0.0.1 - - [19/Sep/2026 01:58:29] "GET /images/blue-staffy-privacy-policy-info-discussion.webp HTTP/1.1" 200 -
[WebServer] 127.0.0.1 - - [19/Sep/2026 01:58:29] "GET /images/breeder-sitting-blue-staffy-puppy-home.webp HTTP/1.1" 200 -
  ✘  23 [vp375] › tests/render/pages.spec.ts:109:3 › privacy-policy-uk (5.8s)
[freshness] dist/ is current (newest: dist/search-index.json)
[WebServer] 127.0.0.1 - - [19/Sep/2026 01:58:34] "GET /uk-locations/ HTTP/1.1" 200 -
  ✘  24 [vp768] › tests/render/pages.spec.ts:109:3 › privacy-policy-uk (5.7s)
[freshness] dist/ is current (newest: dist/search-index.json)
[WebServer] 127.0.0.1 - - [19/Sep/2026 01:58:37] "GET /uk-locations/ HTTP/1.1" 200 -
  ✘  25 [vp375] › tests/render/pages.spec.ts:109:3 › uk-locations (4.9s)
[freshness] dist/ is current (newest: dist/search-index.json)
[WebServer] 127.0.0.1 - - [19/Sep/2026 01:58:42] "GET /uk-locations/blue-staffy-puppies-birmingham/ HTTP/1.1" 200 -
  ✘  26 [vp768] › tests/render/pages.spec.ts:109:3 › uk-locations (4.9s)
[freshness] dist/ is current (newest: dist/search-index.json)
[WebServer] 127.0.0.1 - - [19/Sep/2026 01:58:48] "GET /uk-locations/blue-staffy-puppies-birmingham/ HTTP/1.1" 200 -
  ✘  27 [vp375] › tests/render/pages.spec.ts:109:3 › uk-locations/blue-staffy-puppies-birmingham (5.5s)
[freshness] dist/ is current (newest: dist/search-index.json)
[WebServer] 127.0.0.1 - - [19/Sep/2026 01:58:51] "GET /uk-locations/blue-staffy-puppies-uk/ HTTP/1.1" 200 -
[WebServer] 127.0.0.1 - - [19/Sep/2026 01:58:51] "GET /images/bluestaffyuk-nationwide-delivery-760.webp HTTP/1.1" 200 -
[WebServer] 127.0.0.1 - - [19/Sep/2026 01:58:51] "GET /images/blue-staffy-puppies-near-me-uk-available.webp HTTP/1.1" 200 -
[WebServer] 127.0.0.1 - - [19/Sep/2026 01:58:51] "GET /images/blue-staffy-uk-map-city-overview-1.webp HTTP/1.1" 200 -
[WebServer] 127.0.0.1 - - [19/Sep/2026 01:58:52] code 404, message File not found
[WebServer] 127.0.0.1 - - [19/Sep/2026 01:58:52] "GET /__bsuk_pending_image__/0.webp HTTP/1.1" 404 -
[WebServer] 127.0.0.1 - - [19/Sep/2026 01:58:52] "GET /images/maggie-blue-staffy-dam-with-pups-760.webp HTTP/1.1" 200 -
[WebServer] 127.0.0.1 - - [19/Sep/2026 01:58:52] "GET /images/blue-staffy-puppy-delivery-uk-760.webp HTTP/1.1" 200 -
[WebServer] 127.0.0.1 - - [19/Sep/2026 01:58:52] "GET /images/dedicated-blue-staffy-pup-care-glasgow.webp HTTP/1.1" 200 -
[WebServer] 127.0.0.1 - - [19/Sep/2026 01:58:52] "GET /images/buy-blue-staffy-puppy-uk-ethical-purchase-760.webp HTTP/1.1" 200 -
[WebServer] 127.0.0.1 - - [19/Sep/2026 01:58:52] "GET /images/bluestaffyuk-puppy-delivery-cornwall.webp HTTP/1.1" 200 -
[WebServer] 127.0.0.1 - - [19/Sep/2026 01:58:52] "GET /images/family-friendly-blue-staffy-glasgow.webp HTTP/1.1" 200 -
[WebServer] 127.0.0.1 - - [19/Sep/2026 01:58:52] "GET /images/reputable-blue-staffy-breeder-manchester-pup.webp HTTP/1.1" 200 -
[WebServer] 127.0.0.1 - - [19/Sep/2026 01:58:52] "GET /images/ethical-staffy-puppy-london-delivery.webp HTTP/1.1" 200 -
  ✘  28 [vp768] › tests/render/pages.spec.ts:109:3 › uk-locations/blue-staffy-puppies-birmingham (4.1s)
[freshness] dist/ is current (newest: dist/search-index.json)
[WebServer] 127.0.0.1 - - [19/Sep/2026 01:58:54] "GET /uk-locations/blue-staffy-puppies-uk/ HTTP/1.1" 200 -
[WebServer] 127.0.0.1 - - [19/Sep/2026 01:58:54] "GET /images/blue-staffy-puppies-near-me-uk-available.webp HTTP/1.1" 200 -
[WebServer] 127.0.0.1 - - [19/Sep/2026 01:58:54] "GET /images/bluestaffyuk-nationwide-delivery.webp HTTP/1.1" 200 -
[WebServer] 127.0.0.1 - - [19/Sep/2026 01:58:55] code 404, message File not found
[WebServer] 127.0.0.1 - - [19/Sep/2026 01:58:55] "GET /__bsuk_pending_image__/0.webp HTTP/1.1" 404 -
[WebServer] 127.0.0.1 - - [19/Sep/2026 01:58:55] "GET /images/blue-staffy-uk-map-city-overview-1.webp HTTP/1.1" 200 -
[WebServer] 127.0.0.1 - - [19/Sep/2026 01:58:55] "GET /images/buy-blue-staffy-puppy-uk-ethical-purchase.webp HTTP/1.1" 200 -
[WebServer] 127.0.0.1 - - [19/Sep/2026 01:58:55] "GET /images/blue-staffy-puppy-delivery-uk.webp HTTP/1.1" 200 -
[WebServer] 127.0.0.1 - - [19/Sep/2026 01:58:55] "GET /images/family-friendly-blue-staffy-glasgow.webp HTTP/1.1" 200 -
[WebServer] 127.0.0.1 - - [19/Sep/2026 01:58:55] "GET /images/dedicated-blue-staffy-pup-care-glasgow.webp HTTP/1.1" 200 -
[WebServer] 127.0.0.1 - - [19/Sep/2026 01:58:55] "GET /images/bluestaffyuk-puppy-delivery-cornwall.webp HTTP/1.1" 200 -
[WebServer] 127.0.0.1 - - [19/Sep/2026 01:58:55] "GET /images/maggie-blue-staffy-dam-with-pups.webp HTTP/1.1" 200 -
[WebServer] 127.0.0.1 - - [19/Sep/2026 01:58:55] "GET /images/reputable-blue-staffy-breeder-manchester-pup.webp HTTP/1.1" 200 -
[WebServer] 127.0.0.1 - - [19/Sep/2026 01:58:55] "GET /images/ethical-staffy-puppy-london-delivery.webp HTTP/1.1" 200 -
  ✘  29 [vp375] › tests/render/pages.spec.ts:109:3 › uk-locations/blue-staffy-puppies-uk (7.5s)
[freshness] dist/ is current (newest: dist/search-index.json)
[WebServer] 127.0.0.1 - - [19/Sep/2026 01:59:00] "GET /blue-staffy-blog-guides/ HTTP/1.1" 200 -
  ✘  30 [vp768] › tests/render/pages.spec.ts:109:3 › uk-locations/blue-staffy-puppies-uk (8.0s)
[freshness] dist/ is current (newest: dist/search-index.json)
  ✘  31 [vp375] › tests/render/pages.spec.ts:109:3 › blue-staffy-blog-guides (3.9s)
[WebServer] 127.0.0.1 - - [19/Sep/2026 01:59:04] "GET /blue-staffy-blog-guides/ HTTP/1.1" 200 -
[freshness] dist/ is current (newest: dist/search-index.json)
[WebServer] 127.0.0.1 - - [19/Sep/2026 01:59:06] "GET /blog/ HTTP/1.1" 200 -
  ✘  32 [vp768] › tests/render/pages.spec.ts:109:3 › blue-staffy-blog-guides (4.1s)
  ✘  33 [vp375] › tests/render/pages.spec.ts:109:3 › blog (3.9s)
[freshness] dist/ is current (newest: dist/search-index.json)
[WebServer] 127.0.0.1 - - [19/Sep/2026 01:59:10] "GET /blog/ HTTP/1.1" 200 -
[freshness] dist/ is current (newest: dist/search-index.json)
[WebServer] 127.0.0.1 - - [19/Sep/2026 01:59:12] "GET /kit-preview/ HTTP/1.1" 200 -
[WebServer] 127.0.0.1 - - [19/Sep/2026 01:59:12] "GET /_astro/SiteHeaderKit.astro_astro_type_script_index_0_lang.oN0o2SoY.js HTTP/1.1" 200 -
[WebServer] 127.0.0.1 - - [19/Sep/2026 01:59:12] "GET /_astro/Cheryl1.BA5--lqv_2leFTW.webp HTTP/1.1" 200 -
[WebServer] 127.0.0.1 - - [19/Sep/2026 01:59:12] "GET /_astro/Christa.DCD6hF9z_24FDMC.webp HTTP/1.1" 200 -
[WebServer] 127.0.0.1 - - [19/Sep/2026 01:59:12] "GET /_astro/Roman2.C-A0j1ry_1uH9rQ.webp HTTP/1.1" 200 -
[WebServer] 127.0.0.1 - - [19/Sep/2026 01:59:12] "GET /_astro/search.BBlYNZ37.js HTTP/1.1" 200 -
[WebServer] 127.0.0.1 - - [19/Sep/2026 01:59:13] "GET /_astro/Ince1.CjowFAsd_1W6LK4.webp HTTP/1.1" 200 -
  ✘  34 [vp768] › tests/render/pages.spec.ts:109:3 › blog (3.9s)
[freshness] dist/ is current (newest: dist/search-index.json)
[WebServer] 127.0.0.1 - - [19/Sep/2026 01:59:16] "GET /kit-preview/ HTTP/1.1" 200 -
[WebServer] 127.0.0.1 - - [19/Sep/2026 01:59:16] "GET /_astro/SiteHeaderKit.astro_astro_type_script_index_0_lang.oN0o2SoY.js HTTP/1.1" 200 -
[WebServer] 127.0.0.1 - - [19/Sep/2026 01:59:16] "GET /_astro/Cheryl1.BA5--lqv_Z1P5ulo.webp HTTP/1.1" 200 -
[WebServer] 127.0.0.1 - - [19/Sep/2026 01:59:16] "GET /_astro/Roman2.C-A0j1ry_1uH9rQ.webp HTTP/1.1" 200 -
[WebServer] 127.0.0.1 - - [19/Sep/2026 01:59:16] "GET /_astro/Christa.DCD6hF9z_24FDMC.webp HTTP/1.1" 200 -
[WebServer] 127.0.0.1 - - [19/Sep/2026 01:59:16] "GET /_astro/search.BBlYNZ37.js HTTP/1.1" 200 -
[WebServer] 127.0.0.1 - - [19/Sep/2026 01:59:17] "GET /_astro/Ince1.CjowFAsd_1ydgJK.webp HTTP/1.1" 200 -
  ✓  35 [vp375] › tests/render/pages.spec.ts:109:3 › kit-preview (7.4s)
[freshness] dist/ is current (newest: dist/search-index.json)
[WebServer] 127.0.0.1 - - [19/Sep/2026 01:59:21] "GET / HTTP/1.1" 200 -
[WebServer] 127.0.0.1 - - [19/Sep/2026 01:59:21] "GET /images/kc-registered-blue-staffy-pups-london.webp HTTP/1.1" 200 -
[WebServer] 127.0.0.1 - - [19/Sep/2026 01:59:21] "GET /_astro/Roman2.C-A0j1ry_2oY8o4.webp HTTP/1.1" 200 -
[WebServer] 127.0.0.1 - - [19/Sep/2026 01:59:21] "GET /_astro/Byrd1.Dc5KZxb2_Z2rts2K.webp HTTP/1.1" 200 -
[WebServer] 127.0.0.1 - - [19/Sep/2026 01:59:21] "GET /images/blue-staffy-puppy-for-sale-uk.webp HTTP/1.1" 200 -
[WebServer] 127.0.0.1 - - [19/Sep/2026 01:59:21] "GET /videos/playful-blue-staffy-puppies-uk.mp4 HTTP/1.1" 200 -
[WebServer] 127.0.0.1 - - [19/Sep/2026 01:59:22] "GET /images/buy-staffy-health-guarantee-uk-760.webp HTTP/1.1" 200 -
[WebServer] 127.0.0.1 - - [19/Sep/2026 01:59:22] "GET /images/healthy-staffy-breed-guide-1.webp HTTP/1.1" 200 -
[WebServer] 127.0.0.1 - - [19/Sep/2026 01:59:22] "GET /images/kc-staffy-puppies-for-rehoming-uk.webp HTTP/1.1" 200 -
[WebServer] 127.0.0.1 - - [19/Sep/2026 01:59:22] "GET /images/playful-blue-staffy-lawn-uk-760.webp HTTP/1.1" 200 -
[WebServer] 127.0.0.1 - - [19/Sep/2026 01:59:22] "GET /images/victoria-family-blue-staffy-manchester.webp HTTP/1.1" 200 -
[WebServer] 127.0.0.1 - - [19/Sep/2026 01:59:22] "GET /images/mark-blue-staffy-london.webp HTTP/1.1" 200 -
[WebServer] 127.0.0.1 - - [19/Sep/2026 01:59:22] "GET /images/maggie-blue-staffy-dam-with-pups-760.webp HTTP/1.1" 200 -
[WebServer] 127.0.0.1 - - [19/Sep/2026 01:59:22] "GET /images/playful-staffy-puppies-uk-sale.webp HTTP/1.1" 200 -
[WebServer] 127.0.0.1 - - [19/Sep/2026 01:59:22] "GET /images/blue-staffy-puppy-vet-check-uk-760.webp HTTP/1.1" 200 -
[WebServer] 127.0.0.1 - - [19/Sep/2026 01:59:22] "GET /images/blue-staffy-family-dog-uk.webp HTTP/1.1" 200 -
[WebServer] 127.0.0.1 - - [19/Sep/2026 01:59:22] "GET /images/blue-staffy-puppy-delivery-uk-760.webp HTTP/1.1" 200 -
[WebServer] 127.0.0.1 - - [19/Sep/2026 01:59:22] "GET /_astro/Ince1.CjowFAsd_Z1xNGHe.webp HTTP/1.1" 200 -
[WebServer] 127.0.0.1 - - [19/Sep/2026 01:59:22] "GET /images/bluestaffyuk-nationwide-delivery-760.webp HTTP/1.1" 200 -
[WebServer] 127.0.0.1 - - [19/Sep/2026 01:59:22] "GET /_astro/Vennie.ke5yj4Fb_24EeX6.webp HTTP/1.1" 200 -
[WebServer] 127.0.0.1 - - [19/Sep/2026 01:59:22] "GET /_astro/Christa.DCD6hF9z_15fV8S.webp HTTP/1.1" 200 -
[WebServer] 127.0.0.1 - - [19/Sep/2026 01:59:22] "GET /_astro/Cheryl1.BA5--lqv_1BX5wb.webp HTTP/1.1" 200 -
  ✓  36 [vp768] › tests/render/pages.spec.ts:109:3 › kit-preview (7.8s)
[WebServer] 127.0.0.1 - - [19/Sep/2026 01:59:32] "GET /videos/playful-blue-staffy-puppies-uk.mp4 HTTP/1.1" 200 -
[WebServer] ----------------------------------------
[WebServer] Exception occurred during processing of request from ('127.0.0.1', 61994)
[WebServer] Traceback (most recent call last):
[WebServer]   File "/Library/Developer/CommandLineTools/Library/Frameworks/Python3.framework/Versions/3.9/lib/python3.9/socketserver.py", line 683, in process_request_thread
[WebServer]     self.finish_request(request, client_address)
[WebServer]   File "/Library/Developer/CommandLineTools/Library/Frameworks/Python3.framework/Versions/3.9/lib/python3.9/socketserver.py", line 360, in finish_request
[WebServer]     self.RequestHandlerClass(request, client_address, self)
[WebServer]   File "/Library/Developer/CommandLineTools/Library/Frameworks/Python3.framework/Versions/3.9/lib/python3.9/http/server.py", line 660, in __init__
[WebServer]     super().__init__(*args, **kwargs)
[WebServer]   File "/Library/Developer/CommandLineTools/Library/Frameworks/Python3.framework/Versions/3.9/lib/python3.9/socketserver.py", line 747, in __init__
[WebServer]     self.handle()
[WebServer]   File "/Library/Developer/CommandLineTools/Library/Frameworks/Python3.framework/Versions/3.9/lib/python3.9/http/server.py", line 434, in handle
[WebServer]     self.handle_one_request()
[WebServer]   File "/Library/Developer/CommandLineTools/Library/Frameworks/Python3.framework/Versions/3.9/lib/python3.9/http/server.py", line 422, in handle_one_request
[WebServer]     method()
[WebServer]   File "/Library/Developer/CommandLineTools/Library/Frameworks/Python3.framework/Versions/3.9/lib/python3.9/http/server.py", line 667, in do_GET
[WebServer]     self.copyfile(f, self.wfile)
[WebServer]   File "/Library/Developer/CommandLineTools/Library/Frameworks/Python3.framework/Versions/3.9/lib/python3.9/http/server.py", line 867, in copyfile
[WebServer]     shutil.copyfileobj(source, outputfile)
[WebServer]   File "/Library/Developer/CommandLineTools/Library/Frameworks/Python3.framework/Versions/3.9/lib/python3.9/shutil.py", line 208, in copyfileobj
[WebServer]     fdst_write(buf)
[WebServer]   File "/Library/Developer/CommandLineTools/Library/Frameworks/Python3.framework/Versions/3.9/lib/python3.9/socketserver.py", line 826, in write
[WebServer]     self._sock.sendall(b)
[WebServer] BrokenPipeError: [Errno 32] Broken pipe
[WebServer] ----------------------------------------
  ✘  37 [vp1280] › tests/render/pages.spec.ts:109:3 › index (10.9s)
[freshness] dist/ is current (newest: dist/search-index.json)
[WebServer] 127.0.0.1 - - [19/Sep/2026 01:59:33] "GET /buy-blue-staffy-puppies-uk/ HTTP/1.1" 200 -
[WebServer] 127.0.0.1 - - [19/Sep/2026 01:59:33] "GET /images/blue-staffy-puppies-uk-litter1.webp HTTP/1.1" 200 -
[WebServer] 127.0.0.1 - - [19/Sep/2026 01:59:33] "GET /_astro/Roman2.C-A0j1ry_2oY8o4.webp HTTP/1.1" 200 -
[WebServer] 127.0.0.1 - - [19/Sep/2026 01:59:33] "GET /_astro/Byrd1.Dc5KZxb2_Z2rts2K.webp HTTP/1.1" 200 -
[WebServer] 127.0.0.1 - - [19/Sep/2026 01:59:33] "GET /videos/best-blue-staffy-puppies-uk.mp4 HTTP/1.1" 200 -
[WebServer] 127.0.0.1 - - [19/Sep/2026 01:59:34] "GET /images/staffordshire-bull-terrier-for-sale-uk-ready-760.webp HTTP/1.1" 200 -
[WebServer] 127.0.0.1 - - [19/Sep/2026 01:59:34] "GET /images/buy-staffordshire-bull-terrier-uk-now-760.webp HTTP/1.1" 200 -
[WebServer] 127.0.0.1 - - [19/Sep/2026 01:59:34] "GET /images/blue-staffy-pups-near-you-760.webp HTTP/1.1" 200 -
[WebServer] 127.0.0.1 - - [19/Sep/2026 01:59:34] "GET /images/uk-blue-staffy-breeders-trust-760.webp HTTP/1.1" 200 -
[WebServer] 127.0.0.1 - - [19/Sep/2026 01:59:34] "GET /images/blue-staffy-puppy-delivery-uk-760.webp HTTP/1.1" 200 -
[WebServer] 127.0.0.1 - - [19/Sep/2026 01:59:34] "GET /images/blue-staffy-testimonial-london-happy-owner.webp HTTP/1.1" 200 -
[WebServer] 127.0.0.1 - - [19/Sep/2026 01:59:34] "GET /images/blue-staffy-puppy-testimonial-cardiff-daniel.webp HTTP/1.1" 200 -
[WebServer] 127.0.0.1 - - [19/Sep/2026 01:59:34] "GET /_astro/Ince1.CjowFAsd_Z1xNGHe.webp HTTP/1.1" 200 -
[WebServer] 127.0.0.1 - - [19/Sep/2026 01:59:34] "GET /_astro/Vennie.ke5yj4Fb_24EeX6.webp HTTP/1.1" 200 -
[WebServer] 127.0.0.1 - - [19/Sep/2026 01:59:34] "GET /_astro/Christa.DCD6hF9z_15fV8S.webp HTTP/1.1" 200 -
[WebServer] 127.0.0.1 - - [19/Sep/2026 01:59:34] "GET /_astro/Cheryl1.BA5--lqv_1BX5wb.webp HTTP/1.1" 200 -
[WebServer] 127.0.0.1 - - [19/Sep/2026 01:59:42] "GET /videos/best-blue-staffy-puppies-uk.mp4 HTTP/1.1" 200 -
[WebServer] ----------------------------------------
[WebServer] Exception occurred during processing of request from ('127.0.0.1', 62027)
[WebServer] Traceback (most recent call last):
[WebServer]   File "/Library/Developer/CommandLineTools/Library/Frameworks/Python3.framework/Versions/3.9/lib/python3.9/socketserver.py", line 683, in process_request_thread
[WebServer]     self.finish_request(request, client_address)
[WebServer]   File "/Library/Developer/CommandLineTools/Library/Frameworks/Python3.framework/Versions/3.9/lib/python3.9/socketserver.py", line 360, in finish_request
[WebServer]     self.RequestHandlerClass(request, client_address, self)
[WebServer]   File "/Library/Developer/CommandLineTools/Library/Frameworks/Python3.framework/Versions/3.9/lib/python3.9/http/server.py", line 660, in __init__
[WebServer]     super().__init__(*args, **kwargs)
[WebServer]   File "/Library/Developer/CommandLineTools/Library/Frameworks/Python3.framework/Versions/3.9/lib/python3.9/socketserver.py", line 747, in __init__
[WebServer]     self.handle()
[WebServer]   File "/Library/Developer/CommandLineTools/Library/Frameworks/Python3.framework/Versions/3.9/lib/python3.9/http/server.py", line 434, in handle
[WebServer]     self.handle_one_request()
[WebServer]   File "/Library/Developer/CommandLineTools/Library/Frameworks/Python3.framework/Versions/3.9/lib/python3.9/http/server.py", line 422, in handle_one_request
[WebServer]     method()
[WebServer]   File "/Library/Developer/CommandLineTools/Library/Frameworks/Python3.framework/Versions/3.9/lib/python3.9/http/server.py", line 667, in do_GET
[WebServer]     self.copyfile(f, self.wfile)
[WebServer]   File "/Library/Developer/CommandLineTools/Library/Frameworks/Python3.framework/Versions/3.9/lib/python3.9/http/server.py", line 867, in copyfile
[WebServer]     shutil.copyfileobj(source, outputfile)
[WebServer]   File "/Library/Developer/CommandLineTools/Library/Frameworks/Python3.framework/Versions/3.9/lib/python3.9/shutil.py", line 208, in copyfileobj
[WebServer]     fdst_write(buf)
[WebServer]   File "/Library/Developer/CommandLineTools/Library/Frameworks/Python3.framework/Versions/3.9/lib/python3.9/socketserver.py", line 826, in write
[WebServer]     self._sock.sendall(b)
[WebServer] BrokenPipeError: [Errno 32] Broken pipe
[WebServer] ----------------------------------------
  ✘  38 [vp1280] › tests/render/pages.spec.ts:109:3 › buy-blue-staffy-puppies-uk (9.4s)
[freshness] dist/ is current (newest: dist/search-index.json)
[WebServer] 127.0.0.1 - - [19/Sep/2026 01:59:44] "GET /blue-staffy-pup-sale-uk/ HTTP/1.1" 200 -
[WebServer] 127.0.0.1 - - [19/Sep/2026 01:59:44] "GET /images/blue-staffy-testimonial-london-happy-owner.webp HTTP/1.1" 200 -
[WebServer] 127.0.0.1 - - [19/Sep/2026 01:59:44] "GET /images/bluestaffyuk-nationwide-delivery-760.webp HTTP/1.1" 200 -
[WebServer] 127.0.0.1 - - [19/Sep/2026 01:59:44] "GET /images/buy-staffordshire-bull-terrier-uk-now-760.webp HTTP/1.1" 200 -
[WebServer] 127.0.0.1 - - [19/Sep/2026 01:59:44] "GET /images/maggie-blue-staffy-dam-with-pups-760.webp HTTP/1.1" 200 -
[WebServer] 127.0.0.1 - - [19/Sep/2026 01:59:44] "GET /images/mark-blue-staffy-london.webp HTTP/1.1" 200 -
  ✘  39 [vp1280] › tests/render/pages.spec.ts:109:3 › blue-staffy-pup-sale-uk (7.0s)
[freshness] dist/ is current (newest: dist/search-index.json)
[WebServer] 127.0.0.1 - - [19/Sep/2026 01:59:52] "GET /buy-staffy-puppies-for-sale-uk/ HTTP/1.1" 200 -
[WebServer] 127.0.0.1 - - [19/Sep/2026 01:59:53] "GET /images/buy-staffy-puppies-for-sale-uk-bluestaffyuk.webp HTTP/1.1" 200 -
[WebServer] 127.0.0.1 - - [19/Sep/2026 01:59:53] "GET /images/avoid-staffordshire-bull-terrier-temperament-problems-bluestaffyuk.webp HTTP/1.1" 200 -
[WebServer] 127.0.0.1 - - [19/Sep/2026 01:59:53] "GET /images/kennel-club-assured-breeder-vs-others-bluestaffyuk.webp HTTP/1.1" 200 -
[WebServer] 127.0.0.1 - - [19/Sep/2026 01:59:53] "GET /images/best-blue-staffy-breeder-reviews-puppy-for-sale-uk.webp HTTP/1.1" 200 -
[WebServer] 127.0.0.1 - - [19/Sep/2026 01:59:53] "GET /images/healthy-staffy-puppy-for-sale-uk.webp HTTP/1.1" 200 -
[WebServer] 127.0.0.1 - - [19/Sep/2026 01:59:53] "GET /images/trusted-blue-staffy-breeder-reviews-satisfied-owners.webp HTTP/1.1" 200 -
[WebServer] 127.0.0.1 - - [19/Sep/2026 01:59:53] "GET /images/english-blue-staffy-for-sale-puppy.webp HTTP/1.1" 200 -
[WebServer] 127.0.0.1 - - [19/Sep/2026 01:59:53] "GET /images/staffy-puppies-norwich-for-sale-uk.webp HTTP/1.1" 200 -
[WebServer] 127.0.0.1 - - [19/Sep/2026 01:59:53] "GET /images/vet-checked-blue-staffy-puppy-near-me.webp HTTP/1.1" 200 -
[WebServer] 127.0.0.1 - - [19/Sep/2026 01:59:53] "GET /images/local-blue-staffy-breeders-near-me-uk.webp HTTP/1.1" 200 -
[WebServer] 127.0.0.1 - - [19/Sep/2026 01:59:53] "GET /images/premium-staffy-puppy-for-sale-in-the-uk-ready-now.webp HTTP/1.1" 200 -
[WebServer] 127.0.0.1 - - [19/Sep/2026 01:59:53] "GET /images/affordable-vs-premium-blue-staffy-breeders-comparison.webp HTTP/1.1" 200 -
[WebServer] 127.0.0.1 - - [19/Sep/2026 01:59:53] "GET /images/blue-staffy-bully-puppies-for-sale-uk-kc-certified.webp HTTP/1.1" 200 -
  ✘  40 [vp1280] › tests/render/pages.spec.ts:109:3 › buy-staffy-puppies-for-sale-uk (10.6s)
[freshness] dist/ is current (newest: dist/search-index.json)
[WebServer] 127.0.0.1 - - [19/Sep/2026 02:00:03] "GET /available-puppies/roman/ HTTP/1.1" 200 -
[WebServer] 127.0.0.1 - - [19/Sep/2026 02:00:03] "GET /_astro/Roman2.C-A0j1ry_Z2h5Yfu.webp HTTP/1.1" 200 -
[WebServer] 127.0.0.1 - - [19/Sep/2026 02:00:03] "GET /_astro/Roman1.DKvYvyvM_2bjowu.webp HTTP/1.1" 200 -
[WebServer] 127.0.0.1 - - [19/Sep/2026 02:00:04] code 404, message File not found
[WebServer] 127.0.0.1 - - [19/Sep/2026 02:00:04] "GET /__bsuk_pending_image__/0.webp HTTP/1.1" 404 -
  ✘  41 [vp1280] › tests/render/pages.spec.ts:109:3 › available-puppies/roman (4.7s)
[freshness] dist/ is current (newest: dist/search-index.json)
[WebServer] 127.0.0.1 - - [19/Sep/2026 02:00:11] "GET /available-puppies/ HTTP/1.1" 200 -
[WebServer] 127.0.0.1 - - [19/Sep/2026 02:00:11] "GET /_astro/Roman2.C-A0j1ry_2oY8o4.webp HTTP/1.1" 200 -
[WebServer] 127.0.0.1 - - [19/Sep/2026 02:00:11] "GET /_astro/Byrd1.Dc5KZxb2_Z2rts2K.webp HTTP/1.1" 200 -
[WebServer] 127.0.0.1 - - [19/Sep/2026 02:00:11] "GET /_astro/Vennie.ke5yj4Fb_24EeX6.webp HTTP/1.1" 200 -
[WebServer] 127.0.0.1 - - [19/Sep/2026 02:00:11] "GET /_astro/Ince1.CjowFAsd_Z1xNGHe.webp HTTP/1.1" 200 -
[WebServer] 127.0.0.1 - - [19/Sep/2026 02:00:11] "GET /_astro/Christa.DCD6hF9z_15fV8S.webp HTTP/1.1" 200 -
[WebServer] 127.0.0.1 - - [19/Sep/2026 02:00:11] "GET /_astro/Cheryl1.BA5--lqv_1BX5wb.webp HTTP/1.1" 200 -
[WebServer] 127.0.0.1 - - [19/Sep/2026 02:00:11] code 404, message File not found
[WebServer] 127.0.0.1 - - [19/Sep/2026 02:00:11] code 404, message File not found
[WebServer] 127.0.0.1 - - [19/Sep/2026 02:00:11] "GET /__bsuk_pending_image__/0.webp HTTP/1.1" 404 -
[WebServer] 127.0.0.1 - - [19/Sep/2026 02:00:11] "GET /__bsuk_pending_image__/1.webp HTTP/1.1" 404 -
[WebServer] 127.0.0.1 - - [19/Sep/2026 02:00:11] code 404, message File not found
[WebServer] 127.0.0.1 - - [19/Sep/2026 02:00:11] "GET /__bsuk_pending_image__/2.webp HTTP/1.1" 404 -
[WebServer] 127.0.0.1 - - [19/Sep/2026 02:00:11] code 404, message File not found
[WebServer] 127.0.0.1 - - [19/Sep/2026 02:00:11] "GET /__bsuk_pending_image__/3.webp HTTP/1.1" 404 -
[WebServer] 127.0.0.1 - - [19/Sep/2026 02:00:11] code 404, message File not found
[WebServer] 127.0.0.1 - - [19/Sep/2026 02:00:11] "GET /__bsuk_pending_image__/5.webp HTTP/1.1" 404 -
[WebServer] 127.0.0.1 - - [19/Sep/2026 02:00:11] code 404, message File not found
[WebServer] 127.0.0.1 - - [19/Sep/2026 02:00:11] "GET /__bsuk_pending_image__/4.webp HTTP/1.1" 404 -
  ✘  42 [vp1280] › tests/render/pages.spec.ts:109:3 › available-puppies (3.5s)
[freshness] dist/ is current (newest: dist/search-index.json)
[WebServer] 127.0.0.1 - - [19/Sep/2026 02:00:16] "GET /uk-blue-staffy-puppy-buying-guide/ HTTP/1.1" 200 -
[WebServer] 127.0.0.1 - - [19/Sep/2026 02:00:17] "GET /images/purebred-blue-male-staffy-available-for-rehoming.webp HTTP/1.1" 200 -
[WebServer] 127.0.0.1 - - [19/Sep/2026 02:00:17] "GET /images/how-to-buy-blue-staffy-puppy-uk-steps1.webp HTTP/1.1" 200 -
[WebServer] 127.0.0.1 - - [19/Sep/2026 02:00:17] "GET /images/pros-and-cons-of-owning-a-blue-staffy-uk.webp HTTP/1.1" 200 -
[WebServer] 127.0.0.1 - - [19/Sep/2026 02:00:17] "GET /images/blue-staffy-vet-check.webp HTTP/1.1" 200 -
[WebServer] 127.0.0.1 - - [19/Sep/2026 02:00:17] "GET /images/blue-staffy-health-prioritising-wellbeing.webp HTTP/1.1" 200 -
[WebServer] 127.0.0.1 - - [19/Sep/2026 02:00:17] "GET /images/blue-staffy-uk-reviews-owner-testimonials.webp HTTP/1.1" 200 -
[WebServer] 127.0.0.1 - - [19/Sep/2026 02:00:17] "GET /images/blue-staffy-research.webp HTTP/1.1" 200 -
[WebServer] 127.0.0.1 - - [19/Sep/2026 02:00:17] "GET /images/1blue-staffy-family-breeder.webp HTTP/1.1" 200 -
[WebServer] 127.0.0.1 - - [19/Sep/2026 02:00:17] "GET /images/blue-staffy-puppy-preparation.webp HTTP/1.1" 200 -
[WebServer] 127.0.0.1 - - [19/Sep/2026 02:00:17] "GET /images/1blue-staffy-socialisation-checklist.webp HTTP/1.1" 200 -
[WebServer] 127.0.0.1 - - [19/Sep/2026 02:00:17] "GET /images/defra-pet-transport-process.webp HTTP/1.1" 200 -
[WebServer] 127.0.0.1 - - [19/Sep/2026 02:00:17] "GET /images/blue-staffy-training-socialisation.webp HTTP/1.1" 200 -
[WebServer] 127.0.0.1 - - [19/Sep/2026 02:00:17] "GET /images/uk-family-blue-staffy.webp HTTP/1.1" 200 -
[WebServer] 127.0.0.1 - - [19/Sep/2026 02:00:17] "GET /images/bluestaffyuk-nationwide-infographic.webp HTTP/1.1" 200 -
[WebServer] 127.0.0.1 - - [19/Sep/2026 02:00:17] "GET /images/healthy-blue-staffy-pups-for-sale-certified.webp HTTP/1.1" 200 -
[WebServer] 127.0.0.1 - - [19/Sep/2026 02:00:17] "GET /images/ready-to-welcome-blue-staffy-infographic.webp HTTP/1.1" 200 -
[WebServer] 127.0.0.1 - - [19/Sep/2026 02:00:17] "GET /images/blue-staffy-adoption-vs-buying-infographic.webp HTTP/1.1" 200 -
  ✘  43 [vp1280] › tests/render/pages.spec.ts:109:3 › uk-blue-staffy-puppy-buying-guide (12.4s)
[freshness] dist/ is current (newest: dist/search-index.json)
[WebServer] 127.0.0.1 - - [19/Sep/2026 02:00:29] "GET /uk-staffordshire-bull-terrier-guide/ HTTP/1.1" 200 -
[WebServer] 127.0.0.1 - - [19/Sep/2026 02:00:31] "GET /images/sbt-uk-legal-status-public-perception.webp HTTP/1.1" 200 -
[WebServer] 127.0.0.1 - - [19/Sep/2026 02:00:31] "GET /images/blue-staffy-puppy-for-sale-uk.webp HTTP/1.1" 200 -
[WebServer] 127.0.0.1 - - [19/Sep/2026 02:00:31] "GET /images/true-cost-of-a-staffy-lifetime-budget-planning.webp HTTP/1.1" 200 -
[WebServer] 127.0.0.1 - - [19/Sep/2026 02:00:31] "GET /images/find-health-certified-staffy-breeders-uk.webp HTTP/1.1" 200 -
[WebServer] 127.0.0.1 - - [19/Sep/2026 02:00:31] "GET /images/sbt-history-heritage-from-pit-to-pet.webp HTTP/1.1" 200 -
[WebServer] 127.0.0.1 - - [19/Sep/2026 02:00:31] "GET /images/comprehensive-uk-staffordshire-bull-terrier-guide-book.webp HTTP/1.1" 200 -
[WebServer] 127.0.0.1 - - [19/Sep/2026 02:00:31] "GET /images/kc-registered-staffy-puppies.webp HTTP/1.1" 200 -
[WebServer] 127.0.0.1 - - [19/Sep/2026 02:00:31] "GET /images/busting-common-staffy-myths-loving-family-dog.webp HTTP/1.1" 200 -
[WebServer] 127.0.0.1 - - [19/Sep/2026 02:00:31] "GET /images/staffordshire-bull-terrier-vs-american-bully-comparison.webp HTTP/1.1" 200 -
[WebServer] 127.0.0.1 - - [19/Sep/2026 02:00:31] "GET /images/dedicated-blue-staffy-pup-care-glasgow.webp HTTP/1.1" 200 -
  ✘  44 [vp1280] › tests/render/pages.spec.ts:109:3 › uk-staffordshire-bull-terrier-guide (10.4s)
[freshness] dist/ is current (newest: dist/search-index.json)
[WebServer] 127.0.0.1 - - [19/Sep/2026 02:00:41] "GET /blue-staffy-health-uk/ HTTP/1.1" 200 -
[WebServer] 127.0.0.1 - - [19/Sep/2026 02:00:41] "GET /images/what-health-tests-blue-staffies-need.webp HTTP/1.1" 200 -
[WebServer] 127.0.0.1 - - [19/Sep/2026 02:00:41] "GET /images/blue-staffy-puppy-vet-check-uk-760.webp HTTP/1.1" 200 -
[WebServer] 127.0.0.1 - - [19/Sep/2026 02:00:41] "GET /images/blue-staffy-puppies-uk-litter1-760.webp HTTP/1.1" 200 -
[WebServer] 127.0.0.1 - - [19/Sep/2026 02:00:41] "GET /images/find-health-certified-staffy-breeders-uk.webp HTTP/1.1" 200 -
[WebServer] 127.0.0.1 - - [19/Sep/2026 02:00:41] "GET /images/what-to-feed-new-blue-staffy-puppy.webp HTTP/1.1" 200 -
[WebServer] 127.0.0.1 - - [19/Sep/2026 02:00:41] "GET /images/puppy-vaccinations-uk.webp HTTP/1.1" 200 -
[WebServer] 127.0.0.1 - - [19/Sep/2026 02:00:41] "GET /images/kc-registered-staffy-puppies.webp HTTP/1.1" 200 -
[WebServer] 127.0.0.1 - - [19/Sep/2026 02:00:41] "GET /images/maggie-blue-staffy-dam-with-pups-760.webp HTTP/1.1" 200 -
  ✘  45 [vp1280] › tests/render/pages.spec.ts:109:3 › blue-staffy-health-uk (8.2s)
[freshness] dist/ is current (newest: dist/search-index.json)
[WebServer] 127.0.0.1 - - [19/Sep/2026 02:00:50] "GET /blue-staffy-uk-breeders/ HTTP/1.1" 200 -
[WebServer] 127.0.0.1 - - [19/Sep/2026 02:00:50] "GET /images/family-friendly-blue-staffy-glasgow.webp HTTP/1.1" 200 -
[WebServer] 127.0.0.1 - - [19/Sep/2026 02:00:52] "GET /images/bluestaffyuk-nationwide-delivery-760.webp HTTP/1.1" 200 -
[WebServer] 127.0.0.1 - - [19/Sep/2026 02:00:52] "GET /images/blue-staffy-family-dog-uk.webp HTTP/1.1" 200 -
[WebServer] 127.0.0.1 - - [19/Sep/2026 02:00:52] "GET /images/trusted-uk-breeders-blue-staffy-family.webp HTTP/1.1" 200 -
[WebServer] 127.0.0.1 - - [19/Sep/2026 02:00:52] "GET /images/testimonial-david-southampton-staffy-pup.webp HTTP/1.1" 200 -
[WebServer] 127.0.0.1 - - [19/Sep/2026 02:00:52] "GET /images/playful-blue-staffy-lawn-uk-760.webp HTTP/1.1" 200 -
[WebServer] 127.0.0.1 - - [19/Sep/2026 02:00:52] "GET /images/breeder-sitting-blue-staffy-puppy-home.webp HTTP/1.1" 200 -
  ✘  46 [vp1280] › tests/render/pages.spec.ts:109:3 › blue-staffy-uk-breeders (7.7s)
[freshness] dist/ is current (newest: dist/search-index.json)
[WebServer] 127.0.0.1 - - [19/Sep/2026 02:00:59] "GET /uk-blue-staffy-breeders-contact/ HTTP/1.1" 200 -
[WebServer] 127.0.0.1 - - [19/Sep/2026 02:00:59] "GET /images/uk-blue-staffy-breeders-contact-form-support.webp HTTP/1.1" 200 -
[WebServer] 127.0.0.1 - - [19/Sep/2026 02:00:59] code 404, message File not found
[WebServer] 127.0.0.1 - - [19/Sep/2026 02:00:59] "GET /__bsuk_pending_image__/0.webp HTTP/1.1" 404 -
  ✓  47 [vp1280] › tests/render/pages.spec.ts:109:3 › uk-blue-staffy-breeders-contact (3.7s)
[WebServer] 127.0.0.1 - - [19/Sep/2026 02:01:02] "GET /privacy-policy-uk/ HTTP/1.1" 200 -
[WebServer] 127.0.0.1 - - [19/Sep/2026 02:01:03] "GET /images/privacy-policy-staffy-silhouette-bluestaffyuk.webp HTTP/1.1" 200 -
[WebServer] 127.0.0.1 - - [19/Sep/2026 02:01:03] "GET /images/blue-staffy-privacy-policy-info-discussion.webp HTTP/1.1" 200 -
[WebServer] 127.0.0.1 - - [19/Sep/2026 02:01:03] "GET /images/breeder-sitting-blue-staffy-puppy-home.webp HTTP/1.1" 200 -
  ✘  48 [vp1280] › tests/render/pages.spec.ts:109:3 › privacy-policy-uk (4.9s)
[freshness] dist/ is current (newest: dist/search-index.json)
[WebServer] 127.0.0.1 - - [19/Sep/2026 02:01:08] "GET /uk-locations/ HTTP/1.1" 200 -
  ✘  49 [vp1280] › tests/render/pages.spec.ts:109:3 › uk-locations (3.4s)
[freshness] dist/ is current (newest: dist/search-index.json)
[WebServer] 127.0.0.1 - - [19/Sep/2026 02:01:13] "GET /uk-locations/blue-staffy-puppies-birmingham/ HTTP/1.1" 200 -
  ✘  50 [vp1280] › tests/render/pages.spec.ts:109:3 › uk-locations/blue-staffy-puppies-birmingham (3.1s)
[freshness] dist/ is current (newest: dist/search-index.json)
[WebServer] 127.0.0.1 - - [19/Sep/2026 02:01:17] "GET /uk-locations/blue-staffy-puppies-uk/ HTTP/1.1" 200 -
[WebServer] 127.0.0.1 - - [19/Sep/2026 02:01:17] "GET /images/blue-staffy-puppies-near-me-uk-available.webp HTTP/1.1" 200 -
[WebServer] 127.0.0.1 - - [19/Sep/2026 02:01:17] "GET /images/bluestaffyuk-nationwide-delivery-760.webp HTTP/1.1" 200 -
[WebServer] 127.0.0.1 - - [19/Sep/2026 02:01:17] code 404, message File not found
[WebServer] 127.0.0.1 - - [19/Sep/2026 02:01:17] "GET /__bsuk_pending_image__/0.webp HTTP/1.1" 404 -
[WebServer] 127.0.0.1 - - [19/Sep/2026 02:01:17] "GET /images/blue-staffy-puppy-delivery-uk-760.webp HTTP/1.1" 200 -
[WebServer] 127.0.0.1 - - [19/Sep/2026 02:01:17] "GET /images/family-friendly-blue-staffy-glasgow.webp HTTP/1.1" 200 -
[WebServer] 127.0.0.1 - - [19/Sep/2026 02:01:17] "GET /images/buy-blue-staffy-puppy-uk-ethical-purchase-760.webp HTTP/1.1" 200 -
[WebServer] 127.0.0.1 - - [19/Sep/2026 02:01:17] "GET /images/blue-staffy-uk-map-city-overview-1.webp HTTP/1.1" 200 -
[WebServer] 127.0.0.1 - - [19/Sep/2026 02:01:17] "GET /images/dedicated-blue-staffy-pup-care-glasgow.webp HTTP/1.1" 200 -
[WebServer] 127.0.0.1 - - [19/Sep/2026 02:01:17] "GET /images/maggie-blue-staffy-dam-with-pups-760.webp HTTP/1.1" 200 -
[WebServer] 127.0.0.1 - - [19/Sep/2026 02:01:17] "GET /images/reputable-blue-staffy-breeder-manchester-pup.webp HTTP/1.1" 200 -
[WebServer] 127.0.0.1 - - [19/Sep/2026 02:01:17] "GET /images/bluestaffyuk-puppy-delivery-cornwall.webp HTTP/1.1" 200 -
[WebServer] 127.0.0.1 - - [19/Sep/2026 02:01:17] "GET /images/ethical-staffy-puppy-london-delivery.webp HTTP/1.1" 200 -
  ✘  51 [vp1280] › tests/render/pages.spec.ts:109:3 › uk-locations/blue-staffy-puppies-uk (8.7s)
[freshness] dist/ is current (newest: dist/search-index.json)
[WebServer] 127.0.0.1 - - [19/Sep/2026 02:01:27] "GET /blue-staffy-blog-guides/ HTTP/1.1" 200 -
  ✘  52 [vp1280] › tests/render/pages.spec.ts:109:3 › blue-staffy-blog-guides (3.6s)
[freshness] dist/ is current (newest: dist/search-index.json)
[WebServer] 127.0.0.1 - - [19/Sep/2026 02:01:31] "GET /blog/ HTTP/1.1" 200 -
  ✘  53 [vp1280] › tests/render/pages.spec.ts:109:3 › blog (3.2s)
[freshness] dist/ is current (newest: dist/search-index.json)
[WebServer] 127.0.0.1 - - [19/Sep/2026 02:01:35] "GET /kit-preview/ HTTP/1.1" 200 -
[WebServer] 127.0.0.1 - - [19/Sep/2026 02:01:35] "GET /_astro/SiteHeaderKit.astro_astro_type_script_index_0_lang.oN0o2SoY.js HTTP/1.1" 200 -
[WebServer] 127.0.0.1 - - [19/Sep/2026 02:01:35] "GET /_astro/Cheryl1.BA5--lqv_Z1P5ulo.webp HTTP/1.1" 200 -
[WebServer] 127.0.0.1 - - [19/Sep/2026 02:01:35] "GET /_astro/search.BBlYNZ37.js HTTP/1.1" 200 -
[WebServer] 127.0.0.1 - - [19/Sep/2026 02:01:35] "GET /_astro/Roman2.C-A0j1ry_1uH9rQ.webp HTTP/1.1" 200 -
[WebServer] 127.0.0.1 - - [19/Sep/2026 02:01:35] "GET /_astro/Christa.DCD6hF9z_24FDMC.webp HTTP/1.1" 200 -
[WebServer] 127.0.0.1 - - [19/Sep/2026 02:01:36] "GET /_astro/Ince1.CjowFAsd_1ydgJK.webp HTTP/1.1" 200 -
  ✓  54 [vp1280] › tests/render/pages.spec.ts:109:3 › kit-preview (6.3s)


  1) [vp375] › tests/render/pages.spec.ts:109:3 › index ────────────────────────────────────────────

    Error: index @ 375px

    [2mexpect([22m[31mreceived[39m[2m).[22mtoEqual[2m([22m[32mexpected[39m[2m) // deep equality[22m

    [32m- Expected  - 1[39m
    [31m+ Received  + 3[39m

    [32m- Array [][39m
    [31m+ Array [[39m
    [31m+   "[NAV] 1 of 3 in-page links land outside 251-319px (measured chrome 259px = header:259) — no single page-level cause identified; first: #Our-Blue-Staffies@4107px",[39m
    [31m+ ][39m

      168 |       blocking.map((d) => `[${d.family}] ${d.message}`),
      169 |       `${target.slug} @ ${viewport}px`,
    > 170 |     ).toEqual([]);
          |       ^
      171 |   });
      172 | }
      173 |
        at /Users/apple/Downloads/BSUK/tests/render/pages.spec.ts:170:7

    Error Context: test-results/pages-index-vp375/error-context.md

  2) [vp375] › tests/render/pages.spec.ts:109:3 › buy-blue-staffy-puppies-uk ───────────────────────

    Error: buy-blue-staffy-puppies-uk @ 375px

    [2mexpect([22m[31mreceived[39m[2m).[22mtoEqual[2m([22m[32mexpected[39m[2m) // deep equality[22m

    [32m- Expected  - 1[39m
    [31m+ Received  + 3[39m

    [32m- Array [][39m
    [31m+ Array [[39m
    [31m+   "[NAV] 2 of 3 in-page links land outside 251-319px (measured chrome 259px = header:259) — no single page-level cause identified; first: #get-staffy@1854px, #contact-now@30905px",[39m
    [31m+ ][39m

      168 |       blocking.map((d) => `[${d.family}] ${d.message}`),
      169 |       `${target.slug} @ ${viewport}px`,
    > 170 |     ).toEqual([]);
          |       ^
      171 |   });
      172 | }
      173 |
        at /Users/apple/Downloads/BSUK/tests/render/pages.spec.ts:170:7

    Error Context: test-results/pages-buy-blue-staffy-puppies-uk-vp375/error-context.md

  3) [vp375] › tests/render/pages.spec.ts:109:3 › available-puppies/roman ──────────────────────────

    Error: available-puppies/roman @ 375px

    [2mexpect([22m[31mreceived[39m[2m).[22mtoEqual[2m([22m[32mexpected[39m[2m) // deep equality[22m

    [32m- Expected  - 1[39m
    [31m+ Received  + 3[39m

    [32m- Array [][39m
    [31m+ Array [[39m
    [31m+   "[SCHEMA] no dateModified in any of the 4 JSON-LD block(s) — scripts/generate_page_dates.py feeds this",[39m
    [31m+ ][39m

      168 |       blocking.map((d) => `[${d.family}] ${d.message}`),
      169 |       `${target.slug} @ ${viewport}px`,
    > 170 |     ).toEqual([]);
          |       ^
      171 |   });
      172 | }
      173 |
        at /Users/apple/Downloads/BSUK/tests/render/pages.spec.ts:170:7

    Error Context: test-results/pages-available-puppies-roman-vp375/error-context.md

  4) [vp375] › tests/render/pages.spec.ts:109:3 › available-puppies ────────────────────────────────

    Error: available-puppies @ 375px

    [2mexpect([22m[31mreceived[39m[2m).[22mtoEqual[2m([22m[32mexpected[39m[2m) // deep equality[22m

    [32m- Expected  - 1[39m
    [31m+ Received  + 4[39m

    [32m- Array [][39m
    [31m+ Array [[39m
    [31m+   "[SEM] 1 skipped heading level(s): H1→H3 at \"Roman\"",[39m
    [31m+   "[SCHEMA] no dateModified in any of the 3 JSON-LD block(s) — scripts/generate_page_dates.py feeds this",[39m
    [31m+ ][39m

      168 |       blocking.map((d) => `[${d.family}] ${d.message}`),
      169 |       `${target.slug} @ ${viewport}px`,
    > 170 |     ).toEqual([]);
          |       ^
      171 |   });
      172 | }
      173 |
        at /Users/apple/Downloads/BSUK/tests/render/pages.spec.ts:170:7

    Error Context: test-results/pages-available-puppies-vp375/error-context.md

  5) [vp375] › tests/render/pages.spec.ts:109:3 › uk-blue-staffy-puppy-buying-guide ────────────────

    Error: uk-blue-staffy-puppy-buying-guide @ 375px

    [2mexpect([22m[31mreceived[39m[2m).[22mtoEqual[2m([22m[32mexpected[39m[2m) // deep equality[22m

    [32m- Expected  - 1[39m
    [31m+ Received  + 3[39m

    [32m- Array [][39m
    [31m+ Array [[39m
    [31m+   "[SEM] 1 skipped heading level(s): H2→H4 at \"Preparing Your Home Checklist\"",[39m
    [31m+ ][39m

      168 |       blocking.map((d) => `[${d.family}] ${d.message}`),
      169 |       `${target.slug} @ ${viewport}px`,
    > 170 |     ).toEqual([]);
          |       ^
      171 |   });
      172 | }
      173 |
        at /Users/apple/Downloads/BSUK/tests/render/pages.spec.ts:170:7

    Error Context: test-results/pages-uk-blue-staffy-puppy-buying-guide-vp375/error-context.md

  6) [vp375] › tests/render/pages.spec.ts:109:3 › uk-staffordshire-bull-terrier-guide ──────────────

    Error: uk-staffordshire-bull-terrier-guide @ 375px

    [2mexpect([22m[31mreceived[39m[2m).[22mtoEqual[2m([22m[32mexpected[39m[2m) // deep equality[22m

    [32m- Expected  - 1[39m
    [31m+ Received  + 3[39m

    [32m- Array [][39m
    [31m+ Array [[39m
    [31m+   "[NAV] 1 of 2 in-page links land outside 251-319px (measured chrome 259px = header:259) — no single page-level cause identified; first: #Staffy-sales@3348px",[39m
    [31m+ ][39m

      168 |       blocking.map((d) => `[${d.family}] ${d.message}`),
      169 |       `${target.slug} @ ${viewport}px`,
    > 170 |     ).toEqual([]);
          |       ^
      171 |   });
      172 | }
      173 |
        at /Users/apple/Downloads/BSUK/tests/render/pages.spec.ts:170:7

    Error Context: test-results/pages-uk-staffordshire-bull-terrier-guide-vp375/error-context.md

  7) [vp375] › tests/render/pages.spec.ts:109:3 › blue-staffy-health-uk ────────────────────────────

    Error: blue-staffy-health-uk @ 375px

    [2mexpect([22m[31mreceived[39m[2m).[22mtoEqual[2m([22m[32mexpected[39m[2m) // deep equality[22m

    [32m- Expected  - 1[39m
    [31m+ Received  + 3[39m

    [32m- Array [][39m
    [31m+ Array [[39m
    [31m+   "[NAV] 1 of 2 in-page links land outside 251-319px (measured chrome 259px = header:259) — no single page-level cause identified; first: #Staffy-sale@4565px",[39m
    [31m+ ][39m

      168 |       blocking.map((d) => `[${d.family}] ${d.message}`),
      169 |       `${target.slug} @ ${viewport}px`,
    > 170 |     ).toEqual([]);
          |       ^
      171 |   });
      172 | }
      173 |
        at /Users/apple/Downloads/BSUK/tests/render/pages.spec.ts:170:7

    Error Context: test-results/pages-blue-staffy-health-uk-vp375/error-context.md

  8) [vp375] › tests/render/pages.spec.ts:109:3 › blue-staffy-uk-breeders ──────────────────────────

    Error: blue-staffy-uk-breeders @ 375px

    [2mexpect([22m[31mreceived[39m[2m).[22mtoEqual[2m([22m[32mexpected[39m[2m) // deep equality[22m

    [32m- Expected  - 1[39m
    [31m+ Received  + 4[39m

    [32m- Array [][39m
    [31m+ Array [[39m
    [31m+   "[NAV] 1 of 2 in-page links land outside 251-319px (measured chrome 259px = header:259) — no single page-level cause identified; first: #Staffies-for-sale@1713px",[39m
    [31m+   "[SEM] 1 skipped heading level(s): H2→H4 at \"Uncompromising Health & Transparency\"",[39m
    [31m+ ][39m

      168 |       blocking.map((d) => `[${d.family}] ${d.message}`),
      169 |       `${target.slug} @ ${viewport}px`,
    > 170 |     ).toEqual([]);
          |       ^
      171 |   });
      172 | }
      173 |
        at /Users/apple/Downloads/BSUK/tests/render/pages.spec.ts:170:7

    Error Context: test-results/pages-blue-staffy-uk-breeders-vp375/error-context.md

  9) [vp375] › tests/render/pages.spec.ts:109:3 › privacy-policy-uk ────────────────────────────────

    Error: privacy-policy-uk @ 375px

    [2mexpect([22m[31mreceived[39m[2m).[22mtoEqual[2m([22m[32mexpected[39m[2m) // deep equality[22m

    [32m- Expected  - 1[39m
    [31m+ Received  + 3[39m

    [32m- Array [][39m
    [31m+ Array [[39m
    [31m+   "[SCHEMA] 1 visible date stamp(s): Last Updated: June 20, 2025 — freshness belongs in JSON-LD only",[39m
    [31m+ ][39m

      168 |       blocking.map((d) => `[${d.family}] ${d.message}`),
      169 |       `${target.slug} @ ${viewport}px`,
    > 170 |     ).toEqual([]);
          |       ^
      171 |   });
      172 | }
      173 |
        at /Users/apple/Downloads/BSUK/tests/render/pages.spec.ts:170:7

    Error Context: test-results/pages-privacy-policy-uk-vp375/error-context.md

  10) [vp375] › tests/render/pages.spec.ts:109:3 › uk-locations ────────────────────────────────────

    Error: uk-locations @ 375px

    [2mexpect([22m[31mreceived[39m[2m).[22mtoEqual[2m([22m[32mexpected[39m[2m) // deep equality[22m

    [32m- Expected  - 1[39m
    [31m+ Received  + 3[39m

    [32m- Array [][39m
    [31m+ Array [[39m
    [31m+   "[SCHEMA] no dateModified in any of the 3 JSON-LD block(s) — scripts/generate_page_dates.py feeds this",[39m
    [31m+ ][39m

      168 |       blocking.map((d) => `[${d.family}] ${d.message}`),
      169 |       `${target.slug} @ ${viewport}px`,
    > 170 |     ).toEqual([]);
          |       ^
      171 |   });
      172 | }
      173 |
        at /Users/apple/Downloads/BSUK/tests/render/pages.spec.ts:170:7

    Error Context: test-results/pages-uk-locations-vp375/error-context.md

  11) [vp375] › tests/render/pages.spec.ts:109:3 › uk-locations/blue-staffy-puppies-birmingham ─────

    Error: uk-locations/blue-staffy-puppies-birmingham @ 375px

    [2mexpect([22m[31mreceived[39m[2m).[22mtoEqual[2m([22m[32mexpected[39m[2m) // deep equality[22m

    [32m- Expected  - 1[39m
    [31m+ Received  + 3[39m

    [32m- Array [][39m
    [31m+ Array [[39m
    [31m+   "[SCHEMA] no dateModified in any of the 3 JSON-LD block(s) — scripts/generate_page_dates.py feeds this",[39m
    [31m+ ][39m

      168 |       blocking.map((d) => `[${d.family}] ${d.message}`),
      169 |       `${target.slug} @ ${viewport}px`,
    > 170 |     ).toEqual([]);
          |       ^
      171 |   });
      172 | }
      173 |
        at /Users/apple/Downloads/BSUK/tests/render/pages.spec.ts:170:7

    Error Context: test-results/pages-uk-locations-blue-staffy-puppies-birmingham-vp375/error-context.md

  12) [vp375] › tests/render/pages.spec.ts:109:3 › uk-locations/blue-staffy-puppies-uk ─────────────

    Error: uk-locations/blue-staffy-puppies-uk @ 375px

    [2mexpect([22m[31mreceived[39m[2m).[22mtoEqual[2m([22m[32mexpected[39m[2m) // deep equality[22m

    [32m- Expected  - 1[39m
    [31m+ Received  + 3[39m

    [32m- Array [][39m
    [31m+ Array [[39m
    [31m+   "[NAV] 1 of 2 in-page links land outside 251-319px (measured chrome 259px = header:259) — no single page-level cause identified; first: #Staffy-adoption@2895px",[39m
    [31m+ ][39m

      168 |       blocking.map((d) => `[${d.family}] ${d.message}`),
      169 |       `${target.slug} @ ${viewport}px`,
    > 170 |     ).toEqual([]);
          |       ^
      171 |   });
      172 | }
      173 |
        at /Users/apple/Downloads/BSUK/tests/render/pages.spec.ts:170:7

    Error Context: test-results/pages-uk-locations-blue-staffy-puppies-uk-vp375/error-context.md

  13) [vp375] › tests/render/pages.spec.ts:109:3 › blue-staffy-blog-guides ─────────────────────────

    Error: blue-staffy-blog-guides @ 375px

    [2mexpect([22m[31mreceived[39m[2m).[22mtoEqual[2m([22m[32mexpected[39m[2m) // deep equality[22m

    [32m- Expected  - 1[39m
    [31m+ Received  + 3[39m

    [32m- Array [][39m
    [31m+ Array [[39m
    [31m+   "[SCHEMA] no dateModified in any of the 4 JSON-LD block(s) — scripts/generate_page_dates.py feeds this",[39m
    [31m+ ][39m

      168 |       blocking.map((d) => `[${d.family}] ${d.message}`),
      169 |       `${target.slug} @ ${viewport}px`,
    > 170 |     ).toEqual([]);
          |       ^
      171 |   });
      172 | }
      173 |
        at /Users/apple/Downloads/BSUK/tests/render/pages.spec.ts:170:7

    Error Context: test-results/pages-blue-staffy-blog-guides-vp375/error-context.md

  14) [vp375] › tests/render/pages.spec.ts:109:3 › blog ────────────────────────────────────────────

    Error: blog @ 375px

    [2mexpect([22m[31mreceived[39m[2m).[22mtoEqual[2m([22m[32mexpected[39m[2m) // deep equality[22m

    [32m- Expected  - 1[39m
    [31m+ Received  + 3[39m

    [32m- Array [][39m
    [31m+ Array [[39m
    [31m+   "[SCHEMA] no dateModified in any of the 3 JSON-LD block(s) — scripts/generate_page_dates.py feeds this",[39m
    [31m+ ][39m

      168 |       blocking.map((d) => `[${d.family}] ${d.message}`),
      169 |       `${target.slug} @ ${viewport}px`,
    > 170 |     ).toEqual([]);
          |       ^
      171 |   });
      172 | }
      173 |
        at /Users/apple/Downloads/BSUK/tests/render/pages.spec.ts:170:7

    Error Context: test-results/pages-blog-vp375/error-context.md

  15) [vp768] › tests/render/pages.spec.ts:109:3 › index ───────────────────────────────────────────

    Error: index @ 768px

    [2mexpect([22m[31mreceived[39m[2m).[22mtoEqual[2m([22m[32mexpected[39m[2m) // deep equality[22m

    [32m- Expected  - 1[39m
    [31m+ Received  + 4[39m

    [32m- Array [][39m
    [31m+ Array [[39m
    [31m+   "[IMG] 1 oversized image(s): mark-blue-staffy-london.webp natural=767 painted=319 2.40x",[39m
    [31m+   "[NAV] 1 of 3 in-page links land outside 67-135px (measured chrome 75px = header:75) — no single page-level cause identified; first: #Our-Blue-Staffies@4100px",[39m
    [31m+ ][39m

      168 |       blocking.map((d) => `[${d.family}] ${d.message}`),
      169 |       `${target.slug} @ ${viewport}px`,
    > 170 |     ).toEqual([]);
          |       ^
      171 |   });
      172 | }
      173 |
        at /Users/apple/Downloads/BSUK/tests/render/pages.spec.ts:170:7

    Error Context: test-results/pages-index-vp768/error-context.md

  16) [vp768] › tests/render/pages.spec.ts:109:3 › buy-blue-staffy-puppies-uk ──────────────────────

    Error: buy-blue-staffy-puppies-uk @ 768px

    [2mexpect([22m[31mreceived[39m[2m).[22mtoEqual[2m([22m[32mexpected[39m[2m) // deep equality[22m

    [32m- Expected  - 1[39m
    [31m+ Received  + 3[39m

    [32m- Array [][39m
    [31m+ Array [[39m
    [31m+   "[NAV] 2 of 3 in-page links land outside 67-135px (measured chrome 75px = header:75) — no single page-level cause identified; first: #get-staffy@1467px, #contact-now@47409px",[39m
    [31m+ ][39m

      168 |       blocking.map((d) => `[${d.family}] ${d.message}`),
      169 |       `${target.slug} @ ${viewport}px`,
    > 170 |     ).toEqual([]);
          |       ^
      171 |   });
      172 | }
      173 |
        at /Users/apple/Downloads/BSUK/tests/render/pages.spec.ts:170:7

    Error Context: test-results/pages-buy-blue-staffy-puppies-uk-vp768/error-context.md

  17) [vp768] › tests/render/pages.spec.ts:109:3 › blue-staffy-pup-sale-uk ─────────────────────────

    Error: blue-staffy-pup-sale-uk @ 768px

    [2mexpect([22m[31mreceived[39m[2m).[22mtoEqual[2m([22m[32mexpected[39m[2m) // deep equality[22m

    [32m- Expected  - 1[39m
    [31m+ Received  + 3[39m

    [32m- Array [][39m
    [31m+ Array [[39m
    [31m+   "[IMG] 1 oversized image(s): mark-blue-staffy-london.webp natural=767 painted=319 2.40x",[39m
    [31m+ ][39m

      168 |       blocking.map((d) => `[${d.family}] ${d.message}`),
      169 |       `${target.slug} @ ${viewport}px`,
    > 170 |     ).toEqual([]);
          |       ^
      171 |   });
      172 | }
      173 |
        at /Users/apple/Downloads/BSUK/tests/render/pages.spec.ts:170:7

    Error Context: test-results/pages-blue-staffy-pup-sale-uk-vp768/error-context.md

  18) [vp768] › tests/render/pages.spec.ts:109:3 › buy-staffy-puppies-for-sale-uk ──────────────────

    Error: buy-staffy-puppies-for-sale-uk @ 768px

    [2mexpect([22m[31mreceived[39m[2m).[22mtoEqual[2m([22m[32mexpected[39m[2m) // deep equality[22m

    [32m- Expected  - 1[39m
    [31m+ Received  + 4[39m

    [32m- Array [][39m
    [31m+ Array [[39m
    [31m+   "[LAYOUT] 1 control(s) under 24x24: a 105x20 \"Pets4Homes\"",[39m
    [31m+   "[IMG] 1 oversized image(s): best-blue-staffy-breeder-reviews-puppy-for-sale-uk.webp natural=768 painted=333 2.31x",[39m
    [31m+ ][39m

      168 |       blocking.map((d) => `[${d.family}] ${d.message}`),
      169 |       `${target.slug} @ ${viewport}px`,
    > 170 |     ).toEqual([]);
          |       ^
      171 |   });
      172 | }
      173 |
        at /Users/apple/Downloads/BSUK/tests/render/pages.spec.ts:170:7

    Error Context: test-results/pages-buy-staffy-puppies-for-sale-uk-vp768/error-context.md

  19) [vp768] › tests/render/pages.spec.ts:109:3 › available-puppies/roman ─────────────────────────

    Error: available-puppies/roman @ 768px

    [2mexpect([22m[31mreceived[39m[2m).[22mtoEqual[2m([22m[32mexpected[39m[2m) // deep equality[22m

    [32m- Expected  - 1[39m
    [31m+ Received  + 3[39m

    [32m- Array [][39m
    [31m+ Array [[39m
    [31m+   "[SCHEMA] no dateModified in any of the 4 JSON-LD block(s) — scripts/generate_page_dates.py feeds this",[39m
    [31m+ ][39m

      168 |       blocking.map((d) => `[${d.family}] ${d.message}`),
      169 |       `${target.slug} @ ${viewport}px`,
    > 170 |     ).toEqual([]);
          |       ^
      171 |   });
      172 | }
      173 |
        at /Users/apple/Downloads/BSUK/tests/render/pages.spec.ts:170:7

    Error Context: test-results/pages-available-puppies-roman-vp768/error-context.md

  20) [vp768] › tests/render/pages.spec.ts:109:3 › available-puppies ───────────────────────────────

    Error: available-puppies @ 768px

    [2mexpect([22m[31mreceived[39m[2m).[22mtoEqual[2m([22m[32mexpected[39m[2m) // deep equality[22m

    [32m- Expected  - 1[39m
    [31m+ Received  + 4[39m

    [32m- Array [][39m
    [31m+ Array [[39m
    [31m+   "[SEM] 1 skipped heading level(s): H1→H3 at \"Roman\"",[39m
    [31m+   "[SCHEMA] no dateModified in any of the 3 JSON-LD block(s) — scripts/generate_page_dates.py feeds this",[39m
    [31m+ ][39m

      168 |       blocking.map((d) => `[${d.family}] ${d.message}`),
      169 |       `${target.slug} @ ${viewport}px`,
    > 170 |     ).toEqual([]);
          |       ^
      171 |   });
      172 | }
      173 |
        at /Users/apple/Downloads/BSUK/tests/render/pages.spec.ts:170:7

    Error Context: test-results/pages-available-puppies-vp768/error-context.md

  21) [vp768] › tests/render/pages.spec.ts:109:3 › uk-blue-staffy-puppy-buying-guide ───────────────

    Error: uk-blue-staffy-puppy-buying-guide @ 768px

    [2mexpect([22m[31mreceived[39m[2m).[22mtoEqual[2m([22m[32mexpected[39m[2m) // deep equality[22m

    [32m- Expected  - 1[39m
    [31m+ Received  + 4[39m

    [32m- Array [][39m
    [31m+ Array [[39m
    [31m+   "[LAYOUT] 12 control(s) under 24x24: input 478x20 \"\" | input 323x20 \"\" | input 393x20 \"\" | input 267x20 \"\" | input 560x20 \"\" | input 518x20 \"\" | input 463x20 \"\" | input 530x20 \"\" | input 243x20 \"\" | input 600x20 \"\"",[39m
    [31m+   "[SEM] 1 skipped heading level(s): H2→H4 at \"Preparing Your Home Checklist\"",[39m
    [31m+ ][39m

      168 |       blocking.map((d) => `[${d.family}] ${d.message}`),
      169 |       `${target.slug} @ ${viewport}px`,
    > 170 |     ).toEqual([]);
          |       ^
      171 |   });
      172 | }
      173 |
        at /Users/apple/Downloads/BSUK/tests/render/pages.spec.ts:170:7

    Error Context: test-results/pages-uk-blue-staffy-puppy-buying-guide-vp768/error-context.md

  22) [vp768] › tests/render/pages.spec.ts:109:3 › uk-staffordshire-bull-terrier-guide ─────────────

    Error: uk-staffordshire-bull-terrier-guide @ 768px

    [2mexpect([22m[31mreceived[39m[2m).[22mtoEqual[2m([22m[32mexpected[39m[2m) // deep equality[22m

    [32m- Expected  - 1[39m
    [31m+ Received  + 3[39m

    [32m- Array [][39m
    [31m+ Array [[39m
    [31m+   "[NAV] 1 of 2 in-page links land outside 67-135px (measured chrome 75px = header:75) — no single page-level cause identified; first: #Staffy-sales@4750px",[39m
    [31m+ ][39m

      168 |       blocking.map((d) => `[${d.family}] ${d.message}`),
      169 |       `${target.slug} @ ${viewport}px`,
    > 170 |     ).toEqual([]);
          |       ^
      171 |   });
      172 | }
      173 |
        at /Users/apple/Downloads/BSUK/tests/render/pages.spec.ts:170:7

    Error Context: test-results/pages-uk-staffordshire-bull-terrier-guide-vp768/error-context.md

  23) [vp768] › tests/render/pages.spec.ts:109:3 › blue-staffy-health-uk ───────────────────────────

    Error: blue-staffy-health-uk @ 768px

    [2mexpect([22m[31mreceived[39m[2m).[22mtoEqual[2m([22m[32mexpected[39m[2m) // deep equality[22m

    [32m- Expected  - 1[39m
    [31m+ Received  + 3[39m

    [32m- Array [][39m
    [31m+ Array [[39m
    [31m+   "[NAV] 1 of 2 in-page links land outside 67-135px (measured chrome 75px = header:75) — no single page-level cause identified; first: #Staffy-sale@3413px",[39m
    [31m+ ][39m

      168 |       blocking.map((d) => `[${d.family}] ${d.message}`),
      169 |       `${target.slug} @ ${viewport}px`,
    > 170 |     ).toEqual([]);
          |       ^
      171 |   });
      172 | }
      173 |
        at /Users/apple/Downloads/BSUK/tests/render/pages.spec.ts:170:7

    Error Context: test-results/pages-blue-staffy-health-uk-vp768/error-context.md

  24) [vp768] › tests/render/pages.spec.ts:109:3 › blue-staffy-uk-breeders ─────────────────────────

    Error: blue-staffy-uk-breeders @ 768px

    [2mexpect([22m[31mreceived[39m[2m).[22mtoEqual[2m([22m[32mexpected[39m[2m) // deep equality[22m

    [32m- Expected  - 1[39m
    [31m+ Received  + 4[39m

    [32m- Array [][39m
    [31m+ Array [[39m
    [31m+   "[NAV] 1 of 2 in-page links land outside 67-135px (measured chrome 75px = header:75) — no single page-level cause identified; first: #Staffies-for-sale@1355px",[39m
    [31m+   "[SEM] 1 skipped heading level(s): H2→H4 at \"Uncompromising Health & Transparency\"",[39m
    [31m+ ][39m

      168 |       blocking.map((d) => `[${d.family}] ${d.message}`),
      169 |       `${target.slug} @ ${viewport}px`,
    > 170 |     ).toEqual([]);
          |       ^
      171 |   });
      172 | }
      173 |
        at /Users/apple/Downloads/BSUK/tests/render/pages.spec.ts:170:7

    Error Context: test-results/pages-blue-staffy-uk-breeders-vp768/error-context.md

  25) [vp768] › tests/render/pages.spec.ts:109:3 › privacy-policy-uk ───────────────────────────────

    Error: privacy-policy-uk @ 768px

    [2mexpect([22m[31mreceived[39m[2m).[22mtoEqual[2m([22m[32mexpected[39m[2m) // deep equality[22m

    [32m- Expected  - 1[39m
    [31m+ Received  + 3[39m

    [32m- Array [][39m
    [31m+ Array [[39m
    [31m+   "[SCHEMA] 1 visible date stamp(s): Last Updated: June 20, 2025 — freshness belongs in JSON-LD only",[39m
    [31m+ ][39m

      168 |       blocking.map((d) => `[${d.family}] ${d.message}`),
      169 |       `${target.slug} @ ${viewport}px`,
    > 170 |     ).toEqual([]);
          |       ^
      171 |   });
      172 | }
      173 |
        at /Users/apple/Downloads/BSUK/tests/render/pages.spec.ts:170:7

    Error Context: test-results/pages-privacy-policy-uk-vp768/error-context.md

  26) [vp768] › tests/render/pages.spec.ts:109:3 › uk-locations ────────────────────────────────────

    Error: uk-locations @ 768px

    [2mexpect([22m[31mreceived[39m[2m).[22mtoEqual[2m([22m[32mexpected[39m[2m) // deep equality[22m

    [32m- Expected  - 1[39m
    [31m+ Received  + 3[39m

    [32m- Array [][39m
    [31m+ Array [[39m
    [31m+   "[SCHEMA] no dateModified in any of the 3 JSON-LD block(s) — scripts/generate_page_dates.py feeds this",[39m
    [31m+ ][39m

      168 |       blocking.map((d) => `[${d.family}] ${d.message}`),
      169 |       `${target.slug} @ ${viewport}px`,
    > 170 |     ).toEqual([]);
          |       ^
      171 |   });
      172 | }
      173 |
        at /Users/apple/Downloads/BSUK/tests/render/pages.spec.ts:170:7

    Error Context: test-results/pages-uk-locations-vp768/error-context.md

  27) [vp768] › tests/render/pages.spec.ts:109:3 › uk-locations/blue-staffy-puppies-birmingham ─────

    Error: uk-locations/blue-staffy-puppies-birmingham @ 768px

    [2mexpect([22m[31mreceived[39m[2m).[22mtoEqual[2m([22m[32mexpected[39m[2m) // deep equality[22m

    [32m- Expected  - 1[39m
    [31m+ Received  + 3[39m

    [32m- Array [][39m
    [31m+ Array [[39m
    [31m+   "[SCHEMA] no dateModified in any of the 3 JSON-LD block(s) — scripts/generate_page_dates.py feeds this",[39m
    [31m+ ][39m

      168 |       blocking.map((d) => `[${d.family}] ${d.message}`),
      169 |       `${target.slug} @ ${viewport}px`,
    > 170 |     ).toEqual([]);
          |       ^
      171 |   });
      172 | }
      173 |
        at /Users/apple/Downloads/BSUK/tests/render/pages.spec.ts:170:7

    Error Context: test-results/pages-uk-locations-blue-staffy-puppies-birmingham-vp768/error-context.md

  28) [vp768] › tests/render/pages.spec.ts:109:3 › uk-locations/blue-staffy-puppies-uk ─────────────

    Error: uk-locations/blue-staffy-puppies-uk @ 768px

    [2mexpect([22m[31mreceived[39m[2m).[22mtoEqual[2m([22m[32mexpected[39m[2m) // deep equality[22m

    [32m- Expected  - 1[39m
    [31m+ Received  + 3[39m

    [32m- Array [][39m
    [31m+ Array [[39m
    [31m+   "[NAV] 1 of 2 in-page links land outside 67-135px (measured chrome 75px = header:75) — no single page-level cause identified; first: #Staffy-adoption@3431px",[39m
    [31m+ ][39m

      168 |       blocking.map((d) => `[${d.family}] ${d.message}`),
      169 |       `${target.slug} @ ${viewport}px`,
    > 170 |     ).toEqual([]);
          |       ^
      171 |   });
      172 | }
      173 |
        at /Users/apple/Downloads/BSUK/tests/render/pages.spec.ts:170:7

    Error Context: test-results/pages-uk-locations-blue-staffy-puppies-uk-vp768/error-context.md

  29) [vp768] › tests/render/pages.spec.ts:109:3 › blue-staffy-blog-guides ─────────────────────────

    Error: blue-staffy-blog-guides @ 768px

    [2mexpect([22m[31mreceived[39m[2m).[22mtoEqual[2m([22m[32mexpected[39m[2m) // deep equality[22m

    [32m- Expected  - 1[39m
    [31m+ Received  + 3[39m

    [32m- Array [][39m
    [31m+ Array [[39m
    [31m+   "[SCHEMA] no dateModified in any of the 4 JSON-LD block(s) — scripts/generate_page_dates.py feeds this",[39m
    [31m+ ][39m

      168 |       blocking.map((d) => `[${d.family}] ${d.message}`),
      169 |       `${target.slug} @ ${viewport}px`,
    > 170 |     ).toEqual([]);
          |       ^
      171 |   });
      172 | }
      173 |
        at /Users/apple/Downloads/BSUK/tests/render/pages.spec.ts:170:7

    Error Context: test-results/pages-blue-staffy-blog-guides-vp768/error-context.md

  30) [vp768] › tests/render/pages.spec.ts:109:3 › blog ────────────────────────────────────────────

    Error: blog @ 768px

    [2mexpect([22m[31mreceived[39m[2m).[22mtoEqual[2m([22m[32mexpected[39m[2m) // deep equality[22m

    [32m- Expected  - 1[39m
    [31m+ Received  + 3[39m

    [32m- Array [][39m
    [31m+ Array [[39m
    [31m+   "[SCHEMA] no dateModified in any of the 3 JSON-LD block(s) — scripts/generate_page_dates.py feeds this",[39m
    [31m+ ][39m

      168 |       blocking.map((d) => `[${d.family}] ${d.message}`),
      169 |       `${target.slug} @ ${viewport}px`,
    > 170 |     ).toEqual([]);
          |       ^
      171 |   });
      172 | }
      173 |
        at /Users/apple/Downloads/BSUK/tests/render/pages.spec.ts:170:7

    Error Context: test-results/pages-blog-vp768/error-context.md

  31) [vp1280] › tests/render/pages.spec.ts:109:3 › index ──────────────────────────────────────────

    Error: index @ 1280px

    [2mexpect([22m[31mreceived[39m[2m).[22mtoEqual[2m([22m[32mexpected[39m[2m) // deep equality[22m

    [32m- Expected  - 1[39m
    [31m+ Received  + 4[39m

    [32m- Array [][39m
    [31m+ Array [[39m
    [31m+   "[IMG] 1 oversized image(s): mark-blue-staffy-london.webp natural=760 painted=319 2.38x",[39m
    [31m+   "[NAV] 1 of 3 in-page links land outside 65-133px (measured chrome 73px = header:73) — no single page-level cause identified; first: #Our-Blue-Staffies@4097px",[39m
    [31m+ ][39m

      168 |       blocking.map((d) => `[${d.family}] ${d.message}`),
      169 |       `${target.slug} @ ${viewport}px`,
    > 170 |     ).toEqual([]);
          |       ^
      171 |   });
      172 | }
      173 |
        at /Users/apple/Downloads/BSUK/tests/render/pages.spec.ts:170:7

    Error Context: test-results/pages-index-vp1280/error-context.md

  32) [vp1280] › tests/render/pages.spec.ts:109:3 › buy-blue-staffy-puppies-uk ─────────────────────

    Error: buy-blue-staffy-puppies-uk @ 1280px

    [2mexpect([22m[31mreceived[39m[2m).[22mtoEqual[2m([22m[32mexpected[39m[2m) // deep equality[22m

    [32m- Expected  - 1[39m
    [31m+ Received  + 3[39m

    [32m- Array [][39m
    [31m+ Array [[39m
    [31m+   "[NAV] 2 of 3 in-page links land outside 65-133px (measured chrome 73px = header:73) — no single page-level cause identified; first: #get-staffy@1465px, #contact-now@47406px",[39m
    [31m+ ][39m

      168 |       blocking.map((d) => `[${d.family}] ${d.message}`),
      169 |       `${target.slug} @ ${viewport}px`,
    > 170 |     ).toEqual([]);
          |       ^
      171 |   });
      172 | }
      173 |
        at /Users/apple/Downloads/BSUK/tests/render/pages.spec.ts:170:7

    Error Context: test-results/pages-buy-blue-staffy-puppies-uk-vp1280/error-context.md

  33) [vp1280] › tests/render/pages.spec.ts:109:3 › blue-staffy-pup-sale-uk ────────────────────────

    Error: blue-staffy-pup-sale-uk @ 1280px

    [2mexpect([22m[31mreceived[39m[2m).[22mtoEqual[2m([22m[32mexpected[39m[2m) // deep equality[22m

    [32m- Expected  - 1[39m
    [31m+ Received  + 3[39m

    [32m- Array [][39m
    [31m+ Array [[39m
    [31m+   "[IMG] 1 oversized image(s): mark-blue-staffy-london.webp natural=760 painted=319 2.38x",[39m
    [31m+ ][39m

      168 |       blocking.map((d) => `[${d.family}] ${d.message}`),
      169 |       `${target.slug} @ ${viewport}px`,
    > 170 |     ).toEqual([]);
          |       ^
      171 |   });
      172 | }
      173 |
        at /Users/apple/Downloads/BSUK/tests/render/pages.spec.ts:170:7

    Error Context: test-results/pages-blue-staffy-pup-sale-uk-vp1280/error-context.md

  34) [vp1280] › tests/render/pages.spec.ts:109:3 › buy-staffy-puppies-for-sale-uk ─────────────────

    Error: buy-staffy-puppies-for-sale-uk @ 1280px

    [2mexpect([22m[31mreceived[39m[2m).[22mtoEqual[2m([22m[32mexpected[39m[2m) // deep equality[22m

    [32m- Expected  - 1[39m
    [31m+ Received  + 4[39m

    [32m- Array [][39m
    [31m+ Array [[39m
    [31m+   "[LAYOUT] 1 control(s) under 24x24: a 105x20 \"Pets4Homes\"",[39m
    [31m+   "[IMG] 1 oversized image(s): best-blue-staffy-breeder-reviews-puppy-for-sale-uk.webp natural=760 painted=333 2.28x",[39m
    [31m+ ][39m

      168 |       blocking.map((d) => `[${d.family}] ${d.message}`),
      169 |       `${target.slug} @ ${viewport}px`,
    > 170 |     ).toEqual([]);
          |       ^
      171 |   });
      172 | }
      173 |
        at /Users/apple/Downloads/BSUK/tests/render/pages.spec.ts:170:7

    Error Context: test-results/pages-buy-staffy-puppies-for-sale-uk-vp1280/error-context.md

  35) [vp1280] › tests/render/pages.spec.ts:109:3 › available-puppies/roman ────────────────────────

    Error: available-puppies/roman @ 1280px

    [2mexpect([22m[31mreceived[39m[2m).[22mtoEqual[2m([22m[32mexpected[39m[2m) // deep equality[22m

    [32m- Expected  - 1[39m
    [31m+ Received  + 3[39m

    [32m- Array [][39m
    [31m+ Array [[39m
    [31m+   "[SCHEMA] no dateModified in any of the 4 JSON-LD block(s) — scripts/generate_page_dates.py feeds this",[39m
    [31m+ ][39m

      168 |       blocking.map((d) => `[${d.family}] ${d.message}`),
      169 |       `${target.slug} @ ${viewport}px`,
    > 170 |     ).toEqual([]);
          |       ^
      171 |   });
      172 | }
      173 |
        at /Users/apple/Downloads/BSUK/tests/render/pages.spec.ts:170:7

    Error Context: test-results/pages-available-puppies-roman-vp1280/error-context.md

  36) [vp1280] › tests/render/pages.spec.ts:109:3 › available-puppies ──────────────────────────────

    Error: available-puppies @ 1280px

    [2mexpect([22m[31mreceived[39m[2m).[22mtoEqual[2m([22m[32mexpected[39m[2m) // deep equality[22m

    [32m- Expected  - 1[39m
    [31m+ Received  + 4[39m

    [32m- Array [][39m
    [31m+ Array [[39m
    [31m+   "[SEM] 1 skipped heading level(s): H1→H3 at \"Roman\"",[39m
    [31m+   "[SCHEMA] no dateModified in any of the 3 JSON-LD block(s) — scripts/generate_page_dates.py feeds this",[39m
    [31m+ ][39m

      168 |       blocking.map((d) => `[${d.family}] ${d.message}`),
      169 |       `${target.slug} @ ${viewport}px`,
    > 170 |     ).toEqual([]);
          |       ^
      171 |   });
      172 | }
      173 |
        at /Users/apple/Downloads/BSUK/tests/render/pages.spec.ts:170:7

    Error Context: test-results/pages-available-puppies-vp1280/error-context.md

  37) [vp1280] › tests/render/pages.spec.ts:109:3 › uk-blue-staffy-puppy-buying-guide ──────────────

    Error: uk-blue-staffy-puppy-buying-guide @ 1280px

    [2mexpect([22m[31mreceived[39m[2m).[22mtoEqual[2m([22m[32mexpected[39m[2m) // deep equality[22m

    [32m- Expected  - 1[39m
    [31m+ Received  + 4[39m

    [32m- Array [][39m
    [31m+ Array [[39m
    [31m+   "[LAYOUT] 12 control(s) under 24x24: input 478x20 \"\" | input 323x20 \"\" | input 393x20 \"\" | input 267x20 \"\" | input 560x20 \"\" | input 518x20 \"\" | input 463x20 \"\" | input 530x20 \"\" | input 243x20 \"\" | input 600x20 \"\"",[39m
    [31m+   "[SEM] 1 skipped heading level(s): H2→H4 at \"Preparing Your Home Checklist\"",[39m
    [31m+ ][39m

      168 |       blocking.map((d) => `[${d.family}] ${d.message}`),
      169 |       `${target.slug} @ ${viewport}px`,
    > 170 |     ).toEqual([]);
          |       ^
      171 |   });
      172 | }
      173 |
        at /Users/apple/Downloads/BSUK/tests/render/pages.spec.ts:170:7

    Error Context: test-results/pages-uk-blue-staffy-puppy-buying-guide-vp1280/error-context.md

  38) [vp1280] › tests/render/pages.spec.ts:109:3 › uk-staffordshire-bull-terrier-guide ────────────

    Error: uk-staffordshire-bull-terrier-guide @ 1280px

    [2mexpect([22m[31mreceived[39m[2m).[22mtoEqual[2m([22m[32mexpected[39m[2m) // deep equality[22m

    [32m- Expected  - 1[39m
    [31m+ Received  + 3[39m

    [32m- Array [][39m
    [31m+ Array [[39m
    [31m+   "[NAV] 1 of 2 in-page links land outside 65-133px (measured chrome 73px = header:73) — no single page-level cause identified; first: #Staffy-sales@4748px",[39m
    [31m+ ][39m

      168 |       blocking.map((d) => `[${d.family}] ${d.message}`),
      169 |       `${target.slug} @ ${viewport}px`,
    > 170 |     ).toEqual([]);
          |       ^
      171 |   });
      172 | }
      173 |
        at /Users/apple/Downloads/BSUK/tests/render/pages.spec.ts:170:7

    Error Context: test-results/pages-uk-staffordshire-bull-terrier-guide-vp1280/error-context.md

  39) [vp1280] › tests/render/pages.spec.ts:109:3 › blue-staffy-health-uk ──────────────────────────

    Error: blue-staffy-health-uk @ 1280px

    [2mexpect([22m[31mreceived[39m[2m).[22mtoEqual[2m([22m[32mexpected[39m[2m) // deep equality[22m

    [32m- Expected  - 1[39m
    [31m+ Received  + 3[39m

    [32m- Array [][39m
    [31m+ Array [[39m
    [31m+   "[NAV] 1 of 2 in-page links land outside 65-133px (measured chrome 73px = header:73) — no single page-level cause identified; first: #Staffy-sale@3411px",[39m
    [31m+ ][39m

      168 |       blocking.map((d) => `[${d.family}] ${d.message}`),
      169 |       `${target.slug} @ ${viewport}px`,
    > 170 |     ).toEqual([]);
          |       ^
      171 |   });
      172 | }
      173 |
        at /Users/apple/Downloads/BSUK/tests/render/pages.spec.ts:170:7

    Error Context: test-results/pages-blue-staffy-health-uk-vp1280/error-context.md

  40) [vp1280] › tests/render/pages.spec.ts:109:3 › blue-staffy-uk-breeders ────────────────────────

    Error: blue-staffy-uk-breeders @ 1280px

    [2mexpect([22m[31mreceived[39m[2m).[22mtoEqual[2m([22m[32mexpected[39m[2m) // deep equality[22m

    [32m- Expected  - 1[39m
    [31m+ Received  + 4[39m

    [32m- Array [][39m
    [31m+ Array [[39m
    [31m+   "[NAV] 1 of 2 in-page links land outside 65-133px (measured chrome 73px = header:73) — no single page-level cause identified; first: #Staffies-for-sale@1353px",[39m
    [31m+   "[SEM] 1 skipped heading level(s): H2→H4 at \"Uncompromising Health & Transparency\"",[39m
    [31m+ ][39m

      168 |       blocking.map((d) => `[${d.family}] ${d.message}`),
      169 |       `${target.slug} @ ${viewport}px`,
    > 170 |     ).toEqual([]);
          |       ^
      171 |   });
      172 | }
      173 |
        at /Users/apple/Downloads/BSUK/tests/render/pages.spec.ts:170:7

    Error Context: test-results/pages-blue-staffy-uk-breeders-vp1280/error-context.md

  41) [vp1280] › tests/render/pages.spec.ts:109:3 › privacy-policy-uk ──────────────────────────────

    Error: privacy-policy-uk @ 1280px

    [2mexpect([22m[31mreceived[39m[2m).[22mtoEqual[2m([22m[32mexpected[39m[2m) // deep equality[22m

    [32m- Expected  - 1[39m
    [31m+ Received  + 3[39m

    [32m- Array [][39m
    [31m+ Array [[39m
    [31m+   "[SCHEMA] 1 visible date stamp(s): Last Updated: June 20, 2025 — freshness belongs in JSON-LD only",[39m
    [31m+ ][39m

      168 |       blocking.map((d) => `[${d.family}] ${d.message}`),
      169 |       `${target.slug} @ ${viewport}px`,
    > 170 |     ).toEqual([]);
          |       ^
      171 |   });
      172 | }
      173 |
        at /Users/apple/Downloads/BSUK/tests/render/pages.spec.ts:170:7

    Error Context: test-results/pages-privacy-policy-uk-vp1280/error-context.md

  42) [vp1280] › tests/render/pages.spec.ts:109:3 › uk-locations ───────────────────────────────────

    Error: uk-locations @ 1280px

    [2mexpect([22m[31mreceived[39m[2m).[22mtoEqual[2m([22m[32mexpected[39m[2m) // deep equality[22m

    [32m- Expected  - 1[39m
    [31m+ Received  + 3[39m

    [32m- Array [][39m
    [31m+ Array [[39m
    [31m+   "[SCHEMA] no dateModified in any of the 3 JSON-LD block(s) — scripts/generate_page_dates.py feeds this",[39m
    [31m+ ][39m

      168 |       blocking.map((d) => `[${d.family}] ${d.message}`),
      169 |       `${target.slug} @ ${viewport}px`,
    > 170 |     ).toEqual([]);
          |       ^
      171 |   });
      172 | }
      173 |
        at /Users/apple/Downloads/BSUK/tests/render/pages.spec.ts:170:7

    Error Context: test-results/pages-uk-locations-vp1280/error-context.md

  43) [vp1280] › tests/render/pages.spec.ts:109:3 › uk-locations/blue-staffy-puppies-birmingham ────

    Error: uk-locations/blue-staffy-puppies-birmingham @ 1280px

    [2mexpect([22m[31mreceived[39m[2m).[22mtoEqual[2m([22m[32mexpected[39m[2m) // deep equality[22m

    [32m- Expected  - 1[39m
    [31m+ Received  + 3[39m

    [32m- Array [][39m
    [31m+ Array [[39m
    [31m+   "[SCHEMA] no dateModified in any of the 3 JSON-LD block(s) — scripts/generate_page_dates.py feeds this",[39m
    [31m+ ][39m

      168 |       blocking.map((d) => `[${d.family}] ${d.message}`),
      169 |       `${target.slug} @ ${viewport}px`,
    > 170 |     ).toEqual([]);
          |       ^
      171 |   });
      172 | }
      173 |
        at /Users/apple/Downloads/BSUK/tests/render/pages.spec.ts:170:7

    Error Context: test-results/pages-uk-locations-blue-staffy-puppies-birmingham-vp1280/error-context.md

  44) [vp1280] › tests/render/pages.spec.ts:109:3 › uk-locations/blue-staffy-puppies-uk ────────────

    Error: uk-locations/blue-staffy-puppies-uk @ 1280px

    [2mexpect([22m[31mreceived[39m[2m).[22mtoEqual[2m([22m[32mexpected[39m[2m) // deep equality[22m

    [32m- Expected  - 1[39m
    [31m+ Received  + 3[39m

    [32m- Array [][39m
    [31m+ Array [[39m
    [31m+   "[NAV] 1 of 2 in-page links land outside 65-133px (measured chrome 73px = header:73) — no single page-level cause identified; first: #Staffy-adoption@3428px",[39m
    [31m+ ][39m

      168 |       blocking.map((d) => `[${d.family}] ${d.message}`),
      169 |       `${target.slug} @ ${viewport}px`,
    > 170 |     ).toEqual([]);
          |       ^
      171 |   });
      172 | }
      173 |
        at /Users/apple/Downloads/BSUK/tests/render/pages.spec.ts:170:7

    Error Context: test-results/pages-uk-locations-blue-staffy-puppies-uk-vp1280/error-context.md

  45) [vp1280] › tests/render/pages.spec.ts:109:3 › blue-staffy-blog-guides ────────────────────────

    Error: blue-staffy-blog-guides @ 1280px

    [2mexpect([22m[31mreceived[39m[2m).[22mtoEqual[2m([22m[32mexpected[39m[2m) // deep equality[22m

    [32m- Expected  - 1[39m
    [31m+ Received  + 3[39m

    [32m- Array [][39m
    [31m+ Array [[39m
    [31m+   "[SCHEMA] no dateModified in any of the 4 JSON-LD block(s) — scripts/generate_page_dates.py feeds this",[39m
    [31m+ ][39m

      168 |       blocking.map((d) => `[${d.family}] ${d.message}`),
      169 |       `${target.slug} @ ${viewport}px`,
    > 170 |     ).toEqual([]);
          |       ^
      171 |   });
      172 | }
      173 |
        at /Users/apple/Downloads/BSUK/tests/render/pages.spec.ts:170:7

    Error Context: test-results/pages-blue-staffy-blog-guides-vp1280/error-context.md

  46) [vp1280] › tests/render/pages.spec.ts:109:3 › blog ───────────────────────────────────────────

    Error: blog @ 1280px

    [2mexpect([22m[31mreceived[39m[2m).[22mtoEqual[2m([22m[32mexpected[39m[2m) // deep equality[22m

    [32m- Expected  - 1[39m
    [31m+ Received  + 3[39m

    [32m- Array [][39m
    [31m+ Array [[39m
    [31m+   "[SCHEMA] no dateModified in any of the 3 JSON-LD block(s) — scripts/generate_page_dates.py feeds this",[39m
    [31m+ ][39m

      168 |       blocking.map((d) => `[${d.family}] ${d.message}`),
      169 |       `${target.slug} @ ${viewport}px`,
    > 170 |     ).toEqual([]);
          |       ^
      171 |   });
      172 | }
      173 |
        at /Users/apple/Downloads/BSUK/tests/render/pages.spec.ts:170:7

    Error Context: test-results/pages-blog-vp1280/error-context.md

  46 failed
    [vp375] › tests/render/pages.spec.ts:109:3 › index ─────────────────────────────────────────────
    [vp375] › tests/render/pages.spec.ts:109:3 › buy-blue-staffy-puppies-uk ────────────────────────
    [vp375] › tests/render/pages.spec.ts:109:3 › available-puppies/roman ───────────────────────────
    [vp375] › tests/render/pages.spec.ts:109:3 › available-puppies ─────────────────────────────────
    [vp375] › tests/render/pages.spec.ts:109:3 › uk-blue-staffy-puppy-buying-guide ─────────────────
    [vp375] › tests/render/pages.spec.ts:109:3 › uk-staffordshire-bull-terrier-guide ───────────────
    [vp375] › tests/render/pages.spec.ts:109:3 › blue-staffy-health-uk ─────────────────────────────
    [vp375] › tests/render/pages.spec.ts:109:3 › blue-staffy-uk-breeders ───────────────────────────
    [vp375] › tests/render/pages.spec.ts:109:3 › privacy-policy-uk ─────────────────────────────────
    [vp375] › tests/render/pages.spec.ts:109:3 › uk-locations ──────────────────────────────────────
    [vp375] › tests/render/pages.spec.ts:109:3 › uk-locations/blue-staffy-puppies-birmingham ───────
    [vp375] › tests/render/pages.spec.ts:109:3 › uk-locations/blue-staffy-puppies-uk ───────────────
    [vp375] › tests/render/pages.spec.ts:109:3 › blue-staffy-blog-guides ───────────────────────────
    [vp375] › tests/render/pages.spec.ts:109:3 › blog ──────────────────────────────────────────────
    [vp768] › tests/render/pages.spec.ts:109:3 › index ─────────────────────────────────────────────
    [vp768] › tests/render/pages.spec.ts:109:3 › buy-blue-staffy-puppies-uk ────────────────────────
    [vp768] › tests/render/pages.spec.ts:109:3 › blue-staffy-pup-sale-uk ───────────────────────────
    [vp768] › tests/render/pages.spec.ts:109:3 › buy-staffy-puppies-for-sale-uk ────────────────────
    [vp768] › tests/render/pages.spec.ts:109:3 › available-puppies/roman ───────────────────────────
    [vp768] › tests/render/pages.spec.ts:109:3 › available-puppies ─────────────────────────────────
    [vp768] › tests/render/pages.spec.ts:109:3 › uk-blue-staffy-puppy-buying-guide ─────────────────
    [vp768] › tests/render/pages.spec.ts:109:3 › uk-staffordshire-bull-terrier-guide ───────────────
    [vp768] › tests/render/pages.spec.ts:109:3 › blue-staffy-health-uk ─────────────────────────────
    [vp768] › tests/render/pages.spec.ts:109:3 › blue-staffy-uk-breeders ───────────────────────────
    [vp768] › tests/render/pages.spec.ts:109:3 › privacy-policy-uk ─────────────────────────────────
    [vp768] › tests/render/pages.spec.ts:109:3 › uk-locations ──────────────────────────────────────
    [vp768] › tests/render/pages.spec.ts:109:3 › uk-locations/blue-staffy-puppies-birmingham ───────
    [vp768] › tests/render/pages.spec.ts:109:3 › uk-locations/blue-staffy-puppies-uk ───────────────
    [vp768] › tests/render/pages.spec.ts:109:3 › blue-staffy-blog-guides ───────────────────────────
    [vp768] › tests/render/pages.spec.ts:109:3 › blog ──────────────────────────────────────────────
    [vp1280] › tests/render/pages.spec.ts:109:3 › index ────────────────────────────────────────────
    [vp1280] › tests/render/pages.spec.ts:109:3 › buy-blue-staffy-puppies-uk ───────────────────────
    [vp1280] › tests/render/pages.spec.ts:109:3 › blue-staffy-pup-sale-uk ──────────────────────────
    [vp1280] › tests/render/pages.spec.ts:109:3 › buy-staffy-puppies-for-sale-uk ───────────────────
    [vp1280] › tests/render/pages.spec.ts:109:3 › available-puppies/roman ──────────────────────────
    [vp1280] › tests/render/pages.spec.ts:109:3 › available-puppies ────────────────────────────────
    [vp1280] › tests/render/pages.spec.ts:109:3 › uk-blue-staffy-puppy-buying-guide ────────────────
    [vp1280] › tests/render/pages.spec.ts:109:3 › uk-staffordshire-bull-terrier-guide ──────────────
    [vp1280] › tests/render/pages.spec.ts:109:3 › blue-staffy-health-uk ────────────────────────────
    [vp1280] › tests/render/pages.spec.ts:109:3 › blue-staffy-uk-breeders ──────────────────────────
    [vp1280] › tests/render/pages.spec.ts:109:3 › privacy-policy-uk ────────────────────────────────
    [vp1280] › tests/render/pages.spec.ts:109:3 › uk-locations ─────────────────────────────────────
    [vp1280] › tests/render/pages.spec.ts:109:3 › uk-locations/blue-staffy-puppies-birmingham ──────
    [vp1280] › tests/render/pages.spec.ts:109:3 › uk-locations/blue-staffy-puppies-uk ──────────────
    [vp1280] › tests/render/pages.spec.ts:109:3 › blue-staffy-blog-guides ──────────────────────────
    [vp1280] › tests/render/pages.spec.ts:109:3 › blog ─────────────────────────────────────────────
  8 passed (5.1m)
  9 rows   18 inst  available-puppies
  9 rows   21 inst  available-puppies/roman
  9 rows   18 inst  blog
 12 rows   21 inst  blue-staffy-blog-guides
 18 rows  711 inst  blue-staffy-health-uk
 14 rows  467 inst  blue-staffy-pup-sale-uk
 21 rows  570 inst  blue-staffy-uk-breeders
 18 rows  603 inst  buy-blue-staffy-puppies-uk
 19 rows  781 inst  buy-staffy-puppies-for-sale-uk
 20 rows  890 inst  index
 23 rows  109 inst  kit-preview
 15 rows  345 inst  privacy-policy-uk
  9 rows  165 inst  uk-blue-staffy-breeders-contact
 20 rows  873 inst  uk-blue-staffy-puppy-buying-guide
  6 rows   18 inst  uk-locations
  9 rows   24 inst  uk-locations/blue-staffy-puppies-birmingham
 15 rows  684 inst  uk-locations/blue-staffy-puppies-uk
 15 rows  954 inst  uk-staffordshire-bull-terrier-guide
---
261 defect ROWS across 18 pages (run=first, harness 2.0.0). Rows are comparable across families; instances are not.

> bsuk@0.1.0 baseline
> python3 scripts/render_baseline.py --check --out docs/reports/render-baseline-project3.md

examined render-baseline-project3.md; 0 problems
=== RUN 2 ===

> bsuk@0.1.0 build
> astro build

02:01:47 [content] Syncing content
02:01:47 [content] Synced content
02:01:47 [types] Generated 730ms
02:01:47 [build] output: "static"
02:01:47 [build] mode: "static"
02:01:47 [build] directory: /Users/apple/Downloads/BSUK/dist/
02:01:47 [build] Collecting build info...
02:01:47 [build] ✓ Completed in 795ms.
02:01:47 [build] Building static entrypoints...
02:01:50 [vite] ✓ built in 3.10s
02:01:51 [vite] ✓ built in 1.31s
02:01:51 [build] Rearranging server assets...

 generating static routes 
02:01:51   ├─ /available-puppies/roman/index.html (+18ms) 
02:01:51   ├─ /available-puppies/byrd/index.html (+4ms) 
02:01:51   ├─ /available-puppies/ince/index.html (+3ms) 
02:01:51   ├─ /available-puppies/vennie/index.html (+3ms) 
02:01:51   ├─ /available-puppies/christa/index.html (+3ms) 
02:01:51   ├─ /available-puppies/cheryl/index.html (+3ms) 
02:01:51   ├─ /available-puppies/index.html (+7ms) 
02:01:51   ├─ /blog/index.html (+4ms) 
02:01:51   ├─ /blue-staffy-health-uk/index.html (+7ms) 
02:01:51   ├─ /blue-staffy-pup-sale-uk/index.html (+4ms) 
02:01:51   ├─ /blue-staffy-uk-breeders/index.html (+5ms) 
02:01:51   ├─ /buy-blue-staffy-puppies-uk/index.html (+8ms) 
02:01:51   ├─ /buy-staffy-puppies-for-sale-uk/index.html (+7ms) 
02:01:51   ├─ /kit-preview/index.html (+12ms) 
02:01:51   ├─ /privacy-policy-uk/index.html (+4ms) 
02:01:51   ├─ /search/index.html (+3ms) 
02:01:51   ├─ /thank-you-blue-staffy-puppies-journey/index.html (+3ms) 
02:01:51   ├─ /uk-blue-staffy-breeders-contact/index.html (+4ms) 
02:01:51   ├─ /uk-blue-staffy-puppy-buying-guide/index.html (+8ms) 
02:01:51   ├─ /uk-locations/blue-staffies-newcastle-under-lyme/index.html (+2ms) 
02:01:51   ├─ /uk-locations/blue-staffy-puppies-aberdeen/index.html (+2ms) 
02:01:51   ├─ /uk-locations/blue-staffy-puppies-birmingham/index.html (+2ms) 
02:01:51   ├─ /uk-locations/blue-staffy-puppies-bristol-uk/index.html (+2ms) 
02:01:51   ├─ /uk-locations/blue-staffy-puppies-dundee/index.html (+2ms) 
02:01:51   ├─ /uk-locations/blue-staffy-puppies-edinburgh/index.html (+3ms) 
02:01:51   ├─ /uk-locations/blue-staffy-puppies-for-sale-in-leicester/index.html (+2ms) 
02:01:51   ├─ /uk-locations/blue-staffy-puppies-for-sale-leeds/index.html (+2ms) 
02:01:51   ├─ /uk-locations/blue-staffy-puppies-hull/index.html (+2ms) 
02:01:51   ├─ /uk-locations/blue-staffy-puppies-inverness/index.html (+3ms) 
02:01:51   ├─ /uk-locations/blue-staffy-puppies-london/index.html (+4ms) 
02:01:51   ├─ /uk-locations/blue-staffy-puppies-manchester-uk/index.html (+2ms) 
02:01:51   ├─ /uk-locations/blue-staffy-puppies-middlesbrough/index.html (+2ms) 
02:01:51   ├─ /uk-locations/blue-staffy-puppies-oxford/index.html (+2ms) 
02:01:51   ├─ /uk-locations/blue-staffy-puppies-south-yorkshire/index.html (+2ms) 
02:01:51   ├─ /uk-locations/blue-staffy-puppies-sunderland/index.html (+3ms) 
02:01:51   ├─ /uk-locations/blue-staffy-puppies-uk/index.html (+3ms) 
02:01:51   ├─ /uk-locations/blue-staffy-puppies-york/index.html (+4ms) 
02:01:51   ├─ /uk-locations/buy-blue-staffy-puppy-coventry-area/index.html (+2ms) 
02:01:51   ├─ /uk-locations/staffy-breeding-dogs-glasgow/index.html (+3ms) 
02:01:51   ├─ /uk-locations/staffy-puppies-cardiff-wales/index.html (+2ms) 
02:01:51   ├─ /uk-locations/staffy-puppies-for-sale-cornwall/index.html (+2ms) 
02:01:51   ├─ /uk-locations/staffy-puppies-for-sale-essex/index.html (+2ms) 
02:01:51   ├─ /uk-locations/staffy-puppies-for-sale-glasgow/index.html (+2ms) 
02:01:51   ├─ /uk-locations/staffy-puppies-for-sale-liverpool/index.html (+2ms) 
02:01:51   ├─ /uk-locations/staffy-puppies-for-sale-nottingham/index.html (+2ms) 
02:01:51   ├─ /uk-locations/staffy-puppies-wolverhampton/index.html (+2ms) 
02:01:51   ├─ /uk-locations/uk-staffordshire-bull-terrier-breeder/index.html (+2ms) 
02:01:51   ├─ /uk-locations/index.html (+4ms) 
02:01:51   ├─ /uk-staffordshire-bull-terrier-guide/index.html (+8ms) 
02:01:51   ├─ /index.html (+8ms) 
02:01:51   ├─ /blue-staffy-blog-guides/index.html (+2ms) 
02:01:51 ✓ Completed in 259ms.

 generating optimized images 
02:01:51   ▶ /_astro/Roman1.DKvYvyvM_2bjowu.webp (reused cache entry) (+1ms) (1/46)
02:01:51   ▶ /_astro/Byrd1.Dc5KZxb2_Z12dGBv.webp (reused cache entry) (+2ms) (2/46)
02:01:51   ▶ /_astro/Ince1.CjowFAsd_Z8xVgY.webp (reused cache entry) (+2ms) (3/46)
02:01:51   ▶ /_astro/Roman2.C-A0j1ry_1uH9rQ.webp (reused cache entry) (+4ms) (4/46)
02:01:51   ▶ /_astro/Roman1.DKvYvyvM_144hpR.webp (reused cache entry) (+3ms) (5/46)
02:01:51   ▶ /_astro/Byrd1.Dc5KZxb2_Sq7u9.webp (reused cache entry) (+3ms) (6/46)
02:01:51   ▶ /_astro/Ince1.CjowFAsd_1ydgJK.webp (reused cache entry) (+4ms) (7/46)
02:01:51   ▶ /_astro/Roman1.DKvYvyvM_Z3aOFK.webp (reused cache entry) (+2ms) (8/46)
02:01:51   ▶ /_astro/Roman2.C-A0j1ry_Z2h5Yfu.webp (reused cache entry) (+2ms) (9/46)
02:01:51   ▶ /_astro/Byrd1.Dc5KZxb2_Z9yFxp.webp (reused cache entry) (+2ms) (10/46)
02:01:51   ▶ /_astro/Byrd1.Dc5KZxb2_1zROfE.webp (reused cache entry) (+1ms) (11/46)
02:01:51   ▶ /_astro/Roman2.C-A0j1ry_sWg9c.webp (reused cache entry) (+2ms) (12/46)
02:01:51   ▶ /_astro/Ince1.CjowFAsd_Zgl9sa.webp (reused cache entry) (+3ms) (13/46)
02:01:51   ▶ /_astro/Roman2.C-A0j1ry_ZwJcId.webp (reused cache entry) (+2ms) (14/46)
02:01:51   ▶ /_astro/Byrd1.Dc5KZxb2_Z2rts2K.webp (reused cache entry) (+3ms) (15/46)
02:01:51   ▶ /_astro/Ince1.CjowFAsd_2txzAb.webp (reused cache entry) (+2ms) (16/46)
02:01:51   ▶ /_astro/Roman1.DKvYvyvM_ZERQpB.webp (reused cache entry) (+5ms) (17/46)
02:01:51   ▶ /_astro/Roman2.C-A0j1ry_2oY8o4.webp (reused cache entry) (+2ms) (18/46)
02:01:51   ▶ /_astro/Byrd1.Dc5KZxb2_13r1px.webp (reused cache entry) (+2ms) (19/46)
02:01:51   ▶ /_astro/Vennie.ke5yj4Fb_qwe4J.webp (reused cache entry) (+2ms) (20/46)
02:01:51   ▶ /_astro/Ince1.CjowFAsd_Z1xNGHe.webp (reused cache entry) (+3ms) (21/46)
02:01:51   ▶ /_astro/Byrd1.Dc5KZxb2_ZfBevx.webp (reused cache entry) (+2ms) (22/46)
02:01:51   ▶ /_astro/Roman2.C-A0j1ry_2iWGRt.webp (reused cache entry) (+3ms) (23/46)
02:01:51   ▶ /_astro/Ince1.CjowFAsd_1W6LK4.webp (reused cache entry) (+3ms) (24/46)
02:01:51   ▶ /_astro/Vennie.ke5yj4Fb_qmObM.webp (reused cache entry) (+3ms) (25/46)
02:01:51   ▶ /_astro/Christa.DCD6hF9z_24FDMC.webp (reused cache entry) (+2ms) (26/46)
02:01:51   ▶ /_astro/Ince1.CjowFAsd_1nekPD.webp (reused cache entry) (+3ms) (27/46)
02:01:51   ▶ /_astro/Roman2.C-A0j1ry_ZfyScE.webp (reused cache entry) (+4ms) (28/46)
02:01:51   ▶ /_astro/Vennie.ke5yj4Fb_8go8H.webp (reused cache entry) (+4ms) (29/46)
02:01:51   ▶ /_astro/Christa.DCD6hF9z_Z23bJ25.webp (reused cache entry) (+2ms) (30/46)
02:01:51   ▶ /_astro/Vennie.ke5yj4Fb_1fCzYE.webp (reused cache entry) (+1ms) (31/46)
02:01:51   ▶ /_astro/Cheryl1.BA5--lqv_1QWN42.webp (reused cache entry) (+2ms) (32/46)
02:01:51   ▶ /_astro/Vennie.ke5yj4Fb_24EeX6.webp (reused cache entry) (+1ms) (33/46)
02:01:51   ▶ /_astro/Christa.DCD6hF9z_T3FVW.webp (reused cache entry) (+2ms) (34/46)
02:01:51   ▶ /_astro/Christa.DCD6hF9z_4kO1d.webp (reused cache entry) (+2ms) (35/46)
02:01:51   ▶ /_astro/Vennie.ke5yj4Fb_24zx1C.webp (reused cache entry) (+3ms) (36/46)
02:01:51   ▶ /_astro/Cheryl1.BA5--lqv_Z1P5ulo.webp (reused cache entry) (+4ms) (37/46)
02:01:51   ▶ /_astro/Christa.DCD6hF9z_15fV8S.webp (reused cache entry) (+2ms) (38/46)
02:01:51   ▶ /_astro/Vennie.ke5yj4Fb_ZRyHkN.webp (reused cache entry) (+3ms) (39/46)
02:01:51   ▶ /_astro/Cheryl1.BA5--lqv_b7QRc.webp (reused cache entry) (+4ms) (40/46)
02:01:51   ▶ /_astro/Christa.DCD6hF9z_ZXFfKX.webp (reused cache entry) (+3ms) (41/46)
02:01:51   ▶ /_astro/Cheryl1.BA5--lqv_Zvqq7g.webp (reused cache entry) (+2ms) (42/46)
02:01:51   ▶ /_astro/Christa.DCD6hF9z_1u9BJ.webp (reused cache entry) (+2ms) (43/46)
02:01:51   ▶ /_astro/Cheryl1.BA5--lqv_1BX5wb.webp (reused cache entry) (+3ms) (44/46)
02:01:51   ▶ /_astro/Cheryl1.BA5--lqv_2leFTW.webp (reused cache entry) (+3ms) (45/46)
02:01:51   ▶ /_astro/Cheryl1.BA5--lqv_Z1xfPiP.webp (reused cache entry) (+3ms) (46/46)
02:01:51 ✓ Completed in 41ms.

02:01:51 [build] ✓ Completed in 4.79s.
02:01:51 [build] 51 page(s) built in 5.62s
02:01:51 [build] Complete!

> bsuk@0.1.0 postbuild
> python3 scripts/generate_sitemaps.py && python3 scripts/build_search_index.py

WARNING: SITE_URL not set — sitemaps carry https://SITE_URL_PLACEHOLDER
page      13
post      1
location  11
puppy     6
video     4
index: page-sitemap.xml, post-sitemap.xml, location-sitemap.xml, puppy-sitemap.xml, video-sitemap.xml
search index: 31 rows -> public/search-index.json and dist/search-index.json
  Blog 1, Location 11, Page 13, Puppy 6
  2 title(s) carry the former city verbatim from data/page-map.json (Known Issue 16; not rewritten here)

> bsuk@0.1.0 check:all
> npm run check:parity && npm run check:redirects && npm run check:schema && npm run check:sitemaps && npm run check:placeholders && npm run check:markers && npm run agents


> bsuk@0.1.0 check:parity
> python3 scripts/migration_parity.py

# Migration parity

Built pages measured against what the extractor promised. `raw` is the old
`.entry-content` before the extractor's deliberate removals (dead WordPress forms,
the four sold pups' cards); `expected` is the same page after them; `built` is what
`article.prose-migrated` renders. Note that `raw` is itself measured after site
chrome and dead forms are stripped, so it slightly understates the WordPress body.
The gate compares expected → built with a 2% whitespace band; headings must match
exactly, embeds must never decrease, a built page missing its article scope fails,
and expected must keep at least 60% of raw's words.

| URL | words raw→expected→built | headings exp→built | images exp→built | embeds exp→built | cards removed | result |
| --- | --- | --- | --- | --- | --- | --- |
| /blue-staffy-blog-guides/ | 0→0→142 | 0→3 | 0→0 | 0→0 | 0 | PASS (archive) |
| /blue-staffy-health-uk/ | 3510→3165→3165 | 62→62 | 8→8 | 0→0 | 4 | PASS |
| /blue-staffy-pup-sale-uk/ | 1133→788→788 | 18→18 | 5→5 | 0→0 | 4 | PASS |
| /blue-staffy-uk-breeders/ | 2316→1780→1780 | 27→27 | 7→7 | 1→1 | 4 | PASS |
| /buy-blue-staffy-puppies-uk/ | 2488→2254→2254 | 27→27 | 7→7 | 1→1 | 5 | PASS |
| /buy-staffy-puppies-for-sale-uk/ | 4706→4706→4706 | 50→50 | 13→13 | 1→1 | 0 | PASS |
| / | 3369→3112→3112 | 59→59 | 14→14 | 2→2 | 4 | PASS |
| /privacy-policy-uk/ | 1015→1015→1015 | 23→23 | 3→3 | 0→0 | 0 | PASS |
| /thank-you-blue-staffy-puppies-journey/ | 422→422→422 | 5→5 | 1→1 | 0→0 | 0 | PASS |
| /uk-blue-staffy-breeders-contact/ | 397→397→397 | 6→6 | 1→1 | 0→0 | 0 | PASS |
| /uk-blue-staffy-puppy-buying-guide/ | 6117→6117→6117 | 68→68 | 17→17 | 1→1 | 0 | PASS |
| /uk-locations/blue-staffies-newcastle-under-lyme/ | 5→5→5 | 0→0 | 0→0 | 0→0 | 0 | PASS |
| /uk-locations/blue-staffy-puppies-aberdeen/ | 476→443→443 | 10→10 | 0→0 | 0→0 | 4 | PASS (puppy-grid-emptied) |
| /uk-locations/blue-staffy-puppies-birmingham/ | 4→4→4 | 0→0 | 0→0 | 0→0 | 0 | PASS |
| /uk-locations/blue-staffy-puppies-bristol-uk/ | 0→0→0 | 0→0 | 0→0 | 0→0 | 0 | PASS |
| /uk-locations/blue-staffy-puppies-dundee/ | 463→430→430 | 10→10 | 0→0 | 0→0 | 4 | PASS (puppy-grid-emptied) |
| /uk-locations/blue-staffy-puppies-edinburgh/ | 485→452→452 | 10→10 | 0→0 | 0→0 | 4 | PASS (puppy-grid-emptied) |
| /uk-locations/blue-staffy-puppies-for-sale-in-leicester/ | 7→7→7 | 0→0 | 0→0 | 0→0 | 0 | PASS |
| /uk-locations/blue-staffy-puppies-for-sale-leeds/ | 0→0→0 | 0→0 | 0→0 | 0→0 | 0 | PASS |
| /uk-locations/blue-staffy-puppies-hull/ | 470→437→437 | 10→10 | 0→0 | 0→0 | 4 | PASS (puppy-grid-emptied) |
| /uk-locations/blue-staffy-puppies-inverness/ | 469→436→436 | 10→10 | 0→0 | 0→0 | 4 | PASS (puppy-grid-emptied) |
| /uk-locations/blue-staffy-puppies-london/ | 4→4→4 | 0→0 | 0→0 | 0→0 | 0 | PASS |
| /uk-locations/blue-staffy-puppies-manchester-uk/ | 5→5→5 | 0→0 | 0→0 | 0→0 | 0 | PASS |
| /uk-locations/blue-staffy-puppies-middlesbrough/ | 449→416→416 | 10→10 | 0→0 | 0→0 | 4 | PASS (puppy-grid-emptied) |
| /uk-locations/blue-staffy-puppies-oxford/ | 473→440→440 | 10→10 | 0→0 | 0→0 | 4 | PASS (puppy-grid-emptied) |
| /uk-locations/blue-staffy-puppies-south-yorkshire/ | 0→0→0 | 0→0 | 0→0 | 0→0 | 0 | PASS |
| /uk-locations/blue-staffy-puppies-sunderland/ | 464→431→431 | 10→10 | 0→0 | 0→0 | 4 | PASS (puppy-grid-emptied) |
| /uk-locations/blue-staffy-puppies-uk/ | 2112→1767→1767 | 29→29 | 11→11 | 0→0 | 4 | PASS |
| /uk-locations/blue-staffy-puppies-york/ | 474→441→441 | 10→10 | 0→0 | 0→0 | 4 | PASS (puppy-grid-emptied) |
| /uk-locations/buy-blue-staffy-puppy-coventry-area/ | 0→0→0 | 0→0 | 0→0 | 0→0 | 0 | PASS |
| /uk-locations/staffy-breeding-dogs-glasgow/ | 1853→1508→1508 | 19→19 | 4→4 | 1→1 | 4 | PASS |
| /uk-locations/staffy-puppies-cardiff-wales/ | 4→4→4 | 0→0 | 0→0 | 0→0 | 0 | PASS |
| /uk-locations/staffy-puppies-for-sale-cornwall/ | 0→0→0 | 0→0 | 0→0 | 0→0 | 0 | PASS |
| /uk-locations/staffy-puppies-for-sale-essex/ | 0→0→0 | 0→0 | 0→0 | 0→0 | 0 | PASS |
| /uk-locations/staffy-puppies-for-sale-glasgow/ | 5→5→5 | 0→0 | 0→0 | 0→0 | 0 | PASS |
| /uk-locations/staffy-puppies-for-sale-liverpool/ | 5→5→5 | 0→0 | 0→0 | 0→0 | 0 | PASS |
| /uk-locations/staffy-puppies-for-sale-nottingham/ | 5→5→5 | 0→0 | 0→0 | 0→0 | 0 | PASS |
| /uk-locations/staffy-puppies-wolverhampton/ | 3→3→3 | 0→0 | 0→0 | 0→0 | 0 | PASS |
| /uk-locations/uk-staffordshire-bull-terrier-breeder/ | 0→0→0 | 0→0 | 0→0 | 0→0 | 0 | PASS |
| /uk-staffordshire-bull-terrier-guide/ | 4975→4630→4630 | 72→72 | 10→10 | 1→1 | 4 | PASS |

examined 40 pages, 0 failing

examined 40 pages, 0 failing

> bsuk@0.1.0 check:redirects
> python3 scripts/redirect_check.py

# Redirects and internal links

Every concrete redirect must reach a live page in exactly one hop; wildcard and
placeholder rules have only their target checked. Every root-relative reference in
every built page must resolve; one that resolves only *through* a redirect is
reported as a warning, since Foundation keeps two legacy in-body links verbatim and
the fix belongs in the extractor's rewrite map, not in generated HTML. WordPress
leftovers fail outright; `SITE_URL_PLACEHOLDER` is counted only, as it is expected
until the launch domain is set.

## Problems

None.


## Redirected references (warning)

None.

SITE_URL_PLACEHOLDER occurrences: 566 (expected until launch)

examined 18 redirects, 2186 internal refs (distinct per page); 0 redirected refs; 0 problems

examined 18 redirects, 2186 internal refs (distinct per page); 0 redirected refs; 0 problems

> bsuk@0.1.0 check:schema
> python3 scripts/schema_check.py

# Structured data

Every `application/ld+json` block in every built page. Blocking: a block that does
not parse, a `telephone` still holding PHONE_PLACEHOLDER, `InStock` on anything but
an available puppy's page, an `@id` reference no node on the page defines, a Product
with no `offers`, and an Offer stating price without priceCurrency (or the reverse).
An Offer stating neither is a bare availability statement and is left alone.
Advisory: duplicate sitewide nodes, empty `url`, a WebPage with no `name`, and the
InStock URL quoted outside any Offer node.

## Blocking

None.


## Advisory

None.


examined 51 pages; 0 blocking, 0 advisory

examined 51 pages; 0 blocking, 0 advisory

> bsuk@0.1.0 check:sitemaps
> python3 scripts/sitemap_check.py

WARNING: SITE_URL not set — auditing against https://SITE_URL_PLACEHOLDER
# Sitemaps

Every indexable built page appears in exactly one URL shard; `video-sitemap.xml` is
supplementary and excluded from that count. Every `<loc>` must be a built page (or a
served asset) that is not `noindex`, must start with the site base, and must not
repeat within its shard. The index must list every shard in dist/ and nothing else,
and robots.txt must point at exactly `<base>/sitemap_index.xml`.

## Problems

None.


## Shards

| shard | urls |
| --- | --- |
| location-sitemap.xml | 11 |
| page-sitemap.xml | 13 |
| post-sitemap.xml | 1 |
| puppy-sitemap.xml | 6 |
| video-sitemap.xml | 4 |

31 of 51 built pages are indexable; each must appear in exactly one URL shard.

examined 51 built pages, 5 shards, 35 sitemap urls; 0 problems

examined 51 built pages, 5 shards, 35 sitemap urls; 0 problems

> bsuk@0.1.0 check:placeholders
> python3 scripts/placeholder_check.py

# Placeholders (pre-launch build)
  SITE_URL_PLACEHOLDER       903 occurrence(s) in 115 file(s)
  PHONE_PLACEHOLDER           22 occurrence(s) in 14 file(s)
  FORMSPREE_ID_PLACEHOLDER     0 occurrence(s) in 0 file(s)
  LICENCE_CLAIM_PLACEHOLDER   536 occurrence(s) in 74 file(s)
  LEGAL_CLAIM_PLACEHOLDER    144 occurrence(s) in 70 file(s)
  REVIEW_PLACEHOLDER           0 occurrence(s) in 0 file(s)
  TOTAL                     1605
placeholders: 1605 (advisory — set BSUK_RELEASE=1 to make this blocking)

> bsuk@0.1.0 check:markers
> python3 scripts/marker_check.py

examined 240 files; 0 problems

> bsuk@0.1.0 agents
> python3 scripts/build_agent_registry.py --check

examined 36 agents; 0 problems

> bsuk@0.1.0 test:py
> python3 -m pytest tests/py -q

........................................................................ [  5%]
........................................................................ [ 10%]
........................................................................ [ 15%]
.................................x...................................... [ 21%]
s..sssss..s............................................................. [ 26%]
........................................................................ [ 31%]
........................................................................ [ 37%]
........................................................................ [ 42%]
........................................................................ [ 47%]
........................................................................ [ 52%]
........................................................................ [ 58%]
........................................................................ [ 63%]
........................................................................ [ 68%]
........................................................................ [ 74%]
........................................................................ [ 79%]
........................................................................ [ 84%]
........................................................................ [ 89%]
........................................................................ [ 95%]
.................................................................        [100%]
=============================== warnings summary ===============================
tests/py/test_extract_blog.py: 38 warnings
tests/py/test_extract_core.py: 6 warnings
tests/py/test_extract_writers.py: 43 warnings
tests/py/test_images.py: 8 warnings
tests/py/test_old_pups.py: 32 warnings
tests/py/test_parity.py: 19 warnings
  /Users/apple/Library/Python/3.9/lib/python/site-packages/bs4/builder/_lxml.py:124: DeprecationWarning: The 'strip_cdata' option of HTMLParser() has never done anything and will eventually be removed.
    parser = parser(

-- Docs: https://docs.pytest.org/en/stable/how-to/capture-warnings.html
1353 passed, 7 skipped, 1 xfailed, 146 warnings in 86.07s (0:01:26)

> bsuk@0.1.0 test:render:meta
> playwright test -c tests/render/playwright.config.ts meta.spec.ts


Running 360 tests using 2 workers

  ✓    1 [vp375] › tests/render/meta.spec.ts:59:1 › the registry is not empty (6ms)
  ✓    2 [vp768] › tests/render/meta.spec.ts:59:1 › the registry is not empty (12ms)
[WebServer] 127.0.0.1 - - [19/Sep/2026 02:03:37] "GET /tests/render/fixtures/known_broken/form-inquiry-contract.html HTTP/1.1" 200 -
[WebServer] 127.0.0.1 - - [19/Sep/2026 02:03:37] "GET /tests/render/fixtures/known_broken/form-inquiry-contract.html HTTP/1.1" 200 -
  ✓    3 [vp375] › tests/render/meta.spec.ts:96:5 › form-inquiry-contract [FORM] › fires on the known_broken fixture (788ms)
  ✓    4 [vp768] › tests/render/meta.spec.ts:96:5 › form-inquiry-contract [FORM] › fires on the known_broken fixture (847ms)
[WebServer] 127.0.0.1 - - [19/Sep/2026 02:03:37] "GET /tests/render/fixtures/known_good/form-inquiry-contract.html HTTP/1.1" 200 -
[WebServer] 127.0.0.1 - - [19/Sep/2026 02:03:37] "GET /tests/render/fixtures/known_good/form-inquiry-contract.html HTTP/1.1" 200 -
  ✓    6 [vp768] › tests/render/meta.spec.ts:112:5 › form-inquiry-contract [FORM] › is silent on the known_good fixture (273ms)
  ✓    5 [vp375] › tests/render/meta.spec.ts:112:5 › form-inquiry-contract [FORM] › is silent on the known_good fixture (253ms)
[WebServer] 127.0.0.1 - - [19/Sep/2026 02:03:37] "GET /tests/render/fixtures/known_broken/layout-no-horizontal-overflow.html HTTP/1.1" 200 -
[WebServer] 127.0.0.1 - - [19/Sep/2026 02:03:38] "GET /tests/render/fixtures/known_broken/layout-no-horizontal-overflow.html HTTP/1.1" 200 -
  ✓    7 [vp768] › tests/render/meta.spec.ts:96:5 › layout-no-horizontal-overflow [LAYOUT] › fires on the known_broken fixture (274ms)
  ✓    8 [vp375] › tests/render/meta.spec.ts:96:5 › layout-no-horizontal-overflow [LAYOUT] › fires on the known_broken fixture (238ms)
[WebServer] 127.0.0.1 - - [19/Sep/2026 02:03:38] "GET /tests/render/fixtures/known_good/layout-no-horizontal-overflow.html HTTP/1.1" 200 -
[WebServer] 127.0.0.1 - - [19/Sep/2026 02:03:38] "GET /tests/render/fixtures/known_good/layout-no-horizontal-overflow.html HTTP/1.1" 200 -
  ✓   10 [vp375] › tests/render/meta.spec.ts:112:5 › layout-no-horizontal-overflow [LAYOUT] › is silent on the known_good fixture (190ms)
  ✓    9 [vp768] › tests/render/meta.spec.ts:112:5 › layout-no-horizontal-overflow [LAYOUT] › is silent on the known_good fixture (261ms)
[WebServer] 127.0.0.1 - - [19/Sep/2026 02:03:38] "GET /tests/render/fixtures/known_broken/layout-min-font-size.html HTTP/1.1" 200 -
  ✓   11 [vp375] › tests/render/meta.spec.ts:96:5 › layout-min-font-size [LAYOUT] › fires on the known_broken fixture (181ms)
[WebServer] 127.0.0.1 - - [19/Sep/2026 02:03:38] "GET /tests/render/fixtures/known_broken/layout-min-font-size.html HTTP/1.1" 200 -
  ✓   12 [vp768] › tests/render/meta.spec.ts:96:5 › layout-min-font-size [LAYOUT] › fires on the known_broken fixture (237ms)
[WebServer] 127.0.0.1 - - [19/Sep/2026 02:03:38] "GET /tests/render/fixtures/known_good/layout-min-font-size.html HTTP/1.1" 200 -
  ✓   13 [vp375] › tests/render/meta.spec.ts:112:5 › layout-min-font-size [LAYOUT] › is silent on the known_good fixture (187ms)
[WebServer] 127.0.0.1 - - [19/Sep/2026 02:03:38] "GET /tests/render/fixtures/known_good/layout-min-font-size.html HTTP/1.1" 200 -
  ✓   14 [vp768] › tests/render/meta.spec.ts:112:5 › layout-min-font-size [LAYOUT] › is silent on the known_good fixture (257ms)
[WebServer] 127.0.0.1 - - [19/Sep/2026 02:03:39] "GET /tests/render/fixtures/known_broken/layout-tap-target-size.html HTTP/1.1" 200 -
[WebServer] 127.0.0.1 - - [19/Sep/2026 02:03:39] "GET /tests/render/fixtures/known_broken/layout-tap-target-size.html HTTP/1.1" 200 -
  ✓   15 [vp375] › tests/render/meta.spec.ts:96:5 › layout-tap-target-size [LAYOUT] › fires on the known_broken fixture (273ms)
  ✓   16 [vp768] › tests/render/meta.spec.ts:96:5 › layout-tap-target-size [LAYOUT] › fires on the known_broken fixture (285ms)
[WebServer] 127.0.0.1 - - [19/Sep/2026 02:03:39] "GET /tests/render/fixtures/known_good/layout-tap-target-size.html HTTP/1.1" 200 -
[WebServer] 127.0.0.1 - - [19/Sep/2026 02:03:39] "GET /tests/render/fixtures/known_good/layout-tap-target-size.html HTTP/1.1" 200 -
  ✓   17 [vp375] › tests/render/meta.spec.ts:112:5 › layout-tap-target-size [LAYOUT] › is silent on the known_good fixture (251ms)
  ✓   18 [vp768] › tests/render/meta.spec.ts:112:5 › layout-tap-target-size [LAYOUT] › is silent on the known_good fixture (249ms)
[WebServer] 127.0.0.1 - - [19/Sep/2026 02:03:39] "GET /tests/render/fixtures/known_broken/layout-hero-counter-separation.html HTTP/1.1" 200 -
[WebServer] 127.0.0.1 - - [19/Sep/2026 02:03:39] "GET /tests/render/fixtures/known_broken/layout-hero-counter-separation.html HTTP/1.1" 200 -
  ✓   19 [vp375] › tests/render/meta.spec.ts:96:5 › layout-hero-counter-separation [LAYOUT] › fires on the known_broken fixture (239ms)
  ✓   20 [vp768] › tests/render/meta.spec.ts:96:5 › layout-hero-counter-separation [LAYOUT] › fires on the known_broken fixture (235ms)
[WebServer] 127.0.0.1 - - [19/Sep/2026 02:03:39] "GET /tests/render/fixtures/known_good/layout-hero-counter-separation.html HTTP/1.1" 200 -
  ✓   21 [vp375] › tests/render/meta.spec.ts:112:5 › layout-hero-counter-separation [LAYOUT] › is silent on the known_good fixture (211ms)
[WebServer] 127.0.0.1 - - [19/Sep/2026 02:03:40] "GET /tests/render/fixtures/known_good/layout-hero-counter-separation.html HTTP/1.1" 200 -
  ✓   22 [vp768] › tests/render/meta.spec.ts:112:5 › layout-hero-counter-separation [LAYOUT] › is silent on the known_good fixture (188ms)
[WebServer] 127.0.0.1 - - [19/Sep/2026 02:03:40] "GET /tests/render/fixtures/known_broken/layout-h3-image-first.html HTTP/1.1" 200 -
  ✓   23 [vp375] › tests/render/meta.spec.ts:96:5 › layout-h3-image-first [LAYOUT] › fires on the known_broken fixture (182ms)
[WebServer] 127.0.0.1 - - [19/Sep/2026 02:03:40] "GET /tests/render/fixtures/known_broken/layout-h3-image-first.html HTTP/1.1" 200 -
[WebServer] 127.0.0.1 - - [19/Sep/2026 02:03:40] "GET /tests/render/fixtures/known_good/layout-h3-image-first.html HTTP/1.1" 200 -
  ✓   24 [vp768] › tests/render/meta.spec.ts:96:5 › layout-h3-image-first [LAYOUT] › fires on the known_broken fixture (363ms)
  ✓   25 [vp375] › tests/render/meta.spec.ts:112:5 › layout-h3-image-first [LAYOUT] › is silent on the known_good fixture (345ms)
[WebServer] 127.0.0.1 - - [19/Sep/2026 02:03:40] "GET /tests/render/fixtures/known_good/layout-h3-image-first.html HTTP/1.1" 200 -
  ✓   26 [vp768] › tests/render/meta.spec.ts:112:5 › layout-h3-image-first [LAYOUT] › is silent on the known_good fixture (169ms)
[WebServer] 127.0.0.1 - - [19/Sep/2026 02:03:40] "GET /tests/render/fixtures/known_broken/layout-image-box-reserved.html HTTP/1.1" 200 -
[WebServer] 127.0.0.1 - - [19/Sep/2026 02:03:40] "GET /tests/render/fixtures/assets/wide-1600.png HTTP/1.1" 200 -
[WebServer] 127.0.0.1 - - [19/Sep/2026 02:03:40] code 404, message File not found
[WebServer] 127.0.0.1 - - [19/Sep/2026 02:03:40] "GET /__bsuk_pending_image__/0.webp HTTP/1.1" 404 -
  ✓   27 [vp375] › tests/render/meta.spec.ts:96:5 › layout-image-box-reserved [LAYOUT] › fires on the known_broken fixture (265ms)
[WebServer] 127.0.0.1 - - [19/Sep/2026 02:03:40] "GET /tests/render/fixtures/known_broken/layout-image-box-reserved.html HTTP/1.1" 200 -
[WebServer] 127.0.0.1 - - [19/Sep/2026 02:03:40] "GET /tests/render/fixtures/assets/wide-1600.png HTTP/1.1" 200 -
[WebServer] 127.0.0.1 - - [19/Sep/2026 02:03:41] code 404, message File not found
[WebServer] 127.0.0.1 - - [19/Sep/2026 02:03:41] "GET /__bsuk_pending_image__/0.webp HTTP/1.1" 404 -
  ✓   28 [vp768] › tests/render/meta.spec.ts:96:5 › layout-image-box-reserved [LAYOUT] › fires on the known_broken fixture (283ms)
[WebServer] 127.0.0.1 - - [19/Sep/2026 02:03:41] "GET /tests/render/fixtures/known_good/layout-image-box-reserved.html HTTP/1.1" 200 -
[WebServer] 127.0.0.1 - - [19/Sep/2026 02:03:41] "GET /tests/render/fixtures/assets/wide-1600.png HTTP/1.1" 200 -
[WebServer] 127.0.0.1 - - [19/Sep/2026 02:03:41] code 404, message File not found
[WebServer] 127.0.0.1 - - [19/Sep/2026 02:03:41] "GET /__bsuk_pending_image__/0.webp HTTP/1.1" 404 -
  ✓   29 [vp375] › tests/render/meta.spec.ts:112:5 › layout-image-box-reserved [LAYOUT] › is silent on the known_good fixture (260ms)
[WebServer] 127.0.0.1 - - [19/Sep/2026 02:03:41] "GET /tests/render/fixtures/known_good/layout-image-box-reserved.html HTTP/1.1" 200 -
[WebServer] 127.0.0.1 - - [19/Sep/2026 02:03:41] "GET /tests/render/fixtures/assets/wide-1600.png HTTP/1.1" 200 -
[WebServer] 127.0.0.1 - - [19/Sep/2026 02:03:41] code 404, message File not found
[WebServer] 127.0.0.1 - - [19/Sep/2026 02:03:41] "GET /__bsuk_pending_image__/0.webp HTTP/1.1" 404 -
  ✓   30 [vp768] › tests/render/meta.spec.ts:112:5 › layout-image-box-reserved [LAYOUT] › is silent on the known_good fixture (341ms)
[WebServer] 127.0.0.1 - - [19/Sep/2026 02:03:41] "GET /tests/render/fixtures/known_broken/img-srcset-within-2x.html HTTP/1.1" 200 -
[WebServer] 127.0.0.1 - - [19/Sep/2026 02:03:41] "GET /tests/render/fixtures/assets/wide-1600.png HTTP/1.1" 200 -
[WebServer] 127.0.0.1 - - [19/Sep/2026 02:03:41] "GET /tests/render/fixtures/known_broken/img-srcset-within-2x.html HTTP/1.1" 200 -
[WebServer] 127.0.0.1 - - [19/Sep/2026 02:03:41] "GET /tests/render/fixtures/assets/wide-1600.png HTTP/1.1" 200 -
  ✓   31 [vp375] › tests/render/meta.spec.ts:96:5 › img-srcset-within-2x [IMG] › fires on the known_broken fixture (387ms)
[WebServer] 127.0.0.1 - - [19/Sep/2026 02:03:41] "GET /tests/render/fixtures/known_good/img-srcset-within-2x.html HTTP/1.1" 200 -
[WebServer] 127.0.0.1 - - [19/Sep/2026 02:03:41] "GET /tests/render/fixtures/assets/narrow-400.png HTTP/1.1" 200 -
  ✓   32 [vp768] › tests/render/meta.spec.ts:96:5 › img-srcset-within-2x [IMG] › fires on the known_broken fixture (386ms)
[WebServer] 127.0.0.1 - - [19/Sep/2026 02:03:41] "GET /tests/render/fixtures/known_good/img-srcset-within-2x.html HTTP/1.1" 200 -
[WebServer] 127.0.0.1 - - [19/Sep/2026 02:03:41] "GET /tests/render/fixtures/assets/narrow-400.png HTTP/1.1" 200 -
  ✓   33 [vp375] › tests/render/meta.spec.ts:112:5 › img-srcset-within-2x [IMG] › is silent on the known_good fixture (326ms)
[WebServer] 127.0.0.1 - - [19/Sep/2026 02:03:42] "GET /tests/render/fixtures/known_broken/img-alt-present-and-unique.html HTTP/1.1" 200 -
[WebServer] 127.0.0.1 - - [19/Sep/2026 02:03:42] "GET /tests/render/fixtures/assets/narrow-400.png HTTP/1.1" 200 -
  ✓   34 [vp768] › tests/render/meta.spec.ts:112:5 › img-srcset-within-2x [IMG] › is silent on the known_good fixture (316ms)
[WebServer] 127.0.0.1 - - [19/Sep/2026 02:03:42] "GET /tests/render/fixtures/known_broken/img-alt-present-and-unique.html HTTP/1.1" 200 -
[WebServer] 127.0.0.1 - - [19/Sep/2026 02:03:42] "GET /tests/render/fixtures/assets/narrow-400.png HTTP/1.1" 200 -
  ✓   35 [vp375] › tests/render/meta.spec.ts:96:5 › img-alt-present-and-unique [IMG] › fires on the known_broken fixture (316ms)
[WebServer] 127.0.0.1 - - [19/Sep/2026 02:03:42] "GET /tests/render/fixtures/known_good/img-alt-present-and-unique.html HTTP/1.1" 200 -
[WebServer] 127.0.0.1 - - [19/Sep/2026 02:03:42] "GET /tests/render/fixtures/assets/narrow-400.png HTTP/1.1" 200 -
  ✓   36 [vp768] › tests/render/meta.spec.ts:96:5 › img-alt-present-and-unique [IMG] › fires on the known_broken fixture (323ms)
[WebServer] 127.0.0.1 - - [19/Sep/2026 02:03:42] "GET /tests/render/fixtures/known_good/img-alt-present-and-unique.html HTTP/1.1" 200 -
[WebServer] 127.0.0.1 - - [19/Sep/2026 02:03:42] "GET /tests/render/fixtures/assets/narrow-400.png HTTP/1.1" 200 -
  ✓   37 [vp375] › tests/render/meta.spec.ts:112:5 › img-alt-present-and-unique [IMG] › is silent on the known_good fixture (320ms)
[WebServer] 127.0.0.1 - - [19/Sep/2026 02:03:42] "GET /tests/render/fixtures/known_broken/nav-anchors-resolve.html HTTP/1.1" 200 -
  ✓   38 [vp768] › tests/render/meta.spec.ts:112:5 › img-alt-present-and-unique [IMG] › is silent on the known_good fixture (348ms)
  ✓   39 [vp375] › tests/render/meta.spec.ts:96:5 › nav-anchors-resolve [NAV] › fires on the known_broken fixture (202ms)
[WebServer] 127.0.0.1 - - [19/Sep/2026 02:03:43] "GET /tests/render/fixtures/known_broken/nav-anchors-resolve.html HTTP/1.1" 200 -
[WebServer] 127.0.0.1 - - [19/Sep/2026 02:03:43] "GET /tests/render/fixtures/known_good/nav-anchors-resolve.html HTTP/1.1" 200 -
  ✓   40 [vp768] › tests/render/meta.spec.ts:96:5 › nav-anchors-resolve [NAV] › fires on the known_broken fixture (227ms)
  ✓   41 [vp375] › tests/render/meta.spec.ts:112:5 › nav-anchors-resolve [NAV] › is silent on the known_good fixture (221ms)
[WebServer] 127.0.0.1 - - [19/Sep/2026 02:03:43] "GET /tests/render/fixtures/known_good/nav-anchors-resolve.html HTTP/1.1" 200 -
[WebServer] 127.0.0.1 - - [19/Sep/2026 02:03:43] "GET /tests/render/fixtures/known_broken/nav-jump-target-lands.html HTTP/1.1" 200 -
  ✓   42 [vp768] › tests/render/meta.spec.ts:112:5 › nav-anchors-resolve [NAV] › is silent on the known_good fixture (189ms)
[WebServer] 127.0.0.1 - - [19/Sep/2026 02:03:43] "GET /tests/render/fixtures/known_broken/nav-jump-target-lands.html HTTP/1.1" 200 -
  ✓   43 [vp375] › tests/render/meta.spec.ts:96:5 › nav-jump-target-lands [NAV] › fires on the known_broken fixture (1.8s)
  ✓   44 [vp768] › tests/render/meta.spec.ts:96:5 › nav-jump-target-lands [NAV] › fires on the known_broken fixture (1.6s)
[WebServer] 127.0.0.1 - - [19/Sep/2026 02:03:45] "GET /tests/render/fixtures/known_good/nav-jump-target-lands.html HTTP/1.1" 200 -
[WebServer] 127.0.0.1 - - [19/Sep/2026 02:03:45] "GET /tests/render/fixtures/known_good/nav-jump-target-lands.html HTTP/1.1" 200 -
  ✓   45 [vp375] › tests/render/meta.spec.ts:112:5 › nav-jump-target-lands [NAV] › is silent on the known_good fixture (1.8s)
[WebServer] 127.0.0.1 - - [19/Sep/2026 02:03:46] "GET /tests/render/fixtures/known_broken/sem-heading-order.html HTTP/1.1" 200 -
  ✓   46 [vp768] › tests/render/meta.spec.ts:112:5 › nav-jump-target-lands [NAV] › is silent on the known_good fixture (2.0s)
  ✓   47 [vp375] › tests/render/meta.spec.ts:96:5 › sem-heading-order [SEM] › fires on the known_broken fixture (174ms)
[WebServer] 127.0.0.1 - - [19/Sep/2026 02:03:47] "GET /tests/render/fixtures/known_broken/sem-heading-order.html HTTP/1.1" 200 -
[WebServer] 127.0.0.1 - - [19/Sep/2026 02:03:47] "GET /tests/render/fixtures/known_good/sem-heading-order.html HTTP/1.1" 200 -
  ✓   48 [vp768] › tests/render/meta.spec.ts:96:5 › sem-heading-order [SEM] › fires on the known_broken fixture (165ms)
  ✓   49 [vp375] › tests/render/meta.spec.ts:112:5 › sem-heading-order [SEM] › is silent on the known_good fixture (191ms)
[WebServer] 127.0.0.1 - - [19/Sep/2026 02:03:47] "GET /tests/render/fixtures/known_good/sem-heading-order.html HTTP/1.1" 200 -
  ✓   50 [vp768] › tests/render/meta.spec.ts:112:5 › sem-heading-order [SEM] › is silent on the known_good fixture (154ms)
[WebServer] 127.0.0.1 - - [19/Sep/2026 02:03:47] "GET /tests/render/fixtures/known_broken/sem-all-six-levels.html HTTP/1.1" 200 -
  ✓   51 [vp375] › tests/render/meta.spec.ts:96:5 › sem-all-six-levels [SEM] › fires on the known_broken fixture (222ms)
[WebServer] 127.0.0.1 - - [19/Sep/2026 02:03:47] "GET /tests/render/fixtures/known_broken/sem-all-six-levels.html HTTP/1.1" 200 -
  ✓   52 [vp768] › tests/render/meta.spec.ts:96:5 › sem-all-six-levels [SEM] › fires on the known_broken fixture (153ms)
[WebServer] 127.0.0.1 - - [19/Sep/2026 02:03:47] "GET /tests/render/fixtures/known_good/sem-all-six-levels.html HTTP/1.1" 200 -
[WebServer] 127.0.0.1 - - [19/Sep/2026 02:03:47] "GET /tests/render/fixtures/known_good/sem-all-six-levels.html HTTP/1.1" 200 -
  ✓   53 [vp375] › tests/render/meta.spec.ts:112:5 › sem-all-six-levels [SEM] › is silent on the known_good fixture (173ms)
  ✓   54 [vp768] › tests/render/meta.spec.ts:112:5 › sem-all-six-levels [SEM] › is silent on the known_good fixture (175ms)
[WebServer] 127.0.0.1 - - [19/Sep/2026 02:03:47] "GET /tests/render/fixtures/known_broken/sem-title-case-headings.html HTTP/1.1" 200 -
[WebServer] 127.0.0.1 - - [19/Sep/2026 02:03:47] "GET /tests/render/fixtures/known_broken/sem-title-case-headings.html HTTP/1.1" 200 -
  ✓   55 [vp375] › tests/render/meta.spec.ts:96:5 › sem-title-case-headings [SEM] › fires on the known_broken fixture (208ms)
  ✓   56 [vp768] › tests/render/meta.spec.ts:96:5 › sem-title-case-headings [SEM] › fires on the known_broken fixture (210ms)
[WebServer] 127.0.0.1 - - [19/Sep/2026 02:03:48] "GET /tests/render/fixtures/known_good/sem-title-case-headings.html HTTP/1.1" 200 -
[WebServer] 127.0.0.1 - - [19/Sep/2026 02:03:48] "GET /tests/render/fixtures/known_good/sem-title-case-headings.html HTTP/1.1" 200 -
  ✓   57 [vp375] › tests/render/meta.spec.ts:112:5 › sem-title-case-headings [SEM] › is silent on the known_good fixture (271ms)
  ✓   58 [vp768] › tests/render/meta.spec.ts:112:5 › sem-title-case-headings [SEM] › is silent on the known_good fixture (273ms)
[WebServer] 127.0.0.1 - - [19/Sep/2026 02:03:48] "GET /tests/render/fixtures/known_broken/sem-section-opening-paragraph.html HTTP/1.1" 200 -
[WebServer] 127.0.0.1 - - [19/Sep/2026 02:03:48] "GET /tests/render/fixtures/known_broken/sem-section-opening-paragraph.html HTTP/1.1" 200 -
  ✓   59 [vp375] › tests/render/meta.spec.ts:96:5 › sem-section-opening-paragraph [SEM] › fires on the known_broken fixture (206ms)
  ✓   60 [vp768] › tests/render/meta.spec.ts:96:5 › sem-section-opening-paragraph [SEM] › fires on the known_broken fixture (171ms)
[WebServer] 127.0.0.1 - - [19/Sep/2026 02:03:48] "GET /tests/render/fixtures/known_good/sem-section-opening-paragraph.html HTTP/1.1" 200 -
[WebServer] 127.0.0.1 - - [19/Sep/2026 02:03:48] "GET /tests/render/fixtures/known_good/sem-section-opening-paragraph.html HTTP/1.1" 200 -
  ✓   61 [vp375] › tests/render/meta.spec.ts:112:5 › sem-section-opening-paragraph [SEM] › is silent on the known_good fixture (169ms)
  ✓   62 [vp768] › tests/render/meta.spec.ts:112:5 › sem-section-opening-paragraph [SEM] › is silent on the known_good fixture (189ms)
[WebServer] 127.0.0.1 - - [19/Sep/2026 02:03:48] "GET /tests/render/fixtures/known_broken/sem-statement-label-visible.html HTTP/1.1" 200 -
[WebServer] 127.0.0.1 - - [19/Sep/2026 02:03:48] "GET /tests/render/fixtures/known_broken/sem-statement-label-visible.html HTTP/1.1" 200 -
  ✓   63 [vp375] › tests/render/meta.spec.ts:96:5 › sem-statement-label-visible [SEM] › fires on the known_broken fixture (169ms)
  ✓   64 [vp768] › tests/render/meta.spec.ts:96:5 › sem-statement-label-visible [SEM] › fires on the known_broken fixture (164ms)
[WebServer] 127.0.0.1 - - [19/Sep/2026 02:03:48] "GET /tests/render/fixtures/known_good/sem-statement-label-visible.html HTTP/1.1" 200 -
[WebServer] 127.0.0.1 - - [19/Sep/2026 02:03:48] "GET /tests/render/fixtures/known_good/sem-statement-label-visible.html HTTP/1.1" 200 -
  ✓   65 [vp375] › tests/render/meta.spec.ts:112:5 › sem-statement-label-visible [SEM] › is silent on the known_good fixture (197ms)
  ✓   66 [vp768] › tests/render/meta.spec.ts:112:5 › sem-statement-label-visible [SEM] › is silent on the known_good fixture (201ms)
[WebServer] 127.0.0.1 - - [19/Sep/2026 02:03:49] "GET /tests/render/fixtures/known_broken/schema-single-product-offer.html HTTP/1.1" 200 -
[WebServer] 127.0.0.1 - - [19/Sep/2026 02:03:49] "GET /tests/render/fixtures/known_broken/schema-single-product-offer.html HTTP/1.1" 200 -
  ✓   68 [vp768] › tests/render/meta.spec.ts:96:5 › schema-single-product-offer [SCHEMA] › fires on the known_broken fixture (212ms)
  ✓   67 [vp375] › tests/render/meta.spec.ts:96:5 › schema-single-product-offer [SCHEMA] › fires on the known_broken fixture (241ms)
[WebServer] 127.0.0.1 - - [19/Sep/2026 02:03:49] "GET /tests/render/fixtures/known_good/schema-single-product-offer.html HTTP/1.1" 200 -
[WebServer] 127.0.0.1 - - [19/Sep/2026 02:03:49] "GET /tests/render/fixtures/known_good/schema-single-product-offer.html HTTP/1.1" 200 -
  ✓   70 [vp375] › tests/render/meta.spec.ts:112:5 › schema-single-product-offer [SCHEMA] › is silent on the known_good fixture (174ms)
  ✓   69 [vp768] › tests/render/meta.spec.ts:112:5 › schema-single-product-offer [SCHEMA] › is silent on the known_good fixture (206ms)
[WebServer] 127.0.0.1 - - [19/Sep/2026 02:03:49] "GET /tests/render/fixtures/known_broken/schema-sold-not-instock.html HTTP/1.1" 200 -
[WebServer] 127.0.0.1 - - [19/Sep/2026 02:03:49] "GET /tests/render/fixtures/known_broken/schema-sold-not-instock.html HTTP/1.1" 200 -
  ✓   71 [vp375] › tests/render/meta.spec.ts:96:5 › schema-sold-not-instock [SCHEMA] › fires on the known_broken fixture (180ms)
  ✓   72 [vp768] › tests/render/meta.spec.ts:96:5 › schema-sold-not-instock [SCHEMA] › fires on the known_broken fixture (172ms)
[WebServer] 127.0.0.1 - - [19/Sep/2026 02:03:49] "GET /tests/render/fixtures/known_good/schema-sold-not-instock.html HTTP/1.1" 200 -
[WebServer] 127.0.0.1 - - [19/Sep/2026 02:03:49] "GET /tests/render/fixtures/known_good/schema-sold-not-instock.html HTTP/1.1" 200 -
  ✓   73 [vp375] › tests/render/meta.spec.ts:112:5 › schema-sold-not-instock [SCHEMA] › is silent on the known_good fixture (170ms)
  ✓   74 [vp768] › tests/render/meta.spec.ts:112:5 › schema-sold-not-instock [SCHEMA] › is silent on the known_good fixture (189ms)
[WebServer] 127.0.0.1 - - [19/Sep/2026 02:03:49] "GET /tests/render/fixtures/known_broken/schema-date-modified-present.html HTTP/1.1" 200 -
[WebServer] 127.0.0.1 - - [19/Sep/2026 02:03:49] "GET /tests/render/fixtures/known_broken/schema-date-modified-present.html HTTP/1.1" 200 -
  ✓   75 [vp375] › tests/render/meta.spec.ts:96:5 › schema-date-modified-present [SCHEMA] › fires on the known_broken fixture (168ms)
  ✓   76 [vp768] › tests/render/meta.spec.ts:96:5 › schema-date-modified-present [SCHEMA] › fires on the known_broken fixture (181ms)
[WebServer] 127.0.0.1 - - [19/Sep/2026 02:03:50] "GET /tests/render/fixtures/known_good/schema-date-modified-present.html HTTP/1.1" 200 -
[WebServer] 127.0.0.1 - - [19/Sep/2026 02:03:50] "GET /tests/render/fixtures/known_good/schema-date-modified-present.html HTTP/1.1" 200 -
  ✓   77 [vp375] › tests/render/meta.spec.ts:112:5 › schema-date-modified-present [SCHEMA] › is silent on the known_good fixture (160ms)
  ✓   78 [vp768] › tests/render/meta.spec.ts:112:5 › schema-date-modified-present [SCHEMA] › is silent on the known_good fixture (168ms)
[WebServer] 127.0.0.1 - - [19/Sep/2026 02:03:50] "GET /tests/render/fixtures/known_broken/schema-no-visible-date.html HTTP/1.1" 200 -
[WebServer] 127.0.0.1 - - [19/Sep/2026 02:03:50] "GET /tests/render/fixtures/known_broken/schema-no-visible-date.html HTTP/1.1" 200 -
  ✓   79 [vp375] › tests/render/meta.spec.ts:96:5 › schema-no-visible-date [SCHEMA] › fires on the known_broken fixture (164ms)
  ✓   80 [vp768] › tests/render/meta.spec.ts:96:5 › schema-no-visible-date [SCHEMA] › fires on the known_broken fixture (183ms)
[WebServer] 127.0.0.1 - - [19/Sep/2026 02:03:50] "GET /tests/render/fixtures/known_good/schema-no-visible-date.html HTTP/1.1" 200 -
[WebServer] 127.0.0.1 - - [19/Sep/2026 02:03:50] "GET /tests/render/fixtures/known_good/schema-no-visible-date.html HTTP/1.1" 200 -
  ✓   81 [vp375] › tests/render/meta.spec.ts:112:5 › schema-no-visible-date [SCHEMA] › is silent on the known_good fixture (159ms)
  ✓   82 [vp768] › tests/render/meta.spec.ts:112:5 › schema-no-visible-date [SCHEMA] › is silent on the known_good fixture (172ms)
[WebServer] 127.0.0.1 - - [19/Sep/2026 02:03:50] "GET /tests/render/fixtures/known_broken/css-class-resolves.html HTTP/1.1" 200 -
[WebServer] 127.0.0.1 - - [19/Sep/2026 02:03:50] "GET /tests/render/fixtures/known_broken/css-class-resolves.html HTTP/1.1" 200 -
  ✓   83 [vp375] › tests/render/meta.spec.ts:96:5 › css-class-resolves [CSS] › fires on the known_broken fixture (216ms)
  ✓   84 [vp768] › tests/render/meta.spec.ts:96:5 › css-class-resolves [CSS] › fires on the known_broken fixture (216ms)
[WebServer] 127.0.0.1 - - [19/Sep/2026 02:03:50] "GET /tests/render/fixtures/known_good/css-class-resolves.html HTTP/1.1" 200 -
[WebServer] 127.0.0.1 - - [19/Sep/2026 02:03:50] "GET /tests/render/fixtures/known_good/css-class-resolves.html HTTP/1.1" 200 -
  ✓   85 [vp375] › tests/render/meta.spec.ts:112:5 › css-class-resolves [CSS] › is silent on the known_good fixture (190ms)
  ✓   86 [vp768] › tests/render/meta.spec.ts:112:5 › css-class-resolves [CSS] › is silent on the known_good fixture (167ms)
[WebServer] 127.0.0.1 - - [19/Sep/2026 02:03:51] "GET /tests/render/fixtures/known_broken/css-no-dead-component-rule.html HTTP/1.1" 200 -
[WebServer] 127.0.0.1 - - [19/Sep/2026 02:03:51] "GET /tests/render/fixtures/known_broken/css-no-dead-component-rule.html HTTP/1.1" 200 -
  ✓   87 [vp375] › tests/render/meta.spec.ts:96:5 › css-no-dead-component-rule [CSS] › fires on the known_broken fixture (200ms)
  ✓   88 [vp768] › tests/render/meta.spec.ts:96:5 › css-no-dead-component-rule [CSS] › fires on the known_broken fixture (197ms)
[WebServer] 127.0.0.1 - - [19/Sep/2026 02:03:51] "GET /tests/render/fixtures/known_good/css-no-dead-component-rule.html HTTP/1.1" 200 -
[WebServer] 127.0.0.1 - - [19/Sep/2026 02:03:51] "GET /tests/render/fixtures/known_good/css-no-dead-component-rule.html HTTP/1.1" 200 -
  ✓   89 [vp375] › tests/render/meta.spec.ts:112:5 › css-no-dead-component-rule [CSS] › is silent on the known_good fixture (170ms)
  ✓   90 [vp768] › tests/render/meta.spec.ts:112:5 › css-no-dead-component-rule [CSS] › is silent on the known_good fixture (175ms)
[WebServer] 127.0.0.1 - - [19/Sep/2026 02:03:51] "GET /tests/render/fixtures/known_broken/css-component-color-not-overridden.html HTTP/1.1" 200 -
[WebServer] 127.0.0.1 - - [19/Sep/2026 02:03:51] "GET /tests/render/fixtures/known_broken/css-component-color-not-overridden.html HTTP/1.1" 200 -
  ✓   91 [vp375] › tests/render/meta.spec.ts:96:5 › css-component-color-not-overridden [CSS] › fires on the known_broken fixture (173ms)
  ✓   92 [vp768] › tests/render/meta.spec.ts:96:5 › css-component-color-not-overridden [CSS] › fires on the known_broken fixture (168ms)
[WebServer] 127.0.0.1 - - [19/Sep/2026 02:03:51] "GET /tests/render/fixtures/known_good/css-component-color-not-overridden.html HTTP/1.1" 200 -
[WebServer] 127.0.0.1 - - [19/Sep/2026 02:03:51] "GET /tests/render/fixtures/known_good/css-component-color-not-overridden.html HTTP/1.1" 200 -
  ✓   94 [vp768] › tests/render/meta.spec.ts:112:5 › css-component-color-not-overridden [CSS] › is silent on the known_good fixture (171ms)
  ✓   93 [vp375] › tests/render/meta.spec.ts:112:5 › css-component-color-not-overridden [CSS] › is silent on the known_good fixture (214ms)
[WebServer] 127.0.0.1 - - [19/Sep/2026 02:03:51] "GET /tests/render/fixtures/known_broken/dup-no-sibling-crossover.html HTTP/1.1" 200 -
[WebServer] 127.0.0.1 - - [19/Sep/2026 02:03:51] "GET /tests/render/fixtures/known_broken/dup-no-sibling-crossover.html HTTP/1.1" 200 -
  ✓   96 [vp375] › tests/render/meta.spec.ts:96:5 › dup-no-sibling-crossover [DUP] › fires on the known_broken fixture (222ms)
  ✓   95 [vp768] › tests/render/meta.spec.ts:96:5 › dup-no-sibling-crossover [DUP] › fires on the known_broken fixture (304ms)
[WebServer] 127.0.0.1 - - [19/Sep/2026 02:03:52] "GET /tests/render/fixtures/known_good/dup-no-sibling-crossover.html HTTP/1.1" 200 -
[WebServer] 127.0.0.1 - - [19/Sep/2026 02:03:52] "GET /tests/render/fixtures/known_good/dup-no-sibling-crossover.html HTTP/1.1" 200 -
  ✓   98 [vp768] › tests/render/meta.spec.ts:112:5 › dup-no-sibling-crossover [DUP] › is silent on the known_good fixture (182ms)
  ✓   97 [vp375] › tests/render/meta.spec.ts:112:5 › dup-no-sibling-crossover [DUP] › is silent on the known_good fixture (265ms)
[WebServer] 127.0.0.1 - - [19/Sep/2026 02:03:52] "GET /tests/render/fixtures/known_broken/a11y-text-contrast-aa.html HTTP/1.1" 200 -
[WebServer] 127.0.0.1 - - [19/Sep/2026 02:03:52] "GET /tests/render/fixtures/known_broken/a11y-text-contrast-aa.html HTTP/1.1" 200 -
  ✓  100 [vp375] › tests/render/meta.spec.ts:96:5 › a11y-text-contrast-aa [A11Y] › fires on the known_broken fixture (245ms)
  ✓   99 [vp768] › tests/render/meta.spec.ts:96:5 › a11y-text-contrast-aa [A11Y] › fires on the known_broken fixture (303ms)
[WebServer] 127.0.0.1 - - [19/Sep/2026 02:03:52] "GET /tests/render/fixtures/known_good/a11y-text-contrast-aa.html HTTP/1.1" 200 -
[WebServer] 127.0.0.1 - - [19/Sep/2026 02:03:52] "GET /tests/render/fixtures/known_good/a11y-text-contrast-aa.html HTTP/1.1" 200 -
  ✓  102 [vp768] › tests/render/meta.spec.ts:112:5 › a11y-text-contrast-aa [A11Y] › is silent on the known_good fixture (238ms)
  ✓  101 [vp375] › tests/render/meta.spec.ts:112:5 › a11y-text-contrast-aa [A11Y] › is silent on the known_good fixture (269ms)
[WebServer] 127.0.0.1 - - [19/Sep/2026 02:03:52] "GET /tests/render/fixtures/known_broken/dup-adjacent-to-whitelist.html HTTP/1.1" 200 -
  -  103 [vp768] › tests/render/meta.spec.ts:149:3 › dup-no-sibling-crossover sees a crossover adjacent to a whitelisted line › reports each passage beside the shipping line, and never the line itself
  ✓  104 [vp375] › tests/render/meta.spec.ts:149:3 › dup-no-sibling-crossover sees a crossover adjacent to a whitelisted line › reports each passage beside the shipping line, and never the line itself (164ms)
  -  105 [vp768] › tests/render/meta.spec.ts:190:3 › dup-no-sibling-crossover judges every page against the whole built site › every target is compared against every other built page
  ✓  106 [vp375] › tests/render/meta.spec.ts:190:3 › dup-no-sibling-crossover judges every page against the whole built site › every target is compared against every other built page (9ms)
  -  107 [vp768] › tests/render/meta.spec.ts:262:3 › dup-no-sibling-crossover tokenises exactly like dup_content_audit.py › a run that is 12 words only because an apostrophe split a word is not a crossover
  -  109 [vp768] › tests/render/meta.spec.ts:279:3 › dup-no-sibling-crossover tokenises exactly like dup_content_audit.py › an apostrophe the corpus page writes as &#39; is the same word
  -  110 [vp768] › tests/render/meta.spec.ts:293:3 › dup-no-sibling-crossover tokenises exactly like dup_content_audit.py › normalise() and the whitelist stems match Python token for token
  ✓  111 [vp768] › tests/render/meta.spec.ts:338:3 › dist/ freshness gate › a dist/ newer than src/ is fresh (3ms)
  ✓  112 [vp768] › tests/render/meta.spec.ts:347:3 › dist/ freshness gate › a src/ file newer than every dist/ file is STALE (4ms)
  ✓  113 [vp768] › tests/render/meta.spec.ts:359:3 › dist/ freshness gate › a newer package.json (the non-directory branch of newest()) forces refusal (3ms)
  ✓  114 [vp768] › tests/render/meta.spec.ts:374:3 › dist/ freshness gate › a missing dist/ is STALE, never fresh-by-default (3ms)
  ✓  115 [vp768] › tests/render/meta.spec.ts:386:3 › dist/ freshness gate › an empty dist/ is STALE (5ms)
  ✓  116 [vp768] › tests/render/meta.spec.ts:397:3 › dist/ freshness gate › vendored trees under src/ are not treated as source (6ms)
  ✓  117 [vp768] › tests/render/meta.spec.ts:413:3 › dist/ freshness gate › an unreadable path under src/ refuses rather than silently passing as fresh (7ms)
  ✓  118 [vp768] › tests/render/meta.spec.ts:425:3 › resetRaw › empties a populated raw dir, so a refused run cannot merge into a prior clean scorecard (2ms)
[WebServer] 127.0.0.1 - - [19/Sep/2026 02:03:53] "GET /tests/render/fixtures/known_broken/dup-contraction-boundary.html HTTP/1.1" 200 -
  ✓  108 [vp375] › tests/render/meta.spec.ts:262:3 › dup-no-sibling-crossover tokenises exactly like dup_content_audit.py › a run that is 12 words only because an apostrophe split a word is not a crossover (451ms)
  -  119 [vp768] › tests/render/meta.spec.ts:543:3 › globalSetup vs spec-module-scope regression probe › resetRaw() at spec module scope loses other workers' partials
  -  121 [vp768] › tests/render/meta.spec.ts:558:3 › globalSetup vs spec-module-scope regression probe › resetRaw() in globalSetup preserves every project’s partial
  ✓  122 [vp768] › tests/render/meta.spec.ts:576:3 › resetRaw placement — pins the actual production wiring › resetRaw() is called in global-setup.ts and nowhere in pages.spec.ts (5ms)
[WebServer] 127.0.0.1 - - [19/Sep/2026 02:03:53] "GET /tests/render/fixtures/known_broken/dup-contraction-entity.html HTTP/1.1" 200 -
  ✓  120 [vp375] › tests/render/meta.spec.ts:279:3 › dup-no-sibling-crossover tokenises exactly like dup_content_audit.py › an apostrophe the corpus page writes as &#39; is the same word (234ms)
  ✓  124 [vp375] › tests/render/meta.spec.ts:293:3 › dup-no-sibling-crossover tokenises exactly like dup_content_audit.py › normalise() and the whitelist stems match Python token for token (146ms)
  ✓  125 [vp375] › tests/render/meta.spec.ts:338:3 › dist/ freshness gate › a dist/ newer than src/ is fresh (2ms)
  ✓  126 [vp375] › tests/render/meta.spec.ts:347:3 › dist/ freshness gate › a src/ file newer than every dist/ file is STALE (3ms)
  ✓  127 [vp375] › tests/render/meta.spec.ts:359:3 › dist/ freshness gate › a newer package.json (the non-directory branch of newest()) forces refusal (2ms)
  ✓  128 [vp375] › tests/render/meta.spec.ts:374:3 › dist/ freshness gate › a missing dist/ is STALE, never fresh-by-default (1ms)
  ✓  129 [vp375] › tests/render/meta.spec.ts:386:3 › dist/ freshness gate › an empty dist/ is STALE (1ms)
  ✓  130 [vp375] › tests/render/meta.spec.ts:397:3 › dist/ freshness gate › vendored trees under src/ are not treated as source (2ms)
  ✓  131 [vp375] › tests/render/meta.spec.ts:413:3 › dist/ freshness gate › an unreadable path under src/ refuses rather than silently passing as fresh (2ms)
  ✓  132 [vp375] › tests/render/meta.spec.ts:425:3 › resetRaw › empties a populated raw dir, so a refused run cannot merge into a prior clean scorecard (1ms)
  ✓  133 [vp375] › tests/render/meta.spec.ts:543:3 › globalSetup vs spec-module-scope regression probe › resetRaw() at spec module scope loses other workers' partials (3.1s)
  ✓  134 [vp375] › tests/render/meta.spec.ts:558:3 › globalSetup vs spec-module-scope regression probe › resetRaw() in globalSetup preserves every project’s partial (3.4s)
  ✓  135 [vp375] › tests/render/meta.spec.ts:576:3 › resetRaw placement — pins the actual production wiring › resetRaw() is called in global-setup.ts and nowhere in pages.spec.ts (3ms)
  ✓  123 [vp768] › tests/render/meta.spec.ts:600:3 › nav-jump-target-lands reports causes, not instances › a page with many broken anchors yields ONE row per failure mode (10.7s)
  -  137 [vp768] › tests/render/meta.spec.ts:669:3 › nav-jump-target-lands names the direction of failure › fires on a page whose targets overshoot the chrome band
  -  138 [vp768] › tests/render/meta.spec.ts:681:3 › nav-jump-target-lands names the direction of failure › stays silent when the same page lands inside the band
  -  139 [vp768] › tests/render/meta.spec.ts:697:3 › nav-jump-target-lands names the direction of failure › names both cohorts when targets fail in opposite directions
  -  140 [vp768] › tests/render/meta.spec.ts:716:3 › nav-jump-target-lands names the direction of failure › names an undershooting minority without claiming overshoot
  -  141 [vp768] › tests/render/meta.spec.ts:757:3 › nav-jump-target-lands measures geometry, not smooth-scroll timing › clicks under instant scrolling, restores the page, and still catches the real miss
  ✓  142 [vp768] › tests/render/meta.spec.ts:829:3 › the check-result contract › accepts a well-formed result (94ms)
  ✓  143 [vp768] › tests/render/meta.spec.ts:834:3 › the check-result contract › rejects more rows than MAX_DEFECT_ROWS (96ms)
  ✓  144 [vp768] › tests/render/meta.spec.ts:839:3 › the check-result contract › rejects a row with no count (99ms)
  ✓  145 [vp768] › tests/render/meta.spec.ts:843:3 › the check-result contract › rejects count: 0 — a defect row describes at least one failure (147ms)
  ✓  146 [vp768] › tests/render/meta.spec.ts:847:3 › the check-result contract › rejects a row attributed to a different check (86ms)
  ✓  147 [vp768] › tests/render/meta.spec.ts:853:3 › the check-result contract › rejects a row attributed to a different family (84ms)
  ✓  148 [vp768] › tests/render/meta.spec.ts:857:3 › the check-result contract › rejects a negative examined count (83ms)
  ✓  149 [vp768] › tests/render/meta.spec.ts:870:3 › nested slugs cannot silently lose a page › flattenSlug removes every path separator (2ms)
  ✓  150 [vp768] › tests/render/meta.spec.ts:879:3 › nested slugs cannot silently lose a page › writePartial actually lands a file for a nested slug (7ms)
  -  151 [vp768] › tests/render/meta.spec.ts:905:3 › measureTopChrome is deterministic and finds late-pinning chrome › finds a rail that only pins past 1.5 viewports
  -  152 [vp768] › tests/render/meta.spec.ts:919:3 › measureTopChrome is deterministic and finds late-pinning chrome › returns the same height however the page was left scrolled
  -  153 [vp768] › tests/render/meta.spec.ts:954:3 › waitForScrollSettle does not call an UNSTARTED scroll settled › waits out a scroll whose first frame lands after the stability threshold
  -  154 [vp768] › tests/render/meta.spec.ts:977:3 › waitForScrollSettle does not call an UNSTARTED scroll settled › still settles promptly when the scroll never needed to move
  -  155 [vp768] › tests/render/meta.spec.ts:998:3 › measureTopChrome does not absorb sticky page content › a sticky sidebar pinned at top:0 is not counted as chrome
  -  156 [vp768] › tests/render/meta.spec.ts:1022:3 › layout-tap-target-size honours WCAG 2.5.8 exemptions › is silent on skip links, prose links, labelled inputs and isolated targets
  ✓  157 [vp768] › tests/render/meta.spec.ts:1077:3 › dist/ freshness sees a DELETED source page › a built route whose source was deleted is reported by name (4ms)
  ✓  158 [vp768] › tests/render/meta.spec.ts:1085:3 › dist/ freshness sees a DELETED source page › matching source and built sets report no orphan (2ms)
  ✓  159 [vp768] › tests/render/meta.spec.ts:1096:3 › dist/ freshness sees a DELETED source page › checkDistFreshness refuses, and its reason names the orphaned route (4ms)
  ✓  160 [vp768] › tests/render/meta.spec.ts:1110:3 › dist/ freshness sees a DELETED source page › the real repo has no orphaned routes (6ms)
  ✓  161 [vp768] › tests/render/meta.spec.ts:1149:3 › every registered family is actually wired into targets.json › the predicate names a family that is registered but wired nowhere (0ms)
  ✓  162 [vp768] › tests/render/meta.spec.ts:1155:3 › every registered family is actually wired into targets.json › a family wired into even one page type is not reported (1ms)
  ✓  163 [vp768] › tests/render/meta.spec.ts:1163:3 › every registered family is actually wired into targets.json › the REAL repo wires every family it registers (3ms)
  ✓  164 [vp768] › tests/render/meta.spec.ts:1173:3 › every registered family is actually wired into targets.json › targets.json declares no family that no check registers (1ms)
[WebServer] 127.0.0.1 - - [19/Sep/2026 02:04:06] "GET /tests/render/fixtures/known_broken/img-broken-vs-still-loading.html HTTP/1.1" 200 -
[WebServer] 127.0.0.1 - - [19/Sep/2026 02:04:06] code 404, message File not found
[WebServer] 127.0.0.1 - - [19/Sep/2026 02:04:06] "GET /definitely-not-a-real-image-404.webp HTTP/1.1" 404 -
[WebServer] 127.0.0.1 - - [19/Sep/2026 02:04:06] code 404, message File not found
[WebServer] 127.0.0.1 - - [19/Sep/2026 02:04:06] "GET /definitely-not-a-real-image-404.webp HTTP/1.1" 404 -
  ✓  165 [vp768] › tests/render/meta.spec.ts:1209:3 › img-srcset-within-2x separates broken from still-loading › a 404 image is still reported — a broken page must not score clean (331ms)
[WebServer] 127.0.0.1 - - [19/Sep/2026 02:04:06] "GET /tests/render/fixtures/known_broken/img-broken-vs-still-loading.html HTTP/1.1" 200 -
[WebServer] 127.0.0.1 - - [19/Sep/2026 02:04:06] code 404, message File not found
[WebServer] 127.0.0.1 - - [19/Sep/2026 02:04:06] "GET /definitely-not-a-real-image-404.webp HTTP/1.1" 404 -
[WebServer] 127.0.0.1 - - [19/Sep/2026 02:04:07] code 404, message File not found
[WebServer] 127.0.0.1 - - [19/Sep/2026 02:04:07] "GET /definitely-not-a-real-image-404.webp HTTP/1.1" 404 -
  ✓  166 [vp768] › tests/render/meta.spec.ts:1222:3 › img-srcset-within-2x separates broken from still-loading › the decodable image is examined, not skipped (327ms)
[WebServer] 127.0.0.1 - - [19/Sep/2026 02:04:07] "GET /tests/render/fixtures/known_broken/img-broken-vs-still-loading.html HTTP/1.1" 200 -
[WebServer] 127.0.0.1 - - [19/Sep/2026 02:04:07] code 404, message File not found
[WebServer] 127.0.0.1 - - [19/Sep/2026 02:04:07] "GET /definitely-not-a-real-image-404.webp HTTP/1.1" 404 -
[WebServer] 127.0.0.1 - - [19/Sep/2026 02:04:07] code 404, message File not found
[WebServer] 127.0.0.1 - - [19/Sep/2026 02:04:07] "GET /definitely-not-a-real-image-404.webp HTTP/1.1" 404 -
  ✓  167 [vp768] › tests/render/meta.spec.ts:1233:3 › img-srcset-within-2x separates broken from still-loading › no defect row ever describes an image as merely still loading (322ms)
[WebServer] 127.0.0.1 - - [19/Sep/2026 02:04:07] "GET /tests/render/fixtures/form-inquiry-contract-noform.html HTTP/1.1" 200 -
  ✓  168 [vp768] › tests/render/meta.spec.ts:1281:3 › form-inquiry-contract: zero-examined is a defect only where a form is expected › the contact page with no non-search form fires one defect (123ms)
[WebServer] 127.0.0.1 - - [19/Sep/2026 02:04:07] "GET /tests/render/fixtures/form-inquiry-contract-noform.html HTTP/1.1" 200 -
  ✓  169 [vp768] › tests/render/meta.spec.ts:1297:3 › form-inquiry-contract: zero-examined is a defect only where a form is expected › a location page with no non-search form is silent (130ms)
[WebServer] 127.0.0.1 - - [19/Sep/2026 02:04:07] "GET /tests/render/fixtures/form-inquiry-contract-noform.html HTTP/1.1" 200 -
  ✓  170 [vp768] › tests/render/meta.spec.ts:1310:3 › form-inquiry-contract: zero-examined is a defect only where a form is expected › a hub page with no non-search form is silent (119ms)
  ✓  171 [vp768] › tests/render/meta.spec.ts:1335:3 › fieldChecksSkipped pins the field-contract exemption list › in scope: every rich and blog page, contact page included (5ms)
  ✓  172 [vp768] › tests/render/meta.spec.ts:1347:3 › fieldChecksSkipped pins the field-contract exemption list › exempt: the uk-locations cluster and the hubs (2ms)
  ✓  173 [vp768] › tests/render/meta.spec.ts:1364:3 › contractFor pins the per-slug field contract › full: rich pages (1ms)
  ✓  174 [vp768] › tests/render/meta.spec.ts:1369:3 › contractFor pins the per-slug field contract › short: blog-kind pages, and blog/* posts absent from the map (1ms)
  ✓  175 [vp768] › tests/render/meta.spec.ts:1373:3 › contractFor pins the per-slug field contract › none: the locations cluster and the hubs (1ms)
  ✓  176 [vp768] › tests/render/meta.spec.ts:1387:3 › formExpected pins the zero-examined exemption list › expected: the contact page only (1ms)
  ✓  177 [vp768] › tests/render/meta.spec.ts:1391:3 › formExpected pins the zero-examined exemption list › not expected: other interior pages, home, puppy, hub, location and blog (3ms)
[WebServer] 127.0.0.1 - - [19/Sep/2026 02:04:07] "GET /tests/render/fixtures/known_good/form-inquiry-contract-blog-short.html HTTP/1.1" 200 -
  ✓  178 [vp768] › tests/render/meta.spec.ts:1414:3 › form-inquiry-contract: the short (blog) contract is exercised › a blog-kind page with name/email/message only is clean (118ms)
[WebServer] 127.0.0.1 - - [19/Sep/2026 02:04:08] "GET /tests/render/fixtures/known_good/form-inquiry-contract-blog-short.html HTTP/1.1" 200 -
  ✓  179 [vp768] › tests/render/meta.spec.ts:1429:3 › form-inquiry-contract: the short (blog) contract is exercised › the same form missing `message` fires (119ms)
  ✓  180 [vp768] › tests/render/meta.spec.ts:1467:3 › every deferred check is registered and still passes both fixtures › every deferred id names a check the registry actually holds (1ms)
  ✓  181 [vp768] › tests/render/meta.spec.ts:1487:3 › every deferred check is registered and still passes both fixtures › every deferred id carries a reason that states its promotion condition (0ms)
  ✓  182 [vp768] › tests/render/meta.spec.ts:1510:3 › every deferred check is registered and still passes both fixtures › no deferred check is actually examining nodes in the latest run (44ms)
[WebServer] 127.0.0.1 - - [19/Sep/2026 02:04:08] "GET /tests/render/fixtures/known_good/kit-counter-separated.html HTTP/1.1" 200 -
  ✓  183 [vp768] › tests/render/meta.spec.ts:1589:3 › layout-hero-counter-separation [kit CounterStrip] › is silent on the kit strip with its bed and rule (123ms)
[WebServer] 127.0.0.1 - - [19/Sep/2026 02:04:08] "GET /tests/render/fixtures/known_broken/kit-counter-flush.html HTTP/1.1" 200 -
  ✓  184 [vp768] › tests/render/meta.spec.ts:1599:3 › layout-hero-counter-separation [kit CounterStrip] › fires when the kit strip keeps the hero band and drops the rule (117ms)
[WebServer] 127.0.0.1 - - [19/Sep/2026 02:04:08] "GET /tests/render/fixtures/known_good/kit-h3-image-first.html HTTP/1.1" 200 -
  ✓  185 [vp768] › tests/render/meta.spec.ts:1634:3 › layout-h3-image-first [kit InfoCard] › is silent on the kit card with its image above its prose (120ms)
[WebServer] 127.0.0.1 - - [19/Sep/2026 02:04:08] "GET /tests/render/fixtures/known_broken/kit-h3-image-last.html HTTP/1.1" 200 -
  ✓  186 [vp768] › tests/render/meta.spec.ts:1646:3 › layout-h3-image-first [kit InfoCard] › fires when the kit card drops the image below the prose (116ms)
[WebServer] 127.0.0.1 - - [19/Sep/2026 02:04:08] "GET /tests/render/fixtures/known_good/kit-stmt-label.html HTTP/1.1" 200 -
  ✓  187 [vp768] › tests/render/meta.spec.ts:1661:3 › sem-statement-label-visible [kit InfoCard] › is silent on the kit card labels in all three places it puts one (127ms)
[WebServer] 127.0.0.1 - - [19/Sep/2026 02:04:08] "GET /tests/render/fixtures/known_broken/kit-stmt-label-hidden.html HTTP/1.1" 200 -
  ✓  188 [vp768] › tests/render/meta.spec.ts:1673:3 › sem-statement-label-visible [kit InfoCard] › fires on a hidden label and on one with no kind (113ms)
  ✓  189 [vp1280] › tests/render/meta.spec.ts:59:1 › the registry is not empty (7ms)
[WebServer] 127.0.0.1 - - [19/Sep/2026 02:04:10] "GET /tests/render/fixtures/known_broken/form-inquiry-contract.html HTTP/1.1" 200 -
  ✓  190 [vp1280] › tests/render/meta.spec.ts:96:5 › form-inquiry-contract [FORM] › fires on the known_broken fixture (307ms)
[WebServer] 127.0.0.1 - - [19/Sep/2026 02:04:10] "GET /tests/render/fixtures/known_good/form-inquiry-contract.html HTTP/1.1" 200 -
  ✓  191 [vp1280] › tests/render/meta.spec.ts:112:5 › form-inquiry-contract [FORM] › is silent on the known_good fixture (167ms)
[WebServer] 127.0.0.1 - - [19/Sep/2026 02:04:10] "GET /tests/render/fixtures/known_broken/layout-no-horizontal-overflow.html HTTP/1.1" 200 -
  ✓  192 [vp1280] › tests/render/meta.spec.ts:96:5 › layout-no-horizontal-overflow [LAYOUT] › fires on the known_broken fixture (182ms)
[WebServer] 127.0.0.1 - - [19/Sep/2026 02:04:10] "GET /tests/render/fixtures/known_good/layout-no-horizontal-overflow.html HTTP/1.1" 200 -
  ✓  193 [vp1280] › tests/render/meta.spec.ts:112:5 › layout-no-horizontal-overflow [LAYOUT] › is silent on the known_good fixture (140ms)
[WebServer] 127.0.0.1 - - [19/Sep/2026 02:04:11] "GET /tests/render/fixtures/known_broken/layout-min-font-size.html HTTP/1.1" 200 -
  ✓  194 [vp1280] › tests/render/meta.spec.ts:96:5 › layout-min-font-size [LAYOUT] › fires on the known_broken fixture (120ms)
  ✓  136 [vp375] › tests/render/meta.spec.ts:600:3 › nav-jump-target-lands reports causes, not instances › a page with many broken anchors yields ONE row per failure mode (10.8s)
[WebServer] 127.0.0.1 - - [19/Sep/2026 02:04:11] "GET /tests/render/fixtures/known_good/layout-min-font-size.html HTTP/1.1" 200 -
[WebServer] 127.0.0.1 - - [19/Sep/2026 02:04:11] "GET /tests/render/fixtures/known_broken/nav-overshoot.html HTTP/1.1" 200 -
  ✓  195 [vp1280] › tests/render/meta.spec.ts:112:5 › layout-min-font-size [LAYOUT] › is silent on the known_good fixture (233ms)
[WebServer] 127.0.0.1 - - [19/Sep/2026 02:04:11] "GET /tests/render/fixtures/known_broken/layout-tap-target-size.html HTTP/1.1" 200 -
  ✓  197 [vp1280] › tests/render/meta.spec.ts:96:5 › layout-tap-target-size [LAYOUT] › fires on the known_broken fixture (130ms)
[WebServer] 127.0.0.1 - - [19/Sep/2026 02:04:11] "GET /tests/render/fixtures/known_good/layout-tap-target-size.html HTTP/1.1" 200 -
  ✓  198 [vp1280] › tests/render/meta.spec.ts:112:5 › layout-tap-target-size [LAYOUT] › is silent on the known_good fixture (150ms)
[WebServer] 127.0.0.1 - - [19/Sep/2026 02:04:11] "GET /tests/render/fixtures/known_broken/layout-hero-counter-separation.html HTTP/1.1" 200 -
  ✓  199 [vp1280] › tests/render/meta.spec.ts:96:5 › layout-hero-counter-separation [LAYOUT] › fires on the known_broken fixture (128ms)
[WebServer] 127.0.0.1 - - [19/Sep/2026 02:04:11] "GET /tests/render/fixtures/known_good/layout-hero-counter-separation.html HTTP/1.1" 200 -
  ✓  200 [vp1280] › tests/render/meta.spec.ts:112:5 › layout-hero-counter-separation [LAYOUT] › is silent on the known_good fixture (131ms)
[WebServer] 127.0.0.1 - - [19/Sep/2026 02:04:12] "GET /tests/render/fixtures/known_broken/layout-h3-image-first.html HTTP/1.1" 200 -
  ✓  201 [vp1280] › tests/render/meta.spec.ts:96:5 › layout-h3-image-first [LAYOUT] › fires on the known_broken fixture (163ms)
[WebServer] 127.0.0.1 - - [19/Sep/2026 02:04:12] "GET /tests/render/fixtures/known_good/layout-h3-image-first.html HTTP/1.1" 200 -
  ✓  202 [vp1280] › tests/render/meta.spec.ts:112:5 › layout-h3-image-first [LAYOUT] › is silent on the known_good fixture (131ms)
[WebServer] 127.0.0.1 - - [19/Sep/2026 02:04:12] "GET /tests/render/fixtures/known_broken/layout-image-box-reserved.html HTTP/1.1" 200 -
[WebServer] 127.0.0.1 - - [19/Sep/2026 02:04:12] "GET /tests/render/fixtures/assets/wide-1600.png HTTP/1.1" 200 -
[WebServer] 127.0.0.1 - - [19/Sep/2026 02:04:12] code 404, message File not found
[WebServer] 127.0.0.1 - - [19/Sep/2026 02:04:12] "GET /__bsuk_pending_image__/0.webp HTTP/1.1" 404 -
  ✓  203 [vp1280] › tests/render/meta.spec.ts:96:5 › layout-image-box-reserved [LAYOUT] › fires on the known_broken fixture (175ms)
[WebServer] 127.0.0.1 - - [19/Sep/2026 02:04:12] "GET /tests/render/fixtures/known_good/layout-image-box-reserved.html HTTP/1.1" 200 -
[WebServer] 127.0.0.1 - - [19/Sep/2026 02:04:12] "GET /tests/render/fixtures/assets/wide-1600.png HTTP/1.1" 200 -
[WebServer] 127.0.0.1 - - [19/Sep/2026 02:04:12] code 404, message File not found
[WebServer] 127.0.0.1 - - [19/Sep/2026 02:04:12] "GET /__bsuk_pending_image__/0.webp HTTP/1.1" 404 -
  ✓  204 [vp1280] › tests/render/meta.spec.ts:112:5 › layout-image-box-reserved [LAYOUT] › is silent on the known_good fixture (162ms)
[WebServer] 127.0.0.1 - - [19/Sep/2026 02:04:12] "GET /tests/render/fixtures/known_broken/img-srcset-within-2x.html HTTP/1.1" 200 -
[WebServer] 127.0.0.1 - - [19/Sep/2026 02:04:12] "GET /tests/render/fixtures/assets/wide-1600.png HTTP/1.1" 200 -
  ✓  205 [vp1280] › tests/render/meta.spec.ts:96:5 › img-srcset-within-2x [IMG] › fires on the known_broken fixture (326ms)
[WebServer] 127.0.0.1 - - [19/Sep/2026 02:04:13] "GET /tests/render/fixtures/known_good/img-srcset-within-2x.html HTTP/1.1" 200 -
[WebServer] 127.0.0.1 - - [19/Sep/2026 02:04:13] "GET /tests/render/fixtures/assets/narrow-400.png HTTP/1.1" 200 -
  ✓  206 [vp1280] › tests/render/meta.spec.ts:112:5 › img-srcset-within-2x [IMG] › is silent on the known_good fixture (324ms)
[WebServer] 127.0.0.1 - - [19/Sep/2026 02:04:13] "GET /tests/render/fixtures/known_broken/img-alt-present-and-unique.html HTTP/1.1" 200 -
  ✓  196 [vp375] › tests/render/meta.spec.ts:669:3 › nav-jump-target-lands names the direction of failure › fires on a page whose targets overshoot the chrome band (2.2s)
[WebServer] 127.0.0.1 - - [19/Sep/2026 02:04:13] "GET /tests/render/fixtures/assets/narrow-400.png HTTP/1.1" 200 -
[WebServer] 127.0.0.1 - - [19/Sep/2026 02:04:13] "GET /tests/render/fixtures/known_good/nav-overshoot-fixed.html HTTP/1.1" 200 -
  ✓  207 [vp1280] › tests/render/meta.spec.ts:96:5 › img-alt-present-and-unique [IMG] › fires on the known_broken fixture (387ms)
[WebServer] 127.0.0.1 - - [19/Sep/2026 02:04:13] "GET /tests/render/fixtures/known_good/img-alt-present-and-unique.html HTTP/1.1" 200 -
[WebServer] 127.0.0.1 - - [19/Sep/2026 02:04:13] "GET /tests/render/fixtures/assets/narrow-400.png HTTP/1.1" 200 -
  ✓  209 [vp1280] › tests/render/meta.spec.ts:112:5 › img-alt-present-and-unique [IMG] › is silent on the known_good fixture (354ms)
[WebServer] 127.0.0.1 - - [19/Sep/2026 02:04:14] "GET /tests/render/fixtures/known_broken/nav-anchors-resolve.html HTTP/1.1" 200 -
  ✓  210 [vp1280] › tests/render/meta.spec.ts:96:5 › nav-anchors-resolve [NAV] › fires on the known_broken fixture (139ms)
[WebServer] 127.0.0.1 - - [19/Sep/2026 02:04:14] "GET /tests/render/fixtures/known_good/nav-anchors-resolve.html HTTP/1.1" 200 -
  ✓  211 [vp1280] › tests/render/meta.spec.ts:112:5 › nav-anchors-resolve [NAV] › is silent on the known_good fixture (134ms)
[WebServer] 127.0.0.1 - - [19/Sep/2026 02:04:14] "GET /tests/render/fixtures/known_broken/nav-jump-target-lands.html HTTP/1.1" 200 -
  ✓  208 [vp375] › tests/render/meta.spec.ts:681:3 › nav-jump-target-lands names the direction of failure › stays silent when the same page lands inside the band (2.3s)
[WebServer] 127.0.0.1 - - [19/Sep/2026 02:04:15] "GET /tests/render/fixtures/known_broken/nav-overshoot-mixed.html HTTP/1.1" 200 -
  ✓  212 [vp1280] › tests/render/meta.spec.ts:96:5 › nav-jump-target-lands [NAV] › fires on the known_broken fixture (1.6s)
[WebServer] 127.0.0.1 - - [19/Sep/2026 02:04:16] "GET /tests/render/fixtures/known_good/nav-jump-target-lands.html HTTP/1.1" 200 -
  ✓  214 [vp1280] › tests/render/meta.spec.ts:112:5 › nav-jump-target-lands [NAV] › is silent on the known_good fixture (1.8s)
[WebServer] 127.0.0.1 - - [19/Sep/2026 02:04:17] "GET /tests/render/fixtures/known_broken/sem-heading-order.html HTTP/1.1" 200 -
  ✓  215 [vp1280] › tests/render/meta.spec.ts:96:5 › sem-heading-order [SEM] › fires on the known_broken fixture (119ms)
[WebServer] 127.0.0.1 - - [19/Sep/2026 02:04:18] "GET /tests/render/fixtures/known_good/sem-heading-order.html HTTP/1.1" 200 -
  ✓  216 [vp1280] › tests/render/meta.spec.ts:112:5 › sem-heading-order [SEM] › is silent on the known_good fixture (133ms)
[WebServer] 127.0.0.1 - - [19/Sep/2026 02:04:18] "GET /tests/render/fixtures/known_broken/sem-all-six-levels.html HTTP/1.1" 200 -
  ✓  217 [vp1280] › tests/render/meta.spec.ts:96:5 › sem-all-six-levels [SEM] › fires on the known_broken fixture (112ms)
[WebServer] 127.0.0.1 - - [19/Sep/2026 02:04:18] "GET /tests/render/fixtures/known_good/sem-all-six-levels.html HTTP/1.1" 200 -
  ✓  218 [vp1280] › tests/render/meta.spec.ts:112:5 › sem-all-six-levels [SEM] › is silent on the known_good fixture (113ms)
[WebServer] 127.0.0.1 - - [19/Sep/2026 02:04:18] "GET /tests/render/fixtures/known_broken/sem-title-case-headings.html HTTP/1.1" 200 -
  ✓  219 [vp1280] › tests/render/meta.spec.ts:96:5 › sem-title-case-headings [SEM] › fires on the known_broken fixture (114ms)
[WebServer] 127.0.0.1 - - [19/Sep/2026 02:04:18] "GET /tests/render/fixtures/known_good/sem-title-case-headings.html HTTP/1.1" 200 -
  ✓  220 [vp1280] › tests/render/meta.spec.ts:112:5 › sem-title-case-headings [SEM] › is silent on the known_good fixture (120ms)
[WebServer] 127.0.0.1 - - [19/Sep/2026 02:04:18] "GET /tests/render/fixtures/known_broken/sem-section-opening-paragraph.html HTTP/1.1" 200 -
  ✓  221 [vp1280] › tests/render/meta.spec.ts:96:5 › sem-section-opening-paragraph [SEM] › fires on the known_broken fixture (113ms)
[WebServer] 127.0.0.1 - - [19/Sep/2026 02:04:18] "GET /tests/render/fixtures/known_good/sem-section-opening-paragraph.html HTTP/1.1" 200 -
  ✓  222 [vp1280] › tests/render/meta.spec.ts:112:5 › sem-section-opening-paragraph [SEM] › is silent on the known_good fixture (141ms)
[WebServer] 127.0.0.1 - - [19/Sep/2026 02:04:19] "GET /tests/render/fixtures/known_broken/sem-statement-label-visible.html HTTP/1.1" 200 -
  ✓  223 [vp1280] › tests/render/meta.spec.ts:96:5 › sem-statement-label-visible [SEM] › fires on the known_broken fixture (116ms)
[WebServer] 127.0.0.1 - - [19/Sep/2026 02:04:19] "GET /tests/render/fixtures/known_good/sem-statement-label-visible.html HTTP/1.1" 200 -
  ✓  224 [vp1280] › tests/render/meta.spec.ts:112:5 › sem-statement-label-visible [SEM] › is silent on the known_good fixture (127ms)
[WebServer] 127.0.0.1 - - [19/Sep/2026 02:04:19] "GET /tests/render/fixtures/known_broken/schema-single-product-offer.html HTTP/1.1" 200 -
  ✓  225 [vp1280] › tests/render/meta.spec.ts:96:5 › schema-single-product-offer [SCHEMA] › fires on the known_broken fixture (109ms)
[WebServer] 127.0.0.1 - - [19/Sep/2026 02:04:19] "GET /tests/render/fixtures/known_good/schema-single-product-offer.html HTTP/1.1" 200 -
  ✓  226 [vp1280] › tests/render/meta.spec.ts:112:5 › schema-single-product-offer [SCHEMA] › is silent on the known_good fixture (113ms)
[WebServer] 127.0.0.1 - - [19/Sep/2026 02:04:19] "GET /tests/render/fixtures/known_broken/schema-sold-not-instock.html HTTP/1.1" 200 -
  ✓  227 [vp1280] › tests/render/meta.spec.ts:96:5 › schema-sold-not-instock [SCHEMA] › fires on the known_broken fixture (116ms)
[WebServer] 127.0.0.1 - - [19/Sep/2026 02:04:19] "GET /tests/render/fixtures/known_good/schema-sold-not-instock.html HTTP/1.1" 200 -
  ✓  228 [vp1280] › tests/render/meta.spec.ts:112:5 › schema-sold-not-instock [SCHEMA] › is silent on the known_good fixture (120ms)
[WebServer] 127.0.0.1 - - [19/Sep/2026 02:04:19] "GET /tests/render/fixtures/known_broken/schema-date-modified-present.html HTTP/1.1" 200 -
  ✓  229 [vp1280] › tests/render/meta.spec.ts:96:5 › schema-date-modified-present [SCHEMA] › fires on the known_broken fixture (106ms)
[WebServer] 127.0.0.1 - - [19/Sep/2026 02:04:19] "GET /tests/render/fixtures/known_good/schema-date-modified-present.html HTTP/1.1" 200 -
  ✓  230 [vp1280] › tests/render/meta.spec.ts:112:5 › schema-date-modified-present [SCHEMA] › is silent on the known_good fixture (112ms)
[WebServer] 127.0.0.1 - - [19/Sep/2026 02:04:20] "GET /tests/render/fixtures/known_broken/schema-no-visible-date.html HTTP/1.1" 200 -
  ✓  231 [vp1280] › tests/render/meta.spec.ts:96:5 › schema-no-visible-date [SCHEMA] › fires on the known_broken fixture (114ms)
[WebServer] 127.0.0.1 - - [19/Sep/2026 02:04:20] "GET /tests/render/fixtures/known_good/schema-no-visible-date.html HTTP/1.1" 200 -
  ✓  232 [vp1280] › tests/render/meta.spec.ts:112:5 › schema-no-visible-date [SCHEMA] › is silent on the known_good fixture (115ms)
[WebServer] 127.0.0.1 - - [19/Sep/2026 02:04:20] "GET /tests/render/fixtures/known_broken/css-class-resolves.html HTTP/1.1" 200 -
  ✓  233 [vp1280] › tests/render/meta.spec.ts:96:5 › css-class-resolves [CSS] › fires on the known_broken fixture (113ms)
[WebServer] 127.0.0.1 - - [19/Sep/2026 02:04:20] "GET /tests/render/fixtures/known_good/css-class-resolves.html HTTP/1.1" 200 -
  ✓  234 [vp1280] › tests/render/meta.spec.ts:112:5 › css-class-resolves [CSS] › is silent on the known_good fixture (113ms)
[WebServer] 127.0.0.1 - - [19/Sep/2026 02:04:20] "GET /tests/render/fixtures/known_broken/css-no-dead-component-rule.html HTTP/1.1" 200 -
  ✓  235 [vp1280] › tests/render/meta.spec.ts:96:5 › css-no-dead-component-rule [CSS] › fires on the known_broken fixture (117ms)
[WebServer] 127.0.0.1 - - [19/Sep/2026 02:04:20] "GET /tests/render/fixtures/known_good/css-no-dead-component-rule.html HTTP/1.1" 200 -
  ✓  236 [vp1280] › tests/render/meta.spec.ts:112:5 › css-no-dead-component-rule [CSS] › is silent on the known_good fixture (123ms)
[WebServer] 127.0.0.1 - - [19/Sep/2026 02:04:20] "GET /tests/render/fixtures/known_broken/css-component-color-not-overridden.html HTTP/1.1" 200 -
  ✓  237 [vp1280] › tests/render/meta.spec.ts:96:5 › css-component-color-not-overridden [CSS] › fires on the known_broken fixture (110ms)
[WebServer] 127.0.0.1 - - [19/Sep/2026 02:04:20] "GET /tests/render/fixtures/known_good/css-component-color-not-overridden.html HTTP/1.1" 200 -
  ✓  238 [vp1280] › tests/render/meta.spec.ts:112:5 › css-component-color-not-overridden [CSS] › is silent on the known_good fixture (117ms)
[WebServer] 127.0.0.1 - - [19/Sep/2026 02:04:21] "GET /tests/render/fixtures/known_broken/dup-no-sibling-crossover.html HTTP/1.1" 200 -
  ✓  239 [vp1280] › tests/render/meta.spec.ts:96:5 › dup-no-sibling-crossover [DUP] › fires on the known_broken fixture (117ms)
[WebServer] 127.0.0.1 - - [19/Sep/2026 02:04:21] "GET /tests/render/fixtures/known_good/dup-no-sibling-crossover.html HTTP/1.1" 200 -
  ✓  240 [vp1280] › tests/render/meta.spec.ts:112:5 › dup-no-sibling-crossover [DUP] › is silent on the known_good fixture (124ms)
[WebServer] 127.0.0.1 - - [19/Sep/2026 02:04:21] "GET /tests/render/fixtures/known_broken/a11y-text-contrast-aa.html HTTP/1.1" 200 -
  ✓  241 [vp1280] › tests/render/meta.spec.ts:96:5 › a11y-text-contrast-aa [A11Y] › fires on the known_broken fixture (121ms)
[WebServer] 127.0.0.1 - - [19/Sep/2026 02:04:21] "GET /tests/render/fixtures/known_good/a11y-text-contrast-aa.html HTTP/1.1" 200 -
  ✓  242 [vp1280] › tests/render/meta.spec.ts:112:5 › a11y-text-contrast-aa [A11Y] › is silent on the known_good fixture (115ms)
  -  243 [vp1280] › tests/render/meta.spec.ts:149:3 › dup-no-sibling-crossover sees a crossover adjacent to a whitelisted line › reports each passage beside the shipping line, and never the line itself
  -  244 [vp1280] › tests/render/meta.spec.ts:190:3 › dup-no-sibling-crossover judges every page against the whole built site › every target is compared against every other built page
  -  245 [vp1280] › tests/render/meta.spec.ts:262:3 › dup-no-sibling-crossover tokenises exactly like dup_content_audit.py › a run that is 12 words only because an apostrophe split a word is not a crossover
  -  246 [vp1280] › tests/render/meta.spec.ts:279:3 › dup-no-sibling-crossover tokenises exactly like dup_content_audit.py › an apostrophe the corpus page writes as &#39; is the same word
  -  247 [vp1280] › tests/render/meta.spec.ts:293:3 › dup-no-sibling-crossover tokenises exactly like dup_content_audit.py › normalise() and the whitelist stems match Python token for token
  ✓  248 [vp1280] › tests/render/meta.spec.ts:338:3 › dist/ freshness gate › a dist/ newer than src/ is fresh (2ms)
  ✓  249 [vp1280] › tests/render/meta.spec.ts:347:3 › dist/ freshness gate › a src/ file newer than every dist/ file is STALE (4ms)
  ✓  250 [vp1280] › tests/render/meta.spec.ts:359:3 › dist/ freshness gate › a newer package.json (the non-directory branch of newest()) forces refusal (2ms)
  ✓  251 [vp1280] › tests/render/meta.spec.ts:374:3 › dist/ freshness gate › a missing dist/ is STALE, never fresh-by-default (1ms)
  ✓  252 [vp1280] › tests/render/meta.spec.ts:386:3 › dist/ freshness gate › an empty dist/ is STALE (1ms)
  ✓  253 [vp1280] › tests/render/meta.spec.ts:397:3 › dist/ freshness gate › vendored trees under src/ are not treated as source (2ms)
  ✓  254 [vp1280] › tests/render/meta.spec.ts:413:3 › dist/ freshness gate › an unreadable path under src/ refuses rather than silently passing as fresh (2ms)
  ✓  255 [vp1280] › tests/render/meta.spec.ts:425:3 › resetRaw › empties a populated raw dir, so a refused run cannot merge into a prior clean scorecard (2ms)
  -  256 [vp1280] › tests/render/meta.spec.ts:543:3 › globalSetup vs spec-module-scope regression probe › resetRaw() at spec module scope loses other workers' partials
  -  257 [vp1280] › tests/render/meta.spec.ts:558:3 › globalSetup vs spec-module-scope regression probe › resetRaw() in globalSetup preserves every project’s partial
  ✓  258 [vp1280] › tests/render/meta.spec.ts:576:3 › resetRaw placement — pins the actual production wiring › resetRaw() is called in global-setup.ts and nowhere in pages.spec.ts (1ms)
  ✓  213 [vp375] › tests/render/meta.spec.ts:697:3 › nav-jump-target-lands names the direction of failure › names both cohorts when targets fail in opposite directions (10.3s)
[WebServer] 127.0.0.1 - - [19/Sep/2026 02:04:26] "GET /tests/render/fixtures/known_broken/nav-undershoot-minority.html HTTP/1.1" 200 -
  ✓  259 [vp1280] › tests/render/meta.spec.ts:600:3 › nav-jump-target-lands reports causes, not instances › a page with many broken anchors yields ONE row per failure mode (10.7s)
  -  261 [vp1280] › tests/render/meta.spec.ts:669:3 › nav-jump-target-lands names the direction of failure › fires on a page whose targets overshoot the chrome band
  -  262 [vp1280] › tests/render/meta.spec.ts:681:3 › nav-jump-target-lands names the direction of failure › stays silent when the same page lands inside the band
  -  263 [vp1280] › tests/render/meta.spec.ts:697:3 › nav-jump-target-lands names the direction of failure › names both cohorts when targets fail in opposite directions
  -  264 [vp1280] › tests/render/meta.spec.ts:716:3 › nav-jump-target-lands names the direction of failure › names an undershooting minority without claiming overshoot
  -  265 [vp1280] › tests/render/meta.spec.ts:757:3 › nav-jump-target-lands measures geometry, not smooth-scroll timing › clicks under instant scrolling, restores the page, and still catches the real miss
  ✓  266 [vp1280] › tests/render/meta.spec.ts:829:3 › the check-result contract › accepts a well-formed result (82ms)
  ✓  267 [vp1280] › tests/render/meta.spec.ts:834:3 › the check-result contract › rejects more rows than MAX_DEFECT_ROWS (86ms)
  ✓  268 [vp1280] › tests/render/meta.spec.ts:839:3 › the check-result contract › rejects a row with no count (93ms)
  ✓  269 [vp1280] › tests/render/meta.spec.ts:843:3 › the check-result contract › rejects count: 0 — a defect row describes at least one failure (86ms)
  ✓  270 [vp1280] › tests/render/meta.spec.ts:847:3 › the check-result contract › rejects a row attributed to a different check (82ms)
  ✓  271 [vp1280] › tests/render/meta.spec.ts:853:3 › the check-result contract › rejects a row attributed to a different family (80ms)
  ✓  272 [vp1280] › tests/render/meta.spec.ts:857:3 › the check-result contract › rejects a negative examined count (82ms)
  ✓  273 [vp1280] › tests/render/meta.spec.ts:870:3 › nested slugs cannot silently lose a page › flattenSlug removes every path separator (2ms)
  ✓  274 [vp1280] › tests/render/meta.spec.ts:879:3 › nested slugs cannot silently lose a page › writePartial actually lands a file for a nested slug (3ms)
  -  275 [vp1280] › tests/render/meta.spec.ts:905:3 › measureTopChrome is deterministic and finds late-pinning chrome › finds a rail that only pins past 1.5 viewports
  -  276 [vp1280] › tests/render/meta.spec.ts:919:3 › measureTopChrome is deterministic and finds late-pinning chrome › returns the same height however the page was left scrolled
  -  277 [vp1280] › tests/render/meta.spec.ts:954:3 › waitForScrollSettle does not call an UNSTARTED scroll settled › waits out a scroll whose first frame lands after the stability threshold
  -  278 [vp1280] › tests/render/meta.spec.ts:977:3 › waitForScrollSettle does not call an UNSTARTED scroll settled › still settles promptly when the scroll never needed to move
  -  279 [vp1280] › tests/render/meta.spec.ts:998:3 › measureTopChrome does not absorb sticky page content › a sticky sidebar pinned at top:0 is not counted as chrome
  -  280 [vp1280] › tests/render/meta.spec.ts:1022:3 › layout-tap-target-size honours WCAG 2.5.8 exemptions › is silent on skip links, prose links, labelled inputs and isolated targets
  ✓  281 [vp1280] › tests/render/meta.spec.ts:1077:3 › dist/ freshness sees a DELETED source page › a built route whose source was deleted is reported by name (3ms)
  ✓  282 [vp1280] › tests/render/meta.spec.ts:1085:3 › dist/ freshness sees a DELETED source page › matching source and built sets report no orphan (4ms)
  ✓  283 [vp1280] › tests/render/meta.spec.ts:1096:3 › dist/ freshness sees a DELETED source page › checkDistFreshness refuses, and its reason names the orphaned route (5ms)
  ✓  284 [vp1280] › tests/render/meta.spec.ts:1110:3 › dist/ freshness sees a DELETED source page › the real repo has no orphaned routes (5ms)
  ✓  285 [vp1280] › tests/render/meta.spec.ts:1149:3 › every registered family is actually wired into targets.json › the predicate names a family that is registered but wired nowhere (0ms)
  ✓  286 [vp1280] › tests/render/meta.spec.ts:1155:3 › every registered family is actually wired into targets.json › a family wired into even one page type is not reported (0ms)
  ✓  287 [vp1280] › tests/render/meta.spec.ts:1163:3 › every registered family is actually wired into targets.json › the REAL repo wires every family it registers (1ms)
  ✓  288 [vp1280] › tests/render/meta.spec.ts:1173:3 › every registered family is actually wired into targets.json › targets.json declares no family that no check registers (1ms)
[WebServer] 127.0.0.1 - - [19/Sep/2026 02:04:34] "GET /tests/render/fixtures/known_broken/img-broken-vs-still-loading.html HTTP/1.1" 200 -
[WebServer] 127.0.0.1 - - [19/Sep/2026 02:04:34] code 404, message File not found
[WebServer] 127.0.0.1 - - [19/Sep/2026 02:04:34] "GET /definitely-not-a-real-image-404.webp HTTP/1.1" 404 -
[WebServer] 127.0.0.1 - - [19/Sep/2026 02:04:34] code 404, message File not found
[WebServer] 127.0.0.1 - - [19/Sep/2026 02:04:34] "GET /definitely-not-a-real-image-404.webp HTTP/1.1" 404 -
  ✓  289 [vp1280] › tests/render/meta.spec.ts:1209:3 › img-srcset-within-2x separates broken from still-loading › a 404 image is still reported — a broken page must not score clean (317ms)
[WebServer] 127.0.0.1 - - [19/Sep/2026 02:04:34] "GET /tests/render/fixtures/known_broken/img-broken-vs-still-loading.html HTTP/1.1" 200 -
[WebServer] 127.0.0.1 - - [19/Sep/2026 02:04:34] code 404, message File not found
[WebServer] 127.0.0.1 - - [19/Sep/2026 02:04:34] "GET /definitely-not-a-real-image-404.webp HTTP/1.1" 404 -
[WebServer] 127.0.0.1 - - [19/Sep/2026 02:04:35] code 404, message File not found
[WebServer] 127.0.0.1 - - [19/Sep/2026 02:04:35] "GET /definitely-not-a-real-image-404.webp HTTP/1.1" 404 -
  ✓  290 [vp1280] › tests/render/meta.spec.ts:1222:3 › img-srcset-within-2x separates broken from still-loading › the decodable image is examined, not skipped (330ms)
[WebServer] 127.0.0.1 - - [19/Sep/2026 02:04:35] "GET /tests/render/fixtures/known_broken/img-broken-vs-still-loading.html HTTP/1.1" 200 -
[WebServer] 127.0.0.1 - - [19/Sep/2026 02:04:35] code 404, message File not found
[WebServer] 127.0.0.1 - - [19/Sep/2026 02:04:35] "GET /definitely-not-a-real-image-404.webp HTTP/1.1" 404 -
[WebServer] 127.0.0.1 - - [19/Sep/2026 02:04:35] code 404, message File not found
[WebServer] 127.0.0.1 - - [19/Sep/2026 02:04:35] "GET /definitely-not-a-real-image-404.webp HTTP/1.1" 404 -
  ✓  291 [vp1280] › tests/render/meta.spec.ts:1233:3 › img-srcset-within-2x separates broken from still-loading › no defect row ever describes an image as merely still loading (310ms)
[WebServer] 127.0.0.1 - - [19/Sep/2026 02:04:35] "GET /tests/render/fixtures/form-inquiry-contract-noform.html HTTP/1.1" 200 -
  ✓  292 [vp1280] › tests/render/meta.spec.ts:1281:3 › form-inquiry-contract: zero-examined is a defect only where a form is expected › the contact page with no non-search form fires one defect (115ms)
[WebServer] 127.0.0.1 - - [19/Sep/2026 02:04:35] "GET /tests/render/fixtures/form-inquiry-contract-noform.html HTTP/1.1" 200 -
  ✓  293 [vp1280] › tests/render/meta.spec.ts:1297:3 › form-inquiry-contract: zero-examined is a defect only where a form is expected › a location page with no non-search form is silent (113ms)
[WebServer] 127.0.0.1 - - [19/Sep/2026 02:04:35] "GET /tests/render/fixtures/form-inquiry-contract-noform.html HTTP/1.1" 200 -
  ✓  294 [vp1280] › tests/render/meta.spec.ts:1310:3 › form-inquiry-contract: zero-examined is a defect only where a form is expected › a hub page with no non-search form is silent (115ms)
  ✓  295 [vp1280] › tests/render/meta.spec.ts:1335:3 › fieldChecksSkipped pins the field-contract exemption list › in scope: every rich and blog page, contact page included (3ms)
  ✓  296 [vp1280] › tests/render/meta.spec.ts:1347:3 › fieldChecksSkipped pins the field-contract exemption list › exempt: the uk-locations cluster and the hubs (2ms)
  ✓  297 [vp1280] › tests/render/meta.spec.ts:1364:3 › contractFor pins the per-slug field contract › full: rich pages (2ms)
  ✓  298 [vp1280] › tests/render/meta.spec.ts:1369:3 › contractFor pins the per-slug field contract › short: blog-kind pages, and blog/* posts absent from the map (1ms)
  ✓  299 [vp1280] › tests/render/meta.spec.ts:1373:3 › contractFor pins the per-slug field contract › none: the locations cluster and the hubs (2ms)
  ✓  300 [vp1280] › tests/render/meta.spec.ts:1387:3 › formExpected pins the zero-examined exemption list › expected: the contact page only (6ms)
  ✓  301 [vp1280] › tests/render/meta.spec.ts:1391:3 › formExpected pins the zero-examined exemption list › not expected: other interior pages, home, puppy, hub, location and blog (2ms)
[WebServer] 127.0.0.1 - - [19/Sep/2026 02:04:36] "GET /tests/render/fixtures/known_good/form-inquiry-contract-blog-short.html HTTP/1.1" 200 -
  ✓  302 [vp1280] › tests/render/meta.spec.ts:1414:3 › form-inquiry-contract: the short (blog) contract is exercised › a blog-kind page with name/email/message only is clean (135ms)
[WebServer] 127.0.0.1 - - [19/Sep/2026 02:04:36] "GET /tests/render/fixtures/known_good/form-inquiry-contract-blog-short.html HTTP/1.1" 200 -
  ✓  303 [vp1280] › tests/render/meta.spec.ts:1429:3 › form-inquiry-contract: the short (blog) contract is exercised › the same form missing `message` fires (136ms)
  ✓  304 [vp1280] › tests/render/meta.spec.ts:1467:3 › every deferred check is registered and still passes both fixtures › every deferred id names a check the registry actually holds (0ms)
  ✓  305 [vp1280] › tests/render/meta.spec.ts:1487:3 › every deferred check is registered and still passes both fixtures › every deferred id carries a reason that states its promotion condition (0ms)
  ✓  306 [vp1280] › tests/render/meta.spec.ts:1510:3 › every deferred check is registered and still passes both fixtures › no deferred check is actually examining nodes in the latest run (7ms)
  ✓  260 [vp375] › tests/render/meta.spec.ts:716:3 › nav-jump-target-lands names the direction of failure › names an undershooting minority without claiming overshoot (10.3s)
[WebServer] 127.0.0.1 - - [19/Sep/2026 02:04:36] "GET /tests/render/fixtures/known_good/kit-counter-separated.html HTTP/1.1" 200 -
[WebServer] 127.0.0.1 - - [19/Sep/2026 02:04:36] "GET /tests/render/fixtures/known_broken/nav-smooth-scroll-landing.html HTTP/1.1" 200 -
  ✓  307 [vp1280] › tests/render/meta.spec.ts:1589:3 › layout-hero-counter-separation [kit CounterStrip] › is silent on the kit strip with its bed and rule (185ms)
[WebServer] 127.0.0.1 - - [19/Sep/2026 02:04:36] "GET /tests/render/fixtures/known_broken/kit-counter-flush.html HTTP/1.1" 200 -
  ✓  309 [vp1280] › tests/render/meta.spec.ts:1599:3 › layout-hero-counter-separation [kit CounterStrip] › fires when the kit strip keeps the hero band and drops the rule (156ms)
[WebServer] 127.0.0.1 - - [19/Sep/2026 02:04:36] "GET /tests/render/fixtures/known_good/kit-h3-image-first.html HTTP/1.1" 200 -
  ✓  310 [vp1280] › tests/render/meta.spec.ts:1634:3 › layout-h3-image-first [kit InfoCard] › is silent on the kit card with its image above its prose (153ms)
[WebServer] 127.0.0.1 - - [19/Sep/2026 02:04:36] "GET /tests/render/fixtures/known_broken/kit-h3-image-last.html HTTP/1.1" 200 -
  ✓  311 [vp1280] › tests/render/meta.spec.ts:1646:3 › layout-h3-image-first [kit InfoCard] › fires when the kit card drops the image below the prose (156ms)
[WebServer] 127.0.0.1 - - [19/Sep/2026 02:04:37] "GET /tests/render/fixtures/known_good/kit-stmt-label.html HTTP/1.1" 200 -
  ✓  312 [vp1280] › tests/render/meta.spec.ts:1661:3 › sem-statement-label-visible [kit InfoCard] › is silent on the kit card labels in all three places it puts one (177ms)
[WebServer] 127.0.0.1 - - [19/Sep/2026 02:04:37] "GET /tests/render/fixtures/known_broken/kit-stmt-label-hidden.html HTTP/1.1" 200 -
  ✓  313 [vp1280] › tests/render/meta.spec.ts:1673:3 › sem-statement-label-visible [kit InfoCard] › fires on a hidden label and on one with no kind (141ms)
  ✓  308 [vp375] › tests/render/meta.spec.ts:757:3 › nav-jump-target-lands measures geometry, not smooth-scroll timing › clicks under instant scrolling, restores the page, and still catches the real miss (15.9s)
  ✓  314 [vp375] › tests/render/meta.spec.ts:829:3 › the check-result contract › accepts a well-formed result (80ms)
  ✓  315 [vp375] › tests/render/meta.spec.ts:834:3 › the check-result contract › rejects more rows than MAX_DEFECT_ROWS (84ms)
  ✓  316 [vp375] › tests/render/meta.spec.ts:839:3 › the check-result contract › rejects a row with no count (81ms)
  ✓  317 [vp375] › tests/render/meta.spec.ts:843:3 › the check-result contract › rejects count: 0 — a defect row describes at least one failure (79ms)
  ✓  318 [vp375] › tests/render/meta.spec.ts:847:3 › the check-result contract › rejects a row attributed to a different check (80ms)
  ✓  319 [vp375] › tests/render/meta.spec.ts:853:3 › the check-result contract › rejects a row attributed to a different family (80ms)
  ✓  320 [vp375] › tests/render/meta.spec.ts:857:3 › the check-result contract › rejects a negative examined count (76ms)
  ✓  321 [vp375] › tests/render/meta.spec.ts:870:3 › nested slugs cannot silently lose a page › flattenSlug removes every path separator (2ms)
  ✓  322 [vp375] › tests/render/meta.spec.ts:879:3 › nested slugs cannot silently lose a page › writePartial actually lands a file for a nested slug (6ms)
[WebServer] 127.0.0.1 - - [19/Sep/2026 02:04:53] "GET /tests/render/fixtures/known_broken/chrome-late-rail.html HTTP/1.1" 200 -
  ✓  323 [vp375] › tests/render/meta.spec.ts:905:3 › measureTopChrome is deterministic and finds late-pinning chrome › finds a rail that only pins past 1.5 viewports (782ms)
[WebServer] 127.0.0.1 - - [19/Sep/2026 02:04:53] "GET /tests/render/fixtures/known_broken/chrome-late-rail.html HTTP/1.1" 200 -
  ✓  324 [vp375] › tests/render/meta.spec.ts:919:3 › measureTopChrome is deterministic and finds late-pinning chrome › returns the same height however the page was left scrolled (2.5s)
[WebServer] 127.0.0.1 - - [19/Sep/2026 02:04:56] "GET /tests/render/fixtures/known_broken/scroll-late-start.html HTTP/1.1" 200 -
  ✓  325 [vp375] › tests/render/meta.spec.ts:954:3 › waitForScrollSettle does not call an UNSTARTED scroll settled › waits out a scroll whose first frame lands after the stability threshold (552ms)
[WebServer] 127.0.0.1 - - [19/Sep/2026 02:04:56] "GET /tests/render/fixtures/known_broken/scroll-late-start.html HTTP/1.1" 200 -
  ✓  326 [vp375] › tests/render/meta.spec.ts:977:3 › waitForScrollSettle does not call an UNSTARTED scroll settled › still settles promptly when the scroll never needed to move (547ms)
[WebServer] 127.0.0.1 - - [19/Sep/2026 02:04:57] "GET /tests/render/fixtures/known_broken/chrome-sticky-sidebar.html HTTP/1.1" 200 -
  ✓  327 [vp375] › tests/render/meta.spec.ts:998:3 › measureTopChrome does not absorb sticky page content › a sticky sidebar pinned at top:0 is not counted as chrome (813ms)
[WebServer] 127.0.0.1 - - [19/Sep/2026 02:04:58] "GET /tests/render/fixtures/known_good/layout-tap-target-exemptions.html HTTP/1.1" 200 -
  ✓  328 [vp375] › tests/render/meta.spec.ts:1022:3 › layout-tap-target-size honours WCAG 2.5.8 exemptions › is silent on skip links, prose links, labelled inputs and isolated targets (122ms)
  ✓  329 [vp375] › tests/render/meta.spec.ts:1077:3 › dist/ freshness sees a DELETED source page › a built route whose source was deleted is reported by name (2ms)
  ✓  330 [vp375] › tests/render/meta.spec.ts:1085:3 › dist/ freshness sees a DELETED source page › matching source and built sets report no orphan (3ms)
  ✓  331 [vp375] › tests/render/meta.spec.ts:1096:3 › dist/ freshness sees a DELETED source page › checkDistFreshness refuses, and its reason names the orphaned route (3ms)
  ✓  332 [vp375] › tests/render/meta.spec.ts:1110:3 › dist/ freshness sees a DELETED source page › the real repo has no orphaned routes (5ms)
  ✓  333 [vp375] › tests/render/meta.spec.ts:1149:3 › every registered family is actually wired into targets.json › the predicate names a family that is registered but wired nowhere (1ms)
  ✓  334 [vp375] › tests/render/meta.spec.ts:1155:3 › every registered family is actually wired into targets.json › a family wired into even one page type is not reported (0ms)
  ✓  335 [vp375] › tests/render/meta.spec.ts:1163:3 › every registered family is actually wired into targets.json › the REAL repo wires every family it registers (1ms)
  ✓  336 [vp375] › tests/render/meta.spec.ts:1173:3 › every registered family is actually wired into targets.json › targets.json declares no family that no check registers (1ms)
[WebServer] 127.0.0.1 - - [19/Sep/2026 02:04:58] "GET /tests/render/fixtures/known_broken/img-broken-vs-still-loading.html HTTP/1.1" 200 -
[WebServer] 127.0.0.1 - - [19/Sep/2026 02:04:58] code 404, message File not found
[WebServer] 127.0.0.1 - - [19/Sep/2026 02:04:58] "GET /definitely-not-a-real-image-404.webp HTTP/1.1" 404 -
[WebServer] 127.0.0.1 - - [19/Sep/2026 02:04:58] code 404, message File not found
[WebServer] 127.0.0.1 - - [19/Sep/2026 02:04:58] "GET /definitely-not-a-real-image-404.webp HTTP/1.1" 404 -
  ✓  337 [vp375] › tests/render/meta.spec.ts:1209:3 › img-srcset-within-2x separates broken from still-loading › a 404 image is still reported — a broken page must not score clean (309ms)
[WebServer] 127.0.0.1 - - [19/Sep/2026 02:04:58] "GET /tests/render/fixtures/known_broken/img-broken-vs-still-loading.html HTTP/1.1" 200 -
[WebServer] 127.0.0.1 - - [19/Sep/2026 02:04:58] code 404, message File not found
[WebServer] 127.0.0.1 - - [19/Sep/2026 02:04:58] "GET /definitely-not-a-real-image-404.webp HTTP/1.1" 404 -
[WebServer] 127.0.0.1 - - [19/Sep/2026 02:04:58] code 404, message File not found
[WebServer] 127.0.0.1 - - [19/Sep/2026 02:04:58] "GET /definitely-not-a-real-image-404.webp HTTP/1.1" 404 -
  ✓  338 [vp375] › tests/render/meta.spec.ts:1222:3 › img-srcset-within-2x separates broken from still-loading › the decodable image is examined, not skipped (343ms)
[WebServer] 127.0.0.1 - - [19/Sep/2026 02:04:59] "GET /tests/render/fixtures/known_broken/img-broken-vs-still-loading.html HTTP/1.1" 200 -
[WebServer] 127.0.0.1 - - [19/Sep/2026 02:04:59] code 404, message File not found
[WebServer] 127.0.0.1 - - [19/Sep/2026 02:04:59] "GET /definitely-not-a-real-image-404.webp HTTP/1.1" 404 -
[WebServer] 127.0.0.1 - - [19/Sep/2026 02:04:59] code 404, message File not found
[WebServer] 127.0.0.1 - - [19/Sep/2026 02:04:59] "GET /definitely-not-a-real-image-404.webp HTTP/1.1" 404 -
  ✓  339 [vp375] › tests/render/meta.spec.ts:1233:3 › img-srcset-within-2x separates broken from still-loading › no defect row ever describes an image as merely still loading (315ms)
[WebServer] 127.0.0.1 - - [19/Sep/2026 02:04:59] "GET /tests/render/fixtures/form-inquiry-contract-noform.html HTTP/1.1" 200 -
  ✓  340 [vp375] › tests/render/meta.spec.ts:1281:3 › form-inquiry-contract: zero-examined is a defect only where a form is expected › the contact page with no non-search form fires one defect (119ms)
[WebServer] 127.0.0.1 - - [19/Sep/2026 02:04:59] "GET /tests/render/fixtures/form-inquiry-contract-noform.html HTTP/1.1" 200 -
  ✓  341 [vp375] › tests/render/meta.spec.ts:1297:3 › form-inquiry-contract: zero-examined is a defect only where a form is expected › a location page with no non-search form is silent (110ms)
[WebServer] 127.0.0.1 - - [19/Sep/2026 02:04:59] "GET /tests/render/fixtures/form-inquiry-contract-noform.html HTTP/1.1" 200 -
  ✓  342 [vp375] › tests/render/meta.spec.ts:1310:3 › form-inquiry-contract: zero-examined is a defect only where a form is expected › a hub page with no non-search form is silent (107ms)
  ✓  343 [vp375] › tests/render/meta.spec.ts:1335:3 › fieldChecksSkipped pins the field-contract exemption list › in scope: every rich and blog page, contact page included (2ms)
  ✓  344 [vp375] › tests/render/meta.spec.ts:1347:3 › fieldChecksSkipped pins the field-contract exemption list › exempt: the uk-locations cluster and the hubs (2ms)
  ✓  345 [vp375] › tests/render/meta.spec.ts:1364:3 › contractFor pins the per-slug field contract › full: rich pages (1ms)
  ✓  346 [vp375] › tests/render/meta.spec.ts:1369:3 › contractFor pins the per-slug field contract › short: blog-kind pages, and blog/* posts absent from the map (1ms)
  ✓  347 [vp375] › tests/render/meta.spec.ts:1373:3 › contractFor pins the per-slug field contract › none: the locations cluster and the hubs (1ms)
  ✓  348 [vp375] › tests/render/meta.spec.ts:1387:3 › formExpected pins the zero-examined exemption list › expected: the contact page only (0ms)
  ✓  349 [vp375] › tests/render/meta.spec.ts:1391:3 › formExpected pins the zero-examined exemption list › not expected: other interior pages, home, puppy, hub, location and blog (2ms)
[WebServer] 127.0.0.1 - - [19/Sep/2026 02:04:59] "GET /tests/render/fixtures/known_good/form-inquiry-contract-blog-short.html HTTP/1.1" 200 -
  ✓  350 [vp375] › tests/render/meta.spec.ts:1414:3 › form-inquiry-contract: the short (blog) contract is exercised › a blog-kind page with name/email/message only is clean (109ms)
[WebServer] 127.0.0.1 - - [19/Sep/2026 02:04:59] "GET /tests/render/fixtures/known_good/form-inquiry-contract-blog-short.html HTTP/1.1" 200 -
  ✓  351 [vp375] › tests/render/meta.spec.ts:1429:3 › form-inquiry-contract: the short (blog) contract is exercised › the same form missing `message` fires (115ms)
  ✓  352 [vp375] › tests/render/meta.spec.ts:1467:3 › every deferred check is registered and still passes both fixtures › every deferred id names a check the registry actually holds (1ms)
  ✓  353 [vp375] › tests/render/meta.spec.ts:1487:3 › every deferred check is registered and still passes both fixtures › every deferred id carries a reason that states its promotion condition (0ms)
  ✓  354 [vp375] › tests/render/meta.spec.ts:1510:3 › every deferred check is registered and still passes both fixtures › no deferred check is actually examining nodes in the latest run (6ms)
[WebServer] 127.0.0.1 - - [19/Sep/2026 02:05:00] "GET /tests/render/fixtures/known_good/kit-counter-separated.html HTTP/1.1" 200 -
  ✓  355 [vp375] › tests/render/meta.spec.ts:1589:3 › layout-hero-counter-separation [kit CounterStrip] › is silent on the kit strip with its bed and rule (107ms)
[WebServer] 127.0.0.1 - - [19/Sep/2026 02:05:00] "GET /tests/render/fixtures/known_broken/kit-counter-flush.html HTTP/1.1" 200 -
  ✓  356 [vp375] › tests/render/meta.spec.ts:1599:3 › layout-hero-counter-separation [kit CounterStrip] › fires when the kit strip keeps the hero band and drops the rule (109ms)
[WebServer] 127.0.0.1 - - [19/Sep/2026 02:05:00] "GET /tests/render/fixtures/known_good/kit-h3-image-first.html HTTP/1.1" 200 -
  ✓  357 [vp375] › tests/render/meta.spec.ts:1634:3 › layout-h3-image-first [kit InfoCard] › is silent on the kit card with its image above its prose (111ms)
[WebServer] 127.0.0.1 - - [19/Sep/2026 02:05:00] "GET /tests/render/fixtures/known_broken/kit-h3-image-last.html HTTP/1.1" 200 -
  ✓  358 [vp375] › tests/render/meta.spec.ts:1646:3 › layout-h3-image-first [kit InfoCard] › fires when the kit card drops the image below the prose (118ms)
[WebServer] 127.0.0.1 - - [19/Sep/2026 02:05:00] "GET /tests/render/fixtures/known_good/kit-stmt-label.html HTTP/1.1" 200 -
  ✓  359 [vp375] › tests/render/meta.spec.ts:1661:3 › sem-statement-label-visible [kit InfoCard] › is silent on the kit card labels in all three places it puts one (110ms)
[WebServer] 127.0.0.1 - - [19/Sep/2026 02:05:00] "GET /tests/render/fixtures/known_broken/kit-stmt-label-hidden.html HTTP/1.1" 200 -
  ✓  360 [vp375] › tests/render/meta.spec.ts:1673:3 › sem-statement-label-visible [kit InfoCard] › fires on a hidden label and on one with no kind (112ms)

  36 skipped
  324 passed (1.5m)

> bsuk@0.1.0 test:render:pages
> playwright test -c tests/render/playwright.config.ts pages.spec.ts


Running 54 tests using 2 workers

[freshness] dist/ is current (newest: dist/search-index.json)
[freshness] dist/ is current (newest: dist/search-index.json)
[WebServer] 127.0.0.1 - - [19/Sep/2026 02:05:04] "GET / HTTP/1.1" 200 -
[WebServer] 127.0.0.1 - - [19/Sep/2026 02:05:04] "GET /images/kc-registered-blue-staffy-pups-london.webp HTTP/1.1" 200 -
[WebServer] 127.0.0.1 - - [19/Sep/2026 02:05:04] "GET /_astro/Roman2.C-A0j1ry_2iWGRt.webp HTTP/1.1" 200 -
[WebServer] 127.0.0.1 - - [19/Sep/2026 02:05:04] "GET /_astro/Byrd1.Dc5KZxb2_13r1px.webp HTTP/1.1" 200 -
[WebServer] 127.0.0.1 - - [19/Sep/2026 02:05:04] "GET / HTTP/1.1" 200 -
[WebServer] 127.0.0.1 - - [19/Sep/2026 02:05:04] "GET /images/blue-staffy-puppy-for-sale-uk.webp HTTP/1.1" 200 -
[WebServer] 127.0.0.1 - - [19/Sep/2026 02:05:04] "GET /_astro/Roman2.C-A0j1ry_2oY8o4.webp HTTP/1.1" 200 -
[WebServer] 127.0.0.1 - - [19/Sep/2026 02:05:04] "GET /images/kc-registered-blue-staffy-pups-london.webp HTTP/1.1" 200 -
[WebServer] 127.0.0.1 - - [19/Sep/2026 02:05:04] "GET /_astro/Byrd1.Dc5KZxb2_Z2rts2K.webp HTTP/1.1" 200 -
[WebServer] 127.0.0.1 - - [19/Sep/2026 02:05:05] "GET /videos/playful-blue-staffy-puppies-uk.mp4 HTTP/1.1" 200 -
[WebServer] 127.0.0.1 - - [19/Sep/2026 02:05:05] "GET /images/blue-staffy-puppy-for-sale-uk.webp HTTP/1.1" 200 -
[WebServer] 127.0.0.1 - - [19/Sep/2026 02:05:05] "GET /videos/playful-blue-staffy-puppies-uk.mp4 HTTP/1.1" 200 -
[WebServer] 127.0.0.1 - - [19/Sep/2026 02:05:06] "GET /images/buy-staffy-health-guarantee-uk.webp HTTP/1.1" 200 -
[WebServer] 127.0.0.1 - - [19/Sep/2026 02:05:06] "GET /images/victoria-family-blue-staffy-manchester.webp HTTP/1.1" 200 -
[WebServer] 127.0.0.1 - - [19/Sep/2026 02:05:06] "GET /images/healthy-staffy-breed-guide-1.webp HTTP/1.1" 200 -
[WebServer] 127.0.0.1 - - [19/Sep/2026 02:05:06] "GET /images/playful-blue-staffy-lawn-uk.webp HTTP/1.1" 200 -
[WebServer] 127.0.0.1 - - [19/Sep/2026 02:05:06] "GET /images/kc-staffy-puppies-for-rehoming-uk.webp HTTP/1.1" 200 -
[WebServer] 127.0.0.1 - - [19/Sep/2026 02:05:06] "GET /images/healthy-staffy-breed-guide-1.webp HTTP/1.1" 200 -
[WebServer] 127.0.0.1 - - [19/Sep/2026 02:05:06] "GET /images/kc-staffy-puppies-for-rehoming-uk.webp HTTP/1.1" 200 -
[WebServer] 127.0.0.1 - - [19/Sep/2026 02:05:06] "GET /images/buy-staffy-health-guarantee-uk-760.webp HTTP/1.1" 200 -
[WebServer] 127.0.0.1 - - [19/Sep/2026 02:05:06] "GET /images/playful-blue-staffy-lawn-uk-760.webp HTTP/1.1" 200 -
[WebServer] 127.0.0.1 - - [19/Sep/2026 02:05:06] "GET /images/victoria-family-blue-staffy-manchester.webp HTTP/1.1" 200 -
[WebServer] 127.0.0.1 - - [19/Sep/2026 02:05:06] "GET /images/mark-blue-staffy-london.webp HTTP/1.1" 200 -
[WebServer] 127.0.0.1 - - [19/Sep/2026 02:05:06] "GET /images/playful-staffy-puppies-uk-sale.webp HTTP/1.1" 200 -
[WebServer] 127.0.0.1 - - [19/Sep/2026 02:05:06] "GET /images/maggie-blue-staffy-dam-with-pups.webp HTTP/1.1" 200 -
[WebServer] 127.0.0.1 - - [19/Sep/2026 02:05:06] "GET /images/mark-blue-staffy-london.webp HTTP/1.1" 200 -
[WebServer] 127.0.0.1 - - [19/Sep/2026 02:05:06] "GET /images/blue-staffy-family-dog-uk.webp HTTP/1.1" 200 -
[WebServer] 127.0.0.1 - - [19/Sep/2026 02:05:06] "GET /images/blue-staffy-puppy-vet-check-uk.webp HTTP/1.1" 200 -
[WebServer] 127.0.0.1 - - [19/Sep/2026 02:05:06] "GET /images/maggie-blue-staffy-dam-with-pups-760.webp HTTP/1.1" 200 -
[WebServer] 127.0.0.1 - - [19/Sep/2026 02:05:06] "GET /images/playful-staffy-puppies-uk-sale.webp HTTP/1.1" 200 -
[WebServer] 127.0.0.1 - - [19/Sep/2026 02:05:06] "GET /images/bluestaffyuk-nationwide-delivery.webp HTTP/1.1" 200 -
[WebServer] 127.0.0.1 - - [19/Sep/2026 02:05:06] "GET /images/blue-staffy-puppy-delivery-uk.webp HTTP/1.1" 200 -
[WebServer] 127.0.0.1 - - [19/Sep/2026 02:05:06] "GET /images/blue-staffy-family-dog-uk.webp HTTP/1.1" 200 -
[WebServer] 127.0.0.1 - - [19/Sep/2026 02:05:06] "GET /_astro/Ince1.CjowFAsd_Z1xNGHe.webp HTTP/1.1" 200 -
[WebServer] 127.0.0.1 - - [19/Sep/2026 02:05:06] "GET /images/blue-staffy-puppy-vet-check-uk-760.webp HTTP/1.1" 200 -
[WebServer] 127.0.0.1 - - [19/Sep/2026 02:05:06] "GET /_astro/Vennie.ke5yj4Fb_24EeX6.webp HTTP/1.1" 200 -
[WebServer] 127.0.0.1 - - [19/Sep/2026 02:05:06] "GET /images/bluestaffyuk-nationwide-delivery-760.webp HTTP/1.1" 200 -
[WebServer] 127.0.0.1 - - [19/Sep/2026 02:05:06] "GET /images/blue-staffy-puppy-delivery-uk-760.webp HTTP/1.1" 200 -
[WebServer] 127.0.0.1 - - [19/Sep/2026 02:05:06] "GET /_astro/Christa.DCD6hF9z_15fV8S.webp HTTP/1.1" 200 -
[WebServer] 127.0.0.1 - - [19/Sep/2026 02:05:06] "GET /_astro/Ince1.CjowFAsd_1W6LK4.webp HTTP/1.1" 200 -
[WebServer] 127.0.0.1 - - [19/Sep/2026 02:05:06] "GET /_astro/Vennie.ke5yj4Fb_24zx1C.webp HTTP/1.1" 200 -
[WebServer] 127.0.0.1 - - [19/Sep/2026 02:05:06] "GET /_astro/Christa.DCD6hF9z_ZXFfKX.webp HTTP/1.1" 200 -
[WebServer] 127.0.0.1 - - [19/Sep/2026 02:05:06] "GET /_astro/Cheryl1.BA5--lqv_2leFTW.webp HTTP/1.1" 200 -
[WebServer] 127.0.0.1 - - [19/Sep/2026 02:05:06] "GET /_astro/Cheryl1.BA5--lqv_1BX5wb.webp HTTP/1.1" 200 -
  ✘   2 [vp375] › tests/render/pages.spec.ts:109:3 › index (10.2s)
  ✘   1 [vp768] › tests/render/pages.spec.ts:109:3 › index (10.7s)
[freshness] dist/ is current (newest: dist/search-index.json)
[WebServer] 127.0.0.1 - - [19/Sep/2026 02:05:16] "GET /buy-blue-staffy-puppies-uk/ HTTP/1.1" 200 -
[WebServer] 127.0.0.1 - - [19/Sep/2026 02:05:16] "GET /images/blue-staffy-puppies-uk-litter1.webp HTTP/1.1" 200 -
[WebServer] 127.0.0.1 - - [19/Sep/2026 02:05:16] "GET /_astro/Roman2.C-A0j1ry_2iWGRt.webp HTTP/1.1" 200 -
[WebServer] 127.0.0.1 - - [19/Sep/2026 02:05:16] "GET /_astro/Byrd1.Dc5KZxb2_13r1px.webp HTTP/1.1" 200 -
[WebServer] 127.0.0.1 - - [19/Sep/2026 02:05:16] "GET /videos/best-blue-staffy-puppies-uk.mp4 HTTP/1.1" 200 -
[freshness] dist/ is current (newest: dist/search-index.json)
[WebServer] 127.0.0.1 - - [19/Sep/2026 02:05:17] "GET /buy-blue-staffy-puppies-uk/ HTTP/1.1" 200 -
[WebServer] 127.0.0.1 - - [19/Sep/2026 02:05:17] "GET /images/blue-staffy-puppies-uk-litter1.webp HTTP/1.1" 200 -
[WebServer] 127.0.0.1 - - [19/Sep/2026 02:05:17] "GET /_astro/Roman2.C-A0j1ry_2oY8o4.webp HTTP/1.1" 200 -
[WebServer] 127.0.0.1 - - [19/Sep/2026 02:05:17] "GET /_astro/Byrd1.Dc5KZxb2_Z2rts2K.webp HTTP/1.1" 200 -
[WebServer] 127.0.0.1 - - [19/Sep/2026 02:05:17] "GET /videos/best-blue-staffy-puppies-uk.mp4 HTTP/1.1" 200 -
[WebServer] 127.0.0.1 - - [19/Sep/2026 02:05:17] "GET /images/staffordshire-bull-terrier-for-sale-uk-ready-760.webp HTTP/1.1" 200 -
[WebServer] 127.0.0.1 - - [19/Sep/2026 02:05:17] "GET /images/buy-staffordshire-bull-terrier-uk-now-760.webp HTTP/1.1" 200 -
[WebServer] 127.0.0.1 - - [19/Sep/2026 02:05:17] "GET /images/uk-blue-staffy-breeders-trust-760.webp HTTP/1.1" 200 -
[WebServer] 127.0.0.1 - - [19/Sep/2026 02:05:17] "GET /images/blue-staffy-pups-near-you-760.webp HTTP/1.1" 200 -
[WebServer] 127.0.0.1 - - [19/Sep/2026 02:05:17] "GET /images/blue-staffy-testimonial-london-happy-owner.webp HTTP/1.1" 200 -
[WebServer] 127.0.0.1 - - [19/Sep/2026 02:05:17] "GET /images/blue-staffy-puppy-delivery-uk-760.webp HTTP/1.1" 200 -
[WebServer] 127.0.0.1 - - [19/Sep/2026 02:05:17] "GET /images/blue-staffy-puppy-testimonial-cardiff-daniel.webp HTTP/1.1" 200 -
[WebServer] 127.0.0.1 - - [19/Sep/2026 02:05:17] "GET /_astro/Vennie.ke5yj4Fb_24zx1C.webp HTTP/1.1" 200 -
[WebServer] 127.0.0.1 - - [19/Sep/2026 02:05:17] "GET /_astro/Ince1.CjowFAsd_1W6LK4.webp HTTP/1.1" 200 -
[WebServer] 127.0.0.1 - - [19/Sep/2026 02:05:17] "GET /_astro/Christa.DCD6hF9z_ZXFfKX.webp HTTP/1.1" 200 -
[WebServer] 127.0.0.1 - - [19/Sep/2026 02:05:17] "GET /_astro/Cheryl1.BA5--lqv_2leFTW.webp HTTP/1.1" 200 -
[WebServer] 127.0.0.1 - - [19/Sep/2026 02:05:18] "GET /images/buy-staffordshire-bull-terrier-uk-now.webp HTTP/1.1" 200 -
[WebServer] 127.0.0.1 - - [19/Sep/2026 02:05:18] "GET /images/staffordshire-bull-terrier-for-sale-uk-ready.webp HTTP/1.1" 200 -
[WebServer] 127.0.0.1 - - [19/Sep/2026 02:05:18] "GET /images/blue-staffy-pups-near-you.webp HTTP/1.1" 200 -
[WebServer] 127.0.0.1 - - [19/Sep/2026 02:05:18] "GET /images/blue-staffy-puppy-delivery-uk.webp HTTP/1.1" 200 -
[WebServer] 127.0.0.1 - - [19/Sep/2026 02:05:18] "GET /images/uk-blue-staffy-breeders-trust.webp HTTP/1.1" 200 -
[WebServer] 127.0.0.1 - - [19/Sep/2026 02:05:18] "GET /images/blue-staffy-testimonial-london-happy-owner.webp HTTP/1.1" 200 -
[WebServer] 127.0.0.1 - - [19/Sep/2026 02:05:18] "GET /images/blue-staffy-puppy-testimonial-cardiff-daniel.webp HTTP/1.1" 200 -
[WebServer] 127.0.0.1 - - [19/Sep/2026 02:05:18] "GET /_astro/Vennie.ke5yj4Fb_24EeX6.webp HTTP/1.1" 200 -
[WebServer] 127.0.0.1 - - [19/Sep/2026 02:05:18] "GET /_astro/Ince1.CjowFAsd_Z1xNGHe.webp HTTP/1.1" 200 -
[WebServer] 127.0.0.1 - - [19/Sep/2026 02:05:18] "GET /_astro/Christa.DCD6hF9z_15fV8S.webp HTTP/1.1" 200 -
[WebServer] 127.0.0.1 - - [19/Sep/2026 02:05:18] "GET /_astro/Cheryl1.BA5--lqv_1BX5wb.webp HTTP/1.1" 200 -
[WebServer] ----------------------------------------
[WebServer] Exception occurred during processing of request from ('127.0.0.1', 62629)
[WebServer] 127.0.0.1 - - [19/Sep/2026 02:05:24] "GET /videos/best-blue-staffy-puppies-uk.mp4 HTTP/1.1" 200 -
[WebServer] ----------------------------------------
[WebServer] Exception occurred during processing of request from ('127.0.0.1', 62657)
[WebServer] Traceback (most recent call last):
[WebServer]   File "/Library/Developer/CommandLineTools/Library/Frameworks/Python3.framework/Versions/3.9/lib/python3.9/socketserver.py", line 683, in process_request_thread
[WebServer]     self.finish_request(request, client_address)
[WebServer]   File "/Library/Developer/CommandLineTools/Library/Frameworks/Python3.framework/Versions/3.9/lib/python3.9/socketserver.py", line 360, in finish_request
[WebServer]     self.RequestHandlerClass(request, client_address, self)
[WebServer]   File "/Library/Developer/CommandLineTools/Library/Frameworks/Python3.framework/Versions/3.9/lib/python3.9/http/server.py", line 660, in __init__
[WebServer]     super().__init__(*args, **kwargs)
[WebServer]   File "/Library/Developer/CommandLineTools/Library/Frameworks/Python3.framework/Versions/3.9/lib/python3.9/socketserver.py", line 747, in __init__
[WebServer]     self.handle()
[WebServer]   File "/Library/Developer/CommandLineTools/Library/Frameworks/Python3.framework/Versions/3.9/lib/python3.9/http/server.py", line 434, in handle
[WebServer]     self.handle_one_request()
[WebServer]   File "/Library/Developer/CommandLineTools/Library/Frameworks/Python3.framework/Versions/3.9/lib/python3.9/http/server.py", line 422, in handle_one_request
[WebServer]     method()
[WebServer]   File "/Library/Developer/CommandLineTools/Library/Frameworks/Python3.framework/Versions/3.9/lib/python3.9/http/server.py", line 667, in do_GET
[WebServer]     self.copyfile(f, self.wfile)
[WebServer]   File "/Library/Developer/CommandLineTools/Library/Frameworks/Python3.framework/Versions/3.9/lib/python3.9/http/server.py", line 867, in copyfile
[WebServer]     shutil.copyfileobj(source, outputfile)
[WebServer]   File "/Library/Developer/CommandLineTools/Library/Frameworks/Python3.framework/Versions/3.9/lib/python3.9/shutil.py", line 208, in copyfileobj
[WebServer]     fdst_write(buf)
[WebServer]   File "/Library/Developer/CommandLineTools/Library/Frameworks/Python3.framework/Versions/3.9/lib/python3.9/socketserver.py", line 826, in write
[WebServer]     self._sock.sendall(b)
[WebServer] BrokenPipeError: [Errno 32] Broken pipe
[WebServer] ----------------------------------------
[WebServer] Traceback (most recent call last):
[WebServer]   File "/Library/Developer/CommandLineTools/Library/Frameworks/Python3.framework/Versions/3.9/lib/python3.9/socketserver.py", line 683, in process_request_thread
[WebServer]     self.finish_request(request, client_address)
[WebServer]   File "/Library/Developer/CommandLineTools/Library/Frameworks/Python3.framework/Versions/3.9/lib/python3.9/socketserver.py", line 360, in finish_request
[WebServer]     self.RequestHandlerClass(request, client_address, self)
[WebServer]   File "/Library/Developer/CommandLineTools/Library/Frameworks/Python3.framework/Versions/3.9/lib/python3.9/http/server.py", line 660, in __init__
[WebServer]     super().__init__(*args, **kwargs)
[WebServer]   File "/Library/Developer/CommandLineTools/Library/Frameworks/Python3.framework/Versions/3.9/lib/python3.9/socketserver.py", line 747, in __init__
[WebServer]     self.handle()
[WebServer]   File "/Library/Developer/CommandLineTools/Library/Frameworks/Python3.framework/Versions/3.9/lib/python3.9/http/server.py", line 434, in handle
[WebServer]     self.handle_one_request()
[WebServer]   File "/Library/Developer/CommandLineTools/Library/Frameworks/Python3.framework/Versions/3.9/lib/python3.9/http/server.py", line 422, in handle_one_request
[WebServer]     method()
[WebServer]   File "/Library/Developer/CommandLineTools/Library/Frameworks/Python3.framework/Versions/3.9/lib/python3.9/http/server.py", line 667, in do_GET
[WebServer]     self.copyfile(f, self.wfile)
[WebServer]   File "/Library/Developer/CommandLineTools/Library/Frameworks/Python3.framework/Versions/3.9/lib/python3.9/http/server.py", line 867, in copyfile
[WebServer]     shutil.copyfileobj(source, outputfile)
[WebServer]   File "/Library/Developer/CommandLineTools/Library/Frameworks/Python3.framework/Versions/3.9/lib/python3.9/shutil.py", line 208, in copyfileobj
[WebServer]     fdst_write(buf)
[WebServer]   File "/Library/Developer/CommandLineTools/Library/Frameworks/Python3.framework/Versions/3.9/lib/python3.9/socketserver.py", line 826, in write
[WebServer]     self._sock.sendall(b)
[WebServer] BrokenPipeError: [Errno 32] Broken pipe
[WebServer] ----------------------------------------
  ✘   3 [vp375] › tests/render/pages.spec.ts:109:3 › buy-blue-staffy-puppies-uk (8.7s)
[freshness] dist/ is current (newest: dist/search-index.json)
[WebServer] 127.0.0.1 - - [19/Sep/2026 02:05:25] "GET /videos/best-blue-staffy-puppies-uk.mp4 HTTP/1.1" 200 -
[WebServer] ----------------------------------------
[WebServer] Exception occurred during processing of request from ('127.0.0.1', 62658)
[WebServer] Traceback (most recent call last):
[WebServer]   File "/Library/Developer/CommandLineTools/Library/Frameworks/Python3.framework/Versions/3.9/lib/python3.9/socketserver.py", line 683, in process_request_thread
[WebServer]     self.finish_request(request, client_address)
[WebServer]   File "/Library/Developer/CommandLineTools/Library/Frameworks/Python3.framework/Versions/3.9/lib/python3.9/socketserver.py", line 360, in finish_request
[WebServer]     self.RequestHandlerClass(request, client_address, self)
[WebServer]   File "/Library/Developer/CommandLineTools/Library/Frameworks/Python3.framework/Versions/3.9/lib/python3.9/http/server.py", line 660, in __init__
[WebServer]     super().__init__(*args, **kwargs)
[WebServer]   File "/Library/Developer/CommandLineTools/Library/Frameworks/Python3.framework/Versions/3.9/lib/python3.9/socketserver.py", line 747, in __init__
[WebServer]     self.handle()
[WebServer]   File "/Library/Developer/CommandLineTools/Library/Frameworks/Python3.framework/Versions/3.9/lib/python3.9/http/server.py", line 434, in handle
[WebServer]     self.handle_one_request()
[WebServer]   File "/Library/Developer/CommandLineTools/Library/Frameworks/Python3.framework/Versions/3.9/lib/python3.9/http/server.py", line 422, in handle_one_request
[WebServer]     method()
[WebServer]   File "/Library/Developer/CommandLineTools/Library/Frameworks/Python3.framework/Versions/3.9/lib/python3.9/http/server.py", line 667, in do_GET
[WebServer]     self.copyfile(f, self.wfile)
[WebServer]   File "/Library/Developer/CommandLineTools/Library/Frameworks/Python3.framework/Versions/3.9/lib/python3.9/http/server.py", line 867, in copyfile
[WebServer]     shutil.copyfileobj(source, outputfile)
[WebServer]   File "/Library/Developer/CommandLineTools/Library/Frameworks/Python3.framework/Versions/3.9/lib/python3.9/shutil.py", line 208, in copyfileobj
[WebServer]     fdst_write(buf)
[WebServer]   File "/Library/Developer/CommandLineTools/Library/Frameworks/Python3.framework/Versions/3.9/lib/python3.9/socketserver.py", line 826, in write
[WebServer]     self._sock.sendall(b)
[WebServer] BrokenPipeError: [Errno 32] Broken pipe
[WebServer] ----------------------------------------
  ✘   4 [vp768] › tests/render/pages.spec.ts:109:3 › buy-blue-staffy-puppies-uk (8.9s)
[WebServer] 127.0.0.1 - - [19/Sep/2026 02:05:26] "GET /blue-staffy-pup-sale-uk/ HTTP/1.1" 200 -
[WebServer] 127.0.0.1 - - [19/Sep/2026 02:05:26] "GET /images/buy-staffordshire-bull-terrier-uk-now-760.webp HTTP/1.1" 200 -
[WebServer] 127.0.0.1 - - [19/Sep/2026 02:05:27] "GET /images/bluestaffyuk-nationwide-delivery-760.webp HTTP/1.1" 200 -
[WebServer] 127.0.0.1 - - [19/Sep/2026 02:05:27] "GET /images/blue-staffy-testimonial-london-happy-owner.webp HTTP/1.1" 200 -
[WebServer] 127.0.0.1 - - [19/Sep/2026 02:05:27] "GET /images/maggie-blue-staffy-dam-with-pups-760.webp HTTP/1.1" 200 -
[WebServer] 127.0.0.1 - - [19/Sep/2026 02:05:27] "GET /images/mark-blue-staffy-london.webp HTTP/1.1" 200 -
[freshness] dist/ is current (newest: dist/search-index.json)
[WebServer] 127.0.0.1 - - [19/Sep/2026 02:05:27] "GET /blue-staffy-pup-sale-uk/ HTTP/1.1" 200 -
[WebServer] 127.0.0.1 - - [19/Sep/2026 02:05:28] "GET /images/maggie-blue-staffy-dam-with-pups.webp HTTP/1.1" 200 -
[WebServer] 127.0.0.1 - - [19/Sep/2026 02:05:28] "GET /images/bluestaffyuk-nationwide-delivery.webp HTTP/1.1" 200 -
[WebServer] 127.0.0.1 - - [19/Sep/2026 02:05:28] "GET /images/buy-staffordshire-bull-terrier-uk-now.webp HTTP/1.1" 200 -
[WebServer] 127.0.0.1 - - [19/Sep/2026 02:05:28] "GET /images/blue-staffy-testimonial-london-happy-owner.webp HTTP/1.1" 200 -
[WebServer] 127.0.0.1 - - [19/Sep/2026 02:05:28] "GET /images/mark-blue-staffy-london.webp HTTP/1.1" 200 -
  ✓   5 [vp375] › tests/render/pages.spec.ts:109:3 › blue-staffy-pup-sale-uk (6.2s)
[WebServer] 127.0.0.1 - - [19/Sep/2026 02:05:32] "GET /buy-staffy-puppies-for-sale-uk/ HTTP/1.1" 200 -
[WebServer] 127.0.0.1 - - [19/Sep/2026 02:05:33] "GET /images/avoid-staffordshire-bull-terrier-temperament-problems-bluestaffyuk.webp HTTP/1.1" 200 -
[WebServer] 127.0.0.1 - - [19/Sep/2026 02:05:33] "GET /images/kennel-club-assured-breeder-vs-others-bluestaffyuk.webp HTTP/1.1" 200 -
[WebServer] 127.0.0.1 - - [19/Sep/2026 02:05:33] "GET /images/best-blue-staffy-breeder-reviews-puppy-for-sale-uk.webp HTTP/1.1" 200 -
[WebServer] 127.0.0.1 - - [19/Sep/2026 02:05:33] "GET /images/buy-staffy-puppies-for-sale-uk-bluestaffyuk.webp HTTP/1.1" 200 -
[WebServer] 127.0.0.1 - - [19/Sep/2026 02:05:33] "GET /images/healthy-staffy-puppy-for-sale-uk.webp HTTP/1.1" 200 -
[WebServer] 127.0.0.1 - - [19/Sep/2026 02:05:33] "GET /images/trusted-blue-staffy-breeder-reviews-satisfied-owners.webp HTTP/1.1" 200 -
[WebServer] 127.0.0.1 - - [19/Sep/2026 02:05:33] "GET /images/english-blue-staffy-for-sale-puppy.webp HTTP/1.1" 200 -
[WebServer] 127.0.0.1 - - [19/Sep/2026 02:05:33] "GET /images/vet-checked-blue-staffy-puppy-near-me.webp HTTP/1.1" 200 -
[WebServer] 127.0.0.1 - - [19/Sep/2026 02:05:33] "GET /images/local-blue-staffy-breeders-near-me-uk.webp HTTP/1.1" 200 -
[WebServer] 127.0.0.1 - - [19/Sep/2026 02:05:33] "GET /images/premium-staffy-puppy-for-sale-in-the-uk-ready-now.webp HTTP/1.1" 200 -
[WebServer] 127.0.0.1 - - [19/Sep/2026 02:05:33] "GET /images/staffy-puppies-norwich-for-sale-uk.webp HTTP/1.1" 200 -
[WebServer] 127.0.0.1 - - [19/Sep/2026 02:05:33] "GET /images/affordable-vs-premium-blue-staffy-breeders-comparison.webp HTTP/1.1" 200 -
[WebServer] 127.0.0.1 - - [19/Sep/2026 02:05:33] "GET /images/blue-staffy-bully-puppies-for-sale-uk-kc-certified.webp HTTP/1.1" 200 -
  ✘   6 [vp768] › tests/render/pages.spec.ts:109:3 › blue-staffy-pup-sale-uk (6.6s)
[freshness] dist/ is current (newest: dist/search-index.json)
[WebServer] 127.0.0.1 - - [19/Sep/2026 02:05:35] "GET /buy-staffy-puppies-for-sale-uk/ HTTP/1.1" 200 -
[WebServer] 127.0.0.1 - - [19/Sep/2026 02:05:36] "GET /images/kennel-club-assured-breeder-vs-others-bluestaffyuk.webp HTTP/1.1" 200 -
[WebServer] 127.0.0.1 - - [19/Sep/2026 02:05:36] "GET /images/healthy-staffy-puppy-for-sale-uk.webp HTTP/1.1" 200 -
[WebServer] 127.0.0.1 - - [19/Sep/2026 02:05:36] "GET /images/avoid-staffordshire-bull-terrier-temperament-problems-bluestaffyuk.webp HTTP/1.1" 200 -
[WebServer] 127.0.0.1 - - [19/Sep/2026 02:05:36] "GET /images/trusted-blue-staffy-breeder-reviews-satisfied-owners.webp HTTP/1.1" 200 -
[WebServer] 127.0.0.1 - - [19/Sep/2026 02:05:36] "GET /images/buy-staffy-puppies-for-sale-uk-bluestaffyuk.webp HTTP/1.1" 200 -
[WebServer] 127.0.0.1 - - [19/Sep/2026 02:05:36] "GET /images/best-blue-staffy-breeder-reviews-puppy-for-sale-uk.webp HTTP/1.1" 200 -
[WebServer] 127.0.0.1 - - [19/Sep/2026 02:05:36] "GET /images/vet-checked-blue-staffy-puppy-near-me.webp HTTP/1.1" 200 -
[WebServer] 127.0.0.1 - - [19/Sep/2026 02:05:36] "GET /images/english-blue-staffy-for-sale-puppy.webp HTTP/1.1" 200 -
[WebServer] 127.0.0.1 - - [19/Sep/2026 02:05:36] "GET /images/local-blue-staffy-breeders-near-me-uk.webp HTTP/1.1" 200 -
[WebServer] 127.0.0.1 - - [19/Sep/2026 02:05:36] "GET /images/staffy-puppies-norwich-for-sale-uk.webp HTTP/1.1" 200 -
[WebServer] 127.0.0.1 - - [19/Sep/2026 02:05:36] "GET /images/premium-staffy-puppy-for-sale-in-the-uk-ready-now.webp HTTP/1.1" 200 -
[WebServer] 127.0.0.1 - - [19/Sep/2026 02:05:36] "GET /images/affordable-vs-premium-blue-staffy-breeders-comparison.webp HTTP/1.1" 200 -
[WebServer] 127.0.0.1 - - [19/Sep/2026 02:05:36] "GET /images/blue-staffy-bully-puppies-for-sale-uk-kc-certified.webp HTTP/1.1" 200 -
  ✓   7 [vp375] › tests/render/pages.spec.ts:109:3 › buy-staffy-puppies-for-sale-uk (9.4s)
[WebServer] 127.0.0.1 - - [19/Sep/2026 02:05:41] "GET /available-puppies/roman/ HTTP/1.1" 200 -
[WebServer] 127.0.0.1 - - [19/Sep/2026 02:05:41] "GET /_astro/Roman2.C-A0j1ry_1uH9rQ.webp HTTP/1.1" 200 -
[WebServer] 127.0.0.1 - - [19/Sep/2026 02:05:41] "GET /_astro/Roman1.DKvYvyvM_2bjowu.webp HTTP/1.1" 200 -
[WebServer] 127.0.0.1 - - [19/Sep/2026 02:05:42] code 404, message File not found
[WebServer] 127.0.0.1 - - [19/Sep/2026 02:05:42] "GET /__bsuk_pending_image__/0.webp HTTP/1.1" 404 -
[WebServer] 127.0.0.1 - - [19/Sep/2026 02:05:42] code 404, message File not found
[WebServer] 127.0.0.1 - - [19/Sep/2026 02:05:42] "GET /__bsuk_pending_image__/1.webp HTTP/1.1" 404 -
  ✘   8 [vp768] › tests/render/pages.spec.ts:109:3 › buy-staffy-puppies-for-sale-uk (9.1s)
  ✘   9 [vp375] › tests/render/pages.spec.ts:109:3 › available-puppies/roman (3.3s)
[freshness] dist/ is current (newest: dist/search-index.json)
[WebServer] 127.0.0.1 - - [19/Sep/2026 02:05:46] "GET /available-puppies/roman/ HTTP/1.1" 200 -
[WebServer] 127.0.0.1 - - [19/Sep/2026 02:05:46] "GET /_astro/Roman2.C-A0j1ry_Z2h5Yfu.webp HTTP/1.1" 200 -
[WebServer] 127.0.0.1 - - [19/Sep/2026 02:05:46] "GET /_astro/Roman1.DKvYvyvM_2bjowu.webp HTTP/1.1" 200 -
[freshness] dist/ is current (newest: dist/search-index.json)
[WebServer] 127.0.0.1 - - [19/Sep/2026 02:05:47] code 404, message File not found
[WebServer] 127.0.0.1 - - [19/Sep/2026 02:05:47] code 404, message File not found
[WebServer] 127.0.0.1 - - [19/Sep/2026 02:05:47] "GET /__bsuk_pending_image__/1.webp HTTP/1.1" 404 -
[WebServer] 127.0.0.1 - - [19/Sep/2026 02:05:47] "GET /__bsuk_pending_image__/0.webp HTTP/1.1" 404 -
[WebServer] 127.0.0.1 - - [19/Sep/2026 02:05:47] "GET /available-puppies/ HTTP/1.1" 200 -
[WebServer] 127.0.0.1 - - [19/Sep/2026 02:05:47] "GET /_astro/Roman2.C-A0j1ry_2iWGRt.webp HTTP/1.1" 200 -
[WebServer] 127.0.0.1 - - [19/Sep/2026 02:05:47] "GET /_astro/Byrd1.Dc5KZxb2_13r1px.webp HTTP/1.1" 200 -
[WebServer] 127.0.0.1 - - [19/Sep/2026 02:05:47] "GET /_astro/Ince1.CjowFAsd_1W6LK4.webp HTTP/1.1" 200 -
[WebServer] 127.0.0.1 - - [19/Sep/2026 02:05:47] "GET /_astro/Vennie.ke5yj4Fb_24zx1C.webp HTTP/1.1" 200 -
[WebServer] 127.0.0.1 - - [19/Sep/2026 02:05:47] "GET /_astro/Cheryl1.BA5--lqv_2leFTW.webp HTTP/1.1" 200 -
[WebServer] 127.0.0.1 - - [19/Sep/2026 02:05:47] "GET /_astro/Christa.DCD6hF9z_ZXFfKX.webp HTTP/1.1" 200 -
[WebServer] 127.0.0.1 - - [19/Sep/2026 02:05:47] code 404, message File not found
[WebServer] 127.0.0.1 - - [19/Sep/2026 02:05:47] "GET /__bsuk_pending_image__/0.webp HTTP/1.1" 404 -
  ✘  10 [vp768] › tests/render/pages.spec.ts:109:3 › available-puppies/roman (3.7s)
[freshness] dist/ is current (newest: dist/search-index.json)
  ✘  11 [vp375] › tests/render/pages.spec.ts:109:3 › available-puppies (4.2s)
[WebServer] 127.0.0.1 - - [19/Sep/2026 02:05:51] "GET /available-puppies/ HTTP/1.1" 200 -
[WebServer] 127.0.0.1 - - [19/Sep/2026 02:05:51] "GET /_astro/Roman2.C-A0j1ry_2oY8o4.webp HTTP/1.1" 200 -
[WebServer] 127.0.0.1 - - [19/Sep/2026 02:05:51] "GET /_astro/Byrd1.Dc5KZxb2_Z2rts2K.webp HTTP/1.1" 200 -
[WebServer] 127.0.0.1 - - [19/Sep/2026 02:05:51] "GET /_astro/Ince1.CjowFAsd_Z1xNGHe.webp HTTP/1.1" 200 -
[WebServer] 127.0.0.1 - - [19/Sep/2026 02:05:51] "GET /_astro/Vennie.ke5yj4Fb_24EeX6.webp HTTP/1.1" 200 -
[WebServer] 127.0.0.1 - - [19/Sep/2026 02:05:51] "GET /_astro/Christa.DCD6hF9z_15fV8S.webp HTTP/1.1" 200 -
[WebServer] 127.0.0.1 - - [19/Sep/2026 02:05:51] "GET /_astro/Cheryl1.BA5--lqv_1BX5wb.webp HTTP/1.1" 200 -
[WebServer] 127.0.0.1 - - [19/Sep/2026 02:05:51] code 404, message File not found
[WebServer] 127.0.0.1 - - [19/Sep/2026 02:05:51] "GET /__bsuk_pending_image__/0.webp HTTP/1.1" 404 -
[WebServer] 127.0.0.1 - - [19/Sep/2026 02:05:51] code 404, message File not found
[WebServer] 127.0.0.1 - - [19/Sep/2026 02:05:51] code 404, message File not found
[WebServer] 127.0.0.1 - - [19/Sep/2026 02:05:51] "GET /__bsuk_pending_image__/1.webp HTTP/1.1" 404 -
[WebServer] 127.0.0.1 - - [19/Sep/2026 02:05:51] "GET /__bsuk_pending_image__/2.webp HTTP/1.1" 404 -
[WebServer] 127.0.0.1 - - [19/Sep/2026 02:05:51] code 404, message File not found
[WebServer] 127.0.0.1 - - [19/Sep/2026 02:05:51] "GET /__bsuk_pending_image__/3.webp HTTP/1.1" 404 -
[freshness] dist/ is current (newest: dist/search-index.json)
[WebServer] 127.0.0.1 - - [19/Sep/2026 02:05:52] "GET /uk-blue-staffy-puppy-buying-guide/ HTTP/1.1" 200 -
[WebServer] 127.0.0.1 - - [19/Sep/2026 02:05:54] "GET /images/purebred-blue-male-staffy-available-for-rehoming.webp HTTP/1.1" 200 -
[WebServer] 127.0.0.1 - - [19/Sep/2026 02:05:54] "GET /images/how-to-buy-blue-staffy-puppy-uk-steps1.webp HTTP/1.1" 200 -
[WebServer] 127.0.0.1 - - [19/Sep/2026 02:05:54] "GET /images/pros-and-cons-of-owning-a-blue-staffy-uk.webp HTTP/1.1" 200 -
[WebServer] 127.0.0.1 - - [19/Sep/2026 02:05:54] "GET /images/blue-staffy-health-prioritising-wellbeing.webp HTTP/1.1" 200 -
[WebServer] 127.0.0.1 - - [19/Sep/2026 02:05:54] "GET /images/blue-staffy-vet-check.webp HTTP/1.1" 200 -
[WebServer] 127.0.0.1 - - [19/Sep/2026 02:05:54] "GET /images/blue-staffy-uk-reviews-owner-testimonials.webp HTTP/1.1" 200 -
[WebServer] 127.0.0.1 - - [19/Sep/2026 02:05:54] "GET /images/blue-staffy-research.webp HTTP/1.1" 200 -
[WebServer] 127.0.0.1 - - [19/Sep/2026 02:05:54] "GET /images/1blue-staffy-family-breeder.webp HTTP/1.1" 200 -
[WebServer] 127.0.0.1 - - [19/Sep/2026 02:05:54] "GET /images/blue-staffy-puppy-preparation.webp HTTP/1.1" 200 -
[WebServer] 127.0.0.1 - - [19/Sep/2026 02:05:54] "GET /images/blue-staffy-training-socialisation.webp HTTP/1.1" 200 -
[WebServer] 127.0.0.1 - - [19/Sep/2026 02:05:54] "GET /images/bluestaffyuk-nationwide-infographic.webp HTTP/1.1" 200 -
[WebServer] 127.0.0.1 - - [19/Sep/2026 02:05:54] "GET /images/1blue-staffy-socialisation-checklist.webp HTTP/1.1" 200 -
[WebServer] 127.0.0.1 - - [19/Sep/2026 02:05:54] "GET /images/defra-pet-transport-process.webp HTTP/1.1" 200 -
[WebServer] 127.0.0.1 - - [19/Sep/2026 02:05:54] "GET /images/uk-family-blue-staffy.webp HTTP/1.1" 200 -
[WebServer] 127.0.0.1 - - [19/Sep/2026 02:05:54] "GET /images/healthy-blue-staffy-pups-for-sale-certified.webp HTTP/1.1" 200 -
[WebServer] 127.0.0.1 - - [19/Sep/2026 02:05:54] "GET /images/blue-staffy-adoption-vs-buying-infographic.webp HTTP/1.1" 200 -
[WebServer] 127.0.0.1 - - [19/Sep/2026 02:05:54] "GET /images/ready-to-welcome-blue-staffy-infographic.webp HTTP/1.1" 200 -
  ✘  12 [vp768] › tests/render/pages.spec.ts:109:3 › available-puppies (3.9s)
[freshness] dist/ is current (newest: dist/search-index.json)
[WebServer] 127.0.0.1 - - [19/Sep/2026 02:05:56] "GET /uk-blue-staffy-puppy-buying-guide/ HTTP/1.1" 200 -
[WebServer] 127.0.0.1 - - [19/Sep/2026 02:05:57] "GET /images/how-to-buy-blue-staffy-puppy-uk-steps1.webp HTTP/1.1" 200 -
[WebServer] 127.0.0.1 - - [19/Sep/2026 02:05:57] "GET /images/pros-and-cons-of-owning-a-blue-staffy-uk.webp HTTP/1.1" 200 -
[WebServer] 127.0.0.1 - - [19/Sep/2026 02:05:57] "GET /images/purebred-blue-male-staffy-available-for-rehoming.webp HTTP/1.1" 200 -
[WebServer] 127.0.0.1 - - [19/Sep/2026 02:05:57] "GET /images/blue-staffy-health-prioritising-wellbeing.webp HTTP/1.1" 200 -
[WebServer] 127.0.0.1 - - [19/Sep/2026 02:05:57] "GET /images/blue-staffy-vet-check.webp HTTP/1.1" 200 -
[WebServer] 127.0.0.1 - - [19/Sep/2026 02:05:57] "GET /images/blue-staffy-research.webp HTTP/1.1" 200 -
[WebServer] 127.0.0.1 - - [19/Sep/2026 02:05:57] "GET /images/blue-staffy-uk-reviews-owner-testimonials.webp HTTP/1.1" 200 -
[WebServer] 127.0.0.1 - - [19/Sep/2026 02:05:57] "GET /images/1blue-staffy-family-breeder.webp HTTP/1.1" 200 -
[WebServer] 127.0.0.1 - - [19/Sep/2026 02:05:57] "GET /images/blue-staffy-puppy-preparation.webp HTTP/1.1" 200 -
[WebServer] 127.0.0.1 - - [19/Sep/2026 02:05:57] "GET /images/1blue-staffy-socialisation-checklist.webp HTTP/1.1" 200 -
[WebServer] 127.0.0.1 - - [19/Sep/2026 02:05:57] "GET /images/blue-staffy-training-socialisation.webp HTTP/1.1" 200 -
[WebServer] 127.0.0.1 - - [19/Sep/2026 02:05:57] "GET /images/bluestaffyuk-nationwide-infographic.webp HTTP/1.1" 200 -
[WebServer] 127.0.0.1 - - [19/Sep/2026 02:05:57] "GET /images/defra-pet-transport-process.webp HTTP/1.1" 200 -
[WebServer] 127.0.0.1 - - [19/Sep/2026 02:05:57] "GET /images/uk-family-blue-staffy.webp HTTP/1.1" 200 -
[WebServer] 127.0.0.1 - - [19/Sep/2026 02:05:57] "GET /images/healthy-blue-staffy-pups-for-sale-certified.webp HTTP/1.1" 200 -
[WebServer] 127.0.0.1 - - [19/Sep/2026 02:05:57] "GET /images/blue-staffy-adoption-vs-buying-infographic.webp HTTP/1.1" 200 -
[WebServer] 127.0.0.1 - - [19/Sep/2026 02:05:58] "GET /images/ready-to-welcome-blue-staffy-infographic.webp HTTP/1.1" 200 -
  ✘  13 [vp375] › tests/render/pages.spec.ts:109:3 › uk-blue-staffy-puppy-buying-guide (11.5s)
[freshness] dist/ is current (newest: dist/search-index.json)
[WebServer] 127.0.0.1 - - [19/Sep/2026 02:06:05] "GET /uk-staffordshire-bull-terrier-guide/ HTTP/1.1" 200 -
[WebServer] 127.0.0.1 - - [19/Sep/2026 02:06:07] "GET /images/comprehensive-uk-staffordshire-bull-terrier-guide-book.webp HTTP/1.1" 200 -
[WebServer] 127.0.0.1 - - [19/Sep/2026 02:06:07] "GET /images/sbt-history-heritage-from-pit-to-pet.webp HTTP/1.1" 200 -
[WebServer] 127.0.0.1 - - [19/Sep/2026 02:06:07] "GET /images/blue-staffy-puppy-for-sale-uk.webp HTTP/1.1" 200 -
[WebServer] 127.0.0.1 - - [19/Sep/2026 02:06:07] "GET /images/sbt-uk-legal-status-public-perception.webp HTTP/1.1" 200 -
[WebServer] 127.0.0.1 - - [19/Sep/2026 02:06:07] "GET /images/find-health-certified-staffy-breeders-uk.webp HTTP/1.1" 200 -
[WebServer] 127.0.0.1 - - [19/Sep/2026 02:06:07] "GET /images/true-cost-of-a-staffy-lifetime-budget-planning.webp HTTP/1.1" 200 -
[WebServer] 127.0.0.1 - - [19/Sep/2026 02:06:07] "GET /images/kc-registered-staffy-puppies.webp HTTP/1.1" 200 -
[WebServer] 127.0.0.1 - - [19/Sep/2026 02:06:07] "GET /images/dedicated-blue-staffy-pup-care-glasgow.webp HTTP/1.1" 200 -
[WebServer] 127.0.0.1 - - [19/Sep/2026 02:06:07] "GET /images/busting-common-staffy-myths-loving-family-dog.webp HTTP/1.1" 200 -
[WebServer] 127.0.0.1 - - [19/Sep/2026 02:06:07] "GET /images/staffordshire-bull-terrier-vs-american-bully-comparison.webp HTTP/1.1" 200 -
  ✘  14 [vp768] › tests/render/pages.spec.ts:109:3 › uk-blue-staffy-puppy-buying-guide (11.6s)
[freshness] dist/ is current (newest: dist/search-index.json)
[WebServer] 127.0.0.1 - - [19/Sep/2026 02:06:09] "GET /uk-staffordshire-bull-terrier-guide/ HTTP/1.1" 200 -
[WebServer] 127.0.0.1 - - [19/Sep/2026 02:06:11] "GET /images/sbt-history-heritage-from-pit-to-pet.webp HTTP/1.1" 200 -
[WebServer] 127.0.0.1 - - [19/Sep/2026 02:06:11] "GET /images/true-cost-of-a-staffy-lifetime-budget-planning.webp HTTP/1.1" 200 -
[WebServer] 127.0.0.1 - - [19/Sep/2026 02:06:11] "GET /images/comprehensive-uk-staffordshire-bull-terrier-guide-book.webp HTTP/1.1" 200 -
[WebServer] 127.0.0.1 - - [19/Sep/2026 02:06:11] "GET /images/blue-staffy-puppy-for-sale-uk.webp HTTP/1.1" 200 -
[WebServer] 127.0.0.1 - - [19/Sep/2026 02:06:11] "GET /images/sbt-uk-legal-status-public-perception.webp HTTP/1.1" 200 -
[WebServer] 127.0.0.1 - - [19/Sep/2026 02:06:11] "GET /images/find-health-certified-staffy-breeders-uk.webp HTTP/1.1" 200 -
[WebServer] 127.0.0.1 - - [19/Sep/2026 02:06:11] "GET /images/kc-registered-staffy-puppies.webp HTTP/1.1" 200 -
[WebServer] 127.0.0.1 - - [19/Sep/2026 02:06:11] "GET /images/busting-common-staffy-myths-loving-family-dog.webp HTTP/1.1" 200 -
[WebServer] 127.0.0.1 - - [19/Sep/2026 02:06:11] "GET /images/staffordshire-bull-terrier-vs-american-bully-comparison.webp HTTP/1.1" 200 -
[WebServer] 127.0.0.1 - - [19/Sep/2026 02:06:11] "GET /images/dedicated-blue-staffy-pup-care-glasgow.webp HTTP/1.1" 200 -
  ✘  15 [vp375] › tests/render/pages.spec.ts:109:3 › uk-staffordshire-bull-terrier-guide (9.7s)
[freshness] dist/ is current (newest: dist/search-index.json)
[WebServer] 127.0.0.1 - - [19/Sep/2026 02:06:16] "GET /blue-staffy-health-uk/ HTTP/1.1" 200 -
[WebServer] 127.0.0.1 - - [19/Sep/2026 02:06:17] "GET /images/blue-staffy-puppies-uk-litter1-760.webp HTTP/1.1" 200 -
[WebServer] 127.0.0.1 - - [19/Sep/2026 02:06:17] "GET /images/what-health-tests-blue-staffies-need.webp HTTP/1.1" 200 -
[WebServer] 127.0.0.1 - - [19/Sep/2026 02:06:17] "GET /images/blue-staffy-puppy-vet-check-uk-760.webp HTTP/1.1" 200 -
[WebServer] 127.0.0.1 - - [19/Sep/2026 02:06:17] "GET /images/what-to-feed-new-blue-staffy-puppy.webp HTTP/1.1" 200 -
[WebServer] 127.0.0.1 - - [19/Sep/2026 02:06:17] "GET /images/find-health-certified-staffy-breeders-uk.webp HTTP/1.1" 200 -
[WebServer] 127.0.0.1 - - [19/Sep/2026 02:06:17] "GET /images/puppy-vaccinations-uk.webp HTTP/1.1" 200 -
[WebServer] 127.0.0.1 - - [19/Sep/2026 02:06:17] "GET /images/kc-registered-staffy-puppies.webp HTTP/1.1" 200 -
[WebServer] 127.0.0.1 - - [19/Sep/2026 02:06:17] "GET /images/maggie-blue-staffy-dam-with-pups-760.webp HTTP/1.1" 200 -
  ✘  16 [vp768] › tests/render/pages.spec.ts:109:3 › uk-staffordshire-bull-terrier-guide (9.8s)
[freshness] dist/ is current (newest: dist/search-index.json)
[WebServer] 127.0.0.1 - - [19/Sep/2026 02:06:20] "GET /blue-staffy-health-uk/ HTTP/1.1" 200 -
[WebServer] 127.0.0.1 - - [19/Sep/2026 02:06:20] "GET /images/what-to-feed-new-blue-staffy-puppy.webp HTTP/1.1" 200 -
[WebServer] 127.0.0.1 - - [19/Sep/2026 02:06:20] "GET /images/puppy-vaccinations-uk.webp HTTP/1.1" 200 -
[WebServer] 127.0.0.1 - - [19/Sep/2026 02:06:20] "GET /images/find-health-certified-staffy-breeders-uk.webp HTTP/1.1" 200 -
[WebServer] 127.0.0.1 - - [19/Sep/2026 02:06:20] "GET /images/blue-staffy-puppy-vet-check-uk.webp HTTP/1.1" 200 -
[WebServer] 127.0.0.1 - - [19/Sep/2026 02:06:20] "GET /images/blue-staffy-puppies-uk-litter1.webp HTTP/1.1" 200 -
[WebServer] 127.0.0.1 - - [19/Sep/2026 02:06:20] "GET /images/what-health-tests-blue-staffies-need.webp HTTP/1.1" 200 -
[WebServer] 127.0.0.1 - - [19/Sep/2026 02:06:20] "GET /images/kc-registered-staffy-puppies.webp HTTP/1.1" 200 -
[WebServer] 127.0.0.1 - - [19/Sep/2026 02:06:20] "GET /images/maggie-blue-staffy-dam-with-pups.webp HTTP/1.1" 200 -
  ✘  17 [vp375] › tests/render/pages.spec.ts:109:3 › blue-staffy-health-uk (7.3s)
[freshness] dist/ is current (newest: dist/search-index.json)
[WebServer] 127.0.0.1 - - [19/Sep/2026 02:06:25] "GET /blue-staffy-uk-breeders/ HTTP/1.1" 200 -
[WebServer] 127.0.0.1 - - [19/Sep/2026 02:06:25] "GET /images/family-friendly-blue-staffy-glasgow.webp HTTP/1.1" 200 -
[WebServer] 127.0.0.1 - - [19/Sep/2026 02:06:26] "GET /images/bluestaffyuk-nationwide-delivery-760.webp HTTP/1.1" 200 -
[WebServer] 127.0.0.1 - - [19/Sep/2026 02:06:26] "GET /images/playful-blue-staffy-lawn-uk-760.webp HTTP/1.1" 200 -
[WebServer] 127.0.0.1 - - [19/Sep/2026 02:06:26] "GET /images/blue-staffy-family-dog-uk.webp HTTP/1.1" 200 -
[WebServer] 127.0.0.1 - - [19/Sep/2026 02:06:26] "GET /images/trusted-uk-breeders-blue-staffy-family.webp HTTP/1.1" 200 -
[WebServer] 127.0.0.1 - - [19/Sep/2026 02:06:26] "GET /images/testimonial-david-southampton-staffy-pup.webp HTTP/1.1" 200 -
[WebServer] 127.0.0.1 - - [19/Sep/2026 02:06:26] "GET /images/breeder-sitting-blue-staffy-puppy-home.webp HTTP/1.1" 200 -
  ✘  18 [vp768] › tests/render/pages.spec.ts:109:3 › blue-staffy-health-uk (7.3s)
[freshness] dist/ is current (newest: dist/search-index.json)
[WebServer] 127.0.0.1 - - [19/Sep/2026 02:06:28] "GET /blue-staffy-uk-breeders/ HTTP/1.1" 200 -
[WebServer] 127.0.0.1 - - [19/Sep/2026 02:06:28] "GET /images/family-friendly-blue-staffy-glasgow.webp HTTP/1.1" 200 -
[WebServer] 127.0.0.1 - - [19/Sep/2026 02:06:30] "GET /images/bluestaffyuk-nationwide-delivery.webp HTTP/1.1" 200 -
[WebServer] 127.0.0.1 - - [19/Sep/2026 02:06:30] "GET /images/playful-blue-staffy-lawn-uk.webp HTTP/1.1" 200 -
[WebServer] 127.0.0.1 - - [19/Sep/2026 02:06:30] "GET /images/blue-staffy-family-dog-uk.webp HTTP/1.1" 200 -
[WebServer] 127.0.0.1 - - [19/Sep/2026 02:06:30] "GET /images/trusted-uk-breeders-blue-staffy-family.webp HTTP/1.1" 200 -
[WebServer] 127.0.0.1 - - [19/Sep/2026 02:06:30] "GET /images/testimonial-david-southampton-staffy-pup.webp HTTP/1.1" 200 -
[WebServer] 127.0.0.1 - - [19/Sep/2026 02:06:30] "GET /images/breeder-sitting-blue-staffy-puppy-home.webp HTTP/1.1" 200 -
  ✘  19 [vp375] › tests/render/pages.spec.ts:109:3 › blue-staffy-uk-breeders (7.2s)
[freshness] dist/ is current (newest: dist/search-index.json)
[WebServer] 127.0.0.1 - - [19/Sep/2026 02:06:33] "GET /uk-blue-staffy-breeders-contact/ HTTP/1.1" 200 -
[WebServer] 127.0.0.1 - - [19/Sep/2026 02:06:33] "GET /images/uk-blue-staffy-breeders-contact-form-support.webp HTTP/1.1" 200 -
[WebServer] 127.0.0.1 - - [19/Sep/2026 02:06:34] code 404, message File not found
[WebServer] 127.0.0.1 - - [19/Sep/2026 02:06:34] "GET /__bsuk_pending_image__/0.webp HTTP/1.1" 404 -
  ✘  20 [vp768] › tests/render/pages.spec.ts:109:3 › blue-staffy-uk-breeders (7.1s)
[freshness] dist/ is current (newest: dist/search-index.json)
[WebServer] 127.0.0.1 - - [19/Sep/2026 02:06:37] "GET /uk-blue-staffy-breeders-contact/ HTTP/1.1" 200 -
[WebServer] 127.0.0.1 - - [19/Sep/2026 02:06:37] "GET /images/uk-blue-staffy-breeders-contact-form-support.webp HTTP/1.1" 200 -
[WebServer] 127.0.0.1 - - [19/Sep/2026 02:06:37] code 404, message File not found
[WebServer] 127.0.0.1 - - [19/Sep/2026 02:06:37] "GET /__bsuk_pending_image__/0.webp HTTP/1.1" 404 -
  ✓  21 [vp375] › tests/render/pages.spec.ts:109:3 › uk-blue-staffy-breeders-contact (4.4s)
[WebServer] 127.0.0.1 - - [19/Sep/2026 02:06:38] "GET /privacy-policy-uk/ HTTP/1.1" 200 -
[WebServer] 127.0.0.1 - - [19/Sep/2026 02:06:38] "GET /images/privacy-policy-staffy-silhouette-bluestaffyuk.webp HTTP/1.1" 200 -
[WebServer] 127.0.0.1 - - [19/Sep/2026 02:06:38] "GET /images/blue-staffy-privacy-policy-info-discussion.webp HTTP/1.1" 200 -
[WebServer] 127.0.0.1 - - [19/Sep/2026 02:06:38] "GET /images/breeder-sitting-blue-staffy-puppy-home.webp HTTP/1.1" 200 -
  ✓  22 [vp768] › tests/render/pages.spec.ts:109:3 › uk-blue-staffy-breeders-contact (3.9s)
[WebServer] 127.0.0.1 - - [19/Sep/2026 02:06:40] "GET /privacy-policy-uk/ HTTP/1.1" 200 -
[WebServer] 127.0.0.1 - - [19/Sep/2026 02:06:41] "GET /images/privacy-policy-staffy-silhouette-bluestaffyuk.webp HTTP/1.1" 200 -
[WebServer] 127.0.0.1 - - [19/Sep/2026 02:06:41] "GET /images/blue-staffy-privacy-policy-info-discussion.webp HTTP/1.1" 200 -
[WebServer] 127.0.0.1 - - [19/Sep/2026 02:06:41] "GET /images/breeder-sitting-blue-staffy-puppy-home.webp HTTP/1.1" 200 -
  ✘  23 [vp375] › tests/render/pages.spec.ts:109:3 › privacy-policy-uk (4.8s)
[freshness] dist/ is current (newest: dist/search-index.json)
[WebServer] 127.0.0.1 - - [19/Sep/2026 02:06:44] "GET /uk-locations/ HTTP/1.1" 200 -
  ✘  24 [vp768] › tests/render/pages.spec.ts:109:3 › privacy-policy-uk (4.6s)
[freshness] dist/ is current (newest: dist/search-index.json)
[WebServer] 127.0.0.1 - - [19/Sep/2026 02:06:46] "GET /uk-locations/ HTTP/1.1" 200 -
  ✘  25 [vp375] › tests/render/pages.spec.ts:109:3 › uk-locations (3.8s)
[freshness] dist/ is current (newest: dist/search-index.json)
[WebServer] 127.0.0.1 - - [19/Sep/2026 02:06:49] "GET /uk-locations/blue-staffy-puppies-birmingham/ HTTP/1.1" 200 -
  ✘  26 [vp768] › tests/render/pages.spec.ts:109:3 › uk-locations (3.5s)
[freshness] dist/ is current (newest: dist/search-index.json)
[WebServer] 127.0.0.1 - - [19/Sep/2026 02:06:51] "GET /uk-locations/blue-staffy-puppies-birmingham/ HTTP/1.1" 200 -
  ✘  27 [vp375] › tests/render/pages.spec.ts:109:3 › uk-locations/blue-staffy-puppies-birmingham (3.5s)
[freshness] dist/ is current (newest: dist/search-index.json)
[WebServer] 127.0.0.1 - - [19/Sep/2026 02:06:53] "GET /uk-locations/blue-staffy-puppies-uk/ HTTP/1.1" 200 -
[WebServer] 127.0.0.1 - - [19/Sep/2026 02:06:53] "GET /images/bluestaffyuk-nationwide-delivery-760.webp HTTP/1.1" 200 -
[WebServer] 127.0.0.1 - - [19/Sep/2026 02:06:53] "GET /images/blue-staffy-puppies-near-me-uk-available.webp HTTP/1.1" 200 -
[WebServer] 127.0.0.1 - - [19/Sep/2026 02:06:53] "GET /images/blue-staffy-uk-map-city-overview-1.webp HTTP/1.1" 200 -
[WebServer] 127.0.0.1 - - [19/Sep/2026 02:06:54] code 404, message File not found
[WebServer] 127.0.0.1 - - [19/Sep/2026 02:06:54] "GET /__bsuk_pending_image__/0.webp HTTP/1.1" 404 -
[WebServer] 127.0.0.1 - - [19/Sep/2026 02:06:54] "GET /images/blue-staffy-puppy-delivery-uk-760.webp HTTP/1.1" 200 -
[WebServer] 127.0.0.1 - - [19/Sep/2026 02:06:54] "GET /images/buy-blue-staffy-puppy-uk-ethical-purchase-760.webp HTTP/1.1" 200 -
[WebServer] 127.0.0.1 - - [19/Sep/2026 02:06:54] "GET /images/family-friendly-blue-staffy-glasgow.webp HTTP/1.1" 200 -
[WebServer] 127.0.0.1 - - [19/Sep/2026 02:06:54] "GET /images/maggie-blue-staffy-dam-with-pups-760.webp HTTP/1.1" 200 -
[WebServer] 127.0.0.1 - - [19/Sep/2026 02:06:54] "GET /images/dedicated-blue-staffy-pup-care-glasgow.webp HTTP/1.1" 200 -
[WebServer] 127.0.0.1 - - [19/Sep/2026 02:06:54] "GET /images/reputable-blue-staffy-breeder-manchester-pup.webp HTTP/1.1" 200 -
[WebServer] 127.0.0.1 - - [19/Sep/2026 02:06:54] "GET /images/bluestaffyuk-puppy-delivery-cornwall.webp HTTP/1.1" 200 -
[WebServer] 127.0.0.1 - - [19/Sep/2026 02:06:54] "GET /images/ethical-staffy-puppy-london-delivery.webp HTTP/1.1" 200 -
  ✘  28 [vp768] › tests/render/pages.spec.ts:109:3 › uk-locations/blue-staffy-puppies-birmingham (3.5s)
[freshness] dist/ is current (newest: dist/search-index.json)
[WebServer] 127.0.0.1 - - [19/Sep/2026 02:06:55] "GET /uk-locations/blue-staffy-puppies-uk/ HTTP/1.1" 200 -
[WebServer] 127.0.0.1 - - [19/Sep/2026 02:06:55] "GET /images/blue-staffy-puppies-near-me-uk-available.webp HTTP/1.1" 200 -
[WebServer] 127.0.0.1 - - [19/Sep/2026 02:06:55] "GET /images/bluestaffyuk-nationwide-delivery.webp HTTP/1.1" 200 -
[WebServer] 127.0.0.1 - - [19/Sep/2026 02:06:56] code 404, message File not found
[WebServer] 127.0.0.1 - - [19/Sep/2026 02:06:56] "GET /__bsuk_pending_image__/0.webp HTTP/1.1" 404 -
[WebServer] 127.0.0.1 - - [19/Sep/2026 02:06:56] "GET /images/blue-staffy-uk-map-city-overview-1.webp HTTP/1.1" 200 -
[WebServer] 127.0.0.1 - - [19/Sep/2026 02:06:56] "GET /images/blue-staffy-puppy-delivery-uk.webp HTTP/1.1" 200 -
[WebServer] 127.0.0.1 - - [19/Sep/2026 02:06:56] "GET /images/buy-blue-staffy-puppy-uk-ethical-purchase.webp HTTP/1.1" 200 -
[WebServer] 127.0.0.1 - - [19/Sep/2026 02:06:56] "GET /images/family-friendly-blue-staffy-glasgow.webp HTTP/1.1" 200 -
[WebServer] 127.0.0.1 - - [19/Sep/2026 02:06:56] "GET /images/maggie-blue-staffy-dam-with-pups.webp HTTP/1.1" 200 -
[WebServer] 127.0.0.1 - - [19/Sep/2026 02:06:56] "GET /images/dedicated-blue-staffy-pup-care-glasgow.webp HTTP/1.1" 200 -
[WebServer] 127.0.0.1 - - [19/Sep/2026 02:06:56] "GET /images/bluestaffyuk-puppy-delivery-cornwall.webp HTTP/1.1" 200 -
[WebServer] 127.0.0.1 - - [19/Sep/2026 02:06:56] "GET /images/reputable-blue-staffy-breeder-manchester-pup.webp HTTP/1.1" 200 -
[WebServer] 127.0.0.1 - - [19/Sep/2026 02:06:56] "GET /images/ethical-staffy-puppy-london-delivery.webp HTTP/1.1" 200 -
  ✘  29 [vp375] › tests/render/pages.spec.ts:109:3 › uk-locations/blue-staffy-puppies-uk (7.3s)
[freshness] dist/ is current (newest: dist/search-index.json)
[WebServer] 127.0.0.1 - - [19/Sep/2026 02:07:02] "GET /blue-staffy-blog-guides/ HTTP/1.1" 200 -
  ✘  30 [vp768] › tests/render/pages.spec.ts:109:3 › uk-locations/blue-staffy-puppies-uk (7.7s)
[freshness] dist/ is current (newest: dist/search-index.json)
[WebServer] 127.0.0.1 - - [19/Sep/2026 02:07:04] "GET /blue-staffy-blog-guides/ HTTP/1.1" 200 -
  ✘  31 [vp375] › tests/render/pages.spec.ts:109:3 › blue-staffy-blog-guides (3.7s)
[freshness] dist/ is current (newest: dist/search-index.json)
[WebServer] 127.0.0.1 - - [19/Sep/2026 02:07:06] "GET /blog/ HTTP/1.1" 200 -
  ✘  32 [vp768] › tests/render/pages.spec.ts:109:3 › blue-staffy-blog-guides (3.6s)
[freshness] dist/ is current (newest: dist/search-index.json)
[WebServer] 127.0.0.1 - - [19/Sep/2026 02:07:09] "GET /blog/ HTTP/1.1" 200 -
  ✘  33 [vp375] › tests/render/pages.spec.ts:109:3 › blog (3.6s)
[freshness] dist/ is current (newest: dist/search-index.json)
[WebServer] 127.0.0.1 - - [19/Sep/2026 02:07:11] "GET /kit-preview/ HTTP/1.1" 200 -
[WebServer] 127.0.0.1 - - [19/Sep/2026 02:07:11] "GET /_astro/SiteHeaderKit.astro_astro_type_script_index_0_lang.oN0o2SoY.js HTTP/1.1" 200 -
[WebServer] 127.0.0.1 - - [19/Sep/2026 02:07:11] "GET /_astro/Cheryl1.BA5--lqv_2leFTW.webp HTTP/1.1" 200 -
[WebServer] 127.0.0.1 - - [19/Sep/2026 02:07:11] "GET /_astro/Roman2.C-A0j1ry_1uH9rQ.webp HTTP/1.1" 200 -
[WebServer] 127.0.0.1 - - [19/Sep/2026 02:07:11] "GET /_astro/Christa.DCD6hF9z_24FDMC.webp HTTP/1.1" 200 -
[WebServer] 127.0.0.1 - - [19/Sep/2026 02:07:11] "GET /_astro/search.BBlYNZ37.js HTTP/1.1" 200 -
[WebServer] 127.0.0.1 - - [19/Sep/2026 02:07:12] "GET /_astro/Ince1.CjowFAsd_1W6LK4.webp HTTP/1.1" 200 -
  ✘  34 [vp768] › tests/render/pages.spec.ts:109:3 › blog (3.5s)
[freshness] dist/ is current (newest: dist/search-index.json)
[WebServer] 127.0.0.1 - - [19/Sep/2026 02:07:14] "GET /kit-preview/ HTTP/1.1" 200 -
[WebServer] 127.0.0.1 - - [19/Sep/2026 02:07:14] "GET /_astro/Cheryl1.BA5--lqv_Z1P5ulo.webp HTTP/1.1" 200 -
[WebServer] 127.0.0.1 - - [19/Sep/2026 02:07:14] "GET /_astro/SiteHeaderKit.astro_astro_type_script_index_0_lang.oN0o2SoY.js HTTP/1.1" 200 -
[WebServer] 127.0.0.1 - - [19/Sep/2026 02:07:14] "GET /_astro/Roman2.C-A0j1ry_1uH9rQ.webp HTTP/1.1" 200 -
[WebServer] 127.0.0.1 - - [19/Sep/2026 02:07:14] "GET /_astro/Christa.DCD6hF9z_24FDMC.webp HTTP/1.1" 200 -
[WebServer] 127.0.0.1 - - [19/Sep/2026 02:07:14] "GET /_astro/search.BBlYNZ37.js HTTP/1.1" 200 -
[WebServer] 127.0.0.1 - - [19/Sep/2026 02:07:14] "GET /_astro/Ince1.CjowFAsd_1ydgJK.webp HTTP/1.1" 200 -
  ✓  35 [vp375] › tests/render/pages.spec.ts:109:3 › kit-preview (7.0s)
[freshness] dist/ is current (newest: dist/search-index.json)
[WebServer] 127.0.0.1 - - [19/Sep/2026 02:07:19] "GET / HTTP/1.1" 200 -
[WebServer] 127.0.0.1 - - [19/Sep/2026 02:07:19] "GET /images/kc-registered-blue-staffy-pups-london.webp HTTP/1.1" 200 -
[WebServer] 127.0.0.1 - - [19/Sep/2026 02:07:19] "GET /_astro/Roman2.C-A0j1ry_2oY8o4.webp HTTP/1.1" 200 -
[WebServer] 127.0.0.1 - - [19/Sep/2026 02:07:19] "GET /_astro/Byrd1.Dc5KZxb2_Z2rts2K.webp HTTP/1.1" 200 -
[WebServer] 127.0.0.1 - - [19/Sep/2026 02:07:19] "GET /videos/playful-blue-staffy-puppies-uk.mp4 HTTP/1.1" 200 -
[WebServer] 127.0.0.1 - - [19/Sep/2026 02:07:19] "GET /images/blue-staffy-puppy-for-sale-uk.webp HTTP/1.1" 200 -
  ✓  36 [vp768] › tests/render/pages.spec.ts:109:3 › kit-preview (6.8s)
[WebServer] 127.0.0.1 - - [19/Sep/2026 02:07:20] "GET /images/buy-staffy-health-guarantee-uk-760.webp HTTP/1.1" 200 -
[WebServer] 127.0.0.1 - - [19/Sep/2026 02:07:20] "GET /images/healthy-staffy-breed-guide-1.webp HTTP/1.1" 200 -
[WebServer] 127.0.0.1 - - [19/Sep/2026 02:07:20] "GET /images/kc-staffy-puppies-for-rehoming-uk.webp HTTP/1.1" 200 -
[WebServer] 127.0.0.1 - - [19/Sep/2026 02:07:20] "GET /images/victoria-family-blue-staffy-manchester.webp HTTP/1.1" 200 -
[WebServer] 127.0.0.1 - - [19/Sep/2026 02:07:20] "GET /images/playful-blue-staffy-lawn-uk-760.webp HTTP/1.1" 200 -
[WebServer] 127.0.0.1 - - [19/Sep/2026 02:07:20] "GET /images/mark-blue-staffy-london.webp HTTP/1.1" 200 -
[WebServer] 127.0.0.1 - - [19/Sep/2026 02:07:20] "GET /images/playful-staffy-puppies-uk-sale.webp HTTP/1.1" 200 -
[WebServer] 127.0.0.1 - - [19/Sep/2026 02:07:20] "GET /images/maggie-blue-staffy-dam-with-pups-760.webp HTTP/1.1" 200 -
[WebServer] 127.0.0.1 - - [19/Sep/2026 02:07:20] "GET /images/blue-staffy-family-dog-uk.webp HTTP/1.1" 200 -
[WebServer] 127.0.0.1 - - [19/Sep/2026 02:07:20] "GET /images/blue-staffy-puppy-vet-check-uk-760.webp HTTP/1.1" 200 -
[WebServer] 127.0.0.1 - - [19/Sep/2026 02:07:20] "GET /images/bluestaffyuk-nationwide-delivery-760.webp HTTP/1.1" 200 -
[WebServer] 127.0.0.1 - - [19/Sep/2026 02:07:20] "GET /_astro/Ince1.CjowFAsd_Z1xNGHe.webp HTTP/1.1" 200 -
[WebServer] 127.0.0.1 - - [19/Sep/2026 02:07:20] "GET /images/blue-staffy-puppy-delivery-uk-760.webp HTTP/1.1" 200 -
[WebServer] 127.0.0.1 - - [19/Sep/2026 02:07:20] "GET /_astro/Christa.DCD6hF9z_15fV8S.webp HTTP/1.1" 200 -
[WebServer] 127.0.0.1 - - [19/Sep/2026 02:07:20] "GET /_astro/Cheryl1.BA5--lqv_1BX5wb.webp HTTP/1.1" 200 -
[WebServer] 127.0.0.1 - - [19/Sep/2026 02:07:20] "GET /_astro/Vennie.ke5yj4Fb_24EeX6.webp HTTP/1.1" 200 -
  ✘  37 [vp1280] › tests/render/pages.spec.ts:109:3 › index (10.7s)
[freshness] dist/ is current (newest: dist/search-index.json)
[WebServer] 127.0.0.1 - - [19/Sep/2026 02:07:31] "GET /buy-blue-staffy-puppies-uk/ HTTP/1.1" 200 -
[WebServer] 127.0.0.1 - - [19/Sep/2026 02:07:31] "GET /images/blue-staffy-puppies-uk-litter1.webp HTTP/1.1" 200 -
[WebServer] 127.0.0.1 - - [19/Sep/2026 02:07:31] "GET /_astro/Roman2.C-A0j1ry_2oY8o4.webp HTTP/1.1" 200 -
[WebServer] 127.0.0.1 - - [19/Sep/2026 02:07:31] "GET /_astro/Byrd1.Dc5KZxb2_Z2rts2K.webp HTTP/1.1" 200 -
[WebServer] 127.0.0.1 - - [19/Sep/2026 02:07:31] "GET /videos/best-blue-staffy-puppies-uk.mp4 HTTP/1.1" 200 -
[WebServer] 127.0.0.1 - - [19/Sep/2026 02:07:32] "GET /images/staffordshire-bull-terrier-for-sale-uk-ready-760.webp HTTP/1.1" 200 -
[WebServer] 127.0.0.1 - - [19/Sep/2026 02:07:32] "GET /images/blue-staffy-pups-near-you-760.webp HTTP/1.1" 200 -
[WebServer] 127.0.0.1 - - [19/Sep/2026 02:07:32] "GET /images/uk-blue-staffy-breeders-trust-760.webp HTTP/1.1" 200 -
[WebServer] 127.0.0.1 - - [19/Sep/2026 02:07:32] "GET /images/blue-staffy-puppy-delivery-uk-760.webp HTTP/1.1" 200 -
[WebServer] 127.0.0.1 - - [19/Sep/2026 02:07:32] "GET /images/buy-staffordshire-bull-terrier-uk-now-760.webp HTTP/1.1" 200 -
[WebServer] 127.0.0.1 - - [19/Sep/2026 02:07:32] "GET /images/blue-staffy-testimonial-london-happy-owner.webp HTTP/1.1" 200 -
[WebServer] 127.0.0.1 - - [19/Sep/2026 02:07:32] "GET /images/blue-staffy-puppy-testimonial-cardiff-daniel.webp HTTP/1.1" 200 -
[WebServer] 127.0.0.1 - - [19/Sep/2026 02:07:32] "GET /_astro/Ince1.CjowFAsd_Z1xNGHe.webp HTTP/1.1" 200 -
[WebServer] 127.0.0.1 - - [19/Sep/2026 02:07:32] "GET /_astro/Christa.DCD6hF9z_15fV8S.webp HTTP/1.1" 200 -
[WebServer] 127.0.0.1 - - [19/Sep/2026 02:07:32] "GET /_astro/Cheryl1.BA5--lqv_1BX5wb.webp HTTP/1.1" 200 -
[WebServer] 127.0.0.1 - - [19/Sep/2026 02:07:32] "GET /_astro/Vennie.ke5yj4Fb_24EeX6.webp HTTP/1.1" 200 -
[WebServer] 127.0.0.1 - - [19/Sep/2026 02:07:40] "GET /videos/best-blue-staffy-puppies-uk.mp4 HTTP/1.1" 200 -
[WebServer] ----------------------------------------
[WebServer] Exception occurred during processing of request from ('127.0.0.1', 63001)
[WebServer] Traceback (most recent call last):
[WebServer]   File "/Library/Developer/CommandLineTools/Library/Frameworks/Python3.framework/Versions/3.9/lib/python3.9/socketserver.py", line 683, in process_request_thread
[WebServer]     self.finish_request(request, client_address)
[WebServer]   File "/Library/Developer/CommandLineTools/Library/Frameworks/Python3.framework/Versions/3.9/lib/python3.9/socketserver.py", line 360, in finish_request
[WebServer]     self.RequestHandlerClass(request, client_address, self)
[WebServer]   File "/Library/Developer/CommandLineTools/Library/Frameworks/Python3.framework/Versions/3.9/lib/python3.9/http/server.py", line 660, in __init__
[WebServer]     super().__init__(*args, **kwargs)
[WebServer]   File "/Library/Developer/CommandLineTools/Library/Frameworks/Python3.framework/Versions/3.9/lib/python3.9/socketserver.py", line 747, in __init__
[WebServer]     self.handle()
[WebServer]   File "/Library/Developer/CommandLineTools/Library/Frameworks/Python3.framework/Versions/3.9/lib/python3.9/http/server.py", line 434, in handle
[WebServer]     self.handle_one_request()
[WebServer]   File "/Library/Developer/CommandLineTools/Library/Frameworks/Python3.framework/Versions/3.9/lib/python3.9/http/server.py", line 422, in handle_one_request
[WebServer]     method()
[WebServer]   File "/Library/Developer/CommandLineTools/Library/Frameworks/Python3.framework/Versions/3.9/lib/python3.9/http/server.py", line 667, in do_GET
[WebServer]     self.copyfile(f, self.wfile)
[WebServer]   File "/Library/Developer/CommandLineTools/Library/Frameworks/Python3.framework/Versions/3.9/lib/python3.9/http/server.py", line 867, in copyfile
[WebServer]     shutil.copyfileobj(source, outputfile)
[WebServer]   File "/Library/Developer/CommandLineTools/Library/Frameworks/Python3.framework/Versions/3.9/lib/python3.9/shutil.py", line 208, in copyfileobj
[WebServer]     fdst_write(buf)
[WebServer]   File "/Library/Developer/CommandLineTools/Library/Frameworks/Python3.framework/Versions/3.9/lib/python3.9/socketserver.py", line 826, in write
[WebServer]     self._sock.sendall(b)
[WebServer] BrokenPipeError: [Errno 32] Broken pipe
[WebServer] ----------------------------------------
[WebServer] ----------------------------------------
[WebServer] Exception occurred during processing of request from ('127.0.0.1', 62988)
[WebServer] Traceback (most recent call last):
[WebServer]   File "/Library/Developer/CommandLineTools/Library/Frameworks/Python3.framework/Versions/3.9/lib/python3.9/socketserver.py", line 683, in process_request_thread
[WebServer]     self.finish_request(request, client_address)
[WebServer]   File "/Library/Developer/CommandLineTools/Library/Frameworks/Python3.framework/Versions/3.9/lib/python3.9/socketserver.py", line 360, in finish_request
[WebServer]     self.RequestHandlerClass(request, client_address, self)
[WebServer]   File "/Library/Developer/CommandLineTools/Library/Frameworks/Python3.framework/Versions/3.9/lib/python3.9/http/server.py", line 660, in __init__
[WebServer]     super().__init__(*args, **kwargs)
[WebServer]   File "/Library/Developer/CommandLineTools/Library/Frameworks/Python3.framework/Versions/3.9/lib/python3.9/socketserver.py", line 747, in __init__
[WebServer]     self.handle()
[WebServer]   File "/Library/Developer/CommandLineTools/Library/Frameworks/Python3.framework/Versions/3.9/lib/python3.9/http/server.py", line 434, in handle
[WebServer]     self.handle_one_request()
[WebServer]   File "/Library/Developer/CommandLineTools/Library/Frameworks/Python3.framework/Versions/3.9/lib/python3.9/http/server.py", line 422, in handle_one_request
[WebServer]     method()
[WebServer]   File "/Library/Developer/CommandLineTools/Library/Frameworks/Python3.framework/Versions/3.9/lib/python3.9/http/server.py", line 667, in do_GET
[WebServer]     self.copyfile(f, self.wfile)
[WebServer]   File "/Library/Developer/CommandLineTools/Library/Frameworks/Python3.framework/Versions/3.9/lib/python3.9/http/server.py", line 867, in copyfile
[WebServer]     shutil.copyfileobj(source, outputfile)
[WebServer]   File "/Library/Developer/CommandLineTools/Library/Frameworks/Python3.framework/Versions/3.9/lib/python3.9/shutil.py", line 208, in copyfileobj
[WebServer]     fdst_write(buf)
[WebServer]   File "/Library/Developer/CommandLineTools/Library/Frameworks/Python3.framework/Versions/3.9/lib/python3.9/socketserver.py", line 826, in write
[WebServer]     self._sock.sendall(b)
[WebServer] BrokenPipeError: [Errno 32] Broken pipe
[WebServer] ----------------------------------------
  ✘  38 [vp1280] › tests/render/pages.spec.ts:109:3 › buy-blue-staffy-puppies-uk (9.2s)
[freshness] dist/ is current (newest: dist/search-index.json)
[WebServer] 127.0.0.1 - - [19/Sep/2026 02:07:42] "GET /blue-staffy-pup-sale-uk/ HTTP/1.1" 200 -
[WebServer] 127.0.0.1 - - [19/Sep/2026 02:07:42] "GET /images/blue-staffy-testimonial-london-happy-owner.webp HTTP/1.1" 200 -
[WebServer] 127.0.0.1 - - [19/Sep/2026 02:07:42] "GET /images/mark-blue-staffy-london.webp HTTP/1.1" 200 -
[WebServer] 127.0.0.1 - - [19/Sep/2026 02:07:42] "GET /images/buy-staffordshire-bull-terrier-uk-now-760.webp HTTP/1.1" 200 -
[WebServer] 127.0.0.1 - - [19/Sep/2026 02:07:42] "GET /images/bluestaffyuk-nationwide-delivery-760.webp HTTP/1.1" 200 -
[WebServer] 127.0.0.1 - - [19/Sep/2026 02:07:42] "GET /images/maggie-blue-staffy-dam-with-pups-760.webp HTTP/1.1" 200 -
  ✘  39 [vp1280] › tests/render/pages.spec.ts:109:3 › blue-staffy-pup-sale-uk (6.9s)
[freshness] dist/ is current (newest: dist/search-index.json)
[WebServer] 127.0.0.1 - - [19/Sep/2026 02:07:49] "GET /buy-staffy-puppies-for-sale-uk/ HTTP/1.1" 200 -
[WebServer] 127.0.0.1 - - [19/Sep/2026 02:07:51] "GET /images/kennel-club-assured-breeder-vs-others-bluestaffyuk.webp HTTP/1.1" 200 -
[WebServer] 127.0.0.1 - - [19/Sep/2026 02:07:51] "GET /images/avoid-staffordshire-bull-terrier-temperament-problems-bluestaffyuk.webp HTTP/1.1" 200 -
[WebServer] 127.0.0.1 - - [19/Sep/2026 02:07:51] "GET /images/best-blue-staffy-breeder-reviews-puppy-for-sale-uk.webp HTTP/1.1" 200 -
[WebServer] 127.0.0.1 - - [19/Sep/2026 02:07:51] "GET /images/buy-staffy-puppies-for-sale-uk-bluestaffyuk.webp HTTP/1.1" 200 -
[WebServer] 127.0.0.1 - - [19/Sep/2026 02:07:51] "GET /images/trusted-blue-staffy-breeder-reviews-satisfied-owners.webp HTTP/1.1" 200 -
[WebServer] 127.0.0.1 - - [19/Sep/2026 02:07:51] "GET /images/vet-checked-blue-staffy-puppy-near-me.webp HTTP/1.1" 200 -
[WebServer] 127.0.0.1 - - [19/Sep/2026 02:07:51] "GET /images/healthy-staffy-puppy-for-sale-uk.webp HTTP/1.1" 200 -
[WebServer] 127.0.0.1 - - [19/Sep/2026 02:07:51] "GET /images/english-blue-staffy-for-sale-puppy.webp HTTP/1.1" 200 -
[WebServer] 127.0.0.1 - - [19/Sep/2026 02:07:51] "GET /images/staffy-puppies-norwich-for-sale-uk.webp HTTP/1.1" 200 -
[WebServer] 127.0.0.1 - - [19/Sep/2026 02:07:51] "GET /images/local-blue-staffy-breeders-near-me-uk.webp HTTP/1.1" 200 -
[WebServer] 127.0.0.1 - - [19/Sep/2026 02:07:51] "GET /images/premium-staffy-puppy-for-sale-in-the-uk-ready-now.webp HTTP/1.1" 200 -
[WebServer] 127.0.0.1 - - [19/Sep/2026 02:07:51] "GET /images/affordable-vs-premium-blue-staffy-breeders-comparison.webp HTTP/1.1" 200 -
[WebServer] 127.0.0.1 - - [19/Sep/2026 02:07:51] "GET /images/blue-staffy-bully-puppies-for-sale-uk-kc-certified.webp HTTP/1.1" 200 -
  ✘  40 [vp1280] › tests/render/pages.spec.ts:109:3 › buy-staffy-puppies-for-sale-uk (10.3s)
[freshness] dist/ is current (newest: dist/search-index.json)
[WebServer] 127.0.0.1 - - [19/Sep/2026 02:08:00] "GET /available-puppies/roman/ HTTP/1.1" 200 -
[WebServer] 127.0.0.1 - - [19/Sep/2026 02:08:01] "GET /_astro/Roman2.C-A0j1ry_Z2h5Yfu.webp HTTP/1.1" 200 -
[WebServer] 127.0.0.1 - - [19/Sep/2026 02:08:01] "GET /_astro/Roman1.DKvYvyvM_2bjowu.webp HTTP/1.1" 200 -
[WebServer] 127.0.0.1 - - [19/Sep/2026 02:08:01] code 404, message File not found
[WebServer] 127.0.0.1 - - [19/Sep/2026 02:08:01] "GET /__bsuk_pending_image__/0.webp HTTP/1.1" 404 -
  ✘  41 [vp1280] › tests/render/pages.spec.ts:109:3 › available-puppies/roman (3.4s)
[freshness] dist/ is current (newest: dist/search-index.json)
[WebServer] 127.0.0.1 - - [19/Sep/2026 02:08:05] "GET /available-puppies/ HTTP/1.1" 200 -
[WebServer] 127.0.0.1 - - [19/Sep/2026 02:08:05] "GET /_astro/Roman2.C-A0j1ry_2oY8o4.webp HTTP/1.1" 200 -
[WebServer] 127.0.0.1 - - [19/Sep/2026 02:08:05] "GET /_astro/Byrd1.Dc5KZxb2_Z2rts2K.webp HTTP/1.1" 200 -
[WebServer] 127.0.0.1 - - [19/Sep/2026 02:08:05] "GET /_astro/Ince1.CjowFAsd_Z1xNGHe.webp HTTP/1.1" 200 -
[WebServer] 127.0.0.1 - - [19/Sep/2026 02:08:05] "GET /_astro/Vennie.ke5yj4Fb_24EeX6.webp HTTP/1.1" 200 -
[WebServer] 127.0.0.1 - - [19/Sep/2026 02:08:05] "GET /_astro/Cheryl1.BA5--lqv_1BX5wb.webp HTTP/1.1" 200 -
[WebServer] 127.0.0.1 - - [19/Sep/2026 02:08:05] "GET /_astro/Christa.DCD6hF9z_15fV8S.webp HTTP/1.1" 200 -
[WebServer] 127.0.0.1 - - [19/Sep/2026 02:08:06] code 404, message File not found
[WebServer] 127.0.0.1 - - [19/Sep/2026 02:08:06] "GET /__bsuk_pending_image__/2.webp HTTP/1.1" 404 -
[WebServer] 127.0.0.1 - - [19/Sep/2026 02:08:06] code 404, message File not found
[WebServer] 127.0.0.1 - - [19/Sep/2026 02:08:06] "GET /__bsuk_pending_image__/0.webp HTTP/1.1" 404 -
[WebServer] 127.0.0.1 - - [19/Sep/2026 02:08:06] code 404, message File not found
[WebServer] 127.0.0.1 - - [19/Sep/2026 02:08:06] "GET /__bsuk_pending_image__/1.webp HTTP/1.1" 404 -
[WebServer] 127.0.0.1 - - [19/Sep/2026 02:08:06] code 404, message File not found
[WebServer] 127.0.0.1 - - [19/Sep/2026 02:08:06] "GET /__bsuk_pending_image__/3.webp HTTP/1.1" 404 -
[WebServer] 127.0.0.1 - - [19/Sep/2026 02:08:06] code 404, message File not found
[WebServer] 127.0.0.1 - - [19/Sep/2026 02:08:06] "GET /__bsuk_pending_image__/4.webp HTTP/1.1" 404 -
[WebServer] 127.0.0.1 - - [19/Sep/2026 02:08:06] code 404, message File not found
[WebServer] 127.0.0.1 - - [19/Sep/2026 02:08:06] "GET /__bsuk_pending_image__/5.webp HTTP/1.1" 404 -
  ✘  42 [vp1280] › tests/render/pages.spec.ts:109:3 › available-puppies (3.5s)
[freshness] dist/ is current (newest: dist/search-index.json)
[WebServer] 127.0.0.1 - - [19/Sep/2026 02:08:10] "GET /uk-blue-staffy-puppy-buying-guide/ HTTP/1.1" 200 -
[WebServer] 127.0.0.1 - - [19/Sep/2026 02:08:11] "GET /images/purebred-blue-male-staffy-available-for-rehoming.webp HTTP/1.1" 200 -
[WebServer] 127.0.0.1 - - [19/Sep/2026 02:08:11] "GET /images/how-to-buy-blue-staffy-puppy-uk-steps1.webp HTTP/1.1" 200 -
[WebServer] 127.0.0.1 - - [19/Sep/2026 02:08:11] "GET /images/pros-and-cons-of-owning-a-blue-staffy-uk.webp HTTP/1.1" 200 -
[WebServer] 127.0.0.1 - - [19/Sep/2026 02:08:11] "GET /images/blue-staffy-health-prioritising-wellbeing.webp HTTP/1.1" 200 -
[WebServer] 127.0.0.1 - - [19/Sep/2026 02:08:11] "GET /images/blue-staffy-vet-check.webp HTTP/1.1" 200 -
[WebServer] 127.0.0.1 - - [19/Sep/2026 02:08:11] "GET /images/blue-staffy-uk-reviews-owner-testimonials.webp HTTP/1.1" 200 -
[WebServer] 127.0.0.1 - - [19/Sep/2026 02:08:11] "GET /images/blue-staffy-research.webp HTTP/1.1" 200 -
[WebServer] 127.0.0.1 - - [19/Sep/2026 02:08:11] "GET /images/1blue-staffy-family-breeder.webp HTTP/1.1" 200 -
[WebServer] 127.0.0.1 - - [19/Sep/2026 02:08:11] "GET /images/blue-staffy-puppy-preparation.webp HTTP/1.1" 200 -
[WebServer] 127.0.0.1 - - [19/Sep/2026 02:08:11] "GET /images/1blue-staffy-socialisation-checklist.webp HTTP/1.1" 200 -
[WebServer] 127.0.0.1 - - [19/Sep/2026 02:08:11] "GET /images/blue-staffy-training-socialisation.webp HTTP/1.1" 200 -
[WebServer] 127.0.0.1 - - [19/Sep/2026 02:08:11] "GET /images/bluestaffyuk-nationwide-infographic.webp HTTP/1.1" 200 -
[WebServer] 127.0.0.1 - - [19/Sep/2026 02:08:11] "GET /images/defra-pet-transport-process.webp HTTP/1.1" 200 -
[WebServer] 127.0.0.1 - - [19/Sep/2026 02:08:11] "GET /images/uk-family-blue-staffy.webp HTTP/1.1" 200 -
[WebServer] 127.0.0.1 - - [19/Sep/2026 02:08:11] "GET /images/healthy-blue-staffy-pups-for-sale-certified.webp HTTP/1.1" 200 -
[WebServer] 127.0.0.1 - - [19/Sep/2026 02:08:11] "GET /images/blue-staffy-adoption-vs-buying-infographic.webp HTTP/1.1" 200 -
[WebServer] 127.0.0.1 - - [19/Sep/2026 02:08:11] "GET /images/ready-to-welcome-blue-staffy-infographic.webp HTTP/1.1" 200 -
  ✘  43 [vp1280] › tests/render/pages.spec.ts:109:3 › uk-blue-staffy-puppy-buying-guide (12.4s)
[freshness] dist/ is current (newest: dist/search-index.json)
[WebServer] 127.0.0.1 - - [19/Sep/2026 02:08:23] "GET /uk-staffordshire-bull-terrier-guide/ HTTP/1.1" 200 -
[WebServer] 127.0.0.1 - - [19/Sep/2026 02:08:25] "GET /images/comprehensive-uk-staffordshire-bull-terrier-guide-book.webp HTTP/1.1" 200 -
[WebServer] 127.0.0.1 - - [19/Sep/2026 02:08:25] "GET /images/sbt-history-heritage-from-pit-to-pet.webp HTTP/1.1" 200 -
[WebServer] 127.0.0.1 - - [19/Sep/2026 02:08:25] "GET /images/blue-staffy-puppy-for-sale-uk.webp HTTP/1.1" 200 -
[WebServer] 127.0.0.1 - - [19/Sep/2026 02:08:25] "GET /images/find-health-certified-staffy-breeders-uk.webp HTTP/1.1" 200 -
[WebServer] 127.0.0.1 - - [19/Sep/2026 02:08:25] "GET /images/sbt-uk-legal-status-public-perception.webp HTTP/1.1" 200 -
[WebServer] 127.0.0.1 - - [19/Sep/2026 02:08:25] "GET /images/true-cost-of-a-staffy-lifetime-budget-planning.webp HTTP/1.1" 200 -
[WebServer] 127.0.0.1 - - [19/Sep/2026 02:08:25] "GET /images/kc-registered-staffy-puppies.webp HTTP/1.1" 200 -
[WebServer] 127.0.0.1 - - [19/Sep/2026 02:08:25] "GET /images/busting-common-staffy-myths-loving-family-dog.webp HTTP/1.1" 200 -
[WebServer] 127.0.0.1 - - [19/Sep/2026 02:08:25] "GET /images/staffordshire-bull-terrier-vs-american-bully-comparison.webp HTTP/1.1" 200 -
[WebServer] 127.0.0.1 - - [19/Sep/2026 02:08:25] "GET /images/dedicated-blue-staffy-pup-care-glasgow.webp HTTP/1.1" 200 -
  ✘  44 [vp1280] › tests/render/pages.spec.ts:109:3 › uk-staffordshire-bull-terrier-guide (10.5s)
[freshness] dist/ is current (newest: dist/search-index.json)
[WebServer] 127.0.0.1 - - [19/Sep/2026 02:08:35] "GET /blue-staffy-health-uk/ HTTP/1.1" 200 -
[WebServer] 127.0.0.1 - - [19/Sep/2026 02:08:36] "GET /images/find-health-certified-staffy-breeders-uk.webp HTTP/1.1" 200 -
[WebServer] 127.0.0.1 - - [19/Sep/2026 02:08:36] "GET /images/blue-staffy-puppy-vet-check-uk-760.webp HTTP/1.1" 200 -
[WebServer] 127.0.0.1 - - [19/Sep/2026 02:08:36] "GET /images/what-to-feed-new-blue-staffy-puppy.webp HTTP/1.1" 200 -
[WebServer] 127.0.0.1 - - [19/Sep/2026 02:08:36] "GET /images/puppy-vaccinations-uk.webp HTTP/1.1" 200 -
[WebServer] 127.0.0.1 - - [19/Sep/2026 02:08:36] "GET /images/blue-staffy-puppies-uk-litter1-760.webp HTTP/1.1" 200 -
[WebServer] 127.0.0.1 - - [19/Sep/2026 02:08:36] "GET /images/what-health-tests-blue-staffies-need.webp HTTP/1.1" 200 -
[WebServer] 127.0.0.1 - - [19/Sep/2026 02:08:36] "GET /images/kc-registered-staffy-puppies.webp HTTP/1.1" 200 -
[WebServer] 127.0.0.1 - - [19/Sep/2026 02:08:36] "GET /images/maggie-blue-staffy-dam-with-pups-760.webp HTTP/1.1" 200 -
  ✘  45 [vp1280] › tests/render/pages.spec.ts:109:3 › blue-staffy-health-uk (7.8s)
[freshness] dist/ is current (newest: dist/search-index.json)
[WebServer] 127.0.0.1 - - [19/Sep/2026 02:08:44] "GET /blue-staffy-uk-breeders/ HTTP/1.1" 200 -
[WebServer] 127.0.0.1 - - [19/Sep/2026 02:08:44] "GET /images/family-friendly-blue-staffy-glasgow.webp HTTP/1.1" 200 -
[WebServer] 127.0.0.1 - - [19/Sep/2026 02:08:45] "GET /images/bluestaffyuk-nationwide-delivery-760.webp HTTP/1.1" 200 -
[WebServer] 127.0.0.1 - - [19/Sep/2026 02:08:45] "GET /images/playful-blue-staffy-lawn-uk-760.webp HTTP/1.1" 200 -
[WebServer] 127.0.0.1 - - [19/Sep/2026 02:08:45] "GET /images/blue-staffy-family-dog-uk.webp HTTP/1.1" 200 -
[WebServer] 127.0.0.1 - - [19/Sep/2026 02:08:45] "GET /images/trusted-uk-breeders-blue-staffy-family.webp HTTP/1.1" 200 -
[WebServer] 127.0.0.1 - - [19/Sep/2026 02:08:45] "GET /images/testimonial-david-southampton-staffy-pup.webp HTTP/1.1" 200 -
[WebServer] 127.0.0.1 - - [19/Sep/2026 02:08:45] "GET /images/breeder-sitting-blue-staffy-puppy-home.webp HTTP/1.1" 200 -
  ✘  46 [vp1280] › tests/render/pages.spec.ts:109:3 › blue-staffy-uk-breeders (7.0s)
[freshness] dist/ is current (newest: dist/search-index.json)
[WebServer] 127.0.0.1 - - [19/Sep/2026 02:08:52] "GET /uk-blue-staffy-breeders-contact/ HTTP/1.1" 200 -
[WebServer] 127.0.0.1 - - [19/Sep/2026 02:08:52] "GET /images/uk-blue-staffy-breeders-contact-form-support.webp HTTP/1.1" 200 -
[WebServer] 127.0.0.1 - - [19/Sep/2026 02:08:52] code 404, message File not found
[WebServer] 127.0.0.1 - - [19/Sep/2026 02:08:52] "GET /__bsuk_pending_image__/0.webp HTTP/1.1" 404 -
  ✓  47 [vp1280] › tests/render/pages.spec.ts:109:3 › uk-blue-staffy-breeders-contact (3.8s)
[WebServer] 127.0.0.1 - - [19/Sep/2026 02:08:55] "GET /privacy-policy-uk/ HTTP/1.1" 200 -
[WebServer] 127.0.0.1 - - [19/Sep/2026 02:08:55] "GET /images/privacy-policy-staffy-silhouette-bluestaffyuk.webp HTTP/1.1" 200 -
[WebServer] 127.0.0.1 - - [19/Sep/2026 02:08:55] "GET /images/blue-staffy-privacy-policy-info-discussion.webp HTTP/1.1" 200 -
[WebServer] 127.0.0.1 - - [19/Sep/2026 02:08:56] "GET /images/breeder-sitting-blue-staffy-puppy-home.webp HTTP/1.1" 200 -
  ✘  48 [vp1280] › tests/render/pages.spec.ts:109:3 › privacy-policy-uk (4.9s)
[freshness] dist/ is current (newest: dist/search-index.json)
[WebServer] 127.0.0.1 - - [19/Sep/2026 02:09:02] "GET /uk-locations/ HTTP/1.1" 200 -
  ✘  49 [vp1280] › tests/render/pages.spec.ts:109:3 › uk-locations (3.5s)
[freshness] dist/ is current (newest: dist/search-index.json)
[WebServer] 127.0.0.1 - - [19/Sep/2026 02:09:06] "GET /uk-locations/blue-staffy-puppies-birmingham/ HTTP/1.1" 200 -
  ✘  50 [vp1280] › tests/render/pages.spec.ts:109:3 › uk-locations/blue-staffy-puppies-birmingham (3.2s)
[freshness] dist/ is current (newest: dist/search-index.json)
[WebServer] 127.0.0.1 - - [19/Sep/2026 02:09:10] "GET /uk-locations/blue-staffy-puppies-uk/ HTTP/1.1" 200 -
[WebServer] 127.0.0.1 - - [19/Sep/2026 02:09:10] "GET /images/blue-staffy-puppies-near-me-uk-available.webp HTTP/1.1" 200 -
[WebServer] 127.0.0.1 - - [19/Sep/2026 02:09:10] "GET /images/bluestaffyuk-nationwide-delivery-760.webp HTTP/1.1" 200 -
[WebServer] 127.0.0.1 - - [19/Sep/2026 02:09:11] code 404, message File not found
[WebServer] 127.0.0.1 - - [19/Sep/2026 02:09:11] "GET /__bsuk_pending_image__/0.webp HTTP/1.1" 404 -
[WebServer] 127.0.0.1 - - [19/Sep/2026 02:09:11] "GET /images/blue-staffy-uk-map-city-overview-1.webp HTTP/1.1" 200 -
[WebServer] 127.0.0.1 - - [19/Sep/2026 02:09:11] "GET /images/blue-staffy-puppy-delivery-uk-760.webp HTTP/1.1" 200 -
[WebServer] 127.0.0.1 - - [19/Sep/2026 02:09:11] "GET /images/buy-blue-staffy-puppy-uk-ethical-purchase-760.webp HTTP/1.1" 200 -
[WebServer] 127.0.0.1 - - [19/Sep/2026 02:09:11] "GET /images/dedicated-blue-staffy-pup-care-glasgow.webp HTTP/1.1" 200 -
[WebServer] 127.0.0.1 - - [19/Sep/2026 02:09:11] "GET /images/family-friendly-blue-staffy-glasgow.webp HTTP/1.1" 200 -
[WebServer] 127.0.0.1 - - [19/Sep/2026 02:09:11] "GET /images/maggie-blue-staffy-dam-with-pups-760.webp HTTP/1.1" 200 -
[WebServer] 127.0.0.1 - - [19/Sep/2026 02:09:11] "GET /images/bluestaffyuk-puppy-delivery-cornwall.webp HTTP/1.1" 200 -
[WebServer] 127.0.0.1 - - [19/Sep/2026 02:09:11] "GET /images/reputable-blue-staffy-breeder-manchester-pup.webp HTTP/1.1" 200 -
[WebServer] 127.0.0.1 - - [19/Sep/2026 02:09:11] "GET /images/ethical-staffy-puppy-london-delivery.webp HTTP/1.1" 200 -
  ✘  51 [vp1280] › tests/render/pages.spec.ts:109:3 › uk-locations/blue-staffy-puppies-uk (8.5s)
[freshness] dist/ is current (newest: dist/search-index.json)
[WebServer] 127.0.0.1 - - [19/Sep/2026 02:09:20] "GET /blue-staffy-blog-guides/ HTTP/1.1" 200 -
  ✘  52 [vp1280] › tests/render/pages.spec.ts:109:3 › blue-staffy-blog-guides (3.2s)
[freshness] dist/ is current (newest: dist/search-index.json)
[WebServer] 127.0.0.1 - - [19/Sep/2026 02:09:24] "GET /blog/ HTTP/1.1" 200 -
  ✘  53 [vp1280] › tests/render/pages.spec.ts:109:3 › blog (3.2s)
[freshness] dist/ is current (newest: dist/search-index.json)
[WebServer] 127.0.0.1 - - [19/Sep/2026 02:09:29] "GET /kit-preview/ HTTP/1.1" 200 -
[WebServer] 127.0.0.1 - - [19/Sep/2026 02:09:29] "GET /_astro/SiteHeaderKit.astro_astro_type_script_index_0_lang.oN0o2SoY.js HTTP/1.1" 200 -
[WebServer] 127.0.0.1 - - [19/Sep/2026 02:09:29] "GET /_astro/Cheryl1.BA5--lqv_Z1P5ulo.webp HTTP/1.1" 200 -
[WebServer] 127.0.0.1 - - [19/Sep/2026 02:09:29] "GET /_astro/Roman2.C-A0j1ry_1uH9rQ.webp HTTP/1.1" 200 -
[WebServer] 127.0.0.1 - - [19/Sep/2026 02:09:29] "GET /_astro/Christa.DCD6hF9z_24FDMC.webp HTTP/1.1" 200 -
[WebServer] 127.0.0.1 - - [19/Sep/2026 02:09:29] "GET /_astro/search.BBlYNZ37.js HTTP/1.1" 200 -
[WebServer] 127.0.0.1 - - [19/Sep/2026 02:09:29] "GET /_astro/Ince1.CjowFAsd_1ydgJK.webp HTTP/1.1" 200 -
  ✓  54 [vp1280] › tests/render/pages.spec.ts:109:3 › kit-preview (6.5s)


  1) [vp375] › tests/render/pages.spec.ts:109:3 › index ────────────────────────────────────────────

    Error: index @ 375px

    [2mexpect([22m[31mreceived[39m[2m).[22mtoEqual[2m([22m[32mexpected[39m[2m) // deep equality[22m

    [32m- Expected  - 1[39m
    [31m+ Received  + 3[39m

    [32m- Array [][39m
    [31m+ Array [[39m
    [31m+   "[NAV] 1 of 3 in-page links land outside 251-319px (measured chrome 259px = header:259) — no single page-level cause identified; first: #Our-Blue-Staffies@4107px",[39m
    [31m+ ][39m

      168 |       blocking.map((d) => `[${d.family}] ${d.message}`),
      169 |       `${target.slug} @ ${viewport}px`,
    > 170 |     ).toEqual([]);
          |       ^
      171 |   });
      172 | }
      173 |
        at /Users/apple/Downloads/BSUK/tests/render/pages.spec.ts:170:7

    Error Context: test-results/pages-index-vp375/error-context.md

  2) [vp375] › tests/render/pages.spec.ts:109:3 › buy-blue-staffy-puppies-uk ───────────────────────

    Error: buy-blue-staffy-puppies-uk @ 375px

    [2mexpect([22m[31mreceived[39m[2m).[22mtoEqual[2m([22m[32mexpected[39m[2m) // deep equality[22m

    [32m- Expected  - 1[39m
    [31m+ Received  + 3[39m

    [32m- Array [][39m
    [31m+ Array [[39m
    [31m+   "[NAV] 2 of 3 in-page links land outside 251-319px (measured chrome 259px = header:259) — no single page-level cause identified; first: #get-staffy@1854px, #contact-now@30905px",[39m
    [31m+ ][39m

      168 |       blocking.map((d) => `[${d.family}] ${d.message}`),
      169 |       `${target.slug} @ ${viewport}px`,
    > 170 |     ).toEqual([]);
          |       ^
      171 |   });
      172 | }
      173 |
        at /Users/apple/Downloads/BSUK/tests/render/pages.spec.ts:170:7

    Error Context: test-results/pages-buy-blue-staffy-puppies-uk-vp375/error-context.md

  3) [vp375] › tests/render/pages.spec.ts:109:3 › available-puppies/roman ──────────────────────────

    Error: available-puppies/roman @ 375px

    [2mexpect([22m[31mreceived[39m[2m).[22mtoEqual[2m([22m[32mexpected[39m[2m) // deep equality[22m

    [32m- Expected  - 1[39m
    [31m+ Received  + 3[39m

    [32m- Array [][39m
    [31m+ Array [[39m
    [31m+   "[SCHEMA] no dateModified in any of the 4 JSON-LD block(s) — scripts/generate_page_dates.py feeds this",[39m
    [31m+ ][39m

      168 |       blocking.map((d) => `[${d.family}] ${d.message}`),
      169 |       `${target.slug} @ ${viewport}px`,
    > 170 |     ).toEqual([]);
          |       ^
      171 |   });
      172 | }
      173 |
        at /Users/apple/Downloads/BSUK/tests/render/pages.spec.ts:170:7

    Error Context: test-results/pages-available-puppies-roman-vp375/error-context.md

  4) [vp375] › tests/render/pages.spec.ts:109:3 › available-puppies ────────────────────────────────

    Error: available-puppies @ 375px

    [2mexpect([22m[31mreceived[39m[2m).[22mtoEqual[2m([22m[32mexpected[39m[2m) // deep equality[22m

    [32m- Expected  - 1[39m
    [31m+ Received  + 4[39m

    [32m- Array [][39m
    [31m+ Array [[39m
    [31m+   "[SEM] 1 skipped heading level(s): H1→H3 at \"Roman\"",[39m
    [31m+   "[SCHEMA] no dateModified in any of the 3 JSON-LD block(s) — scripts/generate_page_dates.py feeds this",[39m
    [31m+ ][39m

      168 |       blocking.map((d) => `[${d.family}] ${d.message}`),
      169 |       `${target.slug} @ ${viewport}px`,
    > 170 |     ).toEqual([]);
          |       ^
      171 |   });
      172 | }
      173 |
        at /Users/apple/Downloads/BSUK/tests/render/pages.spec.ts:170:7

    Error Context: test-results/pages-available-puppies-vp375/error-context.md

  5) [vp375] › tests/render/pages.spec.ts:109:3 › uk-blue-staffy-puppy-buying-guide ────────────────

    Error: uk-blue-staffy-puppy-buying-guide @ 375px

    [2mexpect([22m[31mreceived[39m[2m).[22mtoEqual[2m([22m[32mexpected[39m[2m) // deep equality[22m

    [32m- Expected  - 1[39m
    [31m+ Received  + 3[39m

    [32m- Array [][39m
    [31m+ Array [[39m
    [31m+   "[SEM] 1 skipped heading level(s): H2→H4 at \"Preparing Your Home Checklist\"",[39m
    [31m+ ][39m

      168 |       blocking.map((d) => `[${d.family}] ${d.message}`),
      169 |       `${target.slug} @ ${viewport}px`,
    > 170 |     ).toEqual([]);
          |       ^
      171 |   });
      172 | }
      173 |
        at /Users/apple/Downloads/BSUK/tests/render/pages.spec.ts:170:7

    Error Context: test-results/pages-uk-blue-staffy-puppy-buying-guide-vp375/error-context.md

  6) [vp375] › tests/render/pages.spec.ts:109:3 › uk-staffordshire-bull-terrier-guide ──────────────

    Error: uk-staffordshire-bull-terrier-guide @ 375px

    [2mexpect([22m[31mreceived[39m[2m).[22mtoEqual[2m([22m[32mexpected[39m[2m) // deep equality[22m

    [32m- Expected  - 1[39m
    [31m+ Received  + 3[39m

    [32m- Array [][39m
    [31m+ Array [[39m
    [31m+   "[NAV] 1 of 2 in-page links land outside 251-319px (measured chrome 259px = header:259) — no single page-level cause identified; first: #Staffy-sales@3348px",[39m
    [31m+ ][39m

      168 |       blocking.map((d) => `[${d.family}] ${d.message}`),
      169 |       `${target.slug} @ ${viewport}px`,
    > 170 |     ).toEqual([]);
          |       ^
      171 |   });
      172 | }
      173 |
        at /Users/apple/Downloads/BSUK/tests/render/pages.spec.ts:170:7

    Error Context: test-results/pages-uk-staffordshire-bull-terrier-guide-vp375/error-context.md

  7) [vp375] › tests/render/pages.spec.ts:109:3 › blue-staffy-health-uk ────────────────────────────

    Error: blue-staffy-health-uk @ 375px

    [2mexpect([22m[31mreceived[39m[2m).[22mtoEqual[2m([22m[32mexpected[39m[2m) // deep equality[22m

    [32m- Expected  - 1[39m
    [31m+ Received  + 3[39m

    [32m- Array [][39m
    [31m+ Array [[39m
    [31m+   "[NAV] 1 of 2 in-page links land outside 251-319px (measured chrome 259px = header:259) — no single page-level cause identified; first: #Staffy-sale@4565px",[39m
    [31m+ ][39m

      168 |       blocking.map((d) => `[${d.family}] ${d.message}`),
      169 |       `${target.slug} @ ${viewport}px`,
    > 170 |     ).toEqual([]);
          |       ^
      171 |   });
      172 | }
      173 |
        at /Users/apple/Downloads/BSUK/tests/render/pages.spec.ts:170:7

    Error Context: test-results/pages-blue-staffy-health-uk-vp375/error-context.md

  8) [vp375] › tests/render/pages.spec.ts:109:3 › blue-staffy-uk-breeders ──────────────────────────

    Error: blue-staffy-uk-breeders @ 375px

    [2mexpect([22m[31mreceived[39m[2m).[22mtoEqual[2m([22m[32mexpected[39m[2m) // deep equality[22m

    [32m- Expected  - 1[39m
    [31m+ Received  + 4[39m

    [32m- Array [][39m
    [31m+ Array [[39m
    [31m+   "[NAV] 1 of 2 in-page links land outside 251-319px (measured chrome 259px = header:259) — no single page-level cause identified; first: #Staffies-for-sale@1713px",[39m
    [31m+   "[SEM] 1 skipped heading level(s): H2→H4 at \"Uncompromising Health & Transparency\"",[39m
    [31m+ ][39m

      168 |       blocking.map((d) => `[${d.family}] ${d.message}`),
      169 |       `${target.slug} @ ${viewport}px`,
    > 170 |     ).toEqual([]);
          |       ^
      171 |   });
      172 | }
      173 |
        at /Users/apple/Downloads/BSUK/tests/render/pages.spec.ts:170:7

    Error Context: test-results/pages-blue-staffy-uk-breeders-vp375/error-context.md

  9) [vp375] › tests/render/pages.spec.ts:109:3 › privacy-policy-uk ────────────────────────────────

    Error: privacy-policy-uk @ 375px

    [2mexpect([22m[31mreceived[39m[2m).[22mtoEqual[2m([22m[32mexpected[39m[2m) // deep equality[22m

    [32m- Expected  - 1[39m
    [31m+ Received  + 3[39m

    [32m- Array [][39m
    [31m+ Array [[39m
    [31m+   "[SCHEMA] 1 visible date stamp(s): Last Updated: June 20, 2025 — freshness belongs in JSON-LD only",[39m
    [31m+ ][39m

      168 |       blocking.map((d) => `[${d.family}] ${d.message}`),
      169 |       `${target.slug} @ ${viewport}px`,
    > 170 |     ).toEqual([]);
          |       ^
      171 |   });
      172 | }
      173 |
        at /Users/apple/Downloads/BSUK/tests/render/pages.spec.ts:170:7

    Error Context: test-results/pages-privacy-policy-uk-vp375/error-context.md

  10) [vp375] › tests/render/pages.spec.ts:109:3 › uk-locations ────────────────────────────────────

    Error: uk-locations @ 375px

    [2mexpect([22m[31mreceived[39m[2m).[22mtoEqual[2m([22m[32mexpected[39m[2m) // deep equality[22m

    [32m- Expected  - 1[39m
    [31m+ Received  + 3[39m

    [32m- Array [][39m
    [31m+ Array [[39m
    [31m+   "[SCHEMA] no dateModified in any of the 3 JSON-LD block(s) — scripts/generate_page_dates.py feeds this",[39m
    [31m+ ][39m

      168 |       blocking.map((d) => `[${d.family}] ${d.message}`),
      169 |       `${target.slug} @ ${viewport}px`,
    > 170 |     ).toEqual([]);
          |       ^
      171 |   });
      172 | }
      173 |
        at /Users/apple/Downloads/BSUK/tests/render/pages.spec.ts:170:7

    Error Context: test-results/pages-uk-locations-vp375/error-context.md

  11) [vp375] › tests/render/pages.spec.ts:109:3 › uk-locations/blue-staffy-puppies-birmingham ─────

    Error: uk-locations/blue-staffy-puppies-birmingham @ 375px

    [2mexpect([22m[31mreceived[39m[2m).[22mtoEqual[2m([22m[32mexpected[39m[2m) // deep equality[22m

    [32m- Expected  - 1[39m
    [31m+ Received  + 3[39m

    [32m- Array [][39m
    [31m+ Array [[39m
    [31m+   "[SCHEMA] no dateModified in any of the 3 JSON-LD block(s) — scripts/generate_page_dates.py feeds this",[39m
    [31m+ ][39m

      168 |       blocking.map((d) => `[${d.family}] ${d.message}`),
      169 |       `${target.slug} @ ${viewport}px`,
    > 170 |     ).toEqual([]);
          |       ^
      171 |   });
      172 | }
      173 |
        at /Users/apple/Downloads/BSUK/tests/render/pages.spec.ts:170:7

    Error Context: test-results/pages-uk-locations-blue-staffy-puppies-birmingham-vp375/error-context.md

  12) [vp375] › tests/render/pages.spec.ts:109:3 › uk-locations/blue-staffy-puppies-uk ─────────────

    Error: uk-locations/blue-staffy-puppies-uk @ 375px

    [2mexpect([22m[31mreceived[39m[2m).[22mtoEqual[2m([22m[32mexpected[39m[2m) // deep equality[22m

    [32m- Expected  - 1[39m
    [31m+ Received  + 3[39m

    [32m- Array [][39m
    [31m+ Array [[39m
    [31m+   "[NAV] 1 of 2 in-page links land outside 251-319px (measured chrome 259px = header:259) — no single page-level cause identified; first: #Staffy-adoption@2895px",[39m
    [31m+ ][39m

      168 |       blocking.map((d) => `[${d.family}] ${d.message}`),
      169 |       `${target.slug} @ ${viewport}px`,
    > 170 |     ).toEqual([]);
          |       ^
      171 |   });
      172 | }
      173 |
        at /Users/apple/Downloads/BSUK/tests/render/pages.spec.ts:170:7

    Error Context: test-results/pages-uk-locations-blue-staffy-puppies-uk-vp375/error-context.md

  13) [vp375] › tests/render/pages.spec.ts:109:3 › blue-staffy-blog-guides ─────────────────────────

    Error: blue-staffy-blog-guides @ 375px

    [2mexpect([22m[31mreceived[39m[2m).[22mtoEqual[2m([22m[32mexpected[39m[2m) // deep equality[22m

    [32m- Expected  - 1[39m
    [31m+ Received  + 3[39m

    [32m- Array [][39m
    [31m+ Array [[39m
    [31m+   "[SCHEMA] no dateModified in any of the 4 JSON-LD block(s) — scripts/generate_page_dates.py feeds this",[39m
    [31m+ ][39m

      168 |       blocking.map((d) => `[${d.family}] ${d.message}`),
      169 |       `${target.slug} @ ${viewport}px`,
    > 170 |     ).toEqual([]);
          |       ^
      171 |   });
      172 | }
      173 |
        at /Users/apple/Downloads/BSUK/tests/render/pages.spec.ts:170:7

    Error Context: test-results/pages-blue-staffy-blog-guides-vp375/error-context.md

  14) [vp375] › tests/render/pages.spec.ts:109:3 › blog ────────────────────────────────────────────

    Error: blog @ 375px

    [2mexpect([22m[31mreceived[39m[2m).[22mtoEqual[2m([22m[32mexpected[39m[2m) // deep equality[22m

    [32m- Expected  - 1[39m
    [31m+ Received  + 3[39m

    [32m- Array [][39m
    [31m+ Array [[39m
    [31m+   "[SCHEMA] no dateModified in any of the 3 JSON-LD block(s) — scripts/generate_page_dates.py feeds this",[39m
    [31m+ ][39m

      168 |       blocking.map((d) => `[${d.family}] ${d.message}`),
      169 |       `${target.slug} @ ${viewport}px`,
    > 170 |     ).toEqual([]);
          |       ^
      171 |   });
      172 | }
      173 |
        at /Users/apple/Downloads/BSUK/tests/render/pages.spec.ts:170:7

    Error Context: test-results/pages-blog-vp375/error-context.md

  15) [vp768] › tests/render/pages.spec.ts:109:3 › index ───────────────────────────────────────────

    Error: index @ 768px

    [2mexpect([22m[31mreceived[39m[2m).[22mtoEqual[2m([22m[32mexpected[39m[2m) // deep equality[22m

    [32m- Expected  - 1[39m
    [31m+ Received  + 4[39m

    [32m- Array [][39m
    [31m+ Array [[39m
    [31m+   "[IMG] 1 oversized image(s): mark-blue-staffy-london.webp natural=767 painted=319 2.40x",[39m
    [31m+   "[NAV] 1 of 3 in-page links land outside 67-135px (measured chrome 75px = header:75) — no single page-level cause identified; first: #Our-Blue-Staffies@4100px",[39m
    [31m+ ][39m

      168 |       blocking.map((d) => `[${d.family}] ${d.message}`),
      169 |       `${target.slug} @ ${viewport}px`,
    > 170 |     ).toEqual([]);
          |       ^
      171 |   });
      172 | }
      173 |
        at /Users/apple/Downloads/BSUK/tests/render/pages.spec.ts:170:7

    Error Context: test-results/pages-index-vp768/error-context.md

  16) [vp768] › tests/render/pages.spec.ts:109:3 › buy-blue-staffy-puppies-uk ──────────────────────

    Error: buy-blue-staffy-puppies-uk @ 768px

    [2mexpect([22m[31mreceived[39m[2m).[22mtoEqual[2m([22m[32mexpected[39m[2m) // deep equality[22m

    [32m- Expected  - 1[39m
    [31m+ Received  + 3[39m

    [32m- Array [][39m
    [31m+ Array [[39m
    [31m+   "[NAV] 2 of 3 in-page links land outside 67-135px (measured chrome 75px = header:75) — no single page-level cause identified; first: #get-staffy@1467px, #contact-now@47409px",[39m
    [31m+ ][39m

      168 |       blocking.map((d) => `[${d.family}] ${d.message}`),
      169 |       `${target.slug} @ ${viewport}px`,
    > 170 |     ).toEqual([]);
          |       ^
      171 |   });
      172 | }
      173 |
        at /Users/apple/Downloads/BSUK/tests/render/pages.spec.ts:170:7

    Error Context: test-results/pages-buy-blue-staffy-puppies-uk-vp768/error-context.md

  17) [vp768] › tests/render/pages.spec.ts:109:3 › blue-staffy-pup-sale-uk ─────────────────────────

    Error: blue-staffy-pup-sale-uk @ 768px

    [2mexpect([22m[31mreceived[39m[2m).[22mtoEqual[2m([22m[32mexpected[39m[2m) // deep equality[22m

    [32m- Expected  - 1[39m
    [31m+ Received  + 3[39m

    [32m- Array [][39m
    [31m+ Array [[39m
    [31m+   "[IMG] 1 oversized image(s): mark-blue-staffy-london.webp natural=767 painted=319 2.40x",[39m
    [31m+ ][39m

      168 |       blocking.map((d) => `[${d.family}] ${d.message}`),
      169 |       `${target.slug} @ ${viewport}px`,
    > 170 |     ).toEqual([]);
          |       ^
      171 |   });
      172 | }
      173 |
        at /Users/apple/Downloads/BSUK/tests/render/pages.spec.ts:170:7

    Error Context: test-results/pages-blue-staffy-pup-sale-uk-vp768/error-context.md

  18) [vp768] › tests/render/pages.spec.ts:109:3 › buy-staffy-puppies-for-sale-uk ──────────────────

    Error: buy-staffy-puppies-for-sale-uk @ 768px

    [2mexpect([22m[31mreceived[39m[2m).[22mtoEqual[2m([22m[32mexpected[39m[2m) // deep equality[22m

    [32m- Expected  - 1[39m
    [31m+ Received  + 4[39m

    [32m- Array [][39m
    [31m+ Array [[39m
    [31m+   "[LAYOUT] 1 control(s) under 24x24: a 105x20 \"Pets4Homes\"",[39m
    [31m+   "[IMG] 1 oversized image(s): best-blue-staffy-breeder-reviews-puppy-for-sale-uk.webp natural=768 painted=333 2.31x",[39m
    [31m+ ][39m

      168 |       blocking.map((d) => `[${d.family}] ${d.message}`),
      169 |       `${target.slug} @ ${viewport}px`,
    > 170 |     ).toEqual([]);
          |       ^
      171 |   });
      172 | }
      173 |
        at /Users/apple/Downloads/BSUK/tests/render/pages.spec.ts:170:7

    Error Context: test-results/pages-buy-staffy-puppies-for-sale-uk-vp768/error-context.md

  19) [vp768] › tests/render/pages.spec.ts:109:3 › available-puppies/roman ─────────────────────────

    Error: available-puppies/roman @ 768px

    [2mexpect([22m[31mreceived[39m[2m).[22mtoEqual[2m([22m[32mexpected[39m[2m) // deep equality[22m

    [32m- Expected  - 1[39m
    [31m+ Received  + 3[39m

    [32m- Array [][39m
    [31m+ Array [[39m
    [31m+   "[SCHEMA] no dateModified in any of the 4 JSON-LD block(s) — scripts/generate_page_dates.py feeds this",[39m
    [31m+ ][39m

      168 |       blocking.map((d) => `[${d.family}] ${d.message}`),
      169 |       `${target.slug} @ ${viewport}px`,
    > 170 |     ).toEqual([]);
          |       ^
      171 |   });
      172 | }
      173 |
        at /Users/apple/Downloads/BSUK/tests/render/pages.spec.ts:170:7

    Error Context: test-results/pages-available-puppies-roman-vp768/error-context.md

  20) [vp768] › tests/render/pages.spec.ts:109:3 › available-puppies ───────────────────────────────

    Error: available-puppies @ 768px

    [2mexpect([22m[31mreceived[39m[2m).[22mtoEqual[2m([22m[32mexpected[39m[2m) // deep equality[22m

    [32m- Expected  - 1[39m
    [31m+ Received  + 4[39m

    [32m- Array [][39m
    [31m+ Array [[39m
    [31m+   "[SEM] 1 skipped heading level(s): H1→H3 at \"Roman\"",[39m
    [31m+   "[SCHEMA] no dateModified in any of the 3 JSON-LD block(s) — scripts/generate_page_dates.py feeds this",[39m
    [31m+ ][39m

      168 |       blocking.map((d) => `[${d.family}] ${d.message}`),
      169 |       `${target.slug} @ ${viewport}px`,
    > 170 |     ).toEqual([]);
          |       ^
      171 |   });
      172 | }
      173 |
        at /Users/apple/Downloads/BSUK/tests/render/pages.spec.ts:170:7

    Error Context: test-results/pages-available-puppies-vp768/error-context.md

  21) [vp768] › tests/render/pages.spec.ts:109:3 › uk-blue-staffy-puppy-buying-guide ───────────────

    Error: uk-blue-staffy-puppy-buying-guide @ 768px

    [2mexpect([22m[31mreceived[39m[2m).[22mtoEqual[2m([22m[32mexpected[39m[2m) // deep equality[22m

    [32m- Expected  - 1[39m
    [31m+ Received  + 4[39m

    [32m- Array [][39m
    [31m+ Array [[39m
    [31m+   "[LAYOUT] 12 control(s) under 24x24: input 478x20 \"\" | input 323x20 \"\" | input 393x20 \"\" | input 267x20 \"\" | input 560x20 \"\" | input 518x20 \"\" | input 463x20 \"\" | input 530x20 \"\" | input 243x20 \"\" | input 600x20 \"\"",[39m
    [31m+   "[SEM] 1 skipped heading level(s): H2→H4 at \"Preparing Your Home Checklist\"",[39m
    [31m+ ][39m

      168 |       blocking.map((d) => `[${d.family}] ${d.message}`),
      169 |       `${target.slug} @ ${viewport}px`,
    > 170 |     ).toEqual([]);
          |       ^
      171 |   });
      172 | }
      173 |
        at /Users/apple/Downloads/BSUK/tests/render/pages.spec.ts:170:7

    Error Context: test-results/pages-uk-blue-staffy-puppy-buying-guide-vp768/error-context.md

  22) [vp768] › tests/render/pages.spec.ts:109:3 › uk-staffordshire-bull-terrier-guide ─────────────

    Error: uk-staffordshire-bull-terrier-guide @ 768px

    [2mexpect([22m[31mreceived[39m[2m).[22mtoEqual[2m([22m[32mexpected[39m[2m) // deep equality[22m

    [32m- Expected  - 1[39m
    [31m+ Received  + 3[39m

    [32m- Array [][39m
    [31m+ Array [[39m
    [31m+   "[NAV] 1 of 2 in-page links land outside 67-135px (measured chrome 75px = header:75) — no single page-level cause identified; first: #Staffy-sales@4750px",[39m
    [31m+ ][39m

      168 |       blocking.map((d) => `[${d.family}] ${d.message}`),
      169 |       `${target.slug} @ ${viewport}px`,
    > 170 |     ).toEqual([]);
          |       ^
      171 |   });
      172 | }
      173 |
        at /Users/apple/Downloads/BSUK/tests/render/pages.spec.ts:170:7

    Error Context: test-results/pages-uk-staffordshire-bull-terrier-guide-vp768/error-context.md

  23) [vp768] › tests/render/pages.spec.ts:109:3 › blue-staffy-health-uk ───────────────────────────

    Error: blue-staffy-health-uk @ 768px

    [2mexpect([22m[31mreceived[39m[2m).[22mtoEqual[2m([22m[32mexpected[39m[2m) // deep equality[22m

    [32m- Expected  - 1[39m
    [31m+ Received  + 3[39m

    [32m- Array [][39m
    [31m+ Array [[39m
    [31m+   "[NAV] 1 of 2 in-page links land outside 67-135px (measured chrome 75px = header:75) — no single page-level cause identified; first: #Staffy-sale@3413px",[39m
    [31m+ ][39m

      168 |       blocking.map((d) => `[${d.family}] ${d.message}`),
      169 |       `${target.slug} @ ${viewport}px`,
    > 170 |     ).toEqual([]);
          |       ^
      171 |   });
      172 | }
      173 |
        at /Users/apple/Downloads/BSUK/tests/render/pages.spec.ts:170:7

    Error Context: test-results/pages-blue-staffy-health-uk-vp768/error-context.md

  24) [vp768] › tests/render/pages.spec.ts:109:3 › blue-staffy-uk-breeders ─────────────────────────

    Error: blue-staffy-uk-breeders @ 768px

    [2mexpect([22m[31mreceived[39m[2m).[22mtoEqual[2m([22m[32mexpected[39m[2m) // deep equality[22m

    [32m- Expected  - 1[39m
    [31m+ Received  + 4[39m

    [32m- Array [][39m
    [31m+ Array [[39m
    [31m+   "[NAV] 1 of 2 in-page links land outside 67-135px (measured chrome 75px = header:75) — no single page-level cause identified; first: #Staffies-for-sale@1355px",[39m
    [31m+   "[SEM] 1 skipped heading level(s): H2→H4 at \"Uncompromising Health & Transparency\"",[39m
    [31m+ ][39m

      168 |       blocking.map((d) => `[${d.family}] ${d.message}`),
      169 |       `${target.slug} @ ${viewport}px`,
    > 170 |     ).toEqual([]);
          |       ^
      171 |   });
      172 | }
      173 |
        at /Users/apple/Downloads/BSUK/tests/render/pages.spec.ts:170:7

    Error Context: test-results/pages-blue-staffy-uk-breeders-vp768/error-context.md

  25) [vp768] › tests/render/pages.spec.ts:109:3 › privacy-policy-uk ───────────────────────────────

    Error: privacy-policy-uk @ 768px

    [2mexpect([22m[31mreceived[39m[2m).[22mtoEqual[2m([22m[32mexpected[39m[2m) // deep equality[22m

    [32m- Expected  - 1[39m
    [31m+ Received  + 3[39m

    [32m- Array [][39m
    [31m+ Array [[39m
    [31m+   "[SCHEMA] 1 visible date stamp(s): Last Updated: June 20, 2025 — freshness belongs in JSON-LD only",[39m
    [31m+ ][39m

      168 |       blocking.map((d) => `[${d.family}] ${d.message}`),
      169 |       `${target.slug} @ ${viewport}px`,
    > 170 |     ).toEqual([]);
          |       ^
      171 |   });
      172 | }
      173 |
        at /Users/apple/Downloads/BSUK/tests/render/pages.spec.ts:170:7

    Error Context: test-results/pages-privacy-policy-uk-vp768/error-context.md

  26) [vp768] › tests/render/pages.spec.ts:109:3 › uk-locations ────────────────────────────────────

    Error: uk-locations @ 768px

    [2mexpect([22m[31mreceived[39m[2m).[22mtoEqual[2m([22m[32mexpected[39m[2m) // deep equality[22m

    [32m- Expected  - 1[39m
    [31m+ Received  + 3[39m

    [32m- Array [][39m
    [31m+ Array [[39m
    [31m+   "[SCHEMA] no dateModified in any of the 3 JSON-LD block(s) — scripts/generate_page_dates.py feeds this",[39m
    [31m+ ][39m

      168 |       blocking.map((d) => `[${d.family}] ${d.message}`),
      169 |       `${target.slug} @ ${viewport}px`,
    > 170 |     ).toEqual([]);
          |       ^
      171 |   });
      172 | }
      173 |
        at /Users/apple/Downloads/BSUK/tests/render/pages.spec.ts:170:7

    Error Context: test-results/pages-uk-locations-vp768/error-context.md

  27) [vp768] › tests/render/pages.spec.ts:109:3 › uk-locations/blue-staffy-puppies-birmingham ─────

    Error: uk-locations/blue-staffy-puppies-birmingham @ 768px

    [2mexpect([22m[31mreceived[39m[2m).[22mtoEqual[2m([22m[32mexpected[39m[2m) // deep equality[22m

    [32m- Expected  - 1[39m
    [31m+ Received  + 3[39m

    [32m- Array [][39m
    [31m+ Array [[39m
    [31m+   "[SCHEMA] no dateModified in any of the 3 JSON-LD block(s) — scripts/generate_page_dates.py feeds this",[39m
    [31m+ ][39m

      168 |       blocking.map((d) => `[${d.family}] ${d.message}`),
      169 |       `${target.slug} @ ${viewport}px`,
    > 170 |     ).toEqual([]);
          |       ^
      171 |   });
      172 | }
      173 |
        at /Users/apple/Downloads/BSUK/tests/render/pages.spec.ts:170:7

    Error Context: test-results/pages-uk-locations-blue-staffy-puppies-birmingham-vp768/error-context.md

  28) [vp768] › tests/render/pages.spec.ts:109:3 › uk-locations/blue-staffy-puppies-uk ─────────────

    Error: uk-locations/blue-staffy-puppies-uk @ 768px

    [2mexpect([22m[31mreceived[39m[2m).[22mtoEqual[2m([22m[32mexpected[39m[2m) // deep equality[22m

    [32m- Expected  - 1[39m
    [31m+ Received  + 3[39m

    [32m- Array [][39m
    [31m+ Array [[39m
    [31m+   "[NAV] 1 of 2 in-page links land outside 67-135px (measured chrome 75px = header:75) — no single page-level cause identified; first: #Staffy-adoption@3431px",[39m
    [31m+ ][39m

      168 |       blocking.map((d) => `[${d.family}] ${d.message}`),
      169 |       `${target.slug} @ ${viewport}px`,
    > 170 |     ).toEqual([]);
          |       ^
      171 |   });
      172 | }
      173 |
        at /Users/apple/Downloads/BSUK/tests/render/pages.spec.ts:170:7

    Error Context: test-results/pages-uk-locations-blue-staffy-puppies-uk-vp768/error-context.md

  29) [vp768] › tests/render/pages.spec.ts:109:3 › blue-staffy-blog-guides ─────────────────────────

    Error: blue-staffy-blog-guides @ 768px

    [2mexpect([22m[31mreceived[39m[2m).[22mtoEqual[2m([22m[32mexpected[39m[2m) // deep equality[22m

    [32m- Expected  - 1[39m
    [31m+ Received  + 3[39m

    [32m- Array [][39m
    [31m+ Array [[39m
    [31m+   "[SCHEMA] no dateModified in any of the 4 JSON-LD block(s) — scripts/generate_page_dates.py feeds this",[39m
    [31m+ ][39m

      168 |       blocking.map((d) => `[${d.family}] ${d.message}`),
      169 |       `${target.slug} @ ${viewport}px`,
    > 170 |     ).toEqual([]);
          |       ^
      171 |   });
      172 | }
      173 |
        at /Users/apple/Downloads/BSUK/tests/render/pages.spec.ts:170:7

    Error Context: test-results/pages-blue-staffy-blog-guides-vp768/error-context.md

  30) [vp768] › tests/render/pages.spec.ts:109:3 › blog ────────────────────────────────────────────

    Error: blog @ 768px

    [2mexpect([22m[31mreceived[39m[2m).[22mtoEqual[2m([22m[32mexpected[39m[2m) // deep equality[22m

    [32m- Expected  - 1[39m
    [31m+ Received  + 3[39m

    [32m- Array [][39m
    [31m+ Array [[39m
    [31m+   "[SCHEMA] no dateModified in any of the 3 JSON-LD block(s) — scripts/generate_page_dates.py feeds this",[39m
    [31m+ ][39m

      168 |       blocking.map((d) => `[${d.family}] ${d.message}`),
      169 |       `${target.slug} @ ${viewport}px`,
    > 170 |     ).toEqual([]);
          |       ^
      171 |   });
      172 | }
      173 |
        at /Users/apple/Downloads/BSUK/tests/render/pages.spec.ts:170:7

    Error Context: test-results/pages-blog-vp768/error-context.md

  31) [vp1280] › tests/render/pages.spec.ts:109:3 › index ──────────────────────────────────────────

    Error: index @ 1280px

    [2mexpect([22m[31mreceived[39m[2m).[22mtoEqual[2m([22m[32mexpected[39m[2m) // deep equality[22m

    [32m- Expected  - 1[39m
    [31m+ Received  + 4[39m

    [32m- Array [][39m
    [31m+ Array [[39m
    [31m+   "[IMG] 1 oversized image(s): mark-blue-staffy-london.webp natural=760 painted=319 2.38x",[39m
    [31m+   "[NAV] 1 of 3 in-page links land outside 65-133px (measured chrome 73px = header:73) — no single page-level cause identified; first: #Our-Blue-Staffies@4097px",[39m
    [31m+ ][39m

      168 |       blocking.map((d) => `[${d.family}] ${d.message}`),
      169 |       `${target.slug} @ ${viewport}px`,
    > 170 |     ).toEqual([]);
          |       ^
      171 |   });
      172 | }
      173 |
        at /Users/apple/Downloads/BSUK/tests/render/pages.spec.ts:170:7

    Error Context: test-results/pages-index-vp1280/error-context.md

  32) [vp1280] › tests/render/pages.spec.ts:109:3 › buy-blue-staffy-puppies-uk ─────────────────────

    Error: buy-blue-staffy-puppies-uk @ 1280px

    [2mexpect([22m[31mreceived[39m[2m).[22mtoEqual[2m([22m[32mexpected[39m[2m) // deep equality[22m

    [32m- Expected  - 1[39m
    [31m+ Received  + 3[39m

    [32m- Array [][39m
    [31m+ Array [[39m
    [31m+   "[NAV] 2 of 3 in-page links land outside 65-133px (measured chrome 73px = header:73) — no single page-level cause identified; first: #get-staffy@1465px, #contact-now@47406px",[39m
    [31m+ ][39m

      168 |       blocking.map((d) => `[${d.family}] ${d.message}`),
      169 |       `${target.slug} @ ${viewport}px`,
    > 170 |     ).toEqual([]);
          |       ^
      171 |   });
      172 | }
      173 |
        at /Users/apple/Downloads/BSUK/tests/render/pages.spec.ts:170:7

    Error Context: test-results/pages-buy-blue-staffy-puppies-uk-vp1280/error-context.md

  33) [vp1280] › tests/render/pages.spec.ts:109:3 › blue-staffy-pup-sale-uk ────────────────────────

    Error: blue-staffy-pup-sale-uk @ 1280px

    [2mexpect([22m[31mreceived[39m[2m).[22mtoEqual[2m([22m[32mexpected[39m[2m) // deep equality[22m

    [32m- Expected  - 1[39m
    [31m+ Received  + 3[39m

    [32m- Array [][39m
    [31m+ Array [[39m
    [31m+   "[IMG] 1 oversized image(s): mark-blue-staffy-london.webp natural=760 painted=319 2.38x",[39m
    [31m+ ][39m

      168 |       blocking.map((d) => `[${d.family}] ${d.message}`),
      169 |       `${target.slug} @ ${viewport}px`,
    > 170 |     ).toEqual([]);
          |       ^
      171 |   });
      172 | }
      173 |
        at /Users/apple/Downloads/BSUK/tests/render/pages.spec.ts:170:7

    Error Context: test-results/pages-blue-staffy-pup-sale-uk-vp1280/error-context.md

  34) [vp1280] › tests/render/pages.spec.ts:109:3 › buy-staffy-puppies-for-sale-uk ─────────────────

    Error: buy-staffy-puppies-for-sale-uk @ 1280px

    [2mexpect([22m[31mreceived[39m[2m).[22mtoEqual[2m([22m[32mexpected[39m[2m) // deep equality[22m

    [32m- Expected  - 1[39m
    [31m+ Received  + 4[39m

    [32m- Array [][39m
    [31m+ Array [[39m
    [31m+   "[LAYOUT] 1 control(s) under 24x24: a 105x20 \"Pets4Homes\"",[39m
    [31m+   "[IMG] 1 oversized image(s): best-blue-staffy-breeder-reviews-puppy-for-sale-uk.webp natural=760 painted=333 2.28x",[39m
    [31m+ ][39m

      168 |       blocking.map((d) => `[${d.family}] ${d.message}`),
      169 |       `${target.slug} @ ${viewport}px`,
    > 170 |     ).toEqual([]);
          |       ^
      171 |   });
      172 | }
      173 |
        at /Users/apple/Downloads/BSUK/tests/render/pages.spec.ts:170:7

    Error Context: test-results/pages-buy-staffy-puppies-for-sale-uk-vp1280/error-context.md

  35) [vp1280] › tests/render/pages.spec.ts:109:3 › available-puppies/roman ────────────────────────

    Error: available-puppies/roman @ 1280px

    [2mexpect([22m[31mreceived[39m[2m).[22mtoEqual[2m([22m[32mexpected[39m[2m) // deep equality[22m

    [32m- Expected  - 1[39m
    [31m+ Received  + 3[39m

    [32m- Array [][39m
    [31m+ Array [[39m
    [31m+   "[SCHEMA] no dateModified in any of the 4 JSON-LD block(s) — scripts/generate_page_dates.py feeds this",[39m
    [31m+ ][39m

      168 |       blocking.map((d) => `[${d.family}] ${d.message}`),
      169 |       `${target.slug} @ ${viewport}px`,
    > 170 |     ).toEqual([]);
          |       ^
      171 |   });
      172 | }
      173 |
        at /Users/apple/Downloads/BSUK/tests/render/pages.spec.ts:170:7

    Error Context: test-results/pages-available-puppies-roman-vp1280/error-context.md

  36) [vp1280] › tests/render/pages.spec.ts:109:3 › available-puppies ──────────────────────────────

    Error: available-puppies @ 1280px

    [2mexpect([22m[31mreceived[39m[2m).[22mtoEqual[2m([22m[32mexpected[39m[2m) // deep equality[22m

    [32m- Expected  - 1[39m
    [31m+ Received  + 4[39m

    [32m- Array [][39m
    [31m+ Array [[39m
    [31m+   "[SEM] 1 skipped heading level(s): H1→H3 at \"Roman\"",[39m
    [31m+   "[SCHEMA] no dateModified in any of the 3 JSON-LD block(s) — scripts/generate_page_dates.py feeds this",[39m
    [31m+ ][39m

      168 |       blocking.map((d) => `[${d.family}] ${d.message}`),
      169 |       `${target.slug} @ ${viewport}px`,
    > 170 |     ).toEqual([]);
          |       ^
      171 |   });
      172 | }
      173 |
        at /Users/apple/Downloads/BSUK/tests/render/pages.spec.ts:170:7

    Error Context: test-results/pages-available-puppies-vp1280/error-context.md

  37) [vp1280] › tests/render/pages.spec.ts:109:3 › uk-blue-staffy-puppy-buying-guide ──────────────

    Error: uk-blue-staffy-puppy-buying-guide @ 1280px

    [2mexpect([22m[31mreceived[39m[2m).[22mtoEqual[2m([22m[32mexpected[39m[2m) // deep equality[22m

    [32m- Expected  - 1[39m
    [31m+ Received  + 4[39m

    [32m- Array [][39m
    [31m+ Array [[39m
    [31m+   "[LAYOUT] 12 control(s) under 24x24: input 478x20 \"\" | input 323x20 \"\" | input 393x20 \"\" | input 267x20 \"\" | input 560x20 \"\" | input 518x20 \"\" | input 463x20 \"\" | input 530x20 \"\" | input 243x20 \"\" | input 600x20 \"\"",[39m
    [31m+   "[SEM] 1 skipped heading level(s): H2→H4 at \"Preparing Your Home Checklist\"",[39m
    [31m+ ][39m

      168 |       blocking.map((d) => `[${d.family}] ${d.message}`),
      169 |       `${target.slug} @ ${viewport}px`,
    > 170 |     ).toEqual([]);
          |       ^
      171 |   });
      172 | }
      173 |
        at /Users/apple/Downloads/BSUK/tests/render/pages.spec.ts:170:7

    Error Context: test-results/pages-uk-blue-staffy-puppy-buying-guide-vp1280/error-context.md

  38) [vp1280] › tests/render/pages.spec.ts:109:3 › uk-staffordshire-bull-terrier-guide ────────────

    Error: uk-staffordshire-bull-terrier-guide @ 1280px

    [2mexpect([22m[31mreceived[39m[2m).[22mtoEqual[2m([22m[32mexpected[39m[2m) // deep equality[22m

    [32m- Expected  - 1[39m
    [31m+ Received  + 3[39m

    [32m- Array [][39m
    [31m+ Array [[39m
    [31m+   "[NAV] 1 of 2 in-page links land outside 65-133px (measured chrome 73px = header:73) — no single page-level cause identified; first: #Staffy-sales@4748px",[39m
    [31m+ ][39m

      168 |       blocking.map((d) => `[${d.family}] ${d.message}`),
      169 |       `${target.slug} @ ${viewport}px`,
    > 170 |     ).toEqual([]);
          |       ^
      171 |   });
      172 | }
      173 |
        at /Users/apple/Downloads/BSUK/tests/render/pages.spec.ts:170:7

    Error Context: test-results/pages-uk-staffordshire-bull-terrier-guide-vp1280/error-context.md

  39) [vp1280] › tests/render/pages.spec.ts:109:3 › blue-staffy-health-uk ──────────────────────────

    Error: blue-staffy-health-uk @ 1280px

    [2mexpect([22m[31mreceived[39m[2m).[22mtoEqual[2m([22m[32mexpected[39m[2m) // deep equality[22m

    [32m- Expected  - 1[39m
    [31m+ Received  + 3[39m

    [32m- Array [][39m
    [31m+ Array [[39m
    [31m+   "[NAV] 1 of 2 in-page links land outside 65-133px (measured chrome 73px = header:73) — no single page-level cause identified; first: #Staffy-sale@3411px",[39m
    [31m+ ][39m

      168 |       blocking.map((d) => `[${d.family}] ${d.message}`),
      169 |       `${target.slug} @ ${viewport}px`,
    > 170 |     ).toEqual([]);
          |       ^
      171 |   });
      172 | }
      173 |
        at /Users/apple/Downloads/BSUK/tests/render/pages.spec.ts:170:7

    Error Context: test-results/pages-blue-staffy-health-uk-vp1280/error-context.md

  40) [vp1280] › tests/render/pages.spec.ts:109:3 › blue-staffy-uk-breeders ────────────────────────

    Error: blue-staffy-uk-breeders @ 1280px

    [2mexpect([22m[31mreceived[39m[2m).[22mtoEqual[2m([22m[32mexpected[39m[2m) // deep equality[22m

    [32m- Expected  - 1[39m
    [31m+ Received  + 4[39m

    [32m- Array [][39m
    [31m+ Array [[39m
    [31m+   "[NAV] 1 of 2 in-page links land outside 65-133px (measured chrome 73px = header:73) — no single page-level cause identified; first: #Staffies-for-sale@1353px",[39m
    [31m+   "[SEM] 1 skipped heading level(s): H2→H4 at \"Uncompromising Health & Transparency\"",[39m
    [31m+ ][39m

      168 |       blocking.map((d) => `[${d.family}] ${d.message}`),
      169 |       `${target.slug} @ ${viewport}px`,
    > 170 |     ).toEqual([]);
          |       ^
      171 |   });
      172 | }
      173 |
        at /Users/apple/Downloads/BSUK/tests/render/pages.spec.ts:170:7

    Error Context: test-results/pages-blue-staffy-uk-breeders-vp1280/error-context.md

  41) [vp1280] › tests/render/pages.spec.ts:109:3 › privacy-policy-uk ──────────────────────────────

    Error: privacy-policy-uk @ 1280px

    [2mexpect([22m[31mreceived[39m[2m).[22mtoEqual[2m([22m[32mexpected[39m[2m) // deep equality[22m

    [32m- Expected  - 1[39m
    [31m+ Received  + 3[39m

    [32m- Array [][39m
    [31m+ Array [[39m
    [31m+   "[SCHEMA] 1 visible date stamp(s): Last Updated: June 20, 2025 — freshness belongs in JSON-LD only",[39m
    [31m+ ][39m

      168 |       blocking.map((d) => `[${d.family}] ${d.message}`),
      169 |       `${target.slug} @ ${viewport}px`,
    > 170 |     ).toEqual([]);
          |       ^
      171 |   });
      172 | }
      173 |
        at /Users/apple/Downloads/BSUK/tests/render/pages.spec.ts:170:7

    Error Context: test-results/pages-privacy-policy-uk-vp1280/error-context.md

  42) [vp1280] › tests/render/pages.spec.ts:109:3 › uk-locations ───────────────────────────────────

    Error: uk-locations @ 1280px

    [2mexpect([22m[31mreceived[39m[2m).[22mtoEqual[2m([22m[32mexpected[39m[2m) // deep equality[22m

    [32m- Expected  - 1[39m
    [31m+ Received  + 3[39m

    [32m- Array [][39m
    [31m+ Array [[39m
    [31m+   "[SCHEMA] no dateModified in any of the 3 JSON-LD block(s) — scripts/generate_page_dates.py feeds this",[39m
    [31m+ ][39m

      168 |       blocking.map((d) => `[${d.family}] ${d.message}`),
      169 |       `${target.slug} @ ${viewport}px`,
    > 170 |     ).toEqual([]);
          |       ^
      171 |   });
      172 | }
      173 |
        at /Users/apple/Downloads/BSUK/tests/render/pages.spec.ts:170:7

    Error Context: test-results/pages-uk-locations-vp1280/error-context.md

  43) [vp1280] › tests/render/pages.spec.ts:109:3 › uk-locations/blue-staffy-puppies-birmingham ────

    Error: uk-locations/blue-staffy-puppies-birmingham @ 1280px

    [2mexpect([22m[31mreceived[39m[2m).[22mtoEqual[2m([22m[32mexpected[39m[2m) // deep equality[22m

    [32m- Expected  - 1[39m
    [31m+ Received  + 3[39m

    [32m- Array [][39m
    [31m+ Array [[39m
    [31m+   "[SCHEMA] no dateModified in any of the 3 JSON-LD block(s) — scripts/generate_page_dates.py feeds this",[39m
    [31m+ ][39m

      168 |       blocking.map((d) => `[${d.family}] ${d.message}`),
      169 |       `${target.slug} @ ${viewport}px`,
    > 170 |     ).toEqual([]);
          |       ^
      171 |   });
      172 | }
      173 |
        at /Users/apple/Downloads/BSUK/tests/render/pages.spec.ts:170:7

    Error Context: test-results/pages-uk-locations-blue-staffy-puppies-birmingham-vp1280/error-context.md

  44) [vp1280] › tests/render/pages.spec.ts:109:3 › uk-locations/blue-staffy-puppies-uk ────────────

    Error: uk-locations/blue-staffy-puppies-uk @ 1280px

    [2mexpect([22m[31mreceived[39m[2m).[22mtoEqual[2m([22m[32mexpected[39m[2m) // deep equality[22m

    [32m- Expected  - 1[39m
    [31m+ Received  + 3[39m

    [32m- Array [][39m
    [31m+ Array [[39m
    [31m+   "[NAV] 1 of 2 in-page links land outside 65-133px (measured chrome 73px = header:73) — no single page-level cause identified; first: #Staffy-adoption@3428px",[39m
    [31m+ ][39m

      168 |       blocking.map((d) => `[${d.family}] ${d.message}`),
      169 |       `${target.slug} @ ${viewport}px`,
    > 170 |     ).toEqual([]);
          |       ^
      171 |   });
      172 | }
      173 |
        at /Users/apple/Downloads/BSUK/tests/render/pages.spec.ts:170:7

    Error Context: test-results/pages-uk-locations-blue-staffy-puppies-uk-vp1280/error-context.md

  45) [vp1280] › tests/render/pages.spec.ts:109:3 › blue-staffy-blog-guides ────────────────────────

    Error: blue-staffy-blog-guides @ 1280px

    [2mexpect([22m[31mreceived[39m[2m).[22mtoEqual[2m([22m[32mexpected[39m[2m) // deep equality[22m

    [32m- Expected  - 1[39m
    [31m+ Received  + 3[39m

    [32m- Array [][39m
    [31m+ Array [[39m
    [31m+   "[SCHEMA] no dateModified in any of the 4 JSON-LD block(s) — scripts/generate_page_dates.py feeds this",[39m
    [31m+ ][39m

      168 |       blocking.map((d) => `[${d.family}] ${d.message}`),
      169 |       `${target.slug} @ ${viewport}px`,
    > 170 |     ).toEqual([]);
          |       ^
      171 |   });
      172 | }
      173 |
        at /Users/apple/Downloads/BSUK/tests/render/pages.spec.ts:170:7

    Error Context: test-results/pages-blue-staffy-blog-guides-vp1280/error-context.md

  46) [vp1280] › tests/render/pages.spec.ts:109:3 › blog ───────────────────────────────────────────

    Error: blog @ 1280px

    [2mexpect([22m[31mreceived[39m[2m).[22mtoEqual[2m([22m[32mexpected[39m[2m) // deep equality[22m

    [32m- Expected  - 1[39m
    [31m+ Received  + 3[39m

    [32m- Array [][39m
    [31m+ Array [[39m
    [31m+   "[SCHEMA] no dateModified in any of the 3 JSON-LD block(s) — scripts/generate_page_dates.py feeds this",[39m
    [31m+ ][39m

      168 |       blocking.map((d) => `[${d.family}] ${d.message}`),
      169 |       `${target.slug} @ ${viewport}px`,
    > 170 |     ).toEqual([]);
          |       ^
      171 |   });
      172 | }
      173 |
        at /Users/apple/Downloads/BSUK/tests/render/pages.spec.ts:170:7

    Error Context: test-results/pages-blog-vp1280/error-context.md

  46 failed
    [vp375] › tests/render/pages.spec.ts:109:3 › index ─────────────────────────────────────────────
    [vp375] › tests/render/pages.spec.ts:109:3 › buy-blue-staffy-puppies-uk ────────────────────────
    [vp375] › tests/render/pages.spec.ts:109:3 › available-puppies/roman ───────────────────────────
    [vp375] › tests/render/pages.spec.ts:109:3 › available-puppies ─────────────────────────────────
    [vp375] › tests/render/pages.spec.ts:109:3 › uk-blue-staffy-puppy-buying-guide ─────────────────
    [vp375] › tests/render/pages.spec.ts:109:3 › uk-staffordshire-bull-terrier-guide ───────────────
    [vp375] › tests/render/pages.spec.ts:109:3 › blue-staffy-health-uk ─────────────────────────────
    [vp375] › tests/render/pages.spec.ts:109:3 › blue-staffy-uk-breeders ───────────────────────────
    [vp375] › tests/render/pages.spec.ts:109:3 › privacy-policy-uk ─────────────────────────────────
    [vp375] › tests/render/pages.spec.ts:109:3 › uk-locations ──────────────────────────────────────
    [vp375] › tests/render/pages.spec.ts:109:3 › uk-locations/blue-staffy-puppies-birmingham ───────
    [vp375] › tests/render/pages.spec.ts:109:3 › uk-locations/blue-staffy-puppies-uk ───────────────
    [vp375] › tests/render/pages.spec.ts:109:3 › blue-staffy-blog-guides ───────────────────────────
    [vp375] › tests/render/pages.spec.ts:109:3 › blog ──────────────────────────────────────────────
    [vp768] › tests/render/pages.spec.ts:109:3 › index ─────────────────────────────────────────────
    [vp768] › tests/render/pages.spec.ts:109:3 › buy-blue-staffy-puppies-uk ────────────────────────
    [vp768] › tests/render/pages.spec.ts:109:3 › blue-staffy-pup-sale-uk ───────────────────────────
    [vp768] › tests/render/pages.spec.ts:109:3 › buy-staffy-puppies-for-sale-uk ────────────────────
    [vp768] › tests/render/pages.spec.ts:109:3 › available-puppies/roman ───────────────────────────
    [vp768] › tests/render/pages.spec.ts:109:3 › available-puppies ─────────────────────────────────
    [vp768] › tests/render/pages.spec.ts:109:3 › uk-blue-staffy-puppy-buying-guide ─────────────────
    [vp768] › tests/render/pages.spec.ts:109:3 › uk-staffordshire-bull-terrier-guide ───────────────
    [vp768] › tests/render/pages.spec.ts:109:3 › blue-staffy-health-uk ─────────────────────────────
    [vp768] › tests/render/pages.spec.ts:109:3 › blue-staffy-uk-breeders ───────────────────────────
    [vp768] › tests/render/pages.spec.ts:109:3 › privacy-policy-uk ─────────────────────────────────
    [vp768] › tests/render/pages.spec.ts:109:3 › uk-locations ──────────────────────────────────────
    [vp768] › tests/render/pages.spec.ts:109:3 › uk-locations/blue-staffy-puppies-birmingham ───────
    [vp768] › tests/render/pages.spec.ts:109:3 › uk-locations/blue-staffy-puppies-uk ───────────────
    [vp768] › tests/render/pages.spec.ts:109:3 › blue-staffy-blog-guides ───────────────────────────
    [vp768] › tests/render/pages.spec.ts:109:3 › blog ──────────────────────────────────────────────
    [vp1280] › tests/render/pages.spec.ts:109:3 › index ────────────────────────────────────────────
    [vp1280] › tests/render/pages.spec.ts:109:3 › buy-blue-staffy-puppies-uk ───────────────────────
    [vp1280] › tests/render/pages.spec.ts:109:3 › blue-staffy-pup-sale-uk ──────────────────────────
    [vp1280] › tests/render/pages.spec.ts:109:3 › buy-staffy-puppies-for-sale-uk ───────────────────
    [vp1280] › tests/render/pages.spec.ts:109:3 › available-puppies/roman ──────────────────────────
    [vp1280] › tests/render/pages.spec.ts:109:3 › available-puppies ────────────────────────────────
    [vp1280] › tests/render/pages.spec.ts:109:3 › uk-blue-staffy-puppy-buying-guide ────────────────
    [vp1280] › tests/render/pages.spec.ts:109:3 › uk-staffordshire-bull-terrier-guide ──────────────
    [vp1280] › tests/render/pages.spec.ts:109:3 › blue-staffy-health-uk ────────────────────────────
    [vp1280] › tests/render/pages.spec.ts:109:3 › blue-staffy-uk-breeders ──────────────────────────
    [vp1280] › tests/render/pages.spec.ts:109:3 › privacy-policy-uk ────────────────────────────────
    [vp1280] › tests/render/pages.spec.ts:109:3 › uk-locations ─────────────────────────────────────
    [vp1280] › tests/render/pages.spec.ts:109:3 › uk-locations/blue-staffy-puppies-birmingham ──────
    [vp1280] › tests/render/pages.spec.ts:109:3 › uk-locations/blue-staffy-puppies-uk ──────────────
    [vp1280] › tests/render/pages.spec.ts:109:3 › blue-staffy-blog-guides ──────────────────────────
    [vp1280] › tests/render/pages.spec.ts:109:3 › blog ─────────────────────────────────────────────
  8 passed (4.6m)
  9 rows   18 inst  available-puppies
  9 rows   21 inst  available-puppies/roman
  9 rows   18 inst  blog
 12 rows   21 inst  blue-staffy-blog-guides
 18 rows  711 inst  blue-staffy-health-uk
 14 rows  467 inst  blue-staffy-pup-sale-uk
 21 rows  570 inst  blue-staffy-uk-breeders
 18 rows  603 inst  buy-blue-staffy-puppies-uk
 19 rows  781 inst  buy-staffy-puppies-for-sale-uk
 20 rows  890 inst  index
 23 rows  109 inst  kit-preview
 15 rows  345 inst  privacy-policy-uk
  9 rows  165 inst  uk-blue-staffy-breeders-contact
 20 rows  873 inst  uk-blue-staffy-puppy-buying-guide
  6 rows   18 inst  uk-locations
  9 rows   24 inst  uk-locations/blue-staffy-puppies-birmingham
 15 rows  684 inst  uk-locations/blue-staffy-puppies-uk
 15 rows  954 inst  uk-staffordshire-bull-terrier-guide
---
261 defect ROWS across 18 pages (run=first, harness 2.0.0). Rows are comparable across families; instances are not.

> bsuk@0.1.0 baseline
> python3 scripts/render_baseline.py --check --out docs/reports/render-baseline-project3.md

examined render-baseline-project3.md; 0 problems
