=== RUN 1 ===
### STEP: npm run build

> bsuk@0.1.0 prebuild
> python3 scripts/generate_page_dates.py

wrote /Users/apple/Downloads/BSUK/data/page-dates.json
routes: 53 dated, 58 built, 5 built-but-undated ['/board-preview/_demo/', '/board-preview/index/', '/board-preview/privacy-policy-uk/', '/board-preview/thank-you-blue-staffy-puppies-journey/', '/board-preview/uk-blue-staffy-breeders-contact/']

> bsuk@0.1.0 build
> astro build

21:07:05 [content] Syncing content
21:07:05 [content] Synced content
21:07:05 [types] Generated 976ms
21:07:05 [build] output: "static"
21:07:05 [build] mode: "static"
21:07:05 [build] directory: /Users/apple/Downloads/BSUK/dist/
21:07:05 [build] Collecting build info...
21:07:05 [build] ✓ Completed in 1.09s.
21:07:05 [build] Building static entrypoints...
21:07:10 [vite] ✓ built in 5.07s
21:07:11 [vite] ✓ built in 1.22s
21:07:11 [build] Rearranging server assets...

 generating static routes 
21:07:11   ├─ /available-puppies/roman/index.html (+34ms) 
21:07:11   ├─ /available-puppies/byrd/index.html (+12ms) 
21:07:11   ├─ /available-puppies/ince/index.html (+6ms) 
21:07:11   ├─ /available-puppies/vennie/index.html (+6ms) 
21:07:11   ├─ /available-puppies/christa/index.html (+9ms) 
21:07:11   ├─ /available-puppies/cheryl/index.html (+9ms) 
21:07:11   ├─ /available-puppies/index.html (+8ms) 
21:07:11   ├─ /blog/index.html (+6ms) 
21:07:11   ├─ /blue-staffy-blog-guides/index.html (+22ms) 
21:07:11   ├─ /blue-staffy-health-uk/index.html (+18ms) 
21:07:11   ├─ /blue-staffy-pup-sale-uk/index.html (+13ms) 
21:07:12   ├─ /blue-staffy-uk-breeders/index.html (+14ms) 
21:07:12   ├─ /board-preview/_demo/index.html (+26ms) 
21:07:12   ├─ /board-preview/index/index.html (+18ms) 
21:07:12   ├─ /board-preview/privacy-policy-uk/index.html (+7ms) 
21:07:12   ├─ /board-preview/thank-you-blue-staffy-puppies-journey/index.html (+7ms) 
21:07:12   ├─ /board-preview/uk-blue-staffy-breeders-contact/index.html (+10ms) 
21:07:12   ├─ /board-preview/index.html (+5ms) 
21:07:12   ├─ /buy-blue-staffy-puppies-uk/index.html (+15ms) 
21:07:12   ├─ /buy-staffy-puppies-for-sale-uk/index.html (+15ms) 
21:07:12   ├─ /kit-preview/index.html (+13ms) 
21:07:12   ├─ /privacy-policy-uk/index.html (+7ms) 
21:07:12   ├─ /search/index.html (+4ms) 
21:07:12   ├─ /thank-you-blue-staffy-puppies-journey/index.html (+9ms) 
21:07:12   ├─ /uk-blue-staffy-breeders-contact/index.html (+8ms) 
21:07:12   ├─ /uk-blue-staffy-puppy-buying-guide/index.html (+21ms) 
21:07:12   ├─ /uk-locations/blue-staffies-newcastle-under-lyme/index.html (+3ms) 
21:07:12   ├─ /uk-locations/blue-staffy-puppies-aberdeen/index.html (+2ms) 
21:07:12   ├─ /uk-locations/blue-staffy-puppies-birmingham/index.html (+3ms) 
21:07:12   ├─ /uk-locations/blue-staffy-puppies-bristol-uk/index.html (+3ms) 
21:07:12   ├─ /uk-locations/blue-staffy-puppies-dundee/index.html (+4ms) 
21:07:12   ├─ /uk-locations/blue-staffy-puppies-edinburgh/index.html (+2ms) 
21:07:12   ├─ /uk-locations/blue-staffy-puppies-for-sale-in-leicester/index.html (+2ms) 
21:07:12   ├─ /uk-locations/blue-staffy-puppies-for-sale-leeds/index.html (+2ms) 
21:07:12   ├─ /uk-locations/blue-staffy-puppies-hull/index.html (+3ms) 
21:07:12   ├─ /uk-locations/blue-staffy-puppies-inverness/index.html (+3ms) 
21:07:12   ├─ /uk-locations/blue-staffy-puppies-london/index.html (+4ms) 
21:07:12   ├─ /uk-locations/blue-staffy-puppies-manchester-uk/index.html (+3ms) 
21:07:12   ├─ /uk-locations/blue-staffy-puppies-middlesbrough/index.html (+2ms) 
21:07:12   ├─ /uk-locations/blue-staffy-puppies-oxford/index.html (+3ms) 
21:07:12   ├─ /uk-locations/blue-staffy-puppies-south-yorkshire/index.html (+3ms) 
21:07:12   ├─ /uk-locations/blue-staffy-puppies-sunderland/index.html (+4ms) 
21:07:12   ├─ /uk-locations/blue-staffy-puppies-uk/index.html (+4ms) 
21:07:12   ├─ /uk-locations/blue-staffy-puppies-york/index.html (+3ms) 
21:07:12   ├─ /uk-locations/buy-blue-staffy-puppy-coventry-area/index.html (+4ms) 
21:07:12   ├─ /uk-locations/staffy-breeding-dogs-glasgow/index.html (+3ms) 
21:07:12   ├─ /uk-locations/staffy-puppies-cardiff-wales/index.html (+3ms) 
21:07:12   ├─ /uk-locations/staffy-puppies-for-sale-cornwall/index.html (+3ms) 
21:07:12   ├─ /uk-locations/staffy-puppies-for-sale-essex/index.html (+3ms) 
21:07:12   ├─ /uk-locations/staffy-puppies-for-sale-glasgow/index.html (+2ms) 
21:07:12   ├─ /uk-locations/staffy-puppies-for-sale-liverpool/index.html (+3ms) 
21:07:12   ├─ /uk-locations/staffy-puppies-for-sale-nottingham/index.html (+3ms) 
21:07:12   ├─ /uk-locations/staffy-puppies-wolverhampton/index.html (+5ms) 
21:07:12   ├─ /uk-locations/uk-staffordshire-bull-terrier-breeder/index.html (+3ms) 
21:07:12   ├─ /uk-locations/index.html (+4ms) 
21:07:12   ├─ /uk-staffordshire-bull-terrier-guide/index.html (+14ms) 
21:07:12   ├─ /index.html (+27ms) 
21:07:12   ├─ /how-to-choose-the-right-blue-staffy-puppy-for-your-family/index.html (+6ms) 
21:07:12 ✓ Completed in 616ms.

 generating optimized images 
21:07:12   ▶ /_astro/Roman1.DKvYvyvM_2bjowu.webp (reused cache entry) (+2ms) (1/46)
21:07:12   ▶ /_astro/Ince1.CjowFAsd_Z8xVgY.webp (reused cache entry) (+2ms) (2/46)
21:07:12   ▶ /_astro/Byrd1.Dc5KZxb2_Z12dGBv.webp (reused cache entry) (+2ms) (3/46)
21:07:12   ▶ /_astro/Roman2.C-A0j1ry_1uH9rQ.webp (reused cache entry) (+3ms) (4/46)
21:07:12   ▶ /_astro/Roman1.DKvYvyvM_144hpR.webp (reused cache entry) (+2ms) (5/46)
21:07:12   ▶ /_astro/Ince1.CjowFAsd_1ydgJK.webp (reused cache entry) (+2ms) (6/46)
21:07:12   ▶ /_astro/Byrd1.Dc5KZxb2_Sq7u9.webp (reused cache entry) (+2ms) (7/46)
21:07:12   ▶ /_astro/Roman2.C-A0j1ry_Z2h5Yfu.webp (reused cache entry) (+6ms) (8/46)
21:07:12   ▶ /_astro/Roman1.DKvYvyvM_Z3aOFK.webp (reused cache entry) (+5ms) (9/46)
21:07:12   ▶ /_astro/Ince1.CjowFAsd_Zgl9sa.webp (reused cache entry) (+5ms) (10/46)
21:07:12   ▶ /_astro/Byrd1.Dc5KZxb2_Z9yFxp.webp (reused cache entry) (+5ms) (11/46)
21:07:12   ▶ /_astro/Ince1.CjowFAsd_2txzAb.webp (reused cache entry) (+1ms) (12/46)
21:07:12   ▶ /_astro/Byrd1.Dc5KZxb2_1zROfE.webp (reused cache entry) (+1ms) (13/46)
21:07:12   ▶ /_astro/Roman1.DKvYvyvM_ZERQpB.webp (reused cache entry) (+3ms) (14/46)
21:07:12   ▶ /_astro/Byrd1.Dc5KZxb2_Z2rts2K.webp (reused cache entry) (+2ms) (15/46)
21:07:12   ▶ /_astro/Roman2.C-A0j1ry_sWg9c.webp (reused cache entry) (+4ms) (16/46)
21:07:12   ▶ /_astro/Ince1.CjowFAsd_Z1xNGHe.webp (reused cache entry) (+2ms) (17/46)
21:07:12   ▶ /_astro/Vennie.ke5yj4Fb_qwe4J.webp (reused cache entry) (+2ms) (18/46)
21:07:12   ▶ /_astro/Byrd1.Dc5KZxb2_13r1px.webp (reused cache entry) (+2ms) (19/46)
21:07:12   ▶ /_astro/Roman2.C-A0j1ry_ZwJcId.webp (reused cache entry) (+2ms) (20/46)
21:07:12   ▶ /_astro/Ince1.CjowFAsd_1W6LK4.webp (reused cache entry) (+2ms) (21/46)
21:07:12   ▶ /_astro/Vennie.ke5yj4Fb_qmObM.webp (reused cache entry) (+2ms) (22/46)
21:07:12   ▶ /_astro/Byrd1.Dc5KZxb2_ZfBevx.webp (reused cache entry) (+2ms) (23/46)
21:07:12   ▶ /_astro/Roman2.C-A0j1ry_2oY8o4.webp (reused cache entry) (+2ms) (24/46)
21:07:12   ▶ /_astro/Ince1.CjowFAsd_1nekPD.webp (reused cache entry) (+2ms) (25/46)
21:07:12   ▶ /_astro/Vennie.ke5yj4Fb_8go8H.webp (reused cache entry) (+3ms) (26/46)
21:07:12   ▶ /_astro/Christa.DCD6hF9z_24FDMC.webp (reused cache entry) (+1ms) (27/46)
21:07:12   ▶ /_astro/Roman2.C-A0j1ry_2iWGRt.webp (reused cache entry) (+2ms) (28/46)
21:07:12   ▶ /_astro/Vennie.ke5yj4Fb_1fCzYE.webp (reused cache entry) (+1ms) (29/46)
21:07:12   ▶ /_astro/Cheryl1.BA5--lqv_1QWN42.webp (reused cache entry) (+2ms) (30/46)
21:07:12   ▶ /_astro/Vennie.ke5yj4Fb_24EeX6.webp (reused cache entry) (+2ms) (31/46)
21:07:12   ▶ /_astro/Christa.DCD6hF9z_Z23bJ25.webp (reused cache entry) (+2ms) (32/46)
21:07:12   ▶ /_astro/Roman2.C-A0j1ry_ZfyScE.webp (reused cache entry) (+4ms) (33/46)
21:07:12   ▶ /_astro/Cheryl1.BA5--lqv_Z1P5ulo.webp (reused cache entry) (+5ms) (34/46)
21:07:12   ▶ /_astro/Vennie.ke5yj4Fb_24zx1C.webp (reused cache entry) (+4ms) (35/46)
21:07:12   ▶ /_astro/Christa.DCD6hF9z_T3FVW.webp (reused cache entry) (+4ms) (36/46)
21:07:12   ▶ /_astro/Christa.DCD6hF9z_4kO1d.webp (reused cache entry) (+1ms) (37/46)
21:07:12   ▶ /_astro/Vennie.ke5yj4Fb_ZRyHkN.webp (reused cache entry) (+2ms) (38/46)
21:07:12   ▶ /_astro/Cheryl1.BA5--lqv_b7QRc.webp (reused cache entry) (+4ms) (39/46)
21:07:12   ▶ /_astro/Christa.DCD6hF9z_15fV8S.webp (reused cache entry) (+2ms) (40/46)
21:07:12   ▶ /_astro/Cheryl1.BA5--lqv_Zvqq7g.webp (reused cache entry) (+1ms) (41/46)
21:07:12   ▶ /_astro/Cheryl1.BA5--lqv_1BX5wb.webp (reused cache entry) (+2ms) (42/46)
21:07:12   ▶ /_astro/Christa.DCD6hF9z_ZXFfKX.webp (reused cache entry) (+2ms) (43/46)
21:07:12   ▶ /_astro/Christa.DCD6hF9z_1u9BJ.webp (reused cache entry) (+2ms) (44/46)
21:07:12   ▶ /_astro/Cheryl1.BA5--lqv_2leFTW.webp (reused cache entry) (+2ms) (45/46)
21:07:12   ▶ /_astro/Cheryl1.BA5--lqv_Z1xfPiP.webp (reused cache entry) (+3ms) (46/46)
21:07:12 ✓ Completed in 38ms.

21:07:12 [build] ✓ Completed in 7.15s.
21:07:12 [build] 58 page(s) built in 8.33s
21:07:12 [build] Complete!

> bsuk@0.1.0 postbuild
> python3 scripts/generate_sitemaps.py && python3 scripts/build_search_index.py

WARNING: SITE_URL not set — sitemaps carry https://SITE_URL_PLACEHOLDER
page      13
post      1
location  11
puppy     6
video     5
index: page-sitemap.xml, post-sitemap.xml, location-sitemap.xml, puppy-sitemap.xml, video-sitemap.xml
search index: 31 rows -> public/search-index.json and dist/search-index.json
  Blog 2, Location 11, Page 12, Puppy 6
  2 title(s) carry the former city verbatim from data/page-map.json (Known Issue 16; not rewritten here)
### EXIT 0 : npm run build
### STEP: npm run check:all

> bsuk@0.1.0 check:all
> npm run check:parity && npm run check:facts && npm run check:links && npm run check:verbatim && npm run check:redirects && npm run check:schema && npm run check:sitemaps && npm run check:placeholders && npm run check:markers && npm run agents


> bsuk@0.1.0 check:parity
> python3 scripts/migration_parity.py

# Migration parity

Built pages measured against what the extractor promised. `raw` is the old
`.entry-content` before the extractor's deliberate removals (dead WordPress forms,
the four sold pups' cards); `expected` is the same page after them; `built` is what
`article.prose-migrated` renders. Note that `raw` is itself measured after site
chrome and dead forms are stripped, so it slightly understates the WordPress body.
The gate compares expected → built with a 2% whitespace band; headings must match
exactly, embeds must never decrease, a built page missing its article scope fails,
and expected must keep at least 60% of raw's words. Pages listed in
`data/facts/rebuilt.json` are no longer migrated bodies and are skipped here:
`scripts/facts_preserved_check.py` is their gate.

| URL | words raw→expected→built | headings exp→built | images exp→built | embeds exp→built | cards removed | result |
| --- | --- | --- | --- | --- | --- | --- |
| /uk-locations/blue-staffies-newcastle-under-lyme/ | 5→5→5 | 0→0 | 0→0 | 0→0 | 0 | PASS |
| /uk-locations/blue-staffy-puppies-aberdeen/ | 476→443→443 | 10→10 | 0→0 | 0→0 | 4 | PASS (puppy-grid-emptied) |
| /uk-locations/blue-staffy-puppies-birmingham/ | 4→4→4 | 0→0 | 0→0 | 0→0 | 0 | PASS |
| /uk-locations/blue-staffy-puppies-bristol-uk/ | 0→0→0 | 0→0 | 0→0 | 0→0 | 0 | PASS |
| /uk-locations/blue-staffy-puppies-dundee/ | 463→430→430 | 10→10 | 0→0 | 0→0 | 4 | PASS (puppy-grid-emptied) |
| /uk-locations/blue-staffy-puppies-edinburgh/ | 485→452→452 | 10→10 | 0→0 | 0→0 | 4 | PASS (puppy-grid-emptied) |
| /uk-locations/blue-staffy-puppies-for-sale-in-leicester/ | 7→7→7 | 0→0 | 0→0 | 0→0 | 0 | PASS |
| /uk-locations/blue-staffy-puppies-for-sale-leeds/ | 0→0→0 | 0→0 | 0→0 | 0→0 | 0 | PASS |
| /uk-locations/blue-staffy-puppies-hull/ | 470→437→437 | 10→10 | 0→0 | 0→0 | 4 | PASS (puppy-grid-emptied) |
| /uk-locations/blue-staffy-puppies-inverness/ | 469→436→436 | 10→10 | 0→0 | 0→0 | 4 | PASS (puppy-grid-emptied) |
| /uk-locations/blue-staffy-puppies-london/ | 4→4→4 | 0→0 | 0→0 | 0→0 | 0 | PASS |
| /uk-locations/blue-staffy-puppies-manchester-uk/ | 5→5→5 | 0→0 | 0→0 | 0→0 | 0 | PASS |
| /uk-locations/blue-staffy-puppies-middlesbrough/ | 449→416→416 | 10→10 | 0→0 | 0→0 | 4 | PASS (puppy-grid-emptied) |
| /uk-locations/blue-staffy-puppies-oxford/ | 473→440→440 | 10→10 | 0→0 | 0→0 | 4 | PASS (puppy-grid-emptied) |
| /uk-locations/blue-staffy-puppies-south-yorkshire/ | 0→0→0 | 0→0 | 0→0 | 0→0 | 0 | PASS |
| /uk-locations/blue-staffy-puppies-sunderland/ | 464→431→431 | 10→10 | 0→0 | 0→0 | 4 | PASS (puppy-grid-emptied) |
| /uk-locations/blue-staffy-puppies-uk/ | 2112→1767→1767 | 29→29 | 11→11 | 0→0 | 4 | PASS |
| /uk-locations/blue-staffy-puppies-york/ | 474→441→441 | 10→10 | 0→0 | 0→0 | 4 | PASS (puppy-grid-emptied) |
| /uk-locations/buy-blue-staffy-puppy-coventry-area/ | 0→0→0 | 0→0 | 0→0 | 0→0 | 0 | PASS |
| /uk-locations/staffy-breeding-dogs-glasgow/ | 1853→1508→1508 | 19→19 | 4→4 | 1→1 | 4 | PASS |
| /uk-locations/staffy-puppies-cardiff-wales/ | 4→4→4 | 0→0 | 0→0 | 0→0 | 0 | PASS |
| /uk-locations/staffy-puppies-for-sale-cornwall/ | 0→0→0 | 0→0 | 0→0 | 0→0 | 0 | PASS |
| /uk-locations/staffy-puppies-for-sale-essex/ | 0→0→0 | 0→0 | 0→0 | 0→0 | 0 | PASS |
| /uk-locations/staffy-puppies-for-sale-glasgow/ | 5→5→5 | 0→0 | 0→0 | 0→0 | 0 | PASS |
| /uk-locations/staffy-puppies-for-sale-liverpool/ | 5→5→5 | 0→0 | 0→0 | 0→0 | 0 | PASS |
| /uk-locations/staffy-puppies-for-sale-nottingham/ | 5→5→5 | 0→0 | 0→0 | 0→0 | 0 | PASS |
| /uk-locations/staffy-puppies-wolverhampton/ | 3→3→3 | 0→0 | 0→0 | 0→0 | 0 | PASS |
| /uk-locations/uk-staffordshire-bull-terrier-breeder/ | 0→0→0 | 0→0 | 0→0 | 0→0 | 0 | PASS |

examined 28 pages, 0 failing, skipped 12 rebuilt

examined 28 pages, 0 failing, skipped 12 rebuilt

> bsuk@0.1.0 check:facts
> python3 scripts/facts_preserved_check.py --check

examined 12 rebuilt pages; 0 problems

> bsuk@0.1.0 check:links
> python3 scripts/link_parity_check.py --check

examined 12 rebuilt page(s), 196 distinct body link(s); 0 problems

> bsuk@0.1.0 check:verbatim
> python3 scripts/verbatim_set_check.py --check

index: examined 67 elements; 15 changed; 0 missing
blue-staffy-pup-sale-uk: examined 26 elements; 9 changed; 0 missing
buy-blue-staffy-puppies-uk: examined 46 elements; 15 changed; 0 missing
buy-staffy-puppies-for-sale-uk: examined 91 elements; 48 changed; 0 missing
blue-staffy-uk-breeders: examined 38 elements; 20 changed; 0 missing
blue-staffy-health-uk: examined 77 elements; 21 changed; 0 missing
uk-staffordshire-bull-terrier-guide: examined 62 elements; 9 changed; 0 missing
uk-blue-staffy-puppy-buying-guide: examined 96 elements; 42 changed; 0 missing
blue-staffy-blog-guides: examined 4 elements; 2 changed; 0 missing
examined 9 applicable pages; 0 problems

> bsuk@0.1.0 check:redirects
> python3 scripts/redirect_check.py

# Redirects and internal links

Every concrete redirect must reach a live page in exactly one hop; wildcard and
placeholder rules have only their target checked. Every root-relative reference in
every built page must resolve; one that resolves only *through* a redirect is
reported as a warning, since Foundation keeps two legacy in-body links verbatim and
the fix belongs in the extractor's rewrite map, not in generated HTML. WordPress
leftovers fail outright; `SITE_URL_PLACEHOLDER` is counted only, as it is expected
until the launch domain is set.

## Problems

None.


## Redirected references (warning)

None.

SITE_URL_PLACEHOLDER occurrences: 708 (expected until launch)

examined 18 redirects, 2140 internal refs (distinct per page); 0 redirected refs; 0 problems

examined 18 redirects, 2140 internal refs (distinct per page); 0 redirected refs; 0 problems

> bsuk@0.1.0 check:schema
> python3 scripts/schema_check.py

# Structured data

Every `application/ld+json` block in every built page. Blocking: a block that does
not parse, a `telephone` still holding PHONE_PLACEHOLDER, `InStock` on anything but
an available puppy's page, an `@id` reference no node on the page defines, a Product
with no `offers`, and an Offer stating price without priceCurrency (or the reverse).
An Offer stating neither is a bare availability statement and is left alone.
Advisory: duplicate sitewide nodes, empty `url`, a WebPage with no `name`, and the
InStock URL quoted outside any Offer node.

## Blocking

None.


## Advisory

None.


examined 58 pages; 0 blocking, 0 advisory

examined 58 pages; 0 blocking, 0 advisory

> bsuk@0.1.0 check:sitemaps
> python3 scripts/sitemap_check.py

WARNING: SITE_URL not set — auditing against https://SITE_URL_PLACEHOLDER
# Sitemaps

Every indexable built page appears in exactly one URL shard; `video-sitemap.xml` is
supplementary and excluded from that count. Every `<loc>` must be a built page (or a
served asset) that is not `noindex`, must start with the site base, and must not
repeat within its shard. The index must list every shard in dist/ and nothing else,
and robots.txt must point at exactly `<base>/sitemap_index.xml`. A built page that
carries a YouTube embed must also appear in `video-sitemap.xml`.

## Problems

None.


## Shards

| shard | urls |
| --- | --- |
| location-sitemap.xml | 11 |
| page-sitemap.xml | 13 |
| post-sitemap.xml | 1 |
| puppy-sitemap.xml | 6 |
| video-sitemap.xml | 5 |

31 of 58 built pages are indexable; each must appear in exactly one URL shard.

examined 58 built pages, 5 shards, 36 sitemap urls; 0 problems

examined 58 built pages, 5 shards, 36 sitemap urls; 0 problems

> bsuk@0.1.0 check:placeholders
> python3 scripts/placeholder_check.py

# Placeholders (pre-launch build)
  SITE_URL_PLACEHOLDER      1046 occurrence(s) in 122 file(s)
  PHONE_PLACEHOLDER           22 occurrence(s) in 14 file(s)
  FORMSPREE_ID_PLACEHOLDER     0 occurrence(s) in 0 file(s)
  LICENCE_CLAIM_PLACEHOLDER   536 occurrence(s) in 74 file(s)
  LEGAL_CLAIM_PLACEHOLDER    144 occurrence(s) in 70 file(s)
  REVIEW_PLACEHOLDER           0 occurrence(s) in 0 file(s)
  TOTAL                     1748
placeholders: 1748 (advisory — set BSUK_RELEASE=1 to make this blocking)

> bsuk@0.1.0 check:markers
> python3 scripts/marker_check.py

examined 259 files; 0 problems

> bsuk@0.1.0 agents
> python3 scripts/build_agent_registry.py --check

examined 36 agents; 0 problems
### EXIT 0 : npm run check:all
### STEP: npm run test:py

> bsuk@0.1.0 test:py
> python3 -m pytest tests/py -q

........................................................................ [  4%]
........................................................................ [  8%]
........................................................................ [ 12%]
........................................................................ [ 16%]
........................................................................ [ 20%]
........................................................................ [ 25%]
........x..............................................s..sssss.sssssss. [ 29%]
........................................................................ [ 33%]
........................................................................ [ 37%]
........................................................................ [ 41%]
........................................................................ [ 46%]
........................................................................ [ 50%]
........................................................................ [ 54%]
........................................................................ [ 58%]
........................................................................ [ 62%]
........................................................................ [ 67%]
........................................................................ [ 71%]
.................ss..................................................... [ 75%]
........................................................................ [ 79%]
........................................................................ [ 83%]
........................................................................ [ 88%]
........................................................................ [ 92%]
........................................................................ [ 96%]
.............................................................            [100%]
=============================== warnings summary ===============================
tests/py/test_extract_blog.py: 38 warnings
tests/py/test_extract_core.py: 6 warnings
tests/py/test_extract_writers.py: 43 warnings
tests/py/test_facts_preserved.py: 6 warnings
tests/py/test_images.py: 8 warnings
tests/py/test_old_pups.py: 32 warnings
tests/py/test_parity.py: 19 warnings
  /Users/apple/Library/Python/3.9/lib/python/site-packages/bs4/builder/_lxml.py:124: DeprecationWarning: The 'strip_cdata' option of HTMLParser() has never done anything and will eventually be removed.
    parser = parser(

-- Docs: https://docs.pytest.org/en/stable/how-to/capture-warnings.html
1701 passed, 15 skipped, 1 xfailed, 152 warnings in 141.00s (0:02:20)
### EXIT 0 : npm run test:py
### STEP: npm run test:render:meta

> bsuk@0.1.0 test:render:meta
> playwright test -c tests/render/playwright.config.ts meta.spec.ts


Running 408 tests using 2 workers

  ✓    1 [vp768] › tests/render/meta.spec.ts:59:1 › the registry is not empty (9ms)
  ✓    2 [vp375] › tests/render/meta.spec.ts:59:1 › the registry is not empty (30ms)
[WebServer] 127.0.0.1 - - [22/Sep/2026 21:09:54] "GET /tests/render/fixtures/known_broken/form-inquiry-contract.html HTTP/1.1" 200 -
[WebServer] 127.0.0.1 - - [22/Sep/2026 21:09:54] "GET /tests/render/fixtures/known_broken/form-inquiry-contract.html HTTP/1.1" 200 -
  ✓    3 [vp768] › tests/render/meta.spec.ts:96:5 › form-inquiry-contract [FORM] › fires on the known_broken fixture (870ms)
  ✓    4 [vp375] › tests/render/meta.spec.ts:96:5 › form-inquiry-contract [FORM] › fires on the known_broken fixture (867ms)
[WebServer] 127.0.0.1 - - [22/Sep/2026 21:09:55] "GET /tests/render/fixtures/known_good/form-inquiry-contract.html HTTP/1.1" 200 -
[WebServer] 127.0.0.1 - - [22/Sep/2026 21:09:55] "GET /tests/render/fixtures/known_good/form-inquiry-contract.html HTTP/1.1" 200 -
  ✓    5 [vp768] › tests/render/meta.spec.ts:112:5 › form-inquiry-contract [FORM] › is silent on the known_good fixture (315ms)
  ✓    6 [vp375] › tests/render/meta.spec.ts:112:5 › form-inquiry-contract [FORM] › is silent on the known_good fixture (444ms)
[WebServer] 127.0.0.1 - - [22/Sep/2026 21:09:55] "GET /tests/render/fixtures/known_broken/layout-no-horizontal-overflow.html HTTP/1.1" 200 -
[WebServer] 127.0.0.1 - - [22/Sep/2026 21:09:55] "GET /tests/render/fixtures/known_broken/layout-no-horizontal-overflow.html HTTP/1.1" 200 -
  ✓    8 [vp375] › tests/render/meta.spec.ts:96:5 › layout-no-horizontal-overflow [LAYOUT] › fires on the known_broken fixture (387ms)
  ✓    7 [vp768] › tests/render/meta.spec.ts:96:5 › layout-no-horizontal-overflow [LAYOUT] › fires on the known_broken fixture (369ms)
[WebServer] 127.0.0.1 - - [22/Sep/2026 21:09:56] "GET /tests/render/fixtures/known_good/layout-no-horizontal-overflow.html HTTP/1.1" 200 -
[WebServer] 127.0.0.1 - - [22/Sep/2026 21:09:56] "GET /tests/render/fixtures/known_good/layout-no-horizontal-overflow.html HTTP/1.1" 200 -
  ✓   10 [vp375] › tests/render/meta.spec.ts:112:5 › layout-no-horizontal-overflow [LAYOUT] › is silent on the known_good fixture (373ms)
  ✓    9 [vp768] › tests/render/meta.spec.ts:112:5 › layout-no-horizontal-overflow [LAYOUT] › is silent on the known_good fixture (448ms)
[WebServer] 127.0.0.1 - - [22/Sep/2026 21:09:56] "GET /tests/render/fixtures/known_broken/layout-min-font-size.html HTTP/1.1" 200 -
  ✓   11 [vp375] › tests/render/meta.spec.ts:96:5 › layout-min-font-size [LAYOUT] › fires on the known_broken fixture (253ms)
[WebServer] 127.0.0.1 - - [22/Sep/2026 21:09:56] "GET /tests/render/fixtures/known_broken/layout-min-font-size.html HTTP/1.1" 200 -
  ✓   12 [vp768] › tests/render/meta.spec.ts:96:5 › layout-min-font-size [LAYOUT] › fires on the known_broken fixture (426ms)
[WebServer] 127.0.0.1 - - [22/Sep/2026 21:09:57] "GET /tests/render/fixtures/known_good/layout-min-font-size.html HTTP/1.1" 200 -
[WebServer] 127.0.0.1 - - [22/Sep/2026 21:09:57] "GET /tests/render/fixtures/known_good/layout-min-font-size.html HTTP/1.1" 200 -
  ✓   14 [vp768] › tests/render/meta.spec.ts:112:5 › layout-min-font-size [LAYOUT] › is silent on the known_good fixture (380ms)
  ✓   13 [vp375] › tests/render/meta.spec.ts:112:5 › layout-min-font-size [LAYOUT] › is silent on the known_good fixture (367ms)
[WebServer] 127.0.0.1 - - [22/Sep/2026 21:09:57] "GET /tests/render/fixtures/known_broken/layout-tap-target-size.html HTTP/1.1" 200 -
  ✓   16 [vp375] › tests/render/meta.spec.ts:96:5 › layout-tap-target-size [LAYOUT] › fires on the known_broken fixture (275ms)
[WebServer] 127.0.0.1 - - [22/Sep/2026 21:09:57] "GET /tests/render/fixtures/known_broken/layout-tap-target-size.html HTTP/1.1" 200 -
  ✓   15 [vp768] › tests/render/meta.spec.ts:96:5 › layout-tap-target-size [LAYOUT] › fires on the known_broken fixture (403ms)
[WebServer] 127.0.0.1 - - [22/Sep/2026 21:09:58] "GET /tests/render/fixtures/known_good/layout-tap-target-size.html HTTP/1.1" 200 -
[WebServer] 127.0.0.1 - - [22/Sep/2026 21:09:58] "GET /tests/render/fixtures/known_good/layout-tap-target-size.html HTTP/1.1" 200 -
  ✓   17 [vp375] › tests/render/meta.spec.ts:112:5 › layout-tap-target-size [LAYOUT] › is silent on the known_good fixture (490ms)
  ✓   18 [vp768] › tests/render/meta.spec.ts:112:5 › layout-tap-target-size [LAYOUT] › is silent on the known_good fixture (360ms)
[WebServer] 127.0.0.1 - - [22/Sep/2026 21:09:58] "GET /tests/render/fixtures/known_broken/layout-hero-counter-separation.html HTTP/1.1" 200 -
[WebServer] 127.0.0.1 - - [22/Sep/2026 21:09:58] "GET /tests/render/fixtures/known_broken/layout-hero-counter-separation.html HTTP/1.1" 200 -
  ✓   19 [vp375] › tests/render/meta.spec.ts:96:5 › layout-hero-counter-separation [LAYOUT] › fires on the known_broken fixture (379ms)
  ✓   20 [vp768] › tests/render/meta.spec.ts:96:5 › layout-hero-counter-separation [LAYOUT] › fires on the known_broken fixture (391ms)
[WebServer] 127.0.0.1 - - [22/Sep/2026 21:09:58] "GET /tests/render/fixtures/known_good/layout-hero-counter-separation.html HTTP/1.1" 200 -
  ✓   21 [vp375] › tests/render/meta.spec.ts:112:5 › layout-hero-counter-separation [LAYOUT] › is silent on the known_good fixture (267ms)
[WebServer] 127.0.0.1 - - [22/Sep/2026 21:09:59] "GET /tests/render/fixtures/known_good/layout-hero-counter-separation.html HTTP/1.1" 200 -
[WebServer] 127.0.0.1 - - [22/Sep/2026 21:09:59] "GET /tests/render/fixtures/known_broken/layout-h3-image-first.html HTTP/1.1" 200 -
  ✓   22 [vp768] › tests/render/meta.spec.ts:112:5 › layout-hero-counter-separation [LAYOUT] › is silent on the known_good fixture (439ms)
  ✓   23 [vp375] › tests/render/meta.spec.ts:96:5 › layout-h3-image-first [LAYOUT] › fires on the known_broken fixture (388ms)
[WebServer] 127.0.0.1 - - [22/Sep/2026 21:09:59] "GET /tests/render/fixtures/known_broken/layout-h3-image-first.html HTTP/1.1" 200 -
  ✓   24 [vp768] › tests/render/meta.spec.ts:96:5 › layout-h3-image-first [LAYOUT] › fires on the known_broken fixture (213ms)
[WebServer] 127.0.0.1 - - [22/Sep/2026 21:09:59] "GET /tests/render/fixtures/known_good/layout-h3-image-first.html HTTP/1.1" 200 -
  ✓   25 [vp375] › tests/render/meta.spec.ts:112:5 › layout-h3-image-first [LAYOUT] › is silent on the known_good fixture (327ms)
[WebServer] 127.0.0.1 - - [22/Sep/2026 21:09:59] "GET /tests/render/fixtures/known_good/layout-h3-image-first.html HTTP/1.1" 200 -
  ✓   26 [vp768] › tests/render/meta.spec.ts:112:5 › layout-h3-image-first [LAYOUT] › is silent on the known_good fixture (285ms)
[WebServer] 127.0.0.1 - - [22/Sep/2026 21:10:00] "GET /tests/render/fixtures/known_broken/layout-image-box-reserved.html HTTP/1.1" 200 -
[WebServer] 127.0.0.1 - - [22/Sep/2026 21:10:00] "GET /tests/render/fixtures/assets/wide-1600.png HTTP/1.1" 200 -
[WebServer] 127.0.0.1 - - [22/Sep/2026 21:10:00] "GET /tests/render/fixtures/known_broken/layout-image-box-reserved.html HTTP/1.1" 200 -
[WebServer] 127.0.0.1 - - [22/Sep/2026 21:10:00] "GET /tests/render/fixtures/assets/wide-1600.png HTTP/1.1" 200 -
[WebServer] 127.0.0.1 - - [22/Sep/2026 21:10:00] code 404, message File not found
[WebServer] 127.0.0.1 - - [22/Sep/2026 21:10:00] "GET /__bsuk_pending_image__/0.webp HTTP/1.1" 404 -
  ✓   27 [vp375] › tests/render/meta.spec.ts:96:5 › layout-image-box-reserved [LAYOUT] › fires on the known_broken fixture (504ms)
[WebServer] 127.0.0.1 - - [22/Sep/2026 21:10:00] code 404, message File not found
[WebServer] 127.0.0.1 - - [22/Sep/2026 21:10:00] "GET /__bsuk_pending_image__/0.webp HTTP/1.1" 404 -
  ✓   28 [vp768] › tests/render/meta.spec.ts:96:5 › layout-image-box-reserved [LAYOUT] › fires on the known_broken fixture (432ms)
[WebServer] 127.0.0.1 - - [22/Sep/2026 21:10:00] "GET /tests/render/fixtures/known_good/layout-image-box-reserved.html HTTP/1.1" 200 -
[WebServer] 127.0.0.1 - - [22/Sep/2026 21:10:00] "GET /tests/render/fixtures/assets/wide-1600.png HTTP/1.1" 200 -
[WebServer] 127.0.0.1 - - [22/Sep/2026 21:10:00] code 404, message File not found
[WebServer] 127.0.0.1 - - [22/Sep/2026 21:10:00] "GET /__bsuk_pending_image__/0.webp HTTP/1.1" 404 -
  ✓   29 [vp375] › tests/render/meta.spec.ts:112:5 › layout-image-box-reserved [LAYOUT] › is silent on the known_good fixture (243ms)
[WebServer] 127.0.0.1 - - [22/Sep/2026 21:10:00] "GET /tests/render/fixtures/known_good/layout-image-box-reserved.html HTTP/1.1" 200 -
[WebServer] 127.0.0.1 - - [22/Sep/2026 21:10:00] "GET /tests/render/fixtures/assets/wide-1600.png HTTP/1.1" 200 -
[WebServer] 127.0.0.1 - - [22/Sep/2026 21:10:00] code 404, message File not found
[WebServer] 127.0.0.1 - - [22/Sep/2026 21:10:00] "GET /__bsuk_pending_image__/0.webp HTTP/1.1" 404 -
  ✓   30 [vp768] › tests/render/meta.spec.ts:112:5 › layout-image-box-reserved [LAYOUT] › is silent on the known_good fixture (269ms)
[WebServer] 127.0.0.1 - - [22/Sep/2026 21:10:00] "GET /tests/render/fixtures/known_broken/layout-table-stacks-on-mobile.html HTTP/1.1" 200 -
  ✓   31 [vp375] › tests/render/meta.spec.ts:96:5 › layout-table-stacks-on-mobile [LAYOUT] › fires on the known_broken fixture (250ms)
[WebServer] 127.0.0.1 - - [22/Sep/2026 21:10:00] "GET /tests/render/fixtures/known_broken/layout-table-stacks-on-mobile.html HTTP/1.1" 200 -
[WebServer] 127.0.0.1 - - [22/Sep/2026 21:10:01] "GET /tests/render/fixtures/known_good/layout-table-stacks-on-mobile.html HTTP/1.1" 200 -
  ✓   32 [vp768] › tests/render/meta.spec.ts:96:5 › layout-table-stacks-on-mobile [LAYOUT] › fires on the known_broken fixture (387ms)
  ✓   33 [vp375] › tests/render/meta.spec.ts:112:5 › layout-table-stacks-on-mobile [LAYOUT] › is silent on the known_good fixture (228ms)
[WebServer] 127.0.0.1 - - [22/Sep/2026 21:10:01] "GET /tests/render/fixtures/known_good/layout-table-stacks-on-mobile.html HTTP/1.1" 200 -
[WebServer] 127.0.0.1 - - [22/Sep/2026 21:10:01] "GET /tests/render/fixtures/known_broken/hero-aside-no-clip.html HTTP/1.1" 200 -
  ✓   34 [vp768] › tests/render/meta.spec.ts:112:5 › layout-table-stacks-on-mobile [LAYOUT] › is silent on the known_good fixture (270ms)
[WebServer] 127.0.0.1 - - [22/Sep/2026 21:10:01] "GET /tests/render/fixtures/known_broken/hero-aside-no-clip.html HTTP/1.1" 200 -
  ✓   35 [vp375] › tests/render/meta.spec.ts:96:5 › hero-aside-no-clip [LAYOUT] › fires on the known_broken fixture (571ms)
  ✓   36 [vp768] › tests/render/meta.spec.ts:96:5 › hero-aside-no-clip [LAYOUT] › fires on the known_broken fixture (420ms)
[WebServer] 127.0.0.1 - - [22/Sep/2026 21:10:01] "GET /tests/render/fixtures/known_good/hero-aside-no-clip.html HTTP/1.1" 200 -
[WebServer] 127.0.0.1 - - [22/Sep/2026 21:10:02] "GET /tests/render/fixtures/known_good/hero-aside-no-clip.html HTTP/1.1" 200 -
  ✓   37 [vp375] › tests/render/meta.spec.ts:112:5 › hero-aside-no-clip [LAYOUT] › is silent on the known_good fixture (355ms)
[WebServer] 127.0.0.1 - - [22/Sep/2026 21:10:02] "GET /tests/render/fixtures/known_broken/img-srcset-within-2x.html HTTP/1.1" 200 -
[WebServer] 127.0.0.1 - - [22/Sep/2026 21:10:02] "GET /tests/render/fixtures/assets/wide-1600.png HTTP/1.1" 200 -
  ✓   38 [vp768] › tests/render/meta.spec.ts:112:5 › hero-aside-no-clip [LAYOUT] › is silent on the known_good fixture (387ms)
[WebServer] 127.0.0.1 - - [22/Sep/2026 21:10:02] "GET /tests/render/fixtures/known_broken/img-srcset-within-2x.html HTTP/1.1" 200 -
[WebServer] 127.0.0.1 - - [22/Sep/2026 21:10:02] "GET /tests/render/fixtures/assets/wide-1600.png HTTP/1.1" 200 -
  ✓   39 [vp375] › tests/render/meta.spec.ts:96:5 › img-srcset-within-2x [IMG] › fires on the known_broken fixture (367ms)
[WebServer] 127.0.0.1 - - [22/Sep/2026 21:10:02] "GET /tests/render/fixtures/known_good/img-srcset-within-2x.html HTTP/1.1" 200 -
[WebServer] 127.0.0.1 - - [22/Sep/2026 21:10:02] "GET /tests/render/fixtures/assets/narrow-400.png HTTP/1.1" 200 -
  ✓   40 [vp768] › tests/render/meta.spec.ts:96:5 › img-srcset-within-2x [IMG] › fires on the known_broken fixture (364ms)
[WebServer] 127.0.0.1 - - [22/Sep/2026 21:10:02] "GET /tests/render/fixtures/known_good/img-srcset-within-2x.html HTTP/1.1" 200 -
[WebServer] 127.0.0.1 - - [22/Sep/2026 21:10:02] "GET /tests/render/fixtures/assets/narrow-400.png HTTP/1.1" 200 -
  ✓   41 [vp375] › tests/render/meta.spec.ts:112:5 › img-srcset-within-2x [IMG] › is silent on the known_good fixture (433ms)
[WebServer] 127.0.0.1 - - [22/Sep/2026 21:10:03] "GET /tests/render/fixtures/known_broken/img-alt-present-and-unique.html HTTP/1.1" 200 -
[WebServer] 127.0.0.1 - - [22/Sep/2026 21:10:03] "GET /tests/render/fixtures/assets/narrow-400.png HTTP/1.1" 200 -
  ✓   42 [vp768] › tests/render/meta.spec.ts:112:5 › img-srcset-within-2x [IMG] › is silent on the known_good fixture (484ms)
[WebServer] 127.0.0.1 - - [22/Sep/2026 21:10:03] "GET /tests/render/fixtures/known_broken/img-alt-present-and-unique.html HTTP/1.1" 200 -
[WebServer] 127.0.0.1 - - [22/Sep/2026 21:10:03] "GET /tests/render/fixtures/assets/narrow-400.png HTTP/1.1" 200 -
  ✓   43 [vp375] › tests/render/meta.spec.ts:96:5 › img-alt-present-and-unique [IMG] › fires on the known_broken fixture (397ms)
[WebServer] 127.0.0.1 - - [22/Sep/2026 21:10:03] "GET /tests/render/fixtures/known_good/img-alt-present-and-unique.html HTTP/1.1" 200 -
[WebServer] 127.0.0.1 - - [22/Sep/2026 21:10:03] "GET /tests/render/fixtures/assets/narrow-400.png HTTP/1.1" 200 -
  ✓   44 [vp768] › tests/render/meta.spec.ts:96:5 › img-alt-present-and-unique [IMG] › fires on the known_broken fixture (389ms)
[WebServer] 127.0.0.1 - - [22/Sep/2026 21:10:03] "GET /tests/render/fixtures/known_good/img-alt-present-and-unique.html HTTP/1.1" 200 -
[WebServer] 127.0.0.1 - - [22/Sep/2026 21:10:03] "GET /tests/render/fixtures/assets/narrow-400.png HTTP/1.1" 200 -
  ✓   45 [vp375] › tests/render/meta.spec.ts:112:5 › img-alt-present-and-unique [IMG] › is silent on the known_good fixture (421ms)
[WebServer] 127.0.0.1 - - [22/Sep/2026 21:10:04] "GET /tests/render/fixtures/known_broken/img-sizes-matches-box.html HTTP/1.1" 200 -
[WebServer] 127.0.0.1 - - [22/Sep/2026 21:10:04] "GET /tests/render/fixtures/assets/wide-1600.png HTTP/1.1" 200 -
  ✓   46 [vp768] › tests/render/meta.spec.ts:112:5 › img-alt-present-and-unique [IMG] › is silent on the known_good fixture (434ms)
[WebServer] 127.0.0.1 - - [22/Sep/2026 21:10:04] "GET /tests/render/fixtures/known_broken/img-sizes-matches-box.html HTTP/1.1" 200 -
[WebServer] 127.0.0.1 - - [22/Sep/2026 21:10:04] "GET /tests/render/fixtures/assets/wide-1600.png HTTP/1.1" 200 -
  ✓   47 [vp375] › tests/render/meta.spec.ts:96:5 › img-sizes-matches-box [IMG] › fires on the known_broken fixture (397ms)
[WebServer] 127.0.0.1 - - [22/Sep/2026 21:10:04] "GET /tests/render/fixtures/known_good/img-sizes-matches-box.html HTTP/1.1" 200 -
[WebServer] 127.0.0.1 - - [22/Sep/2026 21:10:04] "GET /tests/render/fixtures/assets/narrow-400.png HTTP/1.1" 200 -
  ✓   48 [vp768] › tests/render/meta.spec.ts:96:5 › img-sizes-matches-box [IMG] › fires on the known_broken fixture (403ms)
  ✓   49 [vp375] › tests/render/meta.spec.ts:112:5 › img-sizes-matches-box [IMG] › is silent on the known_good fixture (363ms)
[WebServer] 127.0.0.1 - - [22/Sep/2026 21:10:04] "GET /tests/render/fixtures/known_good/img-sizes-matches-box.html HTTP/1.1" 200 -
[WebServer] 127.0.0.1 - - [22/Sep/2026 21:10:04] "GET /tests/render/fixtures/assets/narrow-400.png HTTP/1.1" 200 -
[WebServer] 127.0.0.1 - - [22/Sep/2026 21:10:04] "GET /tests/render/fixtures/known_broken/nav-anchors-resolve.html HTTP/1.1" 200 -
  ✓   51 [vp375] › tests/render/meta.spec.ts:96:5 › nav-anchors-resolve [NAV] › fires on the known_broken fixture (206ms)
  ✓   50 [vp768] › tests/render/meta.spec.ts:112:5 › img-sizes-matches-box [IMG] › is silent on the known_good fixture (463ms)
[WebServer] 127.0.0.1 - - [22/Sep/2026 21:10:05] "GET /tests/render/fixtures/known_good/nav-anchors-resolve.html HTTP/1.1" 200 -
[WebServer] 127.0.0.1 - - [22/Sep/2026 21:10:05] "GET /tests/render/fixtures/known_broken/nav-anchors-resolve.html HTTP/1.1" 200 -
  ✓   52 [vp375] › tests/render/meta.spec.ts:112:5 › nav-anchors-resolve [NAV] › is silent on the known_good fixture (344ms)
  ✓   53 [vp768] › tests/render/meta.spec.ts:96:5 › nav-anchors-resolve [NAV] › fires on the known_broken fixture (448ms)
[WebServer] 127.0.0.1 - - [22/Sep/2026 21:10:05] "GET /tests/render/fixtures/known_broken/nav-jump-target-lands.html HTTP/1.1" 200 -
[WebServer] 127.0.0.1 - - [22/Sep/2026 21:10:05] "GET /tests/render/fixtures/known_good/nav-anchors-resolve.html HTTP/1.1" 200 -
  ✓   55 [vp768] › tests/render/meta.spec.ts:112:5 › nav-anchors-resolve [NAV] › is silent on the known_good fixture (260ms)
[WebServer] 127.0.0.1 - - [22/Sep/2026 21:10:05] "GET /tests/render/fixtures/known_broken/nav-jump-target-lands.html HTTP/1.1" 200 -
  ✓   54 [vp375] › tests/render/meta.spec.ts:96:5 › nav-jump-target-lands [NAV] › fires on the known_broken fixture (2.1s)
  ✓   56 [vp768] › tests/render/meta.spec.ts:96:5 › nav-jump-target-lands [NAV] › fires on the known_broken fixture (1.8s)
[WebServer] 127.0.0.1 - - [22/Sep/2026 21:10:07] "GET /tests/render/fixtures/known_good/nav-jump-target-lands.html HTTP/1.1" 200 -
[WebServer] 127.0.0.1 - - [22/Sep/2026 21:10:07] "GET /tests/render/fixtures/known_good/nav-jump-target-lands.html HTTP/1.1" 200 -
  ✓   57 [vp375] › tests/render/meta.spec.ts:112:5 › nav-jump-target-lands [NAV] › is silent on the known_good fixture (2.1s)
[WebServer] 127.0.0.1 - - [22/Sep/2026 21:10:09] "GET /tests/render/fixtures/known_broken/nav-bottom-chrome-clear.html HTTP/1.1" 200 -
  ✓   58 [vp768] › tests/render/meta.spec.ts:112:5 › nav-jump-target-lands [NAV] › is silent on the known_good fixture (2.0s)
  ✓   59 [vp375] › tests/render/meta.spec.ts:96:5 › nav-bottom-chrome-clear [NAV] › fires on the known_broken fixture (194ms)
[WebServer] 127.0.0.1 - - [22/Sep/2026 21:10:09] "GET /tests/render/fixtures/known_good/nav-bottom-chrome-clear.html HTTP/1.1" 200 -
[WebServer] 127.0.0.1 - - [22/Sep/2026 21:10:09] "GET /tests/render/fixtures/known_broken/nav-bottom-chrome-clear.html HTTP/1.1" 200 -
  ✓   60 [vp768] › tests/render/meta.spec.ts:96:5 › nav-bottom-chrome-clear [NAV] › fires on the known_broken fixture (285ms)
  ✓   61 [vp375] › tests/render/meta.spec.ts:112:5 › nav-bottom-chrome-clear [NAV] › is silent on the known_good fixture (271ms)
[WebServer] 127.0.0.1 - - [22/Sep/2026 21:10:10] "GET /tests/render/fixtures/known_broken/sem-heading-order.html HTTP/1.1" 200 -
[WebServer] 127.0.0.1 - - [22/Sep/2026 21:10:10] "GET /tests/render/fixtures/known_good/nav-bottom-chrome-clear.html HTTP/1.1" 200 -
  ✓   62 [vp768] › tests/render/meta.spec.ts:112:5 › nav-bottom-chrome-clear [NAV] › is silent on the known_good fixture (258ms)
  ✓   63 [vp375] › tests/render/meta.spec.ts:96:5 › sem-heading-order [SEM] › fires on the known_broken fixture (272ms)
[WebServer] 127.0.0.1 - - [22/Sep/2026 21:10:10] "GET /tests/render/fixtures/known_broken/sem-heading-order.html HTTP/1.1" 200 -
[WebServer] 127.0.0.1 - - [22/Sep/2026 21:10:10] "GET /tests/render/fixtures/known_good/sem-heading-order.html HTTP/1.1" 200 -
  ✓   65 [vp375] › tests/render/meta.spec.ts:112:5 › sem-heading-order [SEM] › is silent on the known_good fixture (227ms)
  ✓   64 [vp768] › tests/render/meta.spec.ts:96:5 › sem-heading-order [SEM] › fires on the known_broken fixture (309ms)
[WebServer] 127.0.0.1 - - [22/Sep/2026 21:10:10] "GET /tests/render/fixtures/known_broken/sem-all-six-levels.html HTTP/1.1" 200 -
  ✓   66 [vp375] › tests/render/meta.spec.ts:96:5 › sem-all-six-levels [SEM] › fires on the known_broken fixture (196ms)
[WebServer] 127.0.0.1 - - [22/Sep/2026 21:10:10] "GET /tests/render/fixtures/known_good/sem-heading-order.html HTTP/1.1" 200 -
  ✓   67 [vp768] › tests/render/meta.spec.ts:112:5 › sem-heading-order [SEM] › is silent on the known_good fixture (269ms)
[WebServer] 127.0.0.1 - - [22/Sep/2026 21:10:10] "GET /tests/render/fixtures/known_good/sem-all-six-levels.html HTTP/1.1" 200 -
  ✓   68 [vp375] › tests/render/meta.spec.ts:112:5 › sem-all-six-levels [SEM] › is silent on the known_good fixture (228ms)
[WebServer] 127.0.0.1 - - [22/Sep/2026 21:10:11] "GET /tests/render/fixtures/known_broken/sem-all-six-levels.html HTTP/1.1" 200 -
[WebServer] 127.0.0.1 - - [22/Sep/2026 21:10:11] "GET /tests/render/fixtures/known_broken/sem-title-case-headings.html HTTP/1.1" 200 -
  ✓   69 [vp768] › tests/render/meta.spec.ts:96:5 › sem-all-six-levels [SEM] › fires on the known_broken fixture (202ms)
  ✓   70 [vp375] › tests/render/meta.spec.ts:96:5 › sem-title-case-headings [SEM] › fires on the known_broken fixture (241ms)
[WebServer] 127.0.0.1 - - [22/Sep/2026 21:10:11] "GET /tests/render/fixtures/known_good/sem-all-six-levels.html HTTP/1.1" 200 -
[WebServer] 127.0.0.1 - - [22/Sep/2026 21:10:11] "GET /tests/render/fixtures/known_good/sem-title-case-headings.html HTTP/1.1" 200 -
  ✓   71 [vp768] › tests/render/meta.spec.ts:112:5 › sem-all-six-levels [SEM] › is silent on the known_good fixture (316ms)
  ✓   72 [vp375] › tests/render/meta.spec.ts:112:5 › sem-title-case-headings [SEM] › is silent on the known_good fixture (363ms)
[WebServer] 127.0.0.1 - - [22/Sep/2026 21:10:11] "GET /tests/render/fixtures/known_broken/sem-title-case-headings.html HTTP/1.1" 200 -
  ✓   73 [vp768] › tests/render/meta.spec.ts:96:5 › sem-title-case-headings [SEM] › fires on the known_broken fixture (252ms)
[WebServer] 127.0.0.1 - - [22/Sep/2026 21:10:11] "GET /tests/render/fixtures/known_broken/sem-section-opening-paragraph.html HTTP/1.1" 200 -
  ✓   74 [vp375] › tests/render/meta.spec.ts:96:5 › sem-section-opening-paragraph [SEM] › fires on the known_broken fixture (363ms)
[WebServer] 127.0.0.1 - - [22/Sep/2026 21:10:11] "GET /tests/render/fixtures/known_good/sem-title-case-headings.html HTTP/1.1" 200 -
[WebServer] 127.0.0.1 - - [22/Sep/2026 21:10:12] "GET /tests/render/fixtures/known_good/sem-section-opening-paragraph.html HTTP/1.1" 200 -
  ✓   75 [vp768] › tests/render/meta.spec.ts:112:5 › sem-title-case-headings [SEM] › is silent on the known_good fixture (403ms)
  ✓   76 [vp375] › tests/render/meta.spec.ts:112:5 › sem-section-opening-paragraph [SEM] › is silent on the known_good fixture (235ms)
[WebServer] 127.0.0.1 - - [22/Sep/2026 21:10:12] "GET /tests/render/fixtures/known_broken/sem-section-opening-paragraph.html HTTP/1.1" 200 -
[WebServer] 127.0.0.1 - - [22/Sep/2026 21:10:12] "GET /tests/render/fixtures/known_broken/sem-statement-label-visible.html HTTP/1.1" 200 -
  ✓   77 [vp768] › tests/render/meta.spec.ts:96:5 › sem-section-opening-paragraph [SEM] › fires on the known_broken fixture (257ms)
  ✓   78 [vp375] › tests/render/meta.spec.ts:96:5 › sem-statement-label-visible [SEM] › fires on the known_broken fixture (306ms)
[WebServer] 127.0.0.1 - - [22/Sep/2026 21:10:12] "GET /tests/render/fixtures/known_good/sem-section-opening-paragraph.html HTTP/1.1" 200 -
[WebServer] 127.0.0.1 - - [22/Sep/2026 21:10:12] "GET /tests/render/fixtures/known_good/sem-statement-label-visible.html HTTP/1.1" 200 -
  ✓   80 [vp375] › tests/render/meta.spec.ts:112:5 › sem-statement-label-visible [SEM] › is silent on the known_good fixture (224ms)
  ✓   79 [vp768] › tests/render/meta.spec.ts:112:5 › sem-section-opening-paragraph [SEM] › is silent on the known_good fixture (341ms)
[WebServer] 127.0.0.1 - - [22/Sep/2026 21:10:12] "GET /tests/render/fixtures/known_broken/schema-single-product-offer.html HTTP/1.1" 200 -
[WebServer] 127.0.0.1 - - [22/Sep/2026 21:10:13] "GET /tests/render/fixtures/known_broken/sem-statement-label-visible.html HTTP/1.1" 200 -
  ✓   81 [vp375] › tests/render/meta.spec.ts:96:5 › schema-single-product-offer [SCHEMA] › fires on the known_broken fixture (236ms)
  ✓   82 [vp768] › tests/render/meta.spec.ts:96:5 › sem-statement-label-visible [SEM] › fires on the known_broken fixture (230ms)
[WebServer] 127.0.0.1 - - [22/Sep/2026 21:10:13] "GET /tests/render/fixtures/known_good/schema-single-product-offer.html HTTP/1.1" 200 -
[WebServer] 127.0.0.1 - - [22/Sep/2026 21:10:13] "GET /tests/render/fixtures/known_good/sem-statement-label-visible.html HTTP/1.1" 200 -
  ✓   83 [vp375] › tests/render/meta.spec.ts:112:5 › schema-single-product-offer [SCHEMA] › is silent on the known_good fixture (284ms)
  ✓   84 [vp768] › tests/render/meta.spec.ts:112:5 › sem-statement-label-visible [SEM] › is silent on the known_good fixture (304ms)
[WebServer] 127.0.0.1 - - [22/Sep/2026 21:10:13] "GET /tests/render/fixtures/known_broken/schema-single-product-offer.html HTTP/1.1" 200 -
[WebServer] 127.0.0.1 - - [22/Sep/2026 21:10:13] "GET /tests/render/fixtures/known_broken/schema-sold-not-instock.html HTTP/1.1" 200 -
  ✓   85 [vp375] › tests/render/meta.spec.ts:96:5 › schema-sold-not-instock [SCHEMA] › fires on the known_broken fixture (294ms)
  ✓   86 [vp768] › tests/render/meta.spec.ts:96:5 › schema-single-product-offer [SCHEMA] › fires on the known_broken fixture (286ms)
[WebServer] 127.0.0.1 - - [22/Sep/2026 21:10:13] "GET /tests/render/fixtures/known_good/schema-sold-not-instock.html HTTP/1.1" 200 -
[WebServer] 127.0.0.1 - - [22/Sep/2026 21:10:13] "GET /tests/render/fixtures/known_good/schema-single-product-offer.html HTTP/1.1" 200 -
  ✓   88 [vp768] › tests/render/meta.spec.ts:112:5 › schema-single-product-offer [SCHEMA] › is silent on the known_good fixture (297ms)
  ✓   87 [vp375] › tests/render/meta.spec.ts:112:5 › schema-sold-not-instock [SCHEMA] › is silent on the known_good fixture (319ms)
[WebServer] 127.0.0.1 - - [22/Sep/2026 21:10:14] "GET /tests/render/fixtures/known_broken/schema-date-modified-present.html HTTP/1.1" 200 -
[WebServer] 127.0.0.1 - - [22/Sep/2026 21:10:14] "GET /tests/render/fixtures/known_broken/schema-sold-not-instock.html HTTP/1.1" 200 -
  ✓   89 [vp375] › tests/render/meta.spec.ts:96:5 › schema-date-modified-present [SCHEMA] › fires on the known_broken fixture (348ms)
  ✓   90 [vp768] › tests/render/meta.spec.ts:96:5 › schema-sold-not-instock [SCHEMA] › fires on the known_broken fixture (342ms)
[WebServer] 127.0.0.1 - - [22/Sep/2026 21:10:14] "GET /tests/render/fixtures/known_good/schema-date-modified-present.html HTTP/1.1" 200 -
  ✓   91 [vp375] › tests/render/meta.spec.ts:112:5 › schema-date-modified-present [SCHEMA] › is silent on the known_good fixture (208ms)
[WebServer] 127.0.0.1 - - [22/Sep/2026 21:10:14] "GET /tests/render/fixtures/known_good/schema-sold-not-instock.html HTTP/1.1" 200 -
  ✓   92 [vp768] › tests/render/meta.spec.ts:112:5 › schema-sold-not-instock [SCHEMA] › is silent on the known_good fixture (350ms)
[WebServer] 127.0.0.1 - - [22/Sep/2026 21:10:14] "GET /tests/render/fixtures/known_broken/schema-no-visible-date.html HTTP/1.1" 200 -
  ✓   93 [vp375] › tests/render/meta.spec.ts:96:5 › schema-no-visible-date [SCHEMA] › fires on the known_broken fixture (327ms)
[WebServer] 127.0.0.1 - - [22/Sep/2026 21:10:15] "GET /tests/render/fixtures/known_broken/schema-date-modified-present.html HTTP/1.1" 200 -
  ✓   94 [vp768] › tests/render/meta.spec.ts:96:5 › schema-date-modified-present [SCHEMA] › fires on the known_broken fixture (382ms)
[WebServer] 127.0.0.1 - - [22/Sep/2026 21:10:15] "GET /tests/render/fixtures/known_good/schema-no-visible-date.html HTTP/1.1" 200 -
  ✓   95 [vp375] › tests/render/meta.spec.ts:112:5 › schema-no-visible-date [SCHEMA] › is silent on the known_good fixture (306ms)
[WebServer] 127.0.0.1 - - [22/Sep/2026 21:10:15] "GET /tests/render/fixtures/known_good/schema-date-modified-present.html HTTP/1.1" 200 -
  ✓   96 [vp768] › tests/render/meta.spec.ts:112:5 › schema-date-modified-present [SCHEMA] › is silent on the known_good fixture (272ms)
[WebServer] 127.0.0.1 - - [22/Sep/2026 21:10:15] "GET /tests/render/fixtures/known_broken/css-class-resolves.html HTTP/1.1" 200 -
  ✓   97 [vp375] › tests/render/meta.spec.ts:96:5 › css-class-resolves [CSS] › fires on the known_broken fixture (355ms)
[WebServer] 127.0.0.1 - - [22/Sep/2026 21:10:15] "GET /tests/render/fixtures/known_broken/schema-no-visible-date.html HTTP/1.1" 200 -
  ✓   98 [vp768] › tests/render/meta.spec.ts:96:5 › schema-no-visible-date [SCHEMA] › fires on the known_broken fixture (385ms)
[WebServer] 127.0.0.1 - - [22/Sep/2026 21:10:15] "GET /tests/render/fixtures/known_good/css-class-resolves.html HTTP/1.1" 200 -
  ✓   99 [vp375] › tests/render/meta.spec.ts:112:5 › css-class-resolves [CSS] › is silent on the known_good fixture (310ms)
[WebServer] 127.0.0.1 - - [22/Sep/2026 21:10:16] "GET /tests/render/fixtures/known_good/schema-no-visible-date.html HTTP/1.1" 200 -
[WebServer] 127.0.0.1 - - [22/Sep/2026 21:10:16] "GET /tests/render/fixtures/known_broken/css-no-dead-component-rule.html HTTP/1.1" 200 -
  ✓  100 [vp768] › tests/render/meta.spec.ts:112:5 › schema-no-visible-date [SCHEMA] › is silent on the known_good fixture (379ms)
  ✓  101 [vp375] › tests/render/meta.spec.ts:96:5 › css-no-dead-component-rule [CSS] › fires on the known_broken fixture (343ms)
[WebServer] 127.0.0.1 - - [22/Sep/2026 21:10:16] "GET /tests/render/fixtures/known_broken/css-class-resolves.html HTTP/1.1" 200 -
[WebServer] 127.0.0.1 - - [22/Sep/2026 21:10:16] "GET /tests/render/fixtures/known_good/css-no-dead-component-rule.html HTTP/1.1" 200 -
  ✓  102 [vp768] › tests/render/meta.spec.ts:96:5 › css-class-resolves [CSS] › fires on the known_broken fixture (368ms)
  ✓  103 [vp375] › tests/render/meta.spec.ts:112:5 › css-no-dead-component-rule [CSS] › is silent on the known_good fixture (385ms)
[WebServer] 127.0.0.1 - - [22/Sep/2026 21:10:16] "GET /tests/render/fixtures/known_good/css-class-resolves.html HTTP/1.1" 200 -
[WebServer] 127.0.0.1 - - [22/Sep/2026 21:10:16] "GET /tests/render/fixtures/known_broken/css-component-color-not-overridden.html HTTP/1.1" 200 -
  ✓  104 [vp768] › tests/render/meta.spec.ts:112:5 › css-class-resolves [CSS] › is silent on the known_good fixture (362ms)
  ✓  105 [vp375] › tests/render/meta.spec.ts:96:5 › css-component-color-not-overridden [CSS] › fires on the known_broken fixture (365ms)
[WebServer] 127.0.0.1 - - [22/Sep/2026 21:10:17] "GET /tests/render/fixtures/known_broken/css-no-dead-component-rule.html HTTP/1.1" 200 -
  ✓  106 [vp768] › tests/render/meta.spec.ts:96:5 › css-no-dead-component-rule [CSS] › fires on the known_broken fixture (287ms)
[WebServer] 127.0.0.1 - - [22/Sep/2026 21:10:17] "GET /tests/render/fixtures/known_good/css-component-color-not-overridden.html HTTP/1.1" 200 -
[WebServer] 127.0.0.1 - - [22/Sep/2026 21:10:17] "GET /tests/render/fixtures/known_good/css-no-dead-component-rule.html HTTP/1.1" 200 -
  ✓  107 [vp375] › tests/render/meta.spec.ts:112:5 › css-component-color-not-overridden [CSS] › is silent on the known_good fixture (482ms)
  ✓  108 [vp768] › tests/render/meta.spec.ts:112:5 › css-no-dead-component-rule [CSS] › is silent on the known_good fixture (277ms)
[WebServer] 127.0.0.1 - - [22/Sep/2026 21:10:17] "GET /tests/render/fixtures/known_broken/dup-no-sibling-crossover.html HTTP/1.1" 200 -
[WebServer] 127.0.0.1 - - [22/Sep/2026 21:10:17] "GET /tests/render/fixtures/known_broken/css-component-color-not-overridden.html HTTP/1.1" 200 -
  ✓  109 [vp375] › tests/render/meta.spec.ts:96:5 › dup-no-sibling-crossover [DUP] › fires on the known_broken fixture (353ms)
  ✓  110 [vp768] › tests/render/meta.spec.ts:96:5 › css-component-color-not-overridden [CSS] › fires on the known_broken fixture (368ms)
[WebServer] 127.0.0.1 - - [22/Sep/2026 21:10:18] "GET /tests/render/fixtures/known_good/dup-no-sibling-crossover.html HTTP/1.1" 200 -
  ✓  111 [vp375] › tests/render/meta.spec.ts:112:5 › dup-no-sibling-crossover [DUP] › is silent on the known_good fixture (294ms)
[WebServer] 127.0.0.1 - - [22/Sep/2026 21:10:18] "GET /tests/render/fixtures/known_good/css-component-color-not-overridden.html HTTP/1.1" 200 -
  ✓  112 [vp768] › tests/render/meta.spec.ts:112:5 › css-component-color-not-overridden [CSS] › is silent on the known_good fixture (343ms)
[WebServer] 127.0.0.1 - - [22/Sep/2026 21:10:18] "GET /tests/render/fixtures/known_broken/a11y-text-contrast-aa.html HTTP/1.1" 200 -
  ✓  113 [vp375] › tests/render/meta.spec.ts:96:5 › a11y-text-contrast-aa [A11Y] › fires on the known_broken fixture (222ms)
[WebServer] 127.0.0.1 - - [22/Sep/2026 21:10:18] "GET /tests/render/fixtures/known_broken/dup-no-sibling-crossover.html HTTP/1.1" 200 -
  ✓  114 [vp768] › tests/render/meta.spec.ts:96:5 › dup-no-sibling-crossover [DUP] › fires on the known_broken fixture (272ms)
[WebServer] 127.0.0.1 - - [22/Sep/2026 21:10:18] "GET /tests/render/fixtures/known_good/a11y-text-contrast-aa.html HTTP/1.1" 200 -
  ✓  115 [vp375] › tests/render/meta.spec.ts:112:5 › a11y-text-contrast-aa [A11Y] › is silent on the known_good fixture (326ms)
[WebServer] 127.0.0.1 - - [22/Sep/2026 21:10:19] "GET /tests/render/fixtures/known_good/dup-no-sibling-crossover.html HTTP/1.1" 200 -
  ✓  116 [vp768] › tests/render/meta.spec.ts:112:5 › dup-no-sibling-crossover [DUP] › is silent on the known_good fixture (251ms)
[WebServer] 127.0.0.1 - - [22/Sep/2026 21:10:19] "GET /tests/render/fixtures/known_broken/a11y-no-duplicate-ids.html HTTP/1.1" 200 -
  ✓  117 [vp375] › tests/render/meta.spec.ts:96:5 › a11y-no-duplicate-ids [A11Y] › fires on the known_broken fixture (296ms)
[WebServer] 127.0.0.1 - - [22/Sep/2026 21:10:19] "GET /tests/render/fixtures/known_broken/a11y-text-contrast-aa.html HTTP/1.1" 200 -
  ✓  118 [vp768] › tests/render/meta.spec.ts:96:5 › a11y-text-contrast-aa [A11Y] › fires on the known_broken fixture (344ms)
[WebServer] 127.0.0.1 - - [22/Sep/2026 21:10:19] "GET /tests/render/fixtures/known_good/a11y-no-duplicate-ids.html HTTP/1.1" 200 -
  ✓  119 [vp375] › tests/render/meta.spec.ts:112:5 › a11y-no-duplicate-ids [A11Y] › is silent on the known_good fixture (240ms)
[WebServer] 127.0.0.1 - - [22/Sep/2026 21:10:19] "GET /tests/render/fixtures/known_good/a11y-text-contrast-aa.html HTTP/1.1" 200 -
[WebServer] 127.0.0.1 - - [22/Sep/2026 21:10:19] "GET /tests/render/fixtures/known_broken/a11y-hero-ledge-contrast.html HTTP/1.1" 200 -
  ✓  120 [vp768] › tests/render/meta.spec.ts:112:5 › a11y-text-contrast-aa [A11Y] › is silent on the known_good fixture (338ms)
  ✓  121 [vp375] › tests/render/meta.spec.ts:96:5 › a11y-hero-ledge-contrast [A11Y] › fires on the known_broken fixture (239ms)
[WebServer] 127.0.0.1 - - [22/Sep/2026 21:10:20] "GET /tests/render/fixtures/known_broken/a11y-no-duplicate-ids.html HTTP/1.1" 200 -
  ✓  122 [vp768] › tests/render/meta.spec.ts:96:5 › a11y-no-duplicate-ids [A11Y] › fires on the known_broken fixture (183ms)
[WebServer] 127.0.0.1 - - [22/Sep/2026 21:10:20] "GET /tests/render/fixtures/known_good/a11y-hero-ledge-contrast.html HTTP/1.1" 200 -
  ✓  123 [vp375] › tests/render/meta.spec.ts:112:5 › a11y-hero-ledge-contrast [A11Y] › is silent on the known_good fixture (350ms)
[WebServer] 127.0.0.1 - - [22/Sep/2026 21:10:20] "GET /tests/render/fixtures/known_good/a11y-no-duplicate-ids.html HTTP/1.1" 200 -
  ✓  124 [vp768] › tests/render/meta.spec.ts:112:5 › a11y-no-duplicate-ids [A11Y] › is silent on the known_good fixture (273ms)
[WebServer] 127.0.0.1 - - [22/Sep/2026 21:10:20] "GET /tests/render/fixtures/known_broken/dup-adjacent-to-whitelist.html HTTP/1.1" 200 -
  ✓  125 [vp375] › tests/render/meta.spec.ts:149:3 › dup-no-sibling-crossover sees a crossover adjacent to a whitelisted line › reports each passage beside the shipping line, and never the line itself (258ms)
[WebServer] 127.0.0.1 - - [22/Sep/2026 21:10:20] "GET /tests/render/fixtures/known_broken/a11y-hero-ledge-contrast.html HTTP/1.1" 200 -
  ✓  126 [vp768] › tests/render/meta.spec.ts:96:5 › a11y-hero-ledge-contrast [A11Y] › fires on the known_broken fixture (319ms)
  ✓  127 [vp375] › tests/render/meta.spec.ts:200:3 › dup-no-sibling-crossover judges every page against the whole built site › every target is compared against every other built page (67ms)
[WebServer] 127.0.0.1 - - [22/Sep/2026 21:10:20] "GET /tests/render/fixtures/known_good/a11y-hero-ledge-contrast.html HTTP/1.1" 200 -
  ✓  128 [vp768] › tests/render/meta.spec.ts:112:5 › a11y-hero-ledge-contrast [A11Y] › is silent on the known_good fixture (223ms)
  -  130 [vp768] › tests/render/meta.spec.ts:149:3 › dup-no-sibling-crossover sees a crossover adjacent to a whitelisted line › reports each passage beside the shipping line, and never the line itself
  -  131 [vp768] › tests/render/meta.spec.ts:200:3 › dup-no-sibling-crossover judges every page against the whole built site › every target is compared against every other built page
  -  132 [vp768] › tests/render/meta.spec.ts:272:3 › dup-no-sibling-crossover tokenises exactly like dup_content_audit.py › a run that is 12 words only because an apostrophe split a word is not a crossover
  -  133 [vp768] › tests/render/meta.spec.ts:289:3 › dup-no-sibling-crossover tokenises exactly like dup_content_audit.py › an apostrophe the corpus page writes as &#39; is the same word
  -  134 [vp768] › tests/render/meta.spec.ts:303:3 › dup-no-sibling-crossover tokenises exactly like dup_content_audit.py › normalise() and the whitelist stems match Python token for token
  ✓  135 [vp768] › tests/render/meta.spec.ts:348:3 › dist/ freshness gate › a dist/ newer than src/ is fresh (3ms)
[WebServer] 127.0.0.1 - - [22/Sep/2026 21:10:21] "GET /tests/render/fixtures/known_broken/dup-contraction-boundary.html HTTP/1.1" 200 -
  ✓  129 [vp375] › tests/render/meta.spec.ts:272:3 › dup-no-sibling-crossover tokenises exactly like dup_content_audit.py › a run that is 12 words only because an apostrophe split a word is not a crossover (681ms)
  ✓  136 [vp768] › tests/render/meta.spec.ts:357:3 › dist/ freshness gate › a src/ file newer than every dist/ file is STALE (17ms)
  ✓  138 [vp768] › tests/render/meta.spec.ts:369:3 › dist/ freshness gate › a newer package.json (the non-directory branch of newest()) forces refusal (15ms)
  ✓  139 [vp768] › tests/render/meta.spec.ts:384:3 › dist/ freshness gate › a missing dist/ is STALE, never fresh-by-default (3ms)
  ✓  140 [vp768] › tests/render/meta.spec.ts:396:3 › dist/ freshness gate › an empty dist/ is STALE (3ms)
  ✓  141 [vp768] › tests/render/meta.spec.ts:407:3 › dist/ freshness gate › vendored trees under src/ are not treated as source (4ms)
  ✓  142 [vp768] › tests/render/meta.spec.ts:423:3 › dist/ freshness gate › an unreadable path under src/ refuses rather than silently passing as fresh (9ms)
  ✓  143 [vp768] › tests/render/meta.spec.ts:435:3 › resetRaw › empties a populated raw dir, so a refused run cannot merge into a prior clean scorecard (4ms)
  -  144 [vp768] › tests/render/meta.spec.ts:553:3 › globalSetup vs spec-module-scope regression probe › resetRaw() at spec module scope loses other workers' partials
  -  145 [vp768] › tests/render/meta.spec.ts:568:3 › globalSetup vs spec-module-scope regression probe › resetRaw() in globalSetup preserves every project’s partial
[WebServer] 127.0.0.1 - - [22/Sep/2026 21:10:21] "GET /tests/render/fixtures/known_broken/dup-contraction-entity.html HTTP/1.1" 200 -
  ✓  137 [vp375] › tests/render/meta.spec.ts:289:3 › dup-no-sibling-crossover tokenises exactly like dup_content_audit.py › an apostrophe the corpus page writes as &#39; is the same word (298ms)
  ✓  146 [vp768] › tests/render/meta.spec.ts:586:3 › resetRaw placement — pins the actual production wiring › resetRaw() is called in global-setup.ts and nowhere in pages.spec.ts (14ms)
  ✓  147 [vp375] › tests/render/meta.spec.ts:303:3 › dup-no-sibling-crossover tokenises exactly like dup_content_audit.py › normalise() and the whitelist stems match Python token for token (301ms)
  ✓  149 [vp375] › tests/render/meta.spec.ts:348:3 › dist/ freshness gate › a dist/ newer than src/ is fresh (3ms)
  ✓  150 [vp375] › tests/render/meta.spec.ts:357:3 › dist/ freshness gate › a src/ file newer than every dist/ file is STALE (4ms)
  ✓  151 [vp375] › tests/render/meta.spec.ts:369:3 › dist/ freshness gate › a newer package.json (the non-directory branch of newest()) forces refusal (7ms)
  ✓  152 [vp375] › tests/render/meta.spec.ts:384:3 › dist/ freshness gate › a missing dist/ is STALE, never fresh-by-default (5ms)
  ✓  153 [vp375] › tests/render/meta.spec.ts:396:3 › dist/ freshness gate › an empty dist/ is STALE (6ms)
  ✓  154 [vp375] › tests/render/meta.spec.ts:407:3 › dist/ freshness gate › vendored trees under src/ are not treated as source (4ms)
  ✓  155 [vp375] › tests/render/meta.spec.ts:423:3 › dist/ freshness gate › an unreadable path under src/ refuses rather than silently passing as fresh (3ms)
  ✓  156 [vp375] › tests/render/meta.spec.ts:435:3 › resetRaw › empties a populated raw dir, so a refused run cannot merge into a prior clean scorecard (2ms)
  ✓  157 [vp375] › tests/render/meta.spec.ts:553:3 › globalSetup vs spec-module-scope regression probe › resetRaw() at spec module scope loses other workers' partials (4.3s)
  ✓  158 [vp375] › tests/render/meta.spec.ts:568:3 › globalSetup vs spec-module-scope regression probe › resetRaw() in globalSetup preserves every project’s partial (3.8s)
  ✓  159 [vp375] › tests/render/meta.spec.ts:586:3 › resetRaw placement — pins the actual production wiring › resetRaw() is called in global-setup.ts and nowhere in pages.spec.ts (1ms)
  ✓  148 [vp768] › tests/render/meta.spec.ts:610:3 › nav-jump-target-lands reports causes, not instances › a page with many broken anchors yields ONE row per failure mode (11.0s)
  -  161 [vp768] › tests/render/meta.spec.ts:679:3 › nav-jump-target-lands names the direction of failure › fires on a page whose targets overshoot the chrome band
  -  162 [vp768] › tests/render/meta.spec.ts:691:3 › nav-jump-target-lands names the direction of failure › stays silent when the same page lands inside the band
  -  163 [vp768] › tests/render/meta.spec.ts:707:3 › nav-jump-target-lands names the direction of failure › names both cohorts when targets fail in opposite directions
  -  164 [vp768] › tests/render/meta.spec.ts:726:3 › nav-jump-target-lands names the direction of failure › names an undershooting minority without claiming overshoot
  -  165 [vp768] › tests/render/meta.spec.ts:767:3 › nav-jump-target-lands measures geometry, not smooth-scroll timing › clicks under instant scrolling, restores the page, and still catches the real miss
  ✓  166 [vp768] › tests/render/meta.spec.ts:839:3 › the check-result contract › accepts a well-formed result (111ms)
  ✓  167 [vp768] › tests/render/meta.spec.ts:844:3 › the check-result contract › rejects more rows than MAX_DEFECT_ROWS (111ms)
  ✓  168 [vp768] › tests/render/meta.spec.ts:849:3 › the check-result contract › rejects a row with no count (118ms)
  ✓  169 [vp768] › tests/render/meta.spec.ts:853:3 › the check-result contract › rejects count: 0 — a defect row describes at least one failure (123ms)
  ✓  170 [vp768] › tests/render/meta.spec.ts:857:3 › the check-result contract › rejects a row attributed to a different check (117ms)
  ✓  171 [vp768] › tests/render/meta.spec.ts:863:3 › the check-result contract › rejects a row attributed to a different family (114ms)
  ✓  172 [vp768] › tests/render/meta.spec.ts:867:3 › the check-result contract › rejects a negative examined count (118ms)
  ✓  173 [vp768] › tests/render/meta.spec.ts:880:3 › nested slugs cannot silently lose a page › flattenSlug removes every path separator (2ms)
  ✓  174 [vp768] › tests/render/meta.spec.ts:889:3 › nested slugs cannot silently lose a page › writePartial actually lands a file for a nested slug (7ms)
  -  175 [vp768] › tests/render/meta.spec.ts:915:3 › measureTopChrome is deterministic and finds late-pinning chrome › finds a rail that only pins past 1.5 viewports
  -  176 [vp768] › tests/render/meta.spec.ts:929:3 › measureTopChrome is deterministic and finds late-pinning chrome › returns the same height however the page was left scrolled
  -  177 [vp768] › tests/render/meta.spec.ts:964:3 › waitForScrollSettle does not call an UNSTARTED scroll settled › waits out a scroll whose first frame lands after the stability threshold
  -  178 [vp768] › tests/render/meta.spec.ts:987:3 › waitForScrollSettle does not call an UNSTARTED scroll settled › still settles promptly when the scroll never needed to move
  -  179 [vp768] › tests/render/meta.spec.ts:1008:3 › measureTopChrome does not absorb sticky page content › a sticky sidebar pinned at top:0 is not counted as chrome
  -  180 [vp768] › tests/render/meta.spec.ts:1032:3 › layout-tap-target-size honours WCAG 2.5.8 exemptions › is silent on skip links, prose links, labelled inputs and isolated targets
  ✓  181 [vp768] › tests/render/meta.spec.ts:1087:3 › dist/ freshness sees a DELETED source page › a built route whose source was deleted is reported by name (3ms)
  ✓  182 [vp768] › tests/render/meta.spec.ts:1095:3 › dist/ freshness sees a DELETED source page › matching source and built sets report no orphan (4ms)
  ✓  183 [vp768] › tests/render/meta.spec.ts:1106:3 › dist/ freshness sees a DELETED source page › checkDistFreshness refuses, and its reason names the orphaned route (6ms)
  ✓  184 [vp768] › tests/render/meta.spec.ts:1120:3 › dist/ freshness sees a DELETED source page › the real repo has no orphaned routes (15ms)
  ✓  185 [vp768] › tests/render/meta.spec.ts:1159:3 › every registered family is actually wired into targets.json › the predicate names a family that is registered but wired nowhere (3ms)
  ✓  186 [vp768] › tests/render/meta.spec.ts:1165:3 › every registered family is actually wired into targets.json › a family wired into even one page type is not reported (1ms)
  ✓  187 [vp768] › tests/render/meta.spec.ts:1173:3 › every registered family is actually wired into targets.json › the REAL repo wires every family it registers (2ms)
  ✓  188 [vp768] › tests/render/meta.spec.ts:1183:3 › every registered family is actually wired into targets.json › targets.json declares no family that no check registers (1ms)
[WebServer] 127.0.0.1 - - [22/Sep/2026 21:10:35] "GET /tests/render/fixtures/known_broken/img-broken-vs-still-loading.html HTTP/1.1" 200 -
[WebServer] 127.0.0.1 - - [22/Sep/2026 21:10:35] code 404, message File not found
[WebServer] 127.0.0.1 - - [22/Sep/2026 21:10:35] "GET /definitely-not-a-real-image-404.webp HTTP/1.1" 404 -
[WebServer] 127.0.0.1 - - [22/Sep/2026 21:10:35] code 404, message File not found
[WebServer] 127.0.0.1 - - [22/Sep/2026 21:10:35] "GET /definitely-not-a-real-image-404.webp HTTP/1.1" 404 -
  ✓  189 [vp768] › tests/render/meta.spec.ts:1219:3 › img-srcset-within-2x separates broken from still-loading › a 404 image is still reported — a broken page must not score clean (370ms)
[WebServer] 127.0.0.1 - - [22/Sep/2026 21:10:35] "GET /tests/render/fixtures/known_broken/img-broken-vs-still-loading.html HTTP/1.1" 200 -
[WebServer] 127.0.0.1 - - [22/Sep/2026 21:10:35] code 404, message File not found
[WebServer] 127.0.0.1 - - [22/Sep/2026 21:10:35] "GET /definitely-not-a-real-image-404.webp HTTP/1.1" 404 -
[WebServer] 127.0.0.1 - - [22/Sep/2026 21:10:35] code 404, message File not found
[WebServer] 127.0.0.1 - - [22/Sep/2026 21:10:35] "GET /definitely-not-a-real-image-404.webp HTTP/1.1" 404 -
  ✓  190 [vp768] › tests/render/meta.spec.ts:1232:3 › img-srcset-within-2x separates broken from still-loading › the decodable image is examined, not skipped (348ms)
[WebServer] 127.0.0.1 - - [22/Sep/2026 21:10:36] "GET /tests/render/fixtures/known_broken/img-broken-vs-still-loading.html HTTP/1.1" 200 -
[WebServer] 127.0.0.1 - - [22/Sep/2026 21:10:36] code 404, message File not found
[WebServer] 127.0.0.1 - - [22/Sep/2026 21:10:36] "GET /definitely-not-a-real-image-404.webp HTTP/1.1" 404 -
[WebServer] 127.0.0.1 - - [22/Sep/2026 21:10:36] code 404, message File not found
[WebServer] 127.0.0.1 - - [22/Sep/2026 21:10:36] "GET /definitely-not-a-real-image-404.webp HTTP/1.1" 404 -
  ✓  191 [vp768] › tests/render/meta.spec.ts:1243:3 › img-srcset-within-2x separates broken from still-loading › no defect row ever describes an image as merely still loading (358ms)
[WebServer] 127.0.0.1 - - [22/Sep/2026 21:10:36] "GET /tests/render/fixtures/form-inquiry-contract-noform.html HTTP/1.1" 200 -
  ✓  192 [vp768] › tests/render/meta.spec.ts:1291:3 › form-inquiry-contract: zero-examined is a defect only where a form is expected › the contact page with no non-search form fires one defect (163ms)
[WebServer] 127.0.0.1 - - [22/Sep/2026 21:10:36] "GET /tests/render/fixtures/form-inquiry-contract-noform.html HTTP/1.1" 200 -
  ✓  193 [vp768] › tests/render/meta.spec.ts:1307:3 › form-inquiry-contract: zero-examined is a defect only where a form is expected › a location page with no non-search form is silent (153ms)
[WebServer] 127.0.0.1 - - [22/Sep/2026 21:10:36] "GET /tests/render/fixtures/form-inquiry-contract-noform.html HTTP/1.1" 200 -
  ✓  194 [vp768] › tests/render/meta.spec.ts:1320:3 › form-inquiry-contract: zero-examined is a defect only where a form is expected › a hub page with no non-search form is silent (161ms)
  ✓  195 [vp768] › tests/render/meta.spec.ts:1345:3 › fieldChecksSkipped pins the field-contract exemption list › in scope: every rich and blog page, contact page included (5ms)
  ✓  196 [vp768] › tests/render/meta.spec.ts:1357:3 › fieldChecksSkipped pins the field-contract exemption list › exempt: the uk-locations cluster and the hubs (5ms)
  ✓  197 [vp768] › tests/render/meta.spec.ts:1374:3 › contractFor pins the per-slug field contract › full: rich pages (1ms)
  ✓  198 [vp768] › tests/render/meta.spec.ts:1379:3 › contractFor pins the per-slug field contract › short: blog-kind pages, and blog/* posts absent from the map (1ms)
  ✓  199 [vp768] › tests/render/meta.spec.ts:1383:3 › contractFor pins the per-slug field contract › none: the locations cluster and the hubs (1ms)
  ✓  200 [vp768] › tests/render/meta.spec.ts:1397:3 › formExpected pins the zero-examined exemption list › expected: the contact page only (1ms)
  ✓  201 [vp768] › tests/render/meta.spec.ts:1401:3 › formExpected pins the zero-examined exemption list › not expected: other interior pages, home, puppy, hub, location and blog (4ms)
[WebServer] 127.0.0.1 - - [22/Sep/2026 21:10:37] "GET /tests/render/fixtures/known_good/form-inquiry-contract-blog-short.html HTTP/1.1" 200 -
  ✓  202 [vp768] › tests/render/meta.spec.ts:1424:3 › form-inquiry-contract: the short (blog) contract is exercised › a blog-kind page with name/email/message only is clean (172ms)
[WebServer] 127.0.0.1 - - [22/Sep/2026 21:10:37] "GET /tests/render/fixtures/known_good/form-inquiry-contract-blog-short.html HTTP/1.1" 200 -
  ✓  203 [vp768] › tests/render/meta.spec.ts:1439:3 › form-inquiry-contract: the short (blog) contract is exercised › the same form missing `message` fires (226ms)
  ✓  204 [vp768] › tests/render/meta.spec.ts:1477:3 › every deferred check is registered and still passes both fixtures › every deferred id names a check the registry actually holds (1ms)
  ✓  205 [vp768] › tests/render/meta.spec.ts:1497:3 › every deferred check is registered and still passes both fixtures › every deferred id carries a reason that states its promotion condition (1ms)
  ✓  206 [vp768] › tests/render/meta.spec.ts:1520:3 › every deferred check is registered and still passes both fixtures › no deferred check is actually examining nodes in the latest run (45ms)
[WebServer] 127.0.0.1 - - [22/Sep/2026 21:10:37] "GET /tests/render/fixtures/known_good/kit-counter-separated.html HTTP/1.1" 200 -
  ✓  207 [vp768] › tests/render/meta.spec.ts:1599:3 › layout-hero-counter-separation [kit CounterStrip] › is silent on the kit strip with its bed and rule (155ms)
[WebServer] 127.0.0.1 - - [22/Sep/2026 21:10:37] "GET /tests/render/fixtures/known_broken/kit-counter-flush.html HTTP/1.1" 200 -
  ✓  208 [vp768] › tests/render/meta.spec.ts:1609:3 › layout-hero-counter-separation [kit CounterStrip] › fires when the kit strip keeps the hero band and drops the rule (166ms)
[WebServer] 127.0.0.1 - - [22/Sep/2026 21:10:37] "GET /tests/render/fixtures/known_good/kit-bottom-chrome-clear.html HTTP/1.1" 200 -
  ✓  209 [vp768] › tests/render/meta.spec.ts:1659:3 › nav-bottom-chrome-clear [kit SectionSheet] › is silent on the kit bar that reserves its own height (174ms)
[WebServer] 127.0.0.1 - - [22/Sep/2026 21:10:38] "GET /tests/render/fixtures/known_broken/kit-bottom-chrome-covers.html HTTP/1.1" 200 -
  ✓  210 [vp768] › tests/render/meta.spec.ts:1672:3 › nav-bottom-chrome-clear [kit SectionSheet] › fires when the kit bar keeps its height but drops the body reservation (168ms)
[WebServer] 127.0.0.1 - - [22/Sep/2026 21:10:38] "GET /tests/render/fixtures/known_good/kit-h3-image-first.html HTTP/1.1" 200 -
  ✓  211 [vp768] › tests/render/meta.spec.ts:1708:3 › layout-h3-image-first [kit InfoCard] › is silent on the kit card with its image above its prose (190ms)
[WebServer] 127.0.0.1 - - [22/Sep/2026 21:10:38] "GET /tests/render/fixtures/known_broken/kit-h3-image-last.html HTTP/1.1" 200 -
  ✓  212 [vp768] › tests/render/meta.spec.ts:1720:3 › layout-h3-image-first [kit InfoCard] › fires when the kit card drops the image below the prose (152ms)
[WebServer] 127.0.0.1 - - [22/Sep/2026 21:10:38] "GET /tests/render/fixtures/known_good/kit-stmt-label.html HTTP/1.1" 200 -
  ✓  213 [vp768] › tests/render/meta.spec.ts:1735:3 › sem-statement-label-visible [kit InfoCard] › is silent on the kit card labels in all three places it puts one (144ms)
[WebServer] 127.0.0.1 - - [22/Sep/2026 21:10:38] "GET /tests/render/fixtures/known_broken/kit-stmt-label-hidden.html HTTP/1.1" 200 -
  ✓  214 [vp768] › tests/render/meta.spec.ts:1747:3 › sem-statement-label-visible [kit InfoCard] › fires on a hidden label and on one with no kind (148ms)
[WebServer] 127.0.0.1 - - [22/Sep/2026 21:10:39] "GET /tests/render/fixtures/known_good/kit-hero-aside-ink.html HTTP/1.1" 200 -
  ✓  215 [vp768] › tests/render/meta.spec.ts:1772:3 › a11y-text-contrast-aa [kit Hero aside] › is silent on the aside once it states the ink for the bed it paints (169ms)
[WebServer] 127.0.0.1 - - [22/Sep/2026 21:10:39] "GET /tests/render/fixtures/known_broken/kit-hero-aside-ink-inherited.html HTTP/1.1" 200 -
  ✓  216 [vp768] › tests/render/meta.spec.ts:1784:3 › a11y-text-contrast-aa [kit Hero aside] › fires on the aside that inherits the band ink onto its own light bed (146ms)
  ✓  217 [vp1280] › tests/render/meta.spec.ts:59:1 › the registry is not empty (8ms)
[WebServer] 127.0.0.1 - - [22/Sep/2026 21:10:40] "GET /tests/render/fixtures/known_broken/form-inquiry-contract.html HTTP/1.1" 200 -
  ✓  218 [vp1280] › tests/render/meta.spec.ts:96:5 › form-inquiry-contract [FORM] › fires on the known_broken fixture (304ms)
[WebServer] 127.0.0.1 - - [22/Sep/2026 21:10:40] "GET /tests/render/fixtures/known_good/form-inquiry-contract.html HTTP/1.1" 200 -
  ✓  219 [vp1280] › tests/render/meta.spec.ts:112:5 › form-inquiry-contract [FORM] › is silent on the known_good fixture (173ms)
[WebServer] 127.0.0.1 - - [22/Sep/2026 21:10:41] "GET /tests/render/fixtures/known_broken/layout-no-horizontal-overflow.html HTTP/1.1" 200 -
  ✓  220 [vp1280] › tests/render/meta.spec.ts:96:5 › layout-no-horizontal-overflow [LAYOUT] › fires on the known_broken fixture (153ms)
[WebServer] 127.0.0.1 - - [22/Sep/2026 21:10:41] "GET /tests/render/fixtures/known_good/layout-no-horizontal-overflow.html HTTP/1.1" 200 -
  ✓  160 [vp375] › tests/render/meta.spec.ts:610:3 › nav-jump-target-lands reports causes, not instances › a page with many broken anchors yields ONE row per failure mode (10.9s)
  ✓  221 [vp1280] › tests/render/meta.spec.ts:112:5 › layout-no-horizontal-overflow [LAYOUT] › is silent on the known_good fixture (195ms)
[WebServer] 127.0.0.1 - - [22/Sep/2026 21:10:41] "GET /tests/render/fixtures/known_broken/nav-overshoot.html HTTP/1.1" 200 -
[WebServer] 127.0.0.1 - - [22/Sep/2026 21:10:41] "GET /tests/render/fixtures/known_broken/layout-min-font-size.html HTTP/1.1" 200 -
  ✓  223 [vp1280] › tests/render/meta.spec.ts:96:5 › layout-min-font-size [LAYOUT] › fires on the known_broken fixture (154ms)
[WebServer] 127.0.0.1 - - [22/Sep/2026 21:10:41] "GET /tests/render/fixtures/known_good/layout-min-font-size.html HTTP/1.1" 200 -
  ✓  224 [vp1280] › tests/render/meta.spec.ts:112:5 › layout-min-font-size [LAYOUT] › is silent on the known_good fixture (148ms)
[WebServer] 127.0.0.1 - - [22/Sep/2026 21:10:41] "GET /tests/render/fixtures/known_broken/layout-tap-target-size.html HTTP/1.1" 200 -
  ✓  225 [vp1280] › tests/render/meta.spec.ts:96:5 › layout-tap-target-size [LAYOUT] › fires on the known_broken fixture (149ms)
[WebServer] 127.0.0.1 - - [22/Sep/2026 21:10:42] "GET /tests/render/fixtures/known_good/layout-tap-target-size.html HTTP/1.1" 200 -
  ✓  226 [vp1280] › tests/render/meta.spec.ts:112:5 › layout-tap-target-size [LAYOUT] › is silent on the known_good fixture (164ms)
[WebServer] 127.0.0.1 - - [22/Sep/2026 21:10:42] "GET /tests/render/fixtures/known_broken/layout-hero-counter-separation.html HTTP/1.1" 200 -
  ✓  227 [vp1280] › tests/render/meta.spec.ts:96:5 › layout-hero-counter-separation [LAYOUT] › fires on the known_broken fixture (164ms)
[WebServer] 127.0.0.1 - - [22/Sep/2026 21:10:42] "GET /tests/render/fixtures/known_good/layout-hero-counter-separation.html HTTP/1.1" 200 -
  ✓  228 [vp1280] › tests/render/meta.spec.ts:112:5 › layout-hero-counter-separation [LAYOUT] › is silent on the known_good fixture (176ms)
[WebServer] 127.0.0.1 - - [22/Sep/2026 21:10:42] "GET /tests/render/fixtures/known_broken/layout-h3-image-first.html HTTP/1.1" 200 -
  ✓  229 [vp1280] › tests/render/meta.spec.ts:96:5 › layout-h3-image-first [LAYOUT] › fires on the known_broken fixture (200ms)
[WebServer] 127.0.0.1 - - [22/Sep/2026 21:10:42] "GET /tests/render/fixtures/known_good/layout-h3-image-first.html HTTP/1.1" 200 -
  ✓  230 [vp1280] › tests/render/meta.spec.ts:112:5 › layout-h3-image-first [LAYOUT] › is silent on the known_good fixture (138ms)
[WebServer] 127.0.0.1 - - [22/Sep/2026 21:10:43] "GET /tests/render/fixtures/known_broken/layout-image-box-reserved.html HTTP/1.1" 200 -
[WebServer] 127.0.0.1 - - [22/Sep/2026 21:10:43] "GET /tests/render/fixtures/assets/wide-1600.png HTTP/1.1" 200 -
[WebServer] 127.0.0.1 - - [22/Sep/2026 21:10:43] code 404, message File not found
[WebServer] 127.0.0.1 - - [22/Sep/2026 21:10:43] "GET /__bsuk_pending_image__/0.webp HTTP/1.1" 404 -
  ✓  231 [vp1280] › tests/render/meta.spec.ts:96:5 › layout-image-box-reserved [LAYOUT] › fires on the known_broken fixture (231ms)
[WebServer] 127.0.0.1 - - [22/Sep/2026 21:10:43] "GET /tests/render/fixtures/known_good/layout-image-box-reserved.html HTTP/1.1" 200 -
[WebServer] 127.0.0.1 - - [22/Sep/2026 21:10:43] "GET /tests/render/fixtures/assets/wide-1600.png HTTP/1.1" 200 -
[WebServer] 127.0.0.1 - - [22/Sep/2026 21:10:43] code 404, message File not found
[WebServer] 127.0.0.1 - - [22/Sep/2026 21:10:43] "GET /__bsuk_pending_image__/0.webp HTTP/1.1" 404 -
  ✓  232 [vp1280] › tests/render/meta.spec.ts:112:5 › layout-image-box-reserved [LAYOUT] › is silent on the known_good fixture (178ms)
[WebServer] 127.0.0.1 - - [22/Sep/2026 21:10:43] "GET /tests/render/fixtures/known_broken/layout-table-stacks-on-mobile.html HTTP/1.1" 200 -
  ✓  222 [vp375] › tests/render/meta.spec.ts:679:3 › nav-jump-target-lands names the direction of failure › fires on a page whose targets overshoot the chrome band (2.2s)
  ✓  233 [vp1280] › tests/render/meta.spec.ts:96:5 › layout-table-stacks-on-mobile [LAYOUT] › fires on the known_broken fixture (187ms)
[WebServer] 127.0.0.1 - - [22/Sep/2026 21:10:43] "GET /tests/render/fixtures/known_good/nav-overshoot-fixed.html HTTP/1.1" 200 -
[WebServer] 127.0.0.1 - - [22/Sep/2026 21:10:43] "GET /tests/render/fixtures/known_good/layout-table-stacks-on-mobile.html HTTP/1.1" 200 -
  ✓  235 [vp1280] › tests/render/meta.spec.ts:112:5 › layout-table-stacks-on-mobile [LAYOUT] › is silent on the known_good fixture (345ms)
[WebServer] 127.0.0.1 - - [22/Sep/2026 21:10:44] "GET /tests/render/fixtures/known_broken/hero-aside-no-clip.html HTTP/1.1" 200 -
  ✓  236 [vp1280] › tests/render/meta.spec.ts:96:5 › hero-aside-no-clip [LAYOUT] › fires on the known_broken fixture (387ms)
[WebServer] 127.0.0.1 - - [22/Sep/2026 21:10:44] "GET /tests/render/fixtures/known_good/hero-aside-no-clip.html HTTP/1.1" 200 -
  ✓  237 [vp1280] › tests/render/meta.spec.ts:112:5 › hero-aside-no-clip [LAYOUT] › is silent on the known_good fixture (394ms)
[WebServer] 127.0.0.1 - - [22/Sep/2026 21:10:44] "GET /tests/render/fixtures/known_broken/img-srcset-within-2x.html HTTP/1.1" 200 -
[WebServer] 127.0.0.1 - - [22/Sep/2026 21:10:44] "GET /tests/render/fixtures/assets/wide-1600.png HTTP/1.1" 200 -
  ✓  238 [vp1280] › tests/render/meta.spec.ts:96:5 › img-srcset-within-2x [IMG] › fires on the known_broken fixture (395ms)
[WebServer] 127.0.0.1 - - [22/Sep/2026 21:10:45] "GET /tests/render/fixtures/known_good/img-srcset-within-2x.html HTTP/1.1" 200 -
[WebServer] 127.0.0.1 - - [22/Sep/2026 21:10:45] "GET /tests/render/fixtures/assets/narrow-400.png HTTP/1.1" 200 -
  ✓  239 [vp1280] › tests/render/meta.spec.ts:112:5 › img-srcset-within-2x [IMG] › is silent on the known_good fixture (406ms)
[WebServer] 127.0.0.1 - - [22/Sep/2026 21:10:45] "GET /tests/render/fixtures/known_broken/img-alt-present-and-unique.html HTTP/1.1" 200 -
[WebServer] 127.0.0.1 - - [22/Sep/2026 21:10:45] "GET /tests/render/fixtures/assets/narrow-400.png HTTP/1.1" 200 -
  ✓  240 [vp1280] › tests/render/meta.spec.ts:96:5 › img-alt-present-and-unique [IMG] › fires on the known_broken fixture (404ms)
  ✓  234 [vp375] › tests/render/meta.spec.ts:691:3 › nav-jump-target-lands names the direction of failure › stays silent when the same page lands inside the band (2.5s)
[WebServer] 127.0.0.1 - - [22/Sep/2026 21:10:46] "GET /tests/render/fixtures/known_broken/nav-overshoot-mixed.html HTTP/1.1" 200 -
[WebServer] 127.0.0.1 - - [22/Sep/2026 21:10:46] "GET /tests/render/fixtures/known_good/img-alt-present-and-unique.html HTTP/1.1" 200 -
[WebServer] 127.0.0.1 - - [22/Sep/2026 21:10:46] "GET /tests/render/fixtures/assets/narrow-400.png HTTP/1.1" 200 -
  ✓  241 [vp1280] › tests/render/meta.spec.ts:112:5 › img-alt-present-and-unique [IMG] › is silent on the known_good fixture (608ms)
[WebServer] 127.0.0.1 - - [22/Sep/2026 21:10:46] "GET /tests/render/fixtures/known_broken/img-sizes-matches-box.html HTTP/1.1" 200 -
[WebServer] 127.0.0.1 - - [22/Sep/2026 21:10:46] "GET /tests/render/fixtures/assets/wide-1600.png HTTP/1.1" 200 -
  ✓  243 [vp1280] › tests/render/meta.spec.ts:96:5 › img-sizes-matches-box [IMG] › fires on the known_broken fixture (406ms)
[WebServer] 127.0.0.1 - - [22/Sep/2026 21:10:47] "GET /tests/render/fixtures/known_good/img-sizes-matches-box.html HTTP/1.1" 200 -
[WebServer] 127.0.0.1 - - [22/Sep/2026 21:10:47] "GET /tests/render/fixtures/assets/narrow-400.png HTTP/1.1" 200 -
  ✓  244 [vp1280] › tests/render/meta.spec.ts:112:5 › img-sizes-matches-box [IMG] › is silent on the known_good fixture (386ms)
[WebServer] 127.0.0.1 - - [22/Sep/2026 21:10:47] "GET /tests/render/fixtures/known_broken/nav-anchors-resolve.html HTTP/1.1" 200 -
  ✓  245 [vp1280] › tests/render/meta.spec.ts:96:5 › nav-anchors-resolve [NAV] › fires on the known_broken fixture (195ms)
[WebServer] 127.0.0.1 - - [22/Sep/2026 21:10:47] "GET /tests/render/fixtures/known_good/nav-anchors-resolve.html HTTP/1.1" 200 -
  ✓  246 [vp1280] › tests/render/meta.spec.ts:112:5 › nav-anchors-resolve [NAV] › is silent on the known_good fixture (236ms)
[WebServer] 127.0.0.1 - - [22/Sep/2026 21:10:48] "GET /tests/render/fixtures/known_broken/nav-jump-target-lands.html HTTP/1.1" 200 -
  ✓  247 [vp1280] › tests/render/meta.spec.ts:96:5 › nav-jump-target-lands [NAV] › fires on the known_broken fixture (1.8s)
[WebServer] 127.0.0.1 - - [22/Sep/2026 21:10:49] "GET /tests/render/fixtures/known_good/nav-jump-target-lands.html HTTP/1.1" 200 -
  ✓  248 [vp1280] › tests/render/meta.spec.ts:112:5 › nav-jump-target-lands [NAV] › is silent on the known_good fixture (1.8s)
[WebServer] 127.0.0.1 - - [22/Sep/2026 21:10:51] "GET /tests/render/fixtures/known_broken/nav-bottom-chrome-clear.html HTTP/1.1" 200 -
  ✓  249 [vp1280] › tests/render/meta.spec.ts:96:5 › nav-bottom-chrome-clear [NAV] › fires on the known_broken fixture (138ms)
[WebServer] 127.0.0.1 - - [22/Sep/2026 21:10:51] "GET /tests/render/fixtures/known_good/nav-bottom-chrome-clear.html HTTP/1.1" 200 -
  ✓  250 [vp1280] › tests/render/meta.spec.ts:112:5 › nav-bottom-chrome-clear [NAV] › is silent on the known_good fixture (136ms)
[WebServer] 127.0.0.1 - - [22/Sep/2026 21:10:52] "GET /tests/render/fixtures/known_broken/sem-heading-order.html HTTP/1.1" 200 -
  ✓  251 [vp1280] › tests/render/meta.spec.ts:96:5 › sem-heading-order [SEM] › fires on the known_broken fixture (125ms)
[WebServer] 127.0.0.1 - - [22/Sep/2026 21:10:52] "GET /tests/render/fixtures/known_good/sem-heading-order.html HTTP/1.1" 200 -
  ✓  252 [vp1280] › tests/render/meta.spec.ts:112:5 › sem-heading-order [SEM] › is silent on the known_good fixture (127ms)
[WebServer] 127.0.0.1 - - [22/Sep/2026 21:10:52] "GET /tests/render/fixtures/known_broken/sem-all-six-levels.html HTTP/1.1" 200 -
  ✓  253 [vp1280] › tests/render/meta.spec.ts:96:5 › sem-all-six-levels [SEM] › fires on the known_broken fixture (140ms)
[WebServer] 127.0.0.1 - - [22/Sep/2026 21:10:52] "GET /tests/render/fixtures/known_good/sem-all-six-levels.html HTTP/1.1" 200 -
  ✓  254 [vp1280] › tests/render/meta.spec.ts:112:5 › sem-all-six-levels [SEM] › is silent on the known_good fixture (135ms)
[WebServer] 127.0.0.1 - - [22/Sep/2026 21:10:52] "GET /tests/render/fixtures/known_broken/sem-title-case-headings.html HTTP/1.1" 200 -
  ✓  255 [vp1280] › tests/render/meta.spec.ts:96:5 › sem-title-case-headings [SEM] › fires on the known_broken fixture (121ms)
[WebServer] 127.0.0.1 - - [22/Sep/2026 21:10:52] "GET /tests/render/fixtures/known_good/sem-title-case-headings.html HTTP/1.1" 200 -
  ✓  256 [vp1280] › tests/render/meta.spec.ts:112:5 › sem-title-case-headings [SEM] › is silent on the known_good fixture (133ms)
[WebServer] 127.0.0.1 - - [22/Sep/2026 21:10:52] "GET /tests/render/fixtures/known_broken/sem-section-opening-paragraph.html HTTP/1.1" 200 -
  ✓  257 [vp1280] › tests/render/meta.spec.ts:96:5 › sem-section-opening-paragraph [SEM] › fires on the known_broken fixture (128ms)
[WebServer] 127.0.0.1 - - [22/Sep/2026 21:10:53] "GET /tests/render/fixtures/known_good/sem-section-opening-paragraph.html HTTP/1.1" 200 -
  ✓  258 [vp1280] › tests/render/meta.spec.ts:112:5 › sem-section-opening-paragraph [SEM] › is silent on the known_good fixture (132ms)
[WebServer] 127.0.0.1 - - [22/Sep/2026 21:10:53] "GET /tests/render/fixtures/known_broken/sem-statement-label-visible.html HTTP/1.1" 200 -
  ✓  259 [vp1280] › tests/render/meta.spec.ts:96:5 › sem-statement-label-visible [SEM] › fires on the known_broken fixture (128ms)
[WebServer] 127.0.0.1 - - [22/Sep/2026 21:10:53] "GET /tests/render/fixtures/known_good/sem-statement-label-visible.html HTTP/1.1" 200 -
  ✓  260 [vp1280] › tests/render/meta.spec.ts:112:5 › sem-statement-label-visible [SEM] › is silent on the known_good fixture (132ms)
[WebServer] 127.0.0.1 - - [22/Sep/2026 21:10:53] "GET /tests/render/fixtures/known_broken/schema-single-product-offer.html HTTP/1.1" 200 -
  ✓  261 [vp1280] › tests/render/meta.spec.ts:96:5 › schema-single-product-offer [SCHEMA] › fires on the known_broken fixture (127ms)
[WebServer] 127.0.0.1 - - [22/Sep/2026 21:10:53] "GET /tests/render/fixtures/known_good/schema-single-product-offer.html HTTP/1.1" 200 -
  ✓  262 [vp1280] › tests/render/meta.spec.ts:112:5 › schema-single-product-offer [SCHEMA] › is silent on the known_good fixture (159ms)
[WebServer] 127.0.0.1 - - [22/Sep/2026 21:10:53] "GET /tests/render/fixtures/known_broken/schema-sold-not-instock.html HTTP/1.1" 200 -
  ✓  263 [vp1280] › tests/render/meta.spec.ts:96:5 › schema-sold-not-instock [SCHEMA] › fires on the known_broken fixture (171ms)
[WebServer] 127.0.0.1 - - [22/Sep/2026 21:10:53] "GET /tests/render/fixtures/known_good/schema-sold-not-instock.html HTTP/1.1" 200 -
  ✓  264 [vp1280] › tests/render/meta.spec.ts:112:5 › schema-sold-not-instock [SCHEMA] › is silent on the known_good fixture (157ms)
[WebServer] 127.0.0.1 - - [22/Sep/2026 21:10:54] "GET /tests/render/fixtures/known_broken/schema-date-modified-present.html HTTP/1.1" 200 -
  ✓  265 [vp1280] › tests/render/meta.spec.ts:96:5 › schema-date-modified-present [SCHEMA] › fires on the known_broken fixture (153ms)
[WebServer] 127.0.0.1 - - [22/Sep/2026 21:10:54] "GET /tests/render/fixtures/known_good/schema-date-modified-present.html HTTP/1.1" 200 -
  ✓  266 [vp1280] › tests/render/meta.spec.ts:112:5 › schema-date-modified-present [SCHEMA] › is silent on the known_good fixture (155ms)
[WebServer] 127.0.0.1 - - [22/Sep/2026 21:10:54] "GET /tests/render/fixtures/known_broken/schema-no-visible-date.html HTTP/1.1" 200 -
  ✓  267 [vp1280] › tests/render/meta.spec.ts:96:5 › schema-no-visible-date [SCHEMA] › fires on the known_broken fixture (151ms)
[WebServer] 127.0.0.1 - - [22/Sep/2026 21:10:54] "GET /tests/render/fixtures/known_good/schema-no-visible-date.html HTTP/1.1" 200 -
  ✓  268 [vp1280] › tests/render/meta.spec.ts:112:5 › schema-no-visible-date [SCHEMA] › is silent on the known_good fixture (145ms)
[WebServer] 127.0.0.1 - - [22/Sep/2026 21:10:54] "GET /tests/render/fixtures/known_broken/css-class-resolves.html HTTP/1.1" 200 -
  ✓  269 [vp1280] › tests/render/meta.spec.ts:96:5 › css-class-resolves [CSS] › fires on the known_broken fixture (157ms)
[WebServer] 127.0.0.1 - - [22/Sep/2026 21:10:54] "GET /tests/render/fixtures/known_good/css-class-resolves.html HTTP/1.1" 200 -
  ✓  270 [vp1280] › tests/render/meta.spec.ts:112:5 › css-class-resolves [CSS] › is silent on the known_good fixture (161ms)
[WebServer] 127.0.0.1 - - [22/Sep/2026 21:10:55] "GET /tests/render/fixtures/known_broken/css-no-dead-component-rule.html HTTP/1.1" 200 -
  ✓  271 [vp1280] › tests/render/meta.spec.ts:96:5 › css-no-dead-component-rule [CSS] › fires on the known_broken fixture (152ms)
[WebServer] 127.0.0.1 - - [22/Sep/2026 21:10:55] "GET /tests/render/fixtures/known_good/css-no-dead-component-rule.html HTTP/1.1" 200 -
  ✓  272 [vp1280] › tests/render/meta.spec.ts:112:5 › css-no-dead-component-rule [CSS] › is silent on the known_good fixture (150ms)
[WebServer] 127.0.0.1 - - [22/Sep/2026 21:10:55] "GET /tests/render/fixtures/known_broken/css-component-color-not-overridden.html HTTP/1.1" 200 -
  ✓  273 [vp1280] › tests/render/meta.spec.ts:96:5 › css-component-color-not-overridden [CSS] › fires on the known_broken fixture (169ms)
[WebServer] 127.0.0.1 - - [22/Sep/2026 21:10:55] "GET /tests/render/fixtures/known_good/css-component-color-not-overridden.html HTTP/1.1" 200 -
  ✓  274 [vp1280] › tests/render/meta.spec.ts:112:5 › css-component-color-not-overridden [CSS] › is silent on the known_good fixture (147ms)
[WebServer] 127.0.0.1 - - [22/Sep/2026 21:10:55] "GET /tests/render/fixtures/known_broken/dup-no-sibling-crossover.html HTTP/1.1" 200 -
  ✓  275 [vp1280] › tests/render/meta.spec.ts:96:5 › dup-no-sibling-crossover [DUP] › fires on the known_broken fixture (177ms)
[WebServer] 127.0.0.1 - - [22/Sep/2026 21:10:56] "GET /tests/render/fixtures/known_good/dup-no-sibling-crossover.html HTTP/1.1" 200 -
  ✓  276 [vp1280] › tests/render/meta.spec.ts:112:5 › dup-no-sibling-crossover [DUP] › is silent on the known_good fixture (156ms)
[WebServer] 127.0.0.1 - - [22/Sep/2026 21:10:56] "GET /tests/render/fixtures/known_broken/a11y-text-contrast-aa.html HTTP/1.1" 200 -
  ✓  277 [vp1280] › tests/render/meta.spec.ts:96:5 › a11y-text-contrast-aa [A11Y] › fires on the known_broken fixture (169ms)
[WebServer] 127.0.0.1 - - [22/Sep/2026 21:10:56] "GET /tests/render/fixtures/known_good/a11y-text-contrast-aa.html HTTP/1.1" 200 -
  ✓  278 [vp1280] › tests/render/meta.spec.ts:112:5 › a11y-text-contrast-aa [A11Y] › is silent on the known_good fixture (192ms)
[WebServer] 127.0.0.1 - - [22/Sep/2026 21:10:56] "GET /tests/render/fixtures/known_broken/a11y-no-duplicate-ids.html HTTP/1.1" 200 -
  ✓  279 [vp1280] › tests/render/meta.spec.ts:96:5 › a11y-no-duplicate-ids [A11Y] › fires on the known_broken fixture (184ms)
[WebServer] 127.0.0.1 - - [22/Sep/2026 21:10:56] "GET /tests/render/fixtures/known_good/a11y-no-duplicate-ids.html HTTP/1.1" 200 -
  ✓  242 [vp375] › tests/render/meta.spec.ts:707:3 › nav-jump-target-lands names the direction of failure › names both cohorts when targets fail in opposite directions (10.8s)
  ✓  280 [vp1280] › tests/render/meta.spec.ts:112:5 › a11y-no-duplicate-ids [A11Y] › is silent on the known_good fixture (224ms)
[WebServer] 127.0.0.1 - - [22/Sep/2026 21:10:57] "GET /tests/render/fixtures/known_broken/nav-undershoot-minority.html HTTP/1.1" 200 -
[WebServer] 127.0.0.1 - - [22/Sep/2026 21:10:57] "GET /tests/render/fixtures/known_broken/a11y-hero-ledge-contrast.html HTTP/1.1" 200 -
  ✓  282 [vp1280] › tests/render/meta.spec.ts:96:5 › a11y-hero-ledge-contrast [A11Y] › fires on the known_broken fixture (326ms)
[WebServer] 127.0.0.1 - - [22/Sep/2026 21:10:57] "GET /tests/render/fixtures/known_good/a11y-hero-ledge-contrast.html HTTP/1.1" 200 -
  ✓  283 [vp1280] › tests/render/meta.spec.ts:112:5 › a11y-hero-ledge-contrast [A11Y] › is silent on the known_good fixture (222ms)
  -  284 [vp1280] › tests/render/meta.spec.ts:149:3 › dup-no-sibling-crossover sees a crossover adjacent to a whitelisted line › reports each passage beside the shipping line, and never the line itself
  -  285 [vp1280] › tests/render/meta.spec.ts:200:3 › dup-no-sibling-crossover judges every page against the whole built site › every target is compared against every other built page
  -  286 [vp1280] › tests/render/meta.spec.ts:272:3 › dup-no-sibling-crossover tokenises exactly like dup_content_audit.py › a run that is 12 words only because an apostrophe split a word is not a crossover
  -  287 [vp1280] › tests/render/meta.spec.ts:289:3 › dup-no-sibling-crossover tokenises exactly like dup_content_audit.py › an apostrophe the corpus page writes as &#39; is the same word
  -  288 [vp1280] › tests/render/meta.spec.ts:303:3 › dup-no-sibling-crossover tokenises exactly like dup_content_audit.py › normalise() and the whitelist stems match Python token for token
  ✓  289 [vp1280] › tests/render/meta.spec.ts:348:3 › dist/ freshness gate › a dist/ newer than src/ is fresh (6ms)
  ✓  290 [vp1280] › tests/render/meta.spec.ts:357:3 › dist/ freshness gate › a src/ file newer than every dist/ file is STALE (3ms)
  ✓  291 [vp1280] › tests/render/meta.spec.ts:369:3 › dist/ freshness gate › a newer package.json (the non-directory branch of newest()) forces refusal (4ms)
  ✓  292 [vp1280] › tests/render/meta.spec.ts:384:3 › dist/ freshness gate › a missing dist/ is STALE, never fresh-by-default (2ms)
  ✓  293 [vp1280] › tests/render/meta.spec.ts:396:3 › dist/ freshness gate › an empty dist/ is STALE (5ms)
  ✓  294 [vp1280] › tests/render/meta.spec.ts:407:3 › dist/ freshness gate › vendored trees under src/ are not treated as source (3ms)
  ✓  295 [vp1280] › tests/render/meta.spec.ts:423:3 › dist/ freshness gate › an unreadable path under src/ refuses rather than silently passing as fresh (4ms)
  ✓  296 [vp1280] › tests/render/meta.spec.ts:435:3 › resetRaw › empties a populated raw dir, so a refused run cannot merge into a prior clean scorecard (5ms)
  -  297 [vp1280] › tests/render/meta.spec.ts:553:3 › globalSetup vs spec-module-scope regression probe › resetRaw() at spec module scope loses other workers' partials
  -  298 [vp1280] › tests/render/meta.spec.ts:568:3 › globalSetup vs spec-module-scope regression probe › resetRaw() in globalSetup preserves every project’s partial
  ✓  299 [vp1280] › tests/render/meta.spec.ts:586:3 › resetRaw placement — pins the actual production wiring › resetRaw() is called in global-setup.ts and nowhere in pages.spec.ts (2ms)
  ✓  281 [vp375] › tests/render/meta.spec.ts:726:3 › nav-jump-target-lands names the direction of failure › names an undershooting minority without claiming overshoot (10.8s)
[WebServer] 127.0.0.1 - - [22/Sep/2026 21:11:07] "GET /tests/render/fixtures/known_broken/nav-smooth-scroll-landing.html HTTP/1.1" 200 -
  ✓  300 [vp1280] › tests/render/meta.spec.ts:610:3 › nav-jump-target-lands reports causes, not instances › a page with many broken anchors yields ONE row per failure mode (10.9s)
  -  302 [vp1280] › tests/render/meta.spec.ts:679:3 › nav-jump-target-lands names the direction of failure › fires on a page whose targets overshoot the chrome band
  -  303 [vp1280] › tests/render/meta.spec.ts:691:3 › nav-jump-target-lands names the direction of failure › stays silent when the same page lands inside the band
  -  304 [vp1280] › tests/render/meta.spec.ts:707:3 › nav-jump-target-lands names the direction of failure › names both cohorts when targets fail in opposite directions
  -  305 [vp1280] › tests/render/meta.spec.ts:726:3 › nav-jump-target-lands names the direction of failure › names an undershooting minority without claiming overshoot
  -  306 [vp1280] › tests/render/meta.spec.ts:767:3 › nav-jump-target-lands measures geometry, not smooth-scroll timing › clicks under instant scrolling, restores the page, and still catches the real miss
  ✓  307 [vp1280] › tests/render/meta.spec.ts:839:3 › the check-result contract › accepts a well-formed result (93ms)
  ✓  308 [vp1280] › tests/render/meta.spec.ts:844:3 › the check-result contract › rejects more rows than MAX_DEFECT_ROWS (95ms)
  ✓  309 [vp1280] › tests/render/meta.spec.ts:849:3 › the check-result contract › rejects a row with no count (107ms)
  ✓  310 [vp1280] › tests/render/meta.spec.ts:853:3 › the check-result contract › rejects count: 0 — a defect row describes at least one failure (104ms)
  ✓  311 [vp1280] › tests/render/meta.spec.ts:857:3 › the check-result contract › rejects a row attributed to a different check (89ms)
  ✓  312 [vp1280] › tests/render/meta.spec.ts:863:3 › the check-result contract › rejects a row attributed to a different family (137ms)
  ✓  313 [vp1280] › tests/render/meta.spec.ts:867:3 › the check-result contract › rejects a negative examined count (108ms)
  ✓  314 [vp1280] › tests/render/meta.spec.ts:880:3 › nested slugs cannot silently lose a page › flattenSlug removes every path separator (2ms)
  ✓  315 [vp1280] › tests/render/meta.spec.ts:889:3 › nested slugs cannot silently lose a page › writePartial actually lands a file for a nested slug (3ms)
  -  316 [vp1280] › tests/render/meta.spec.ts:915:3 › measureTopChrome is deterministic and finds late-pinning chrome › finds a rail that only pins past 1.5 viewports
  -  317 [vp1280] › tests/render/meta.spec.ts:929:3 › measureTopChrome is deterministic and finds late-pinning chrome › returns the same height however the page was left scrolled
  -  318 [vp1280] › tests/render/meta.spec.ts:964:3 › waitForScrollSettle does not call an UNSTARTED scroll settled › waits out a scroll whose first frame lands after the stability threshold
  -  319 [vp1280] › tests/render/meta.spec.ts:987:3 › waitForScrollSettle does not call an UNSTARTED scroll settled › still settles promptly when the scroll never needed to move
  -  320 [vp1280] › tests/render/meta.spec.ts:1008:3 › measureTopChrome does not absorb sticky page content › a sticky sidebar pinned at top:0 is not counted as chrome
  -  321 [vp1280] › tests/render/meta.spec.ts:1032:3 › layout-tap-target-size honours WCAG 2.5.8 exemptions › is silent on skip links, prose links, labelled inputs and isolated targets
  ✓  322 [vp1280] › tests/render/meta.spec.ts:1087:3 › dist/ freshness sees a DELETED source page › a built route whose source was deleted is reported by name (4ms)
  ✓  323 [vp1280] › tests/render/meta.spec.ts:1095:3 › dist/ freshness sees a DELETED source page › matching source and built sets report no orphan (2ms)
  ✓  324 [vp1280] › tests/render/meta.spec.ts:1106:3 › dist/ freshness sees a DELETED source page › checkDistFreshness refuses, and its reason names the orphaned route (4ms)
  ✓  325 [vp1280] › tests/render/meta.spec.ts:1120:3 › dist/ freshness sees a DELETED source page › the real repo has no orphaned routes (6ms)
  ✓  326 [vp1280] › tests/render/meta.spec.ts:1159:3 › every registered family is actually wired into targets.json › the predicate names a family that is registered but wired nowhere (1ms)
  ✓  327 [vp1280] › tests/render/meta.spec.ts:1165:3 › every registered family is actually wired into targets.json › a family wired into even one page type is not reported (1ms)
  ✓  328 [vp1280] › tests/render/meta.spec.ts:1173:3 › every registered family is actually wired into targets.json › the REAL repo wires every family it registers (1ms)
  ✓  329 [vp1280] › tests/render/meta.spec.ts:1183:3 › every registered family is actually wired into targets.json › targets.json declares no family that no check registers (1ms)
[WebServer] 127.0.0.1 - - [22/Sep/2026 21:11:11] "GET /tests/render/fixtures/known_broken/img-broken-vs-still-loading.html HTTP/1.1" 200 -
[WebServer] 127.0.0.1 - - [22/Sep/2026 21:11:11] code 404, message File not found
[WebServer] 127.0.0.1 - - [22/Sep/2026 21:11:11] "GET /definitely-not-a-real-image-404.webp HTTP/1.1" 404 -
[WebServer] 127.0.0.1 - - [22/Sep/2026 21:11:11] code 404, message File not found
[WebServer] 127.0.0.1 - - [22/Sep/2026 21:11:11] "GET /definitely-not-a-real-image-404.webp HTTP/1.1" 404 -
  ✓  330 [vp1280] › tests/render/meta.spec.ts:1219:3 › img-srcset-within-2x separates broken from still-loading › a 404 image is still reported — a broken page must not score clean (454ms)
[WebServer] 127.0.0.1 - - [22/Sep/2026 21:11:11] "GET /tests/render/fixtures/known_broken/img-broken-vs-still-loading.html HTTP/1.1" 200 -
[WebServer] 127.0.0.1 - - [22/Sep/2026 21:11:11] code 404, message File not found
[WebServer] 127.0.0.1 - - [22/Sep/2026 21:11:11] "GET /definitely-not-a-real-image-404.webp HTTP/1.1" 404 -
[WebServer] 127.0.0.1 - - [22/Sep/2026 21:11:12] code 404, message File not found
[WebServer] 127.0.0.1 - - [22/Sep/2026 21:11:12] "GET /definitely-not-a-real-image-404.webp HTTP/1.1" 404 -
  ✓  331 [vp1280] › tests/render/meta.spec.ts:1232:3 › img-srcset-within-2x separates broken from still-loading › the decodable image is examined, not skipped (352ms)
[WebServer] 127.0.0.1 - - [22/Sep/2026 21:11:12] "GET /tests/render/fixtures/known_broken/img-broken-vs-still-loading.html HTTP/1.1" 200 -
[WebServer] 127.0.0.1 - - [22/Sep/2026 21:11:12] code 404, message File not found
[WebServer] 127.0.0.1 - - [22/Sep/2026 21:11:12] "GET /definitely-not-a-real-image-404.webp HTTP/1.1" 404 -
[WebServer] 127.0.0.1 - - [22/Sep/2026 21:11:12] code 404, message File not found
[WebServer] 127.0.0.1 - - [22/Sep/2026 21:11:12] "GET /definitely-not-a-real-image-404.webp HTTP/1.1" 404 -
  ✓  332 [vp1280] › tests/render/meta.spec.ts:1243:3 › img-srcset-within-2x separates broken from still-loading › no defect row ever describes an image as merely still loading (316ms)
[WebServer] 127.0.0.1 - - [22/Sep/2026 21:11:12] "GET /tests/render/fixtures/form-inquiry-contract-noform.html HTTP/1.1" 200 -
  ✓  333 [vp1280] › tests/render/meta.spec.ts:1291:3 › form-inquiry-contract: zero-examined is a defect only where a form is expected › the contact page with no non-search form fires one defect (129ms)
[WebServer] 127.0.0.1 - - [22/Sep/2026 21:11:12] "GET /tests/render/fixtures/form-inquiry-contract-noform.html HTTP/1.1" 200 -
  ✓  334 [vp1280] › tests/render/meta.spec.ts:1307:3 › form-inquiry-contract: zero-examined is a defect only where a form is expected › a location page with no non-search form is silent (127ms)
[WebServer] 127.0.0.1 - - [22/Sep/2026 21:11:12] "GET /tests/render/fixtures/form-inquiry-contract-noform.html HTTP/1.1" 200 -
  ✓  335 [vp1280] › tests/render/meta.spec.ts:1320:3 › form-inquiry-contract: zero-examined is a defect only where a form is expected › a hub page with no non-search form is silent (124ms)
  ✓  336 [vp1280] › tests/render/meta.spec.ts:1345:3 › fieldChecksSkipped pins the field-contract exemption list › in scope: every rich and blog page, contact page included (2ms)
  ✓  337 [vp1280] › tests/render/meta.spec.ts:1357:3 › fieldChecksSkipped pins the field-contract exemption list › exempt: the uk-locations cluster and the hubs (2ms)
  ✓  338 [vp1280] › tests/render/meta.spec.ts:1374:3 › contractFor pins the per-slug field contract › full: rich pages (5ms)
  ✓  339 [vp1280] › tests/render/meta.spec.ts:1379:3 › contractFor pins the per-slug field contract › short: blog-kind pages, and blog/* posts absent from the map (2ms)
  ✓  340 [vp1280] › tests/render/meta.spec.ts:1383:3 › contractFor pins the per-slug field contract › none: the locations cluster and the hubs (3ms)
  ✓  341 [vp1280] › tests/render/meta.spec.ts:1397:3 › formExpected pins the zero-examined exemption list › expected: the contact page only (1ms)
  ✓  342 [vp1280] › tests/render/meta.spec.ts:1401:3 › formExpected pins the zero-examined exemption list › not expected: other interior pages, home, puppy, hub, location and blog (3ms)
[WebServer] 127.0.0.1 - - [22/Sep/2026 21:11:13] "GET /tests/render/fixtures/known_good/form-inquiry-contract-blog-short.html HTTP/1.1" 200 -
  ✓  343 [vp1280] › tests/render/meta.spec.ts:1424:3 › form-inquiry-contract: the short (blog) contract is exercised › a blog-kind page with name/email/message only is clean (137ms)
[WebServer] 127.0.0.1 - - [22/Sep/2026 21:11:13] "GET /tests/render/fixtures/known_good/form-inquiry-contract-blog-short.html HTTP/1.1" 200 -
  ✓  344 [vp1280] › tests/render/meta.spec.ts:1439:3 › form-inquiry-contract: the short (blog) contract is exercised › the same form missing `message` fires (127ms)
  ✓  345 [vp1280] › tests/render/meta.spec.ts:1477:3 › every deferred check is registered and still passes both fixtures › every deferred id names a check the registry actually holds (1ms)
  ✓  346 [vp1280] › tests/render/meta.spec.ts:1497:3 › every deferred check is registered and still passes both fixtures › every deferred id carries a reason that states its promotion condition (1ms)
  ✓  347 [vp1280] › tests/render/meta.spec.ts:1520:3 › every deferred check is registered and still passes both fixtures › no deferred check is actually examining nodes in the latest run (7ms)
[WebServer] 127.0.0.1 - - [22/Sep/2026 21:11:13] "GET /tests/render/fixtures/known_good/kit-counter-separated.html HTTP/1.1" 200 -
  ✓  348 [vp1280] › tests/render/meta.spec.ts:1599:3 › layout-hero-counter-separation [kit CounterStrip] › is silent on the kit strip with its bed and rule (133ms)
[WebServer] 127.0.0.1 - - [22/Sep/2026 21:11:13] "GET /tests/render/fixtures/known_broken/kit-counter-flush.html HTTP/1.1" 200 -
  ✓  349 [vp1280] › tests/render/meta.spec.ts:1609:3 › layout-hero-counter-separation [kit CounterStrip] › fires when the kit strip keeps the hero band and drops the rule (135ms)
  -  350 [vp1280] › tests/render/meta.spec.ts:1659:3 › nav-bottom-chrome-clear [kit SectionSheet] › is silent on the kit bar that reserves its own height
  -  351 [vp1280] › tests/render/meta.spec.ts:1672:3 › nav-bottom-chrome-clear [kit SectionSheet] › fires when the kit bar keeps its height but drops the body reservation
[WebServer] 127.0.0.1 - - [22/Sep/2026 21:11:14] "GET /tests/render/fixtures/known_good/kit-h3-image-first.html HTTP/1.1" 200 -
  ✓  352 [vp1280] › tests/render/meta.spec.ts:1708:3 › layout-h3-image-first [kit InfoCard] › is silent on the kit card with its image above its prose (175ms)
[WebServer] 127.0.0.1 - - [22/Sep/2026 21:11:14] "GET /tests/render/fixtures/known_broken/kit-h3-image-last.html HTTP/1.1" 200 -
  ✓  353 [vp1280] › tests/render/meta.spec.ts:1720:3 › layout-h3-image-first [kit InfoCard] › fires when the kit card drops the image below the prose (174ms)
[WebServer] 127.0.0.1 - - [22/Sep/2026 21:11:14] "GET /tests/render/fixtures/known_good/kit-stmt-label.html HTTP/1.1" 200 -
  ✓  354 [vp1280] › tests/render/meta.spec.ts:1735:3 › sem-statement-label-visible [kit InfoCard] › is silent on the kit card labels in all three places it puts one (202ms)
[WebServer] 127.0.0.1 - - [22/Sep/2026 21:11:14] "GET /tests/render/fixtures/known_broken/kit-stmt-label-hidden.html HTTP/1.1" 200 -
  ✓  355 [vp1280] › tests/render/meta.spec.ts:1747:3 › sem-statement-label-visible [kit InfoCard] › fires on a hidden label and on one with no kind (173ms)
[WebServer] 127.0.0.1 - - [22/Sep/2026 21:11:14] "GET /tests/render/fixtures/known_good/kit-hero-aside-ink.html HTTP/1.1" 200 -
  ✓  356 [vp1280] › tests/render/meta.spec.ts:1772:3 › a11y-text-contrast-aa [kit Hero aside] › is silent on the aside once it states the ink for the bed it paints (150ms)
[WebServer] 127.0.0.1 - - [22/Sep/2026 21:11:15] "GET /tests/render/fixtures/known_broken/kit-hero-aside-ink-inherited.html HTTP/1.1" 200 -
  ✓  357 [vp1280] › tests/render/meta.spec.ts:1784:3 › a11y-text-contrast-aa [kit Hero aside] › fires on the aside that inherits the band ink onto its own light bed (205ms)
  ✓  301 [vp375] › tests/render/meta.spec.ts:767:3 › nav-jump-target-lands measures geometry, not smooth-scroll timing › clicks under instant scrolling, restores the page, and still catches the real miss (15.9s)
  ✓  358 [vp375] › tests/render/meta.spec.ts:839:3 › the check-result contract › accepts a well-formed result (94ms)
  ✓  359 [vp375] › tests/render/meta.spec.ts:844:3 › the check-result contract › rejects more rows than MAX_DEFECT_ROWS (92ms)
  ✓  360 [vp375] › tests/render/meta.spec.ts:849:3 › the check-result contract › rejects a row with no count (118ms)
  ✓  361 [vp375] › tests/render/meta.spec.ts:853:3 › the check-result contract › rejects count: 0 — a defect row describes at least one failure (104ms)
  ✓  362 [vp375] › tests/render/meta.spec.ts:857:3 › the check-result contract › rejects a row attributed to a different check (116ms)
  ✓  363 [vp375] › tests/render/meta.spec.ts:863:3 › the check-result contract › rejects a row attributed to a different family (114ms)
  ✓  364 [vp375] › tests/render/meta.spec.ts:867:3 › the check-result contract › rejects a negative examined count (111ms)
  ✓  365 [vp375] › tests/render/meta.spec.ts:880:3 › nested slugs cannot silently lose a page › flattenSlug removes every path separator (2ms)
  ✓  366 [vp375] › tests/render/meta.spec.ts:889:3 › nested slugs cannot silently lose a page › writePartial actually lands a file for a nested slug (7ms)
[WebServer] 127.0.0.1 - - [22/Sep/2026 21:11:24] "GET /tests/render/fixtures/known_broken/chrome-late-rail.html HTTP/1.1" 200 -
  ✓  367 [vp375] › tests/render/meta.spec.ts:915:3 › measureTopChrome is deterministic and finds late-pinning chrome › finds a rail that only pins past 1.5 viewports (822ms)
[WebServer] 127.0.0.1 - - [22/Sep/2026 21:11:25] "GET /tests/render/fixtures/known_broken/chrome-late-rail.html HTTP/1.1" 200 -
  ✓  368 [vp375] › tests/render/meta.spec.ts:929:3 › measureTopChrome is deterministic and finds late-pinning chrome › returns the same height however the page was left scrolled (2.5s)
[WebServer] 127.0.0.1 - - [22/Sep/2026 21:11:27] "GET /tests/render/fixtures/known_broken/scroll-late-start.html HTTP/1.1" 200 -
  ✓  369 [vp375] › tests/render/meta.spec.ts:964:3 › waitForScrollSettle does not call an UNSTARTED scroll settled › waits out a scroll whose first frame lands after the stability threshold (610ms)
[WebServer] 127.0.0.1 - - [22/Sep/2026 21:11:28] "GET /tests/render/fixtures/known_broken/scroll-late-start.html HTTP/1.1" 200 -
  ✓  370 [vp375] › tests/render/meta.spec.ts:987:3 › waitForScrollSettle does not call an UNSTARTED scroll settled › still settles promptly when the scroll never needed to move (583ms)
[WebServer] 127.0.0.1 - - [22/Sep/2026 21:11:29] "GET /tests/render/fixtures/known_broken/chrome-sticky-sidebar.html HTTP/1.1" 200 -
  ✓  371 [vp375] › tests/render/meta.spec.ts:1008:3 › measureTopChrome does not absorb sticky page content › a sticky sidebar pinned at top:0 is not counted as chrome (824ms)
[WebServer] 127.0.0.1 - - [22/Sep/2026 21:11:29] "GET /tests/render/fixtures/known_good/layout-tap-target-exemptions.html HTTP/1.1" 200 -
  ✓  372 [vp375] › tests/render/meta.spec.ts:1032:3 › layout-tap-target-size honours WCAG 2.5.8 exemptions › is silent on skip links, prose links, labelled inputs and isolated targets (138ms)
  ✓  373 [vp375] › tests/render/meta.spec.ts:1087:3 › dist/ freshness sees a DELETED source page › a built route whose source was deleted is reported by name (4ms)
  ✓  374 [vp375] › tests/render/meta.spec.ts:1095:3 › dist/ freshness sees a DELETED source page › matching source and built sets report no orphan (3ms)
  ✓  375 [vp375] › tests/render/meta.spec.ts:1106:3 › dist/ freshness sees a DELETED source page › checkDistFreshness refuses, and its reason names the orphaned route (4ms)
  ✓  376 [vp375] › tests/render/meta.spec.ts:1120:3 › dist/ freshness sees a DELETED source page › the real repo has no orphaned routes (5ms)
  ✓  377 [vp375] › tests/render/meta.spec.ts:1159:3 › every registered family is actually wired into targets.json › the predicate names a family that is registered but wired nowhere (2ms)
  ✓  378 [vp375] › tests/render/meta.spec.ts:1165:3 › every registered family is actually wired into targets.json › a family wired into even one page type is not reported (1ms)
  ✓  379 [vp375] › tests/render/meta.spec.ts:1173:3 › every registered family is actually wired into targets.json › the REAL repo wires every family it registers (1ms)
  ✓  380 [vp375] › tests/render/meta.spec.ts:1183:3 › every registered family is actually wired into targets.json › targets.json declares no family that no check registers (1ms)
[WebServer] 127.0.0.1 - - [22/Sep/2026 21:11:30] "GET /tests/render/fixtures/known_broken/img-broken-vs-still-loading.html HTTP/1.1" 200 -
[WebServer] 127.0.0.1 - - [22/Sep/2026 21:11:30] code 404, message File not found
[WebServer] 127.0.0.1 - - [22/Sep/2026 21:11:30] "GET /definitely-not-a-real-image-404.webp HTTP/1.1" 404 -
[WebServer] 127.0.0.1 - - [22/Sep/2026 21:11:30] code 404, message File not found
[WebServer] 127.0.0.1 - - [22/Sep/2026 21:11:30] "GET /definitely-not-a-real-image-404.webp HTTP/1.1" 404 -
  ✓  381 [vp375] › tests/render/meta.spec.ts:1219:3 › img-srcset-within-2x separates broken from still-loading › a 404 image is still reported — a broken page must not score clean (323ms)
[WebServer] 127.0.0.1 - - [22/Sep/2026 21:11:30] "GET /tests/render/fixtures/known_broken/img-broken-vs-still-loading.html HTTP/1.1" 200 -
[WebServer] 127.0.0.1 - - [22/Sep/2026 21:11:30] code 404, message File not found
[WebServer] 127.0.0.1 - - [22/Sep/2026 21:11:30] "GET /definitely-not-a-real-image-404.webp HTTP/1.1" 404 -
[WebServer] 127.0.0.1 - - [22/Sep/2026 21:11:30] code 404, message File not found
[WebServer] 127.0.0.1 - - [22/Sep/2026 21:11:30] "GET /definitely-not-a-real-image-404.webp HTTP/1.1" 404 -
  ✓  382 [vp375] › tests/render/meta.spec.ts:1232:3 › img-srcset-within-2x separates broken from still-loading › the decodable image is examined, not skipped (324ms)
[WebServer] 127.0.0.1 - - [22/Sep/2026 21:11:30] "GET /tests/render/fixtures/known_broken/img-broken-vs-still-loading.html HTTP/1.1" 200 -
[WebServer] 127.0.0.1 - - [22/Sep/2026 21:11:30] code 404, message File not found
[WebServer] 127.0.0.1 - - [22/Sep/2026 21:11:30] "GET /definitely-not-a-real-image-404.webp HTTP/1.1" 404 -
[WebServer] 127.0.0.1 - - [22/Sep/2026 21:11:31] code 404, message File not found
[WebServer] 127.0.0.1 - - [22/Sep/2026 21:11:31] "GET /definitely-not-a-real-image-404.webp HTTP/1.1" 404 -
  ✓  383 [vp375] › tests/render/meta.spec.ts:1243:3 › img-srcset-within-2x separates broken from still-loading › no defect row ever describes an image as merely still loading (318ms)
[WebServer] 127.0.0.1 - - [22/Sep/2026 21:11:31] "GET /tests/render/fixtures/form-inquiry-contract-noform.html HTTP/1.1" 200 -
  ✓  384 [vp375] › tests/render/meta.spec.ts:1291:3 › form-inquiry-contract: zero-examined is a defect only where a form is expected › the contact page with no non-search form fires one defect (126ms)
[WebServer] 127.0.0.1 - - [22/Sep/2026 21:11:31] "GET /tests/render/fixtures/form-inquiry-contract-noform.html HTTP/1.1" 200 -
  ✓  385 [vp375] › tests/render/meta.spec.ts:1307:3 › form-inquiry-contract: zero-examined is a defect only where a form is expected › a location page with no non-search form is silent (128ms)
[WebServer] 127.0.0.1 - - [22/Sep/2026 21:11:31] "GET /tests/render/fixtures/form-inquiry-contract-noform.html HTTP/1.1" 200 -
  ✓  386 [vp375] › tests/render/meta.spec.ts:1320:3 › form-inquiry-contract: zero-examined is a defect only where a form is expected › a hub page with no non-search form is silent (157ms)
  ✓  387 [vp375] › tests/render/meta.spec.ts:1345:3 › fieldChecksSkipped pins the field-contract exemption list › in scope: every rich and blog page, contact page included (4ms)
  ✓  388 [vp375] › tests/render/meta.spec.ts:1357:3 › fieldChecksSkipped pins the field-contract exemption list › exempt: the uk-locations cluster and the hubs (2ms)
  ✓  389 [vp375] › tests/render/meta.spec.ts:1374:3 › contractFor pins the per-slug field contract › full: rich pages (1ms)
  ✓  390 [vp375] › tests/render/meta.spec.ts:1379:3 › contractFor pins the per-slug field contract › short: blog-kind pages, and blog/* posts absent from the map (1ms)
  ✓  391 [vp375] › tests/render/meta.spec.ts:1383:3 › contractFor pins the per-slug field contract › none: the locations cluster and the hubs (2ms)
  ✓  392 [vp375] › tests/render/meta.spec.ts:1397:3 › formExpected pins the zero-examined exemption list › expected: the contact page only (0ms)
  ✓  393 [vp375] › tests/render/meta.spec.ts:1401:3 › formExpected pins the zero-examined exemption list › not expected: other interior pages, home, puppy, hub, location and blog (2ms)
[WebServer] 127.0.0.1 - - [22/Sep/2026 21:11:31] "GET /tests/render/fixtures/known_good/form-inquiry-contract-blog-short.html HTTP/1.1" 200 -
  ✓  394 [vp375] › tests/render/meta.spec.ts:1424:3 › form-inquiry-contract: the short (blog) contract is exercised › a blog-kind page with name/email/message only is clean (143ms)
[WebServer] 127.0.0.1 - - [22/Sep/2026 21:11:31] "GET /tests/render/fixtures/known_good/form-inquiry-contract-blog-short.html HTTP/1.1" 200 -
  ✓  395 [vp375] › tests/render/meta.spec.ts:1439:3 › form-inquiry-contract: the short (blog) contract is exercised › the same form missing `message` fires (129ms)
  ✓  396 [vp375] › tests/render/meta.spec.ts:1477:3 › every deferred check is registered and still passes both fixtures › every deferred id names a check the registry actually holds (1ms)
  ✓  397 [vp375] › tests/render/meta.spec.ts:1497:3 › every deferred check is registered and still passes both fixtures › every deferred id carries a reason that states its promotion condition (0ms)
  ✓  398 [vp375] › tests/render/meta.spec.ts:1520:3 › every deferred check is registered and still passes both fixtures › no deferred check is actually examining nodes in the latest run (7ms)
[WebServer] 127.0.0.1 - - [22/Sep/2026 21:11:32] "GET /tests/render/fixtures/known_good/kit-counter-separated.html HTTP/1.1" 200 -
  ✓  399 [vp375] › tests/render/meta.spec.ts:1599:3 › layout-hero-counter-separation [kit CounterStrip] › is silent on the kit strip with its bed and rule (130ms)
[WebServer] 127.0.0.1 - - [22/Sep/2026 21:11:32] "GET /tests/render/fixtures/known_broken/kit-counter-flush.html HTTP/1.1" 200 -
  ✓  400 [vp375] › tests/render/meta.spec.ts:1609:3 › layout-hero-counter-separation [kit CounterStrip] › fires when the kit strip keeps the hero band and drops the rule (129ms)
[WebServer] 127.0.0.1 - - [22/Sep/2026 21:11:32] "GET /tests/render/fixtures/known_good/kit-bottom-chrome-clear.html HTTP/1.1" 200 -
  ✓  401 [vp375] › tests/render/meta.spec.ts:1659:3 › nav-bottom-chrome-clear [kit SectionSheet] › is silent on the kit bar that reserves its own height (131ms)
[WebServer] 127.0.0.1 - - [22/Sep/2026 21:11:32] "GET /tests/render/fixtures/known_broken/kit-bottom-chrome-covers.html HTTP/1.1" 200 -
  ✓  402 [vp375] › tests/render/meta.spec.ts:1672:3 › nav-bottom-chrome-clear [kit SectionSheet] › fires when the kit bar keeps its height but drops the body reservation (127ms)
[WebServer] 127.0.0.1 - - [22/Sep/2026 21:11:32] "GET /tests/render/fixtures/known_good/kit-h3-image-first.html HTTP/1.1" 200 -
  ✓  403 [vp375] › tests/render/meta.spec.ts:1708:3 › layout-h3-image-first [kit InfoCard] › is silent on the kit card with its image above its prose (127ms)
[WebServer] 127.0.0.1 - - [22/Sep/2026 21:11:32] "GET /tests/render/fixtures/known_broken/kit-h3-image-last.html HTTP/1.1" 200 -
  ✓  404 [vp375] › tests/render/meta.spec.ts:1720:3 › layout-h3-image-first [kit InfoCard] › fires when the kit card drops the image below the prose (129ms)
[WebServer] 127.0.0.1 - - [22/Sep/2026 21:11:32] "GET /tests/render/fixtures/known_good/kit-stmt-label.html HTTP/1.1" 200 -
  ✓  405 [vp375] › tests/render/meta.spec.ts:1735:3 › sem-statement-label-visible [kit InfoCard] › is silent on the kit card labels in all three places it puts one (142ms)
[WebServer] 127.0.0.1 - - [22/Sep/2026 21:11:33] "GET /tests/render/fixtures/known_broken/kit-stmt-label-hidden.html HTTP/1.1" 200 -
  ✓  406 [vp375] › tests/render/meta.spec.ts:1747:3 › sem-statement-label-visible [kit InfoCard] › fires on a hidden label and on one with no kind (133ms)
[WebServer] 127.0.0.1 - - [22/Sep/2026 21:11:33] "GET /tests/render/fixtures/known_good/kit-hero-aside-ink.html HTTP/1.1" 200 -
  ✓  407 [vp375] › tests/render/meta.spec.ts:1772:3 › a11y-text-contrast-aa [kit Hero aside] › is silent on the aside once it states the ink for the bed it paints (132ms)
[WebServer] 127.0.0.1 - - [22/Sep/2026 21:11:33] "GET /tests/render/fixtures/known_broken/kit-hero-aside-ink-inherited.html HTTP/1.1" 200 -
  ✓  408 [vp375] › tests/render/meta.spec.ts:1784:3 › a11y-text-contrast-aa [kit Hero aside] › fires on the aside that inherits the band ink onto its own light bed (131ms)

  38 skipped
  370 passed (1.7m)
### EXIT 0 : npm run test:render:meta
### STEP: npm run test:render:pages

> bsuk@0.1.0 test:render:pages
> playwright test -c tests/render/playwright.config.ts pages.spec.ts


Running 60 tests using 2 workers

[freshness] dist/ is current (newest: dist/search-index.json)
[freshness] dist/ is current (newest: dist/search-index.json)
[WebServer] 127.0.0.1 - - [22/Sep/2026 21:11:38] "GET / HTTP/1.1" 200 -
[WebServer] 127.0.0.1 - - [22/Sep/2026 21:11:38] "GET /_astro/SiteHeaderKit.astro_astro_type_script_index_0_lang.oN0o2SoY.js HTTP/1.1" 200 -
[WebServer] 127.0.0.1 - - [22/Sep/2026 21:11:38] "GET /images/blue-staffy-puppy-for-sale-uk.webp HTTP/1.1" 200 -
[WebServer] 127.0.0.1 - - [22/Sep/2026 21:11:38] "GET / HTTP/1.1" 200 -
[WebServer] 127.0.0.1 - - [22/Sep/2026 21:11:38] "GET /_astro/SiteHeaderKit.astro_astro_type_script_index_0_lang.oN0o2SoY.js HTTP/1.1" 200 -
[WebServer] 127.0.0.1 - - [22/Sep/2026 21:11:38] "GET /images/blue-staffy-puppy-for-sale-uk-440.webp HTTP/1.1" 200 -
[WebServer] 127.0.0.1 - - [22/Sep/2026 21:11:38] "GET /_astro/search.BBlYNZ37.js HTTP/1.1" 200 -
[WebServer] 127.0.0.1 - - [22/Sep/2026 21:11:38] "GET /images/buy-staffy-health-guarantee-uk.webp HTTP/1.1" 200 -
[WebServer] 127.0.0.1 - - [22/Sep/2026 21:11:38] "GET /_astro/search.BBlYNZ37.js HTTP/1.1" 200 -
[WebServer] 127.0.0.1 - - [22/Sep/2026 21:11:39] code 404, message File not found
[WebServer] 127.0.0.1 - - [22/Sep/2026 21:11:39] "GET /__bsuk_pending_image__/0.webp HTTP/1.1" 404 -
[WebServer] 127.0.0.1 - - [22/Sep/2026 21:11:39] code 404, message File not found
[WebServer] 127.0.0.1 - - [22/Sep/2026 21:11:39] "GET /__bsuk_pending_image__/0.webp HTTP/1.1" 404 -
[WebServer] 127.0.0.1 - - [22/Sep/2026 21:11:39] "GET /images/victoria-family-blue-staffy-manchester.webp HTTP/1.1" 200 -
[WebServer] 127.0.0.1 - - [22/Sep/2026 21:11:39] "GET /_astro/Roman2.C-A0j1ry_1uH9rQ.webp HTTP/1.1" 200 -
[WebServer] 127.0.0.1 - - [22/Sep/2026 21:11:39] "GET /_astro/Byrd1.Dc5KZxb2_Z12dGBv.webp HTTP/1.1" 200 -
[WebServer] 127.0.0.1 - - [22/Sep/2026 21:11:39] "GET /_astro/Ince1.CjowFAsd_Z8xVgY.webp HTTP/1.1" 200 -
[WebServer] 127.0.0.1 - - [22/Sep/2026 21:11:39] "GET /_astro/Vennie.ke5yj4Fb_qwe4J.webp HTTP/1.1" 200 -
[WebServer] 127.0.0.1 - - [22/Sep/2026 21:11:39] "GET /_astro/Christa.DCD6hF9z_24FDMC.webp HTTP/1.1" 200 -
[WebServer] 127.0.0.1 - - [22/Sep/2026 21:11:39] "GET /_astro/Cheryl1.BA5--lqv_1QWN42.webp HTTP/1.1" 200 -
[WebServer] 127.0.0.1 - - [22/Sep/2026 21:11:39] "GET /images/playful-staffy-puppies-uk-sale.webp HTTP/1.1" 200 -
[WebServer] 127.0.0.1 - - [22/Sep/2026 21:11:39] "GET /images/kc-staffy-puppies-for-rehoming-uk.webp HTTP/1.1" 200 -
[WebServer] 127.0.0.1 - - [22/Sep/2026 21:11:39] "GET /images/kc-registered-blue-staffy-pups-london.webp HTTP/1.1" 200 -
[WebServer] 127.0.0.1 - - [22/Sep/2026 21:11:39] "GET /images/buy-staffy-health-guarantee-uk-760.webp HTTP/1.1" 200 -
[WebServer] 127.0.0.1 - - [22/Sep/2026 21:11:39] "GET /images/maggie-blue-staffy-dam-with-pups.webp HTTP/1.1" 200 -
[WebServer] 127.0.0.1 - - [22/Sep/2026 21:11:39] "GET /images/blue-staffy-family-dog-uk.webp HTTP/1.1" 200 -
[WebServer] 127.0.0.1 - - [22/Sep/2026 21:11:39] "GET /images/playful-blue-staffy-lawn-uk.webp HTTP/1.1" 200 -
[WebServer] 127.0.0.1 - - [22/Sep/2026 21:11:39] "GET /images/blue-staffy-puppy-vet-check-uk.webp HTTP/1.1" 200 -
[WebServer] 127.0.0.1 - - [22/Sep/2026 21:11:39] "GET /images/healthy-staffy-breed-guide-1.webp HTTP/1.1" 200 -
[WebServer] 127.0.0.1 - - [22/Sep/2026 21:11:39] "GET /images/victoria-family-blue-staffy-manchester-440.webp HTTP/1.1" 200 -
[WebServer] 127.0.0.1 - - [22/Sep/2026 21:11:39] "GET /images/bluestaffyuk-nationwide-delivery.webp HTTP/1.1" 200 -
[WebServer] 127.0.0.1 - - [22/Sep/2026 21:11:39] "GET /_astro/Roman2.C-A0j1ry_1uH9rQ.webp HTTP/1.1" 200 -
[WebServer] 127.0.0.1 - - [22/Sep/2026 21:11:39] "GET /_astro/Byrd1.Dc5KZxb2_Z12dGBv.webp HTTP/1.1" 200 -
[WebServer] 127.0.0.1 - - [22/Sep/2026 21:11:39] "GET /_astro/Ince1.CjowFAsd_Z8xVgY.webp HTTP/1.1" 200 -
[WebServer] 127.0.0.1 - - [22/Sep/2026 21:11:39] "GET /_astro/Vennie.ke5yj4Fb_qwe4J.webp HTTP/1.1" 200 -
[WebServer] 127.0.0.1 - - [22/Sep/2026 21:11:39] "GET /_astro/Christa.DCD6hF9z_24FDMC.webp HTTP/1.1" 200 -
[WebServer] 127.0.0.1 - - [22/Sep/2026 21:11:39] "GET /images/mark-blue-staffy-london.webp HTTP/1.1" 200 -
[WebServer] 127.0.0.1 - - [22/Sep/2026 21:11:39] "GET /_astro/Cheryl1.BA5--lqv_1QWN42.webp HTTP/1.1" 200 -
[WebServer] 127.0.0.1 - - [22/Sep/2026 21:11:39] "GET /images/playful-staffy-puppies-uk-sale.webp HTTP/1.1" 200 -
[WebServer] 127.0.0.1 - - [22/Sep/2026 21:11:39] "GET /images/kc-staffy-puppies-for-rehoming-uk.webp HTTP/1.1" 200 -
[WebServer] 127.0.0.1 - - [22/Sep/2026 21:11:39] "GET /images/kc-registered-blue-staffy-pups-london.webp HTTP/1.1" 200 -
[WebServer] 127.0.0.1 - - [22/Sep/2026 21:11:39] "GET /images/playful-blue-staffy-lawn-uk-760.webp HTTP/1.1" 200 -
[WebServer] 127.0.0.1 - - [22/Sep/2026 21:11:39] "GET /images/maggie-blue-staffy-dam-with-pups-760.webp HTTP/1.1" 200 -
[WebServer] 127.0.0.1 - - [22/Sep/2026 21:11:39] "GET /images/blue-staffy-family-dog-uk.webp HTTP/1.1" 200 -
[WebServer] 127.0.0.1 - - [22/Sep/2026 21:11:39] "GET /images/blue-staffy-puppy-vet-check-uk-760.webp HTTP/1.1" 200 -
[WebServer] 127.0.0.1 - - [22/Sep/2026 21:11:39] "GET /images/healthy-staffy-breed-guide-1.webp HTTP/1.1" 200 -
[WebServer] 127.0.0.1 - - [22/Sep/2026 21:11:39] "GET /images/bluestaffyuk-nationwide-delivery-760.webp HTTP/1.1" 200 -
[WebServer] 127.0.0.1 - - [22/Sep/2026 21:11:39] "GET /images/blue-staffy-puppy-delivery-uk-760.webp HTTP/1.1" 200 -
[WebServer] 127.0.0.1 - - [22/Sep/2026 21:11:39] "GET /images/mark-blue-staffy-london.webp HTTP/1.1" 200 -
[WebServer] 127.0.0.1 - - [22/Sep/2026 21:11:44] "GET /images/blue-staffy-puppy-delivery-uk.webp HTTP/1.1" 200 -
  ✓   1 [vp768] › tests/render/pages.spec.ts:109:3 › index (23.1s)
[WebServer] 127.0.0.1 - - [22/Sep/2026 21:12:00] "GET /buy-blue-staffy-puppies-uk/ HTTP/1.1" 200 -
[WebServer] 127.0.0.1 - - [22/Sep/2026 21:12:00] "GET /_astro/SiteHeaderKit.astro_astro_type_script_index_0_lang.oN0o2SoY.js HTTP/1.1" 200 -
[WebServer] 127.0.0.1 - - [22/Sep/2026 21:12:00] "GET /images/staffordshire-bull-terrier-for-sale-uk-ready-400.webp HTTP/1.1" 200 -
[WebServer] 127.0.0.1 - - [22/Sep/2026 21:12:01] "GET /images/blue-staffy-pups-near-you-400.webp HTTP/1.1" 200 -
[WebServer] 127.0.0.1 - - [22/Sep/2026 21:12:01] "GET /_astro/Roman2.C-A0j1ry_1uH9rQ.webp HTTP/1.1" 200 -
[WebServer] 127.0.0.1 - - [22/Sep/2026 21:12:01] "GET /_astro/Byrd1.Dc5KZxb2_Z12dGBv.webp HTTP/1.1" 200 -
[WebServer] 127.0.0.1 - - [22/Sep/2026 21:12:01] "GET /images/blue-staffy-puppy-delivery-uk-400.webp HTTP/1.1" 200 -
[WebServer] 127.0.0.1 - - [22/Sep/2026 21:12:01] "GET /_astro/Ince1.CjowFAsd_Z8xVgY.webp HTTP/1.1" 200 -
[WebServer] 127.0.0.1 - - [22/Sep/2026 21:12:01] "GET /_astro/search.BBlYNZ37.js HTTP/1.1" 200 -
[WebServer] 127.0.0.1 - - [22/Sep/2026 21:12:01] "GET /_astro/Vennie.ke5yj4Fb_qwe4J.webp HTTP/1.1" 200 -
[WebServer] 127.0.0.1 - - [22/Sep/2026 21:12:01] "GET /_astro/Christa.DCD6hF9z_24FDMC.webp HTTP/1.1" 200 -
[WebServer] 127.0.0.1 - - [22/Sep/2026 21:12:01] "GET /_astro/Cheryl1.BA5--lqv_1QWN42.webp HTTP/1.1" 200 -
[WebServer] 127.0.0.1 - - [22/Sep/2026 21:12:01] code 404, message File not found
[WebServer] 127.0.0.1 - - [22/Sep/2026 21:12:01] "GET /__bsuk_pending_image__/0.webp HTTP/1.1" 404 -
[WebServer] 127.0.0.1 - - [22/Sep/2026 21:12:01] code 404, message File not found
[WebServer] 127.0.0.1 - - [22/Sep/2026 21:12:01] "GET /__bsuk_pending_image__/1.webp HTTP/1.1" 404 -
[WebServer] 127.0.0.1 - - [22/Sep/2026 21:12:01] code 404, message File not found
[WebServer] 127.0.0.1 - - [22/Sep/2026 21:12:01] "GET /__bsuk_pending_image__/2.webp HTTP/1.1" 404 -
[WebServer] 127.0.0.1 - - [22/Sep/2026 21:12:01] "GET /images/blue-staffy-puppy-testimonial-cardiff-daniel.webp HTTP/1.1" 200 -
[WebServer] 127.0.0.1 - - [22/Sep/2026 21:12:01] "GET /images/buy-staffordshire-bull-terrier-uk-now.webp HTTP/1.1" 200 -
[WebServer] 127.0.0.1 - - [22/Sep/2026 21:12:01] "GET /images/blue-staffy-puppy-delivery-uk.webp HTTP/1.1" 200 -
[WebServer] 127.0.0.1 - - [22/Sep/2026 21:12:01] "GET /images/blue-staffy-pups-near-you.webp HTTP/1.1" 200 -
[WebServer] 127.0.0.1 - - [22/Sep/2026 21:12:01] "GET /images/blue-staffy-testimonial-london-happy-owner.webp HTTP/1.1" 200 -
[WebServer] 127.0.0.1 - - [22/Sep/2026 21:12:01] "GET /images/uk-blue-staffy-breeders-trust.webp HTTP/1.1" 200 -
  ✓   2 [vp375] › tests/render/pages.spec.ts:109:3 › index (25.2s)
[WebServer] 127.0.0.1 - - [22/Sep/2026 21:12:03] "GET /buy-blue-staffy-puppies-uk/ HTTP/1.1" 200 -
[WebServer] 127.0.0.1 - - [22/Sep/2026 21:12:03] "GET /_astro/SiteHeaderKit.astro_astro_type_script_index_0_lang.oN0o2SoY.js HTTP/1.1" 200 -
[WebServer] 127.0.0.1 - - [22/Sep/2026 21:12:03] "GET /images/staffordshire-bull-terrier-for-sale-uk-ready-240.webp HTTP/1.1" 200 -
[WebServer] 127.0.0.1 - - [22/Sep/2026 21:12:03] "GET /_astro/search.BBlYNZ37.js HTTP/1.1" 200 -
[WebServer] 127.0.0.1 - - [22/Sep/2026 21:12:03] "GET /images/blue-staffy-pups-near-you-240.webp HTTP/1.1" 200 -
[WebServer] 127.0.0.1 - - [22/Sep/2026 21:12:03] "GET /images/blue-staffy-puppy-delivery-uk-240.webp HTTP/1.1" 200 -
[WebServer] 127.0.0.1 - - [22/Sep/2026 21:12:03] "GET /_astro/Roman2.C-A0j1ry_1uH9rQ.webp HTTP/1.1" 200 -
[WebServer] 127.0.0.1 - - [22/Sep/2026 21:12:03] "GET /_astro/Vennie.ke5yj4Fb_qwe4J.webp HTTP/1.1" 200 -
[WebServer] 127.0.0.1 - - [22/Sep/2026 21:12:03] "GET /_astro/Ince1.CjowFAsd_Z8xVgY.webp HTTP/1.1" 200 -
[WebServer] 127.0.0.1 - - [22/Sep/2026 21:12:03] "GET /_astro/Byrd1.Dc5KZxb2_Z12dGBv.webp HTTP/1.1" 200 -
[WebServer] 127.0.0.1 - - [22/Sep/2026 21:12:03] "GET /_astro/Cheryl1.BA5--lqv_1QWN42.webp HTTP/1.1" 200 -
[WebServer] 127.0.0.1 - - [22/Sep/2026 21:12:03] "GET /_astro/Christa.DCD6hF9z_24FDMC.webp HTTP/1.1" 200 -
[WebServer] 127.0.0.1 - - [22/Sep/2026 21:12:03] "GET /images/buy-staffordshire-bull-terrier-uk-now-760.webp HTTP/1.1" 200 -
[WebServer] 127.0.0.1 - - [22/Sep/2026 21:12:03] "GET /images/blue-staffy-pups-near-you-760.webp HTTP/1.1" 200 -
[WebServer] 127.0.0.1 - - [22/Sep/2026 21:12:03] "GET /images/blue-staffy-testimonial-london-happy-owner.webp HTTP/1.1" 200 -
[WebServer] 127.0.0.1 - - [22/Sep/2026 21:12:03] "GET /images/blue-staffy-puppy-delivery-uk-760.webp HTTP/1.1" 200 -
[WebServer] 127.0.0.1 - - [22/Sep/2026 21:12:03] "GET /images/uk-blue-staffy-breeders-trust-760.webp HTTP/1.1" 200 -
[WebServer] 127.0.0.1 - - [22/Sep/2026 21:12:03] "GET /images/blue-staffy-puppy-testimonial-cardiff-daniel.webp HTTP/1.1" 200 -
  ✓   3 [vp768] › tests/render/pages.spec.ts:109:3 › buy-blue-staffy-puppies-uk (13.1s)
[WebServer] 127.0.0.1 - - [22/Sep/2026 21:12:14] "GET /blue-staffy-pup-sale-uk/ HTTP/1.1" 200 -
[WebServer] 127.0.0.1 - - [22/Sep/2026 21:12:14] "GET /_astro/SiteHeaderKit.astro_astro_type_script_index_0_lang.oN0o2SoY.js HTTP/1.1" 200 -
[WebServer] 127.0.0.1 - - [22/Sep/2026 21:12:14] "GET /images/buy-staffordshire-bull-terrier-uk-now-760.webp HTTP/1.1" 200 -
[WebServer] 127.0.0.1 - - [22/Sep/2026 21:12:14] "GET /images/maggie-blue-staffy-dam-with-pups.webp HTTP/1.1" 200 -
[WebServer] 127.0.0.1 - - [22/Sep/2026 21:12:14] "GET /_astro/search.BBlYNZ37.js HTTP/1.1" 200 -
[WebServer] 127.0.0.1 - - [22/Sep/2026 21:12:14] code 404, message File not found
[WebServer] 127.0.0.1 - - [22/Sep/2026 21:12:14] "GET /__bsuk_pending_image__/0.webp HTTP/1.1" 404 -
[WebServer] 127.0.0.1 - - [22/Sep/2026 21:12:14] "GET /_astro/Byrd1.Dc5KZxb2_Z12dGBv.webp HTTP/1.1" 200 -
[WebServer] 127.0.0.1 - - [22/Sep/2026 21:12:14] "GET /images/bluestaffyuk-nationwide-delivery.webp HTTP/1.1" 200 -
[WebServer] 127.0.0.1 - - [22/Sep/2026 21:12:14] "GET /_astro/Ince1.CjowFAsd_Z8xVgY.webp HTTP/1.1" 200 -
[WebServer] 127.0.0.1 - - [22/Sep/2026 21:12:14] "GET /_astro/Roman2.C-A0j1ry_1uH9rQ.webp HTTP/1.1" 200 -
[WebServer] 127.0.0.1 - - [22/Sep/2026 21:12:14] "GET /images/blue-staffy-testimonial-london-happy-owner.webp HTTP/1.1" 200 -
[WebServer] 127.0.0.1 - - [22/Sep/2026 21:12:14] "GET /_astro/Vennie.ke5yj4Fb_qwe4J.webp HTTP/1.1" 200 -
[WebServer] 127.0.0.1 - - [22/Sep/2026 21:12:14] "GET /_astro/Christa.DCD6hF9z_24FDMC.webp HTTP/1.1" 200 -
[WebServer] 127.0.0.1 - - [22/Sep/2026 21:12:14] "GET /_astro/Cheryl1.BA5--lqv_1QWN42.webp HTTP/1.1" 200 -
[WebServer] 127.0.0.1 - - [22/Sep/2026 21:12:14] "GET /images/mark-blue-staffy-london.webp HTTP/1.1" 200 -
  ✓   4 [vp375] › tests/render/pages.spec.ts:109:3 › buy-blue-staffy-puppies-uk (14.7s)
[WebServer] 127.0.0.1 - - [22/Sep/2026 21:12:17] "GET /blue-staffy-pup-sale-uk/ HTTP/1.1" 200 -
[WebServer] 127.0.0.1 - - [22/Sep/2026 21:12:17] "GET /_astro/SiteHeaderKit.astro_astro_type_script_index_0_lang.oN0o2SoY.js HTTP/1.1" 200 -
[WebServer] 127.0.0.1 - - [22/Sep/2026 21:12:17] "GET /images/buy-staffordshire-bull-terrier-uk-now-760.webp HTTP/1.1" 200 -
[WebServer] 127.0.0.1 - - [22/Sep/2026 21:12:18] "GET /_astro/search.BBlYNZ37.js HTTP/1.1" 200 -
[WebServer] 127.0.0.1 - - [22/Sep/2026 21:12:18] code 404, message File not found
[WebServer] 127.0.0.1 - - [22/Sep/2026 21:12:18] "GET /__bsuk_pending_image__/0.webp HTTP/1.1" 404 -
[WebServer] 127.0.0.1 - - [22/Sep/2026 21:12:18] "GET /_astro/Roman2.C-A0j1ry_1uH9rQ.webp HTTP/1.1" 200 -
[WebServer] 127.0.0.1 - - [22/Sep/2026 21:12:18] "GET /images/bluestaffyuk-nationwide-delivery-760.webp HTTP/1.1" 200 -
[WebServer] 127.0.0.1 - - [22/Sep/2026 21:12:18] "GET /images/blue-staffy-testimonial-london-happy-owner.webp HTTP/1.1" 200 -
[WebServer] 127.0.0.1 - - [22/Sep/2026 21:12:18] "GET /images/maggie-blue-staffy-dam-with-pups-760.webp HTTP/1.1" 200 -
[WebServer] 127.0.0.1 - - [22/Sep/2026 21:12:18] "GET /_astro/Byrd1.Dc5KZxb2_Z12dGBv.webp HTTP/1.1" 200 -
[WebServer] 127.0.0.1 - - [22/Sep/2026 21:12:18] "GET /_astro/Ince1.CjowFAsd_Z8xVgY.webp HTTP/1.1" 200 -
[WebServer] 127.0.0.1 - - [22/Sep/2026 21:12:18] "GET /_astro/Vennie.ke5yj4Fb_qwe4J.webp HTTP/1.1" 200 -
[WebServer] 127.0.0.1 - - [22/Sep/2026 21:12:18] "GET /_astro/Cheryl1.BA5--lqv_1QWN42.webp HTTP/1.1" 200 -
[WebServer] 127.0.0.1 - - [22/Sep/2026 21:12:18] "GET /_astro/Christa.DCD6hF9z_24FDMC.webp HTTP/1.1" 200 -
[WebServer] 127.0.0.1 - - [22/Sep/2026 21:12:18] "GET /images/mark-blue-staffy-london.webp HTTP/1.1" 200 -
  ✓   5 [vp768] › tests/render/pages.spec.ts:109:3 › blue-staffy-pup-sale-uk (12.3s)
[WebServer] 127.0.0.1 - - [22/Sep/2026 21:12:26] "GET /buy-staffy-puppies-for-sale-uk/ HTTP/1.1" 200 -
[WebServer] 127.0.0.1 - - [22/Sep/2026 21:12:26] "GET /images/buy-staffy-puppies-for-sale-uk-bluestaffyuk.webp HTTP/1.1" 200 -
[WebServer] 127.0.0.1 - - [22/Sep/2026 21:12:26] "GET /_astro/SiteHeaderKit.astro_astro_type_script_index_0_lang.oN0o2SoY.js HTTP/1.1" 200 -
[WebServer] 127.0.0.1 - - [22/Sep/2026 21:12:26] "GET /images/staffy-puppies-norwich-for-sale-uk.webp HTTP/1.1" 200 -
[WebServer] 127.0.0.1 - - [22/Sep/2026 21:12:26] "GET /_astro/search.BBlYNZ37.js HTTP/1.1" 200 -
[WebServer] 127.0.0.1 - - [22/Sep/2026 21:12:27] code 404, message File not found
[WebServer] 127.0.0.1 - - [22/Sep/2026 21:12:27] "GET /__bsuk_pending_image__/0.webp HTTP/1.1" 404 -
[WebServer] 127.0.0.1 - - [22/Sep/2026 21:12:27] "GET /images/english-blue-staffy-for-sale-puppy.webp HTTP/1.1" 200 -
[WebServer] 127.0.0.1 - - [22/Sep/2026 21:12:27] "GET /images/avoid-staffordshire-bull-terrier-temperament-problems-bluestaffyuk.webp HTTP/1.1" 200 -
[WebServer] 127.0.0.1 - - [22/Sep/2026 21:12:27] "GET /images/healthy-staffy-puppy-for-sale-uk.webp HTTP/1.1" 200 -
[WebServer] 127.0.0.1 - - [22/Sep/2026 21:12:27] "GET /images/vet-checked-blue-staffy-puppy-near-me.webp HTTP/1.1" 200 -
[WebServer] 127.0.0.1 - - [22/Sep/2026 21:12:27] "GET /images/kennel-club-assured-breeder-vs-others-bluestaffyuk.webp HTTP/1.1" 200 -
[WebServer] 127.0.0.1 - - [22/Sep/2026 21:12:27] "GET /images/blue-staffy-bully-puppies-for-sale-uk-kc-certified.webp HTTP/1.1" 200 -
[WebServer] 127.0.0.1 - - [22/Sep/2026 21:12:27] "GET /images/affordable-vs-premium-blue-staffy-breeders-comparison.webp HTTP/1.1" 200 -
[WebServer] 127.0.0.1 - - [22/Sep/2026 21:12:27] "GET /images/best-blue-staffy-breeder-reviews-puppy-for-sale-uk.webp HTTP/1.1" 200 -
[WebServer] 127.0.0.1 - - [22/Sep/2026 21:12:27] "GET /images/trusted-blue-staffy-breeder-reviews-satisfied-owners.webp HTTP/1.1" 200 -
[WebServer] 127.0.0.1 - - [22/Sep/2026 21:12:27] "GET /_astro/Roman2.C-A0j1ry_1uH9rQ.webp HTTP/1.1" 200 -
[WebServer] 127.0.0.1 - - [22/Sep/2026 21:12:27] "GET /_astro/Ince1.CjowFAsd_Z8xVgY.webp HTTP/1.1" 200 -
[WebServer] 127.0.0.1 - - [22/Sep/2026 21:12:27] "GET /_astro/Byrd1.Dc5KZxb2_Z12dGBv.webp HTTP/1.1" 200 -
[WebServer] 127.0.0.1 - - [22/Sep/2026 21:12:27] "GET /_astro/Christa.DCD6hF9z_24FDMC.webp HTTP/1.1" 200 -
[WebServer] 127.0.0.1 - - [22/Sep/2026 21:12:27] "GET /_astro/Vennie.ke5yj4Fb_qwe4J.webp HTTP/1.1" 200 -
[WebServer] 127.0.0.1 - - [22/Sep/2026 21:12:27] "GET /_astro/Cheryl1.BA5--lqv_1QWN42.webp HTTP/1.1" 200 -
[WebServer] 127.0.0.1 - - [22/Sep/2026 21:12:27] "GET /images/premium-staffy-puppy-for-sale-in-the-uk-ready-now.webp HTTP/1.1" 200 -
[WebServer] 127.0.0.1 - - [22/Sep/2026 21:12:27] "GET /images/local-blue-staffy-breeders-near-me-uk.webp HTTP/1.1" 200 -
  ✓   6 [vp375] › tests/render/pages.spec.ts:109:3 › blue-staffy-pup-sale-uk (14.0s)
[WebServer] 127.0.0.1 - - [22/Sep/2026 21:12:31] "GET /buy-staffy-puppies-for-sale-uk/ HTTP/1.1" 200 -
[WebServer] 127.0.0.1 - - [22/Sep/2026 21:12:31] "GET /_astro/SiteHeaderKit.astro_astro_type_script_index_0_lang.oN0o2SoY.js HTTP/1.1" 200 -
[WebServer] 127.0.0.1 - - [22/Sep/2026 21:12:31] "GET /images/buy-staffy-puppies-for-sale-uk-bluestaffyuk.webp HTTP/1.1" 200 -
[WebServer] 127.0.0.1 - - [22/Sep/2026 21:12:32] "GET /_astro/search.BBlYNZ37.js HTTP/1.1" 200 -
[WebServer] 127.0.0.1 - - [22/Sep/2026 21:12:32] "GET /images/staffy-puppies-norwich-for-sale-uk.webp HTTP/1.1" 200 -
[WebServer] 127.0.0.1 - - [22/Sep/2026 21:12:32] "GET /images/kennel-club-assured-breeder-vs-others-bluestaffyuk.webp HTTP/1.1" 200 -
[WebServer] 127.0.0.1 - - [22/Sep/2026 21:12:32] "GET /images/english-blue-staffy-for-sale-puppy.webp HTTP/1.1" 200 -
[WebServer] 127.0.0.1 - - [22/Sep/2026 21:12:32] "GET /images/blue-staffy-bully-puppies-for-sale-uk-kc-certified.webp HTTP/1.1" 200 -
[WebServer] 127.0.0.1 - - [22/Sep/2026 21:12:32] "GET /images/avoid-staffordshire-bull-terrier-temperament-problems-bluestaffyuk.webp HTTP/1.1" 200 -
[WebServer] 127.0.0.1 - - [22/Sep/2026 21:12:32] "GET /images/healthy-staffy-puppy-for-sale-uk.webp HTTP/1.1" 200 -
[WebServer] 127.0.0.1 - - [22/Sep/2026 21:12:32] "GET /images/vet-checked-blue-staffy-puppy-near-me.webp HTTP/1.1" 200 -
[WebServer] 127.0.0.1 - - [22/Sep/2026 21:12:32] "GET /images/best-blue-staffy-breeder-reviews-puppy-for-sale-uk.webp HTTP/1.1" 200 -
[WebServer] 127.0.0.1 - - [22/Sep/2026 21:12:32] "GET /_astro/Roman2.C-A0j1ry_1uH9rQ.webp HTTP/1.1" 200 -
[WebServer] 127.0.0.1 - - [22/Sep/2026 21:12:32] "GET /images/affordable-vs-premium-blue-staffy-breeders-comparison.webp HTTP/1.1" 200 -
[WebServer] 127.0.0.1 - - [22/Sep/2026 21:12:32] "GET /images/trusted-blue-staffy-breeder-reviews-satisfied-owners.webp HTTP/1.1" 200 -
[WebServer] 127.0.0.1 - - [22/Sep/2026 21:12:32] "GET /_astro/Byrd1.Dc5KZxb2_Z12dGBv.webp HTTP/1.1" 200 -
[WebServer] 127.0.0.1 - - [22/Sep/2026 21:12:32] "GET /_astro/Vennie.ke5yj4Fb_qwe4J.webp HTTP/1.1" 200 -
[WebServer] 127.0.0.1 - - [22/Sep/2026 21:12:32] "GET /_astro/Christa.DCD6hF9z_24FDMC.webp HTTP/1.1" 200 -
[WebServer] 127.0.0.1 - - [22/Sep/2026 21:12:32] "GET /_astro/Ince1.CjowFAsd_Z8xVgY.webp HTTP/1.1" 200 -
[WebServer] 127.0.0.1 - - [22/Sep/2026 21:12:32] "GET /_astro/Cheryl1.BA5--lqv_1QWN42.webp HTTP/1.1" 200 -
[WebServer] 127.0.0.1 - - [22/Sep/2026 21:12:32] "GET /images/premium-staffy-puppy-for-sale-in-the-uk-ready-now.webp HTTP/1.1" 200 -
[WebServer] 127.0.0.1 - - [22/Sep/2026 21:12:32] "GET /images/local-blue-staffy-breeders-near-me-uk.webp HTTP/1.1" 200 -
  ✓   7 [vp768] › tests/render/pages.spec.ts:109:3 › buy-staffy-puppies-for-sale-uk (16.1s)
[WebServer] 127.0.0.1 - - [22/Sep/2026 21:12:42] "GET /available-puppies/roman/ HTTP/1.1" 200 -
[WebServer] 127.0.0.1 - - [22/Sep/2026 21:12:42] "GET /_astro/SiteHeaderKit.astro_astro_type_script_index_0_lang.oN0o2SoY.js HTTP/1.1" 200 -
[WebServer] 127.0.0.1 - - [22/Sep/2026 21:12:42] "GET /_astro/Roman2.C-A0j1ry_Z2h5Yfu.webp HTTP/1.1" 200 -
[WebServer] 127.0.0.1 - - [22/Sep/2026 21:12:42] "GET /_astro/search.BBlYNZ37.js HTTP/1.1" 200 -
[WebServer] 127.0.0.1 - - [22/Sep/2026 21:12:42] "GET /_astro/Roman1.DKvYvyvM_2bjowu.webp HTTP/1.1" 200 -
[WebServer] 127.0.0.1 - - [22/Sep/2026 21:12:42] code 404, message File not found
[WebServer] 127.0.0.1 - - [22/Sep/2026 21:12:42] "GET /__bsuk_pending_image__/0.webp HTTP/1.1" 404 -
[WebServer] 127.0.0.1 - - [22/Sep/2026 21:12:42] code 404, message File not found
[WebServer] 127.0.0.1 - - [22/Sep/2026 21:12:42] "GET /__bsuk_pending_image__/1.webp HTTP/1.1" 404 -
  ✓   9 [vp768] › tests/render/pages.spec.ts:109:3 › available-puppies/roman (4.1s)
[WebServer] 127.0.0.1 - - [22/Sep/2026 21:12:46] "GET /available-puppies/ HTTP/1.1" 200 -
[WebServer] 127.0.0.1 - - [22/Sep/2026 21:12:46] "GET /_astro/SiteHeaderKit.astro_astro_type_script_index_0_lang.oN0o2SoY.js HTTP/1.1" 200 -
[WebServer] 127.0.0.1 - - [22/Sep/2026 21:12:46] "GET /_astro/Roman2.C-A0j1ry_2oY8o4.webp HTTP/1.1" 200 -
[WebServer] 127.0.0.1 - - [22/Sep/2026 21:12:46] "GET /_astro/Byrd1.Dc5KZxb2_Z2rts2K.webp HTTP/1.1" 200 -
[WebServer] 127.0.0.1 - - [22/Sep/2026 21:12:46] "GET /_astro/Ince1.CjowFAsd_Z1xNGHe.webp HTTP/1.1" 200 -
[WebServer] 127.0.0.1 - - [22/Sep/2026 21:12:46] "GET /_astro/Cheryl1.BA5--lqv_1BX5wb.webp HTTP/1.1" 200 -
[WebServer] 127.0.0.1 - - [22/Sep/2026 21:12:46] "GET /_astro/Vennie.ke5yj4Fb_24EeX6.webp HTTP/1.1" 200 -
[WebServer] 127.0.0.1 - - [22/Sep/2026 21:12:46] "GET /_astro/Christa.DCD6hF9z_15fV8S.webp HTTP/1.1" 200 -
[WebServer] 127.0.0.1 - - [22/Sep/2026 21:12:46] "GET /_astro/search.BBlYNZ37.js HTTP/1.1" 200 -
[WebServer] 127.0.0.1 - - [22/Sep/2026 21:12:47] code 404, message File not found
[WebServer] 127.0.0.1 - - [22/Sep/2026 21:12:47] "GET /__bsuk_pending_image__/2.webp HTTP/1.1" 404 -
[WebServer] 127.0.0.1 - - [22/Sep/2026 21:12:47] code 404, message File not found
[WebServer] 127.0.0.1 - - [22/Sep/2026 21:12:47] "GET /__bsuk_pending_image__/0.webp HTTP/1.1" 404 -
[WebServer] 127.0.0.1 - - [22/Sep/2026 21:12:47] code 404, message File not found
[WebServer] 127.0.0.1 - - [22/Sep/2026 21:12:47] "GET /__bsuk_pending_image__/1.webp HTTP/1.1" 404 -
[WebServer] 127.0.0.1 - - [22/Sep/2026 21:12:47] code 404, message File not found
[WebServer] 127.0.0.1 - - [22/Sep/2026 21:12:47] "GET /__bsuk_pending_image__/3.webp HTTP/1.1" 404 -
  ✓   8 [vp375] › tests/render/pages.spec.ts:109:3 › buy-staffy-puppies-for-sale-uk (18.2s)
[WebServer] 127.0.0.1 - - [22/Sep/2026 21:12:50] "GET /available-puppies/roman/ HTTP/1.1" 200 -
[WebServer] 127.0.0.1 - - [22/Sep/2026 21:12:50] "GET /_astro/SiteHeaderKit.astro_astro_type_script_index_0_lang.oN0o2SoY.js HTTP/1.1" 200 -
[WebServer] 127.0.0.1 - - [22/Sep/2026 21:12:50] "GET /_astro/Roman2.C-A0j1ry_1uH9rQ.webp HTTP/1.1" 200 -
[WebServer] 127.0.0.1 - - [22/Sep/2026 21:12:50] "GET /_astro/Roman1.DKvYvyvM_2bjowu.webp HTTP/1.1" 200 -
[WebServer] 127.0.0.1 - - [22/Sep/2026 21:12:50] "GET /_astro/search.BBlYNZ37.js HTTP/1.1" 200 -
[WebServer] 127.0.0.1 - - [22/Sep/2026 21:12:50] code 404, message File not found
[WebServer] 127.0.0.1 - - [22/Sep/2026 21:12:50] "GET /__bsuk_pending_image__/0.webp HTTP/1.1" 404 -
[WebServer] 127.0.0.1 - - [22/Sep/2026 21:12:50] code 404, message File not found
[WebServer] 127.0.0.1 - - [22/Sep/2026 21:12:50] "GET /__bsuk_pending_image__/1.webp HTTP/1.1" 404 -
  ✘  10 [vp768] › tests/render/pages.spec.ts:109:3 › available-puppies (4.8s)
[freshness] dist/ is current (newest: dist/search-index.json)
[WebServer] 127.0.0.1 - - [22/Sep/2026 21:12:53] "GET /uk-blue-staffy-puppy-buying-guide/ HTTP/1.1" 200 -
[WebServer] 127.0.0.1 - - [22/Sep/2026 21:12:53] "GET /_astro/SiteHeaderKit.astro_astro_type_script_index_0_lang.oN0o2SoY.js HTTP/1.1" 200 -
[WebServer] 127.0.0.1 - - [22/Sep/2026 21:12:53] "GET /images/how-to-buy-blue-staffy-puppy-uk-steps1.webp HTTP/1.1" 200 -
[WebServer] 127.0.0.1 - - [22/Sep/2026 21:12:53] "GET /_astro/search.BBlYNZ37.js HTTP/1.1" 200 -
[WebServer] 127.0.0.1 - - [22/Sep/2026 21:12:54] code 404, message File not found
[WebServer] 127.0.0.1 - - [22/Sep/2026 21:12:54] "GET /__bsuk_pending_image__/0.webp HTTP/1.1" 404 -
[WebServer] 127.0.0.1 - - [22/Sep/2026 21:12:54] "GET /images/blue-staffy-research.webp HTTP/1.1" 200 -
[WebServer] 127.0.0.1 - - [22/Sep/2026 21:12:54] "GET /images/defra-pet-transport-process.webp HTTP/1.1" 200 -
[WebServer] 127.0.0.1 - - [22/Sep/2026 21:12:54] "GET /images/1blue-staffy-family-breeder.webp HTTP/1.1" 200 -
[WebServer] 127.0.0.1 - - [22/Sep/2026 21:12:54] "GET /images/pros-and-cons-of-owning-a-blue-staffy-uk.webp HTTP/1.1" 200 -
[WebServer] 127.0.0.1 - - [22/Sep/2026 21:12:54] "GET /images/blue-staffy-health-prioritising-wellbeing.webp HTTP/1.1" 200 -
[WebServer] 127.0.0.1 - - [22/Sep/2026 21:12:54] "GET /images/purebred-blue-male-staffy-available-for-rehoming.webp HTTP/1.1" 200 -
[WebServer] 127.0.0.1 - - [22/Sep/2026 21:12:54] "GET /images/blue-staffy-vet-check.webp HTTP/1.1" 200 -
[WebServer] 127.0.0.1 - - [22/Sep/2026 21:12:54] "GET /images/healthy-blue-staffy-pups-for-sale-certified.webp HTTP/1.1" 200 -
[WebServer] 127.0.0.1 - - [22/Sep/2026 21:12:54] "GET /images/blue-staffy-puppy-preparation.webp HTTP/1.1" 200 -
[WebServer] 127.0.0.1 - - [22/Sep/2026 21:12:54] "GET /images/1blue-staffy-socialisation-checklist.webp HTTP/1.1" 200 -
[WebServer] 127.0.0.1 - - [22/Sep/2026 21:12:54] "GET /images/blue-staffy-training-socialisation.webp HTTP/1.1" 200 -
[WebServer] 127.0.0.1 - - [22/Sep/2026 21:12:54] "GET /images/ready-to-welcome-blue-staffy-infographic.webp HTTP/1.1" 200 -
[WebServer] 127.0.0.1 - - [22/Sep/2026 21:12:54] "GET /images/bluestaffyuk-nationwide-infographic.webp HTTP/1.1" 200 -
[WebServer] 127.0.0.1 - - [22/Sep/2026 21:12:54] "GET /images/uk-family-blue-staffy.webp HTTP/1.1" 200 -
[WebServer] 127.0.0.1 - - [22/Sep/2026 21:12:54] "GET /images/blue-staffy-adoption-vs-buying-infographic.webp HTTP/1.1" 200 -
[WebServer] 127.0.0.1 - - [22/Sep/2026 21:12:54] "GET /images/blue-staffy-uk-reviews-owner-testimonials.webp HTTP/1.1" 200 -
[WebServer] 127.0.0.1 - - [22/Sep/2026 21:12:54] "GET /_astro/Roman2.C-A0j1ry_1uH9rQ.webp HTTP/1.1" 200 -
[WebServer] 127.0.0.1 - - [22/Sep/2026 21:12:54] "GET /_astro/Ince1.CjowFAsd_Z8xVgY.webp HTTP/1.1" 200 -
[WebServer] 127.0.0.1 - - [22/Sep/2026 21:12:54] "GET /_astro/Byrd1.Dc5KZxb2_Z12dGBv.webp HTTP/1.1" 200 -
[WebServer] 127.0.0.1 - - [22/Sep/2026 21:12:54] "GET /_astro/Christa.DCD6hF9z_24FDMC.webp HTTP/1.1" 200 -
[WebServer] 127.0.0.1 - - [22/Sep/2026 21:12:54] "GET /_astro/Vennie.ke5yj4Fb_qwe4J.webp HTTP/1.1" 200 -
[WebServer] 127.0.0.1 - - [22/Sep/2026 21:12:54] "GET /_astro/Cheryl1.BA5--lqv_1QWN42.webp HTTP/1.1" 200 -
  ✓  11 [vp375] › tests/render/pages.spec.ts:109:3 › available-puppies/roman (4.9s)
[WebServer] 127.0.0.1 - - [22/Sep/2026 21:12:55] "GET /available-puppies/ HTTP/1.1" 200 -
[WebServer] 127.0.0.1 - - [22/Sep/2026 21:12:55] "GET /_astro/Byrd1.Dc5KZxb2_13r1px.webp HTTP/1.1" 200 -
[WebServer] 127.0.0.1 - - [22/Sep/2026 21:12:55] "GET /_astro/SiteHeaderKit.astro_astro_type_script_index_0_lang.oN0o2SoY.js HTTP/1.1" 200 -
[WebServer] 127.0.0.1 - - [22/Sep/2026 21:12:55] "GET /_astro/Roman2.C-A0j1ry_2iWGRt.webp HTTP/1.1" 200 -
[WebServer] 127.0.0.1 - - [22/Sep/2026 21:12:55] "GET /_astro/Ince1.CjowFAsd_1W6LK4.webp HTTP/1.1" 200 -
[WebServer] 127.0.0.1 - - [22/Sep/2026 21:12:55] "GET /_astro/Vennie.ke5yj4Fb_24zx1C.webp HTTP/1.1" 200 -
[WebServer] 127.0.0.1 - - [22/Sep/2026 21:12:55] "GET /_astro/Cheryl1.BA5--lqv_2leFTW.webp HTTP/1.1" 200 -
[WebServer] 127.0.0.1 - - [22/Sep/2026 21:12:55] "GET /_astro/Christa.DCD6hF9z_ZXFfKX.webp HTTP/1.1" 200 -
[WebServer] 127.0.0.1 - - [22/Sep/2026 21:12:55] "GET /_astro/search.BBlYNZ37.js HTTP/1.1" 200 -
[WebServer] 127.0.0.1 - - [22/Sep/2026 21:12:55] code 404, message File not found
[WebServer] 127.0.0.1 - - [22/Sep/2026 21:12:55] code 404, message File not found
[WebServer] 127.0.0.1 - - [22/Sep/2026 21:12:55] "GET /__bsuk_pending_image__/0.webp HTTP/1.1" 404 -
[WebServer] 127.0.0.1 - - [22/Sep/2026 21:12:55] "GET /__bsuk_pending_image__/1.webp HTTP/1.1" 404 -
  ✘  13 [vp375] › tests/render/pages.spec.ts:109:3 › available-puppies (5.5s)
[freshness] dist/ is current (newest: dist/search-index.json)
[WebServer] 127.0.0.1 - - [22/Sep/2026 21:13:01] "GET /uk-blue-staffy-puppy-buying-guide/ HTTP/1.1" 200 -
[WebServer] 127.0.0.1 - - [22/Sep/2026 21:13:01] "GET /_astro/SiteHeaderKit.astro_astro_type_script_index_0_lang.oN0o2SoY.js HTTP/1.1" 200 -
[WebServer] 127.0.0.1 - - [22/Sep/2026 21:13:01] "GET /images/how-to-buy-blue-staffy-puppy-uk-steps1-400.webp HTTP/1.1" 200 -
[WebServer] 127.0.0.1 - - [22/Sep/2026 21:13:01] "GET /_astro/search.BBlYNZ37.js HTTP/1.1" 200 -
[WebServer] 127.0.0.1 - - [22/Sep/2026 21:13:02] code 404, message File not found
[WebServer] 127.0.0.1 - - [22/Sep/2026 21:13:02] "GET /__bsuk_pending_image__/0.webp HTTP/1.1" 404 -
[WebServer] 127.0.0.1 - - [22/Sep/2026 21:13:02] "GET /images/1blue-staffy-family-breeder.webp HTTP/1.1" 200 -
[WebServer] 127.0.0.1 - - [22/Sep/2026 21:13:02] "GET /images/defra-pet-transport-process.webp HTTP/1.1" 200 -
[WebServer] 127.0.0.1 - - [22/Sep/2026 21:13:02] "GET /images/pros-and-cons-of-owning-a-blue-staffy-uk.webp HTTP/1.1" 200 -
[WebServer] 127.0.0.1 - - [22/Sep/2026 21:13:02] "GET /images/blue-staffy-health-prioritising-wellbeing.webp HTTP/1.1" 200 -
[WebServer] 127.0.0.1 - - [22/Sep/2026 21:13:02] "GET /images/blue-staffy-research.webp HTTP/1.1" 200 -
[WebServer] 127.0.0.1 - - [22/Sep/2026 21:13:02] "GET /images/blue-staffy-vet-check.webp HTTP/1.1" 200 -
[WebServer] 127.0.0.1 - - [22/Sep/2026 21:13:02] "GET /images/purebred-blue-male-staffy-available-for-rehoming.webp HTTP/1.1" 200 -
[WebServer] 127.0.0.1 - - [22/Sep/2026 21:13:02] "GET /images/blue-staffy-puppy-preparation.webp HTTP/1.1" 200 -
[WebServer] 127.0.0.1 - - [22/Sep/2026 21:13:02] "GET /images/healthy-blue-staffy-pups-for-sale-certified.webp HTTP/1.1" 200 -
[WebServer] 127.0.0.1 - - [22/Sep/2026 21:13:02] "GET /images/ready-to-welcome-blue-staffy-infographic.webp HTTP/1.1" 200 -
[WebServer] 127.0.0.1 - - [22/Sep/2026 21:13:02] "GET /images/1blue-staffy-socialisation-checklist.webp HTTP/1.1" 200 -
[WebServer] 127.0.0.1 - - [22/Sep/2026 21:13:02] "GET /images/blue-staffy-training-socialisation.webp HTTP/1.1" 200 -
[WebServer] 127.0.0.1 - - [22/Sep/2026 21:13:02] "GET /images/uk-family-blue-staffy.webp HTTP/1.1" 200 -
[WebServer] 127.0.0.1 - - [22/Sep/2026 21:13:02] "GET /images/blue-staffy-adoption-vs-buying-infographic.webp HTTP/1.1" 200 -
[WebServer] 127.0.0.1 - - [22/Sep/2026 21:13:02] "GET /images/bluestaffyuk-nationwide-infographic.webp HTTP/1.1" 200 -
[WebServer] 127.0.0.1 - - [22/Sep/2026 21:13:02] "GET /_astro/Roman2.C-A0j1ry_1uH9rQ.webp HTTP/1.1" 200 -
[WebServer] 127.0.0.1 - - [22/Sep/2026 21:13:02] "GET /images/blue-staffy-uk-reviews-owner-testimonials.webp HTTP/1.1" 200 -
[WebServer] 127.0.0.1 - - [22/Sep/2026 21:13:02] "GET /_astro/Byrd1.Dc5KZxb2_Z12dGBv.webp HTTP/1.1" 200 -
[WebServer] 127.0.0.1 - - [22/Sep/2026 21:13:02] "GET /_astro/Ince1.CjowFAsd_Z8xVgY.webp HTTP/1.1" 200 -
[WebServer] 127.0.0.1 - - [22/Sep/2026 21:13:02] "GET /_astro/Vennie.ke5yj4Fb_qwe4J.webp HTTP/1.1" 200 -
[WebServer] 127.0.0.1 - - [22/Sep/2026 21:13:02] "GET /_astro/Christa.DCD6hF9z_24FDMC.webp HTTP/1.1" 200 -
[WebServer] 127.0.0.1 - - [22/Sep/2026 21:13:02] "GET /_astro/Cheryl1.BA5--lqv_1QWN42.webp HTTP/1.1" 200 -
  ✓  12 [vp768] › tests/render/pages.spec.ts:109:3 › uk-blue-staffy-puppy-buying-guide (20.1s)
[WebServer] 127.0.0.1 - - [22/Sep/2026 21:13:13] "GET /uk-staffordshire-bull-terrier-guide/ HTTP/1.1" 200 -
[WebServer] 127.0.0.1 - - [22/Sep/2026 21:13:13] "GET /_astro/SiteHeaderKit.astro_astro_type_script_index_0_lang.oN0o2SoY.js HTTP/1.1" 200 -
[WebServer] 127.0.0.1 - - [22/Sep/2026 21:13:13] "GET /images/blue-staffy-puppy-for-sale-uk.webp HTTP/1.1" 200 -
[WebServer] 127.0.0.1 - - [22/Sep/2026 21:13:13] "GET /_astro/search.BBlYNZ37.js HTTP/1.1" 200 -
[WebServer] 127.0.0.1 - - [22/Sep/2026 21:13:14] code 404, message File not found
[WebServer] 127.0.0.1 - - [22/Sep/2026 21:13:14] "GET /__bsuk_pending_image__/0.webp HTTP/1.1" 404 -
[WebServer] 127.0.0.1 - - [22/Sep/2026 21:13:14] "GET /images/sbt-history-heritage-from-pit-to-pet.webp HTTP/1.1" 200 -
[WebServer] 127.0.0.1 - - [22/Sep/2026 21:13:14] "GET /images/find-health-certified-staffy-breeders-uk.webp HTTP/1.1" 200 -
[WebServer] 127.0.0.1 - - [22/Sep/2026 21:13:14] "GET /images/comprehensive-uk-staffordshire-bull-terrier-guide-book.webp HTTP/1.1" 200 -
[WebServer] 127.0.0.1 - - [22/Sep/2026 21:13:14] "GET /images/busting-common-staffy-myths-loving-family-dog.webp HTTP/1.1" 200 -
[WebServer] 127.0.0.1 - - [22/Sep/2026 21:13:14] "GET /images/dedicated-blue-staffy-pup-care-glasgow.webp HTTP/1.1" 200 -
[WebServer] 127.0.0.1 - - [22/Sep/2026 21:13:14] "GET /images/sbt-uk-legal-status-public-perception.webp HTTP/1.1" 200 -
[WebServer] 127.0.0.1 - - [22/Sep/2026 21:13:14] "GET /images/staffordshire-bull-terrier-vs-american-bully-comparison.webp HTTP/1.1" 200 -
[WebServer] 127.0.0.1 - - [22/Sep/2026 21:13:14] "GET /images/kc-registered-staffy-puppies.webp HTTP/1.1" 200 -
[WebServer] 127.0.0.1 - - [22/Sep/2026 21:13:14] "GET /_astro/Roman2.C-A0j1ry_1uH9rQ.webp HTTP/1.1" 200 -
[WebServer] 127.0.0.1 - - [22/Sep/2026 21:13:14] "GET /_astro/Byrd1.Dc5KZxb2_Z12dGBv.webp HTTP/1.1" 200 -
[WebServer] 127.0.0.1 - - [22/Sep/2026 21:13:14] "GET /_astro/Ince1.CjowFAsd_Z8xVgY.webp HTTP/1.1" 200 -
[WebServer] 127.0.0.1 - - [22/Sep/2026 21:13:14] "GET /_astro/Vennie.ke5yj4Fb_qwe4J.webp HTTP/1.1" 200 -
[WebServer] 127.0.0.1 - - [22/Sep/2026 21:13:14] "GET /_astro/Christa.DCD6hF9z_24FDMC.webp HTTP/1.1" 200 -
[WebServer] 127.0.0.1 - - [22/Sep/2026 21:13:14] "GET /images/true-cost-of-a-staffy-lifetime-budget-planning.webp HTTP/1.1" 200 -
[WebServer] 127.0.0.1 - - [22/Sep/2026 21:13:14] "GET /_astro/Cheryl1.BA5--lqv_1QWN42.webp HTTP/1.1" 200 -
  ✓  14 [vp375] › tests/render/pages.spec.ts:109:3 › uk-blue-staffy-puppy-buying-guide (22.1s)
[WebServer] 127.0.0.1 - - [22/Sep/2026 21:13:23] "GET /uk-staffordshire-bull-terrier-guide/ HTTP/1.1" 200 -
[WebServer] 127.0.0.1 - - [22/Sep/2026 21:13:23] "GET /_astro/SiteHeaderKit.astro_astro_type_script_index_0_lang.oN0o2SoY.js HTTP/1.1" 200 -
[WebServer] 127.0.0.1 - - [22/Sep/2026 21:13:23] "GET /images/blue-staffy-puppy-for-sale-uk-440.webp HTTP/1.1" 200 -
[WebServer] 127.0.0.1 - - [22/Sep/2026 21:13:24] "GET /_astro/search.BBlYNZ37.js HTTP/1.1" 200 -
[WebServer] 127.0.0.1 - - [22/Sep/2026 21:13:25] code 404, message File not found
[WebServer] 127.0.0.1 - - [22/Sep/2026 21:13:25] "GET /__bsuk_pending_image__/0.webp HTTP/1.1" 404 -
[WebServer] 127.0.0.1 - - [22/Sep/2026 21:13:25] "GET /images/find-health-certified-staffy-breeders-uk.webp HTTP/1.1" 200 -
[WebServer] 127.0.0.1 - - [22/Sep/2026 21:13:25] "GET /images/sbt-history-heritage-from-pit-to-pet.webp HTTP/1.1" 200 -
[WebServer] 127.0.0.1 - - [22/Sep/2026 21:13:25] "GET /images/comprehensive-uk-staffordshire-bull-terrier-guide-book.webp HTTP/1.1" 200 -
[WebServer] 127.0.0.1 - - [22/Sep/2026 21:13:25] "GET /images/dedicated-blue-staffy-pup-care-glasgow.webp HTTP/1.1" 200 -
[WebServer] 127.0.0.1 - - [22/Sep/2026 21:13:25] "GET /images/sbt-uk-legal-status-public-perception.webp HTTP/1.1" 200 -
[WebServer] 127.0.0.1 - - [22/Sep/2026 21:13:25] "GET /images/busting-common-staffy-myths-loving-family-dog.webp HTTP/1.1" 200 -
[WebServer] 127.0.0.1 - - [22/Sep/2026 21:13:25] "GET /images/staffordshire-bull-terrier-vs-american-bully-comparison.webp HTTP/1.1" 200 -
[WebServer] 127.0.0.1 - - [22/Sep/2026 21:13:25] "GET /images/kc-registered-staffy-puppies.webp HTTP/1.1" 200 -
[WebServer] 127.0.0.1 - - [22/Sep/2026 21:13:25] "GET /_astro/Roman2.C-A0j1ry_1uH9rQ.webp HTTP/1.1" 200 -
[WebServer] 127.0.0.1 - - [22/Sep/2026 21:13:25] "GET /_astro/Byrd1.Dc5KZxb2_Z12dGBv.webp HTTP/1.1" 200 -
[WebServer] 127.0.0.1 - - [22/Sep/2026 21:13:25] "GET /_astro/Ince1.CjowFAsd_Z8xVgY.webp HTTP/1.1" 200 -
[WebServer] 127.0.0.1 - - [22/Sep/2026 21:13:25] "GET /_astro/Vennie.ke5yj4Fb_qwe4J.webp HTTP/1.1" 200 -
[WebServer] 127.0.0.1 - - [22/Sep/2026 21:13:25] "GET /_astro/Christa.DCD6hF9z_24FDMC.webp HTTP/1.1" 200 -
[WebServer] 127.0.0.1 - - [22/Sep/2026 21:13:25] "GET /images/true-cost-of-a-staffy-lifetime-budget-planning.webp HTTP/1.1" 200 -
[WebServer] 127.0.0.1 - - [22/Sep/2026 21:13:25] "GET /_astro/Cheryl1.BA5--lqv_1QWN42.webp HTTP/1.1" 200 -
  ✓  15 [vp768] › tests/render/pages.spec.ts:109:3 › uk-staffordshire-bull-terrier-guide (16.8s)
[WebServer] 127.0.0.1 - - [22/Sep/2026 21:13:30] "GET /blue-staffy-health-uk/ HTTP/1.1" 200 -
[WebServer] 127.0.0.1 - - [22/Sep/2026 21:13:30] "GET /_astro/SiteHeaderKit.astro_astro_type_script_index_0_lang.oN0o2SoY.js HTTP/1.1" 200 -
[WebServer] 127.0.0.1 - - [22/Sep/2026 21:13:30] "GET /images/blue-staffy-puppies-uk-litter1.webp HTTP/1.1" 200 -
[WebServer] 127.0.0.1 - - [22/Sep/2026 21:13:30] "GET /_astro/search.BBlYNZ37.js HTTP/1.1" 200 -
[WebServer] 127.0.0.1 - - [22/Sep/2026 21:13:30] "GET /images/what-health-tests-blue-staffies-need.webp HTTP/1.1" 200 -
[WebServer] 127.0.0.1 - - [22/Sep/2026 21:13:30] code 404, message File not found
[WebServer] 127.0.0.1 - - [22/Sep/2026 21:13:30] "GET /__bsuk_pending_image__/0.webp HTTP/1.1" 404 -
[WebServer] 127.0.0.1 - - [22/Sep/2026 21:13:30] "GET /images/blue-staffy-puppy-vet-check-uk-760.webp HTTP/1.1" 200 -
[WebServer] 127.0.0.1 - - [22/Sep/2026 21:13:30] "GET /images/maggie-blue-staffy-dam-with-pups-760.webp HTTP/1.1" 200 -
[WebServer] 127.0.0.1 - - [22/Sep/2026 21:13:30] "GET /images/what-to-feed-new-blue-staffy-puppy.webp HTTP/1.1" 200 -
[WebServer] 127.0.0.1 - - [22/Sep/2026 21:13:30] "GET /images/puppy-vaccinations-uk.webp HTTP/1.1" 200 -
[WebServer] 127.0.0.1 - - [22/Sep/2026 21:13:30] "GET /images/find-health-certified-staffy-breeders-uk.webp HTTP/1.1" 200 -
[WebServer] 127.0.0.1 - - [22/Sep/2026 21:13:30] "GET /images/kc-registered-staffy-puppies.webp HTTP/1.1" 200 -
  ✓  16 [vp375] › tests/render/pages.spec.ts:109:3 › uk-staffordshire-bull-terrier-guide (19.7s)
[WebServer] 127.0.0.1 - - [22/Sep/2026 21:13:43] "GET /blue-staffy-health-uk/ HTTP/1.1" 200 -
[WebServer] 127.0.0.1 - - [22/Sep/2026 21:13:43] "GET /_astro/SiteHeaderKit.astro_astro_type_script_index_0_lang.oN0o2SoY.js HTTP/1.1" 200 -
[WebServer] 127.0.0.1 - - [22/Sep/2026 21:13:43] "GET /images/blue-staffy-puppies-uk-litter1-400.webp HTTP/1.1" 200 -
[WebServer] 127.0.0.1 - - [22/Sep/2026 21:13:43] "GET /_astro/search.BBlYNZ37.js HTTP/1.1" 200 -
[WebServer] 127.0.0.1 - - [22/Sep/2026 21:13:44] code 404, message File not found
[WebServer] 127.0.0.1 - - [22/Sep/2026 21:13:44] "GET /__bsuk_pending_image__/0.webp HTTP/1.1" 404 -
[WebServer] 127.0.0.1 - - [22/Sep/2026 21:13:44] "GET /images/what-to-feed-new-blue-staffy-puppy.webp HTTP/1.1" 200 -
[WebServer] 127.0.0.1 - - [22/Sep/2026 21:13:44] "GET /images/maggie-blue-staffy-dam-with-pups-400.webp HTTP/1.1" 200 -
[WebServer] 127.0.0.1 - - [22/Sep/2026 21:13:44] "GET /images/what-health-tests-blue-staffies-need.webp HTTP/1.1" 200 -
[WebServer] 127.0.0.1 - - [22/Sep/2026 21:13:44] "GET /images/puppy-vaccinations-uk.webp HTTP/1.1" 200 -
[WebServer] 127.0.0.1 - - [22/Sep/2026 21:13:44] "GET /images/blue-staffy-puppy-vet-check-uk-400.webp HTTP/1.1" 200 -
[WebServer] 127.0.0.1 - - [22/Sep/2026 21:13:44] "GET /images/find-health-certified-staffy-breeders-uk.webp HTTP/1.1" 200 -
[WebServer] 127.0.0.1 - - [22/Sep/2026 21:13:44] "GET /images/kc-registered-staffy-puppies.webp HTTP/1.1" 200 -
  ✓  17 [vp768] › tests/render/pages.spec.ts:109:3 › blue-staffy-health-uk (15.6s)
[WebServer] 127.0.0.1 - - [22/Sep/2026 21:13:45] "GET /blue-staffy-uk-breeders/ HTTP/1.1" 200 -
[WebServer] 127.0.0.1 - - [22/Sep/2026 21:13:45] "GET /_astro/SiteHeaderKit.astro_astro_type_script_index_0_lang.oN0o2SoY.js HTTP/1.1" 200 -
[WebServer] 127.0.0.1 - - [22/Sep/2026 21:13:45] "GET /images/blue-staffy-family-dog-uk-400.webp HTTP/1.1" 200 -
[WebServer] 127.0.0.1 - - [22/Sep/2026 21:13:45] "GET /images/breeder-sitting-blue-staffy-puppy-home-400.webp HTTP/1.1" 200 -
[WebServer] 127.0.0.1 - - [22/Sep/2026 21:13:45] "GET /images/playful-blue-staffy-lawn-uk-400.webp HTTP/1.1" 200 -
[WebServer] 127.0.0.1 - - [22/Sep/2026 21:13:45] "GET /images/playful-blue-staffy-lawn-uk-760.webp HTTP/1.1" 200 -
[WebServer] 127.0.0.1 - - [22/Sep/2026 21:13:45] "GET /_astro/search.BBlYNZ37.js HTTP/1.1" 200 -
[WebServer] 127.0.0.1 - - [22/Sep/2026 21:13:45] "GET /images/breeder-sitting-blue-staffy-puppy-home.webp HTTP/1.1" 200 -
[WebServer] 127.0.0.1 - - [22/Sep/2026 21:13:46] code 404, message File not found
[WebServer] 127.0.0.1 - - [22/Sep/2026 21:13:46] "GET /__bsuk_pending_image__/0.webp HTTP/1.1" 404 -
[WebServer] 127.0.0.1 - - [22/Sep/2026 21:13:46] code 404, message File not found
[WebServer] 127.0.0.1 - - [22/Sep/2026 21:13:46] "GET /__bsuk_pending_image__/1.webp HTTP/1.1" 404 -
[WebServer] 127.0.0.1 - - [22/Sep/2026 21:13:46] code 404, message File not found
[WebServer] 127.0.0.1 - - [22/Sep/2026 21:13:46] "GET /__bsuk_pending_image__/2.webp HTTP/1.1" 404 -
[WebServer] 127.0.0.1 - - [22/Sep/2026 21:13:46] "GET /images/family-friendly-blue-staffy-glasgow.webp HTTP/1.1" 200 -
[WebServer] 127.0.0.1 - - [22/Sep/2026 21:13:46] "GET /images/testimonial-david-southampton-staffy-pup.webp HTTP/1.1" 200 -
[WebServer] 127.0.0.1 - - [22/Sep/2026 21:13:46] "GET /images/bluestaffyuk-nationwide-delivery-760.webp HTTP/1.1" 200 -
[WebServer] 127.0.0.1 - - [22/Sep/2026 21:13:46] "GET /_astro/Roman2.C-A0j1ry_1uH9rQ.webp HTTP/1.1" 200 -
[WebServer] 127.0.0.1 - - [22/Sep/2026 21:13:46] "GET /_astro/Byrd1.Dc5KZxb2_Z12dGBv.webp HTTP/1.1" 200 -
[WebServer] 127.0.0.1 - - [22/Sep/2026 21:13:46] "GET /images/trusted-uk-breeders-blue-staffy-family.webp HTTP/1.1" 200 -
[WebServer] 127.0.0.1 - - [22/Sep/2026 21:13:46] "GET /_astro/Ince1.CjowFAsd_Z8xVgY.webp HTTP/1.1" 200 -
[WebServer] 127.0.0.1 - - [22/Sep/2026 21:13:46] "GET /_astro/Vennie.ke5yj4Fb_qwe4J.webp HTTP/1.1" 200 -
[WebServer] 127.0.0.1 - - [22/Sep/2026 21:13:46] "GET /_astro/Christa.DCD6hF9z_24FDMC.webp HTTP/1.1" 200 -
[WebServer] 127.0.0.1 - - [22/Sep/2026 21:13:46] "GET /_astro/Cheryl1.BA5--lqv_1QWN42.webp HTTP/1.1" 200 -
  ✓  19 [vp768] › tests/render/pages.spec.ts:109:3 › blue-staffy-uk-breeders (13.3s)
[WebServer] 127.0.0.1 - - [22/Sep/2026 21:13:58] "GET /uk-blue-staffy-breeders-contact/ HTTP/1.1" 200 -
[WebServer] 127.0.0.1 - - [22/Sep/2026 21:13:59] "GET /_astro/SiteHeaderKit.astro_astro_type_script_index_0_lang.oN0o2SoY.js HTTP/1.1" 200 -
[WebServer] 127.0.0.1 - - [22/Sep/2026 21:13:59] "GET /images/uk-blue-staffy-breeders-contact-form-support.webp HTTP/1.1" 200 -
[WebServer] 127.0.0.1 - - [22/Sep/2026 21:13:59] "GET /_astro/search.BBlYNZ37.js HTTP/1.1" 200 -
  ✓  18 [vp375] › tests/render/pages.spec.ts:109:3 › blue-staffy-health-uk (16.0s)
[WebServer] 127.0.0.1 - - [22/Sep/2026 21:13:59] "GET /blue-staffy-uk-breeders/ HTTP/1.1" 200 -
[WebServer] 127.0.0.1 - - [22/Sep/2026 21:13:59] code 404, message File not found
[WebServer] 127.0.0.1 - - [22/Sep/2026 21:13:59] "GET /__bsuk_pending_image__/0.webp HTTP/1.1" 404 -
[WebServer] 127.0.0.1 - - [22/Sep/2026 21:13:59] "GET /_astro/SiteHeaderKit.astro_astro_type_script_index_0_lang.oN0o2SoY.js HTTP/1.1" 200 -
[WebServer] 127.0.0.1 - - [22/Sep/2026 21:13:59] "GET /images/blue-staffy-family-dog-uk-240.webp HTTP/1.1" 200 -
[WebServer] 127.0.0.1 - - [22/Sep/2026 21:13:59] "GET /images/breeder-sitting-blue-staffy-puppy-home-240.webp HTTP/1.1" 200 -
[WebServer] 127.0.0.1 - - [22/Sep/2026 21:13:59] "GET /images/playful-blue-staffy-lawn-uk-240.webp HTTP/1.1" 200 -
[WebServer] 127.0.0.1 - - [22/Sep/2026 21:13:59] "GET /images/breeder-sitting-blue-staffy-puppy-home-400.webp HTTP/1.1" 200 -
[WebServer] 127.0.0.1 - - [22/Sep/2026 21:13:59] "GET /_astro/search.BBlYNZ37.js HTTP/1.1" 200 -
[WebServer] 127.0.0.1 - - [22/Sep/2026 21:14:00] code 404, message File not found
[WebServer] 127.0.0.1 - - [22/Sep/2026 21:14:00] "GET /__bsuk_pending_image__/1.webp HTTP/1.1" 404 -
[WebServer] 127.0.0.1 - - [22/Sep/2026 21:14:00] code 404, message File not found
[WebServer] 127.0.0.1 - - [22/Sep/2026 21:14:00] "GET /__bsuk_pending_image__/0.webp HTTP/1.1" 404 -
[WebServer] 127.0.0.1 - - [22/Sep/2026 21:14:00] code 404, message File not found
[WebServer] 127.0.0.1 - - [22/Sep/2026 21:14:00] "GET /__bsuk_pending_image__/2.webp HTTP/1.1" 404 -
[WebServer] 127.0.0.1 - - [22/Sep/2026 21:14:00] "GET /_astro/Roman2.C-A0j1ry_1uH9rQ.webp HTTP/1.1" 200 -
[WebServer] 127.0.0.1 - - [22/Sep/2026 21:14:00] "GET /images/playful-blue-staffy-lawn-uk-400.webp HTTP/1.1" 200 -
[WebServer] 127.0.0.1 - - [22/Sep/2026 21:14:00] "GET /images/family-friendly-blue-staffy-glasgow-400.webp HTTP/1.1" 200 -
[WebServer] 127.0.0.1 - - [22/Sep/2026 21:14:00] "GET /images/testimonial-david-southampton-staffy-pup.webp HTTP/1.1" 200 -
[WebServer] 127.0.0.1 - - [22/Sep/2026 21:14:00] "GET /images/trusted-uk-breeders-blue-staffy-family.webp HTTP/1.1" 200 -
[WebServer] 127.0.0.1 - - [22/Sep/2026 21:14:00] "GET /images/bluestaffyuk-nationwide-delivery-400.webp HTTP/1.1" 200 -
[WebServer] 127.0.0.1 - - [22/Sep/2026 21:14:00] "GET /_astro/Byrd1.Dc5KZxb2_Z12dGBv.webp HTTP/1.1" 200 -
[WebServer] 127.0.0.1 - - [22/Sep/2026 21:14:00] "GET /_astro/Ince1.CjowFAsd_Z8xVgY.webp HTTP/1.1" 200 -
[WebServer] 127.0.0.1 - - [22/Sep/2026 21:14:00] "GET /_astro/Vennie.ke5yj4Fb_qwe4J.webp HTTP/1.1" 200 -
[WebServer] 127.0.0.1 - - [22/Sep/2026 21:14:00] "GET /_astro/Christa.DCD6hF9z_24FDMC.webp HTTP/1.1" 200 -
[WebServer] 127.0.0.1 - - [22/Sep/2026 21:14:00] "GET /_astro/Cheryl1.BA5--lqv_1QWN42.webp HTTP/1.1" 200 -
  ✓  20 [vp768] › tests/render/pages.spec.ts:109:3 › uk-blue-staffy-breeders-contact (9.4s)
[WebServer] 127.0.0.1 - - [22/Sep/2026 21:14:08] "GET /thank-you-blue-staffy-puppies-journey/ HTTP/1.1" 200 -
[WebServer] 127.0.0.1 - - [22/Sep/2026 21:14:08] "GET /_astro/SiteHeaderKit.astro_astro_type_script_index_0_lang.oN0o2SoY.js HTTP/1.1" 200 -
[WebServer] 127.0.0.1 - - [22/Sep/2026 21:14:08] "GET /images/thank-you-from-bluestaffyuk-happy-family-blue-staffy.webp HTTP/1.1" 200 -
[WebServer] 127.0.0.1 - - [22/Sep/2026 21:14:08] "GET /_astro/search.BBlYNZ37.js HTTP/1.1" 200 -
[WebServer] 127.0.0.1 - - [22/Sep/2026 21:14:08] code 404, message File not found
[WebServer] 127.0.0.1 - - [22/Sep/2026 21:14:08] "GET /__bsuk_pending_image__/0.webp HTTP/1.1" 404 -
[WebServer] 127.0.0.1 - - [22/Sep/2026 21:14:09] "GET /_astro/Christa.DCD6hF9z_24FDMC.webp HTTP/1.1" 200 -
[WebServer] 127.0.0.1 - - [22/Sep/2026 21:14:09] "GET /_astro/Roman2.C-A0j1ry_1uH9rQ.webp HTTP/1.1" 200 -
[WebServer] 127.0.0.1 - - [22/Sep/2026 21:14:09] "GET /_astro/Vennie.ke5yj4Fb_qwe4J.webp HTTP/1.1" 200 -
[WebServer] 127.0.0.1 - - [22/Sep/2026 21:14:09] "GET /_astro/Ince1.CjowFAsd_Z8xVgY.webp HTTP/1.1" 200 -
[WebServer] 127.0.0.1 - - [22/Sep/2026 21:14:09] "GET /_astro/Byrd1.Dc5KZxb2_Z12dGBv.webp HTTP/1.1" 200 -
[WebServer] 127.0.0.1 - - [22/Sep/2026 21:14:09] "GET /_astro/Cheryl1.BA5--lqv_1QWN42.webp HTTP/1.1" 200 -
  ✓  21 [vp375] › tests/render/pages.spec.ts:109:3 › blue-staffy-uk-breeders (14.6s)
[WebServer] 127.0.0.1 - - [22/Sep/2026 21:14:14] "GET /uk-blue-staffy-breeders-contact/ HTTP/1.1" 200 -
[WebServer] 127.0.0.1 - - [22/Sep/2026 21:14:14] "GET /_astro/SiteHeaderKit.astro_astro_type_script_index_0_lang.oN0o2SoY.js HTTP/1.1" 200 -
[WebServer] 127.0.0.1 - - [22/Sep/2026 21:14:14] "GET /images/uk-blue-staffy-breeders-contact-form-support.webp HTTP/1.1" 200 -
[WebServer] 127.0.0.1 - - [22/Sep/2026 21:14:14] "GET /_astro/search.BBlYNZ37.js HTTP/1.1" 200 -
[WebServer] 127.0.0.1 - - [22/Sep/2026 21:14:14] code 404, message File not found
[WebServer] 127.0.0.1 - - [22/Sep/2026 21:14:14] "GET /__bsuk_pending_image__/0.webp HTTP/1.1" 404 -
  ✓  22 [vp768] › tests/render/pages.spec.ts:109:3 › thank-you-blue-staffy-puppies-journey (9.1s)
[WebServer] 127.0.0.1 - - [22/Sep/2026 21:14:17] "GET /privacy-policy-uk/ HTTP/1.1" 200 -
[WebServer] 127.0.0.1 - - [22/Sep/2026 21:14:17] "GET /_astro/SiteHeaderKit.astro_astro_type_script_index_0_lang.oN0o2SoY.js HTTP/1.1" 200 -
[WebServer] 127.0.0.1 - - [22/Sep/2026 21:14:17] "GET /images/privacy-policy-staffy-silhouette-bluestaffyuk.webp HTTP/1.1" 200 -
[WebServer] 127.0.0.1 - - [22/Sep/2026 21:14:17] "GET /_astro/search.BBlYNZ37.js HTTP/1.1" 200 -
[WebServer] 127.0.0.1 - - [22/Sep/2026 21:14:18] code 404, message File not found
[WebServer] 127.0.0.1 - - [22/Sep/2026 21:14:18] "GET /__bsuk_pending_image__/0.webp HTTP/1.1" 404 -
  ✓  23 [vp375] › tests/render/pages.spec.ts:109:3 › uk-blue-staffy-breeders-contact (9.9s)
[WebServer] 127.0.0.1 - - [22/Sep/2026 21:14:24] "GET /thank-you-blue-staffy-puppies-journey/ HTTP/1.1" 200 -
[WebServer] 127.0.0.1 - - [22/Sep/2026 21:14:24] "GET /_astro/SiteHeaderKit.astro_astro_type_script_index_0_lang.oN0o2SoY.js HTTP/1.1" 200 -
[WebServer] 127.0.0.1 - - [22/Sep/2026 21:14:24] "GET /images/thank-you-from-bluestaffyuk-happy-family-blue-staffy.webp HTTP/1.1" 200 -
[WebServer] 127.0.0.1 - - [22/Sep/2026 21:14:24] "GET /_astro/search.BBlYNZ37.js HTTP/1.1" 200 -
[WebServer] 127.0.0.1 - - [22/Sep/2026 21:14:24] code 404, message File not found
[WebServer] 127.0.0.1 - - [22/Sep/2026 21:14:24] "GET /__bsuk_pending_image__/0.webp HTTP/1.1" 404 -
[WebServer] 127.0.0.1 - - [22/Sep/2026 21:14:24] "GET /_astro/Ince1.CjowFAsd_Z8xVgY.webp HTTP/1.1" 200 -
[WebServer] 127.0.0.1 - - [22/Sep/2026 21:14:24] "GET /_astro/Byrd1.Dc5KZxb2_Z12dGBv.webp HTTP/1.1" 200 -
[WebServer] 127.0.0.1 - - [22/Sep/2026 21:14:24] "GET /_astro/Vennie.ke5yj4Fb_qwe4J.webp HTTP/1.1" 200 -
[WebServer] 127.0.0.1 - - [22/Sep/2026 21:14:24] "GET /_astro/Christa.DCD6hF9z_24FDMC.webp HTTP/1.1" 200 -
[WebServer] 127.0.0.1 - - [22/Sep/2026 21:14:24] "GET /_astro/Roman2.C-A0j1ry_1uH9rQ.webp HTTP/1.1" 200 -
[WebServer] 127.0.0.1 - - [22/Sep/2026 21:14:24] "GET /_astro/Cheryl1.BA5--lqv_1QWN42.webp HTTP/1.1" 200 -
  ✓  24 [vp768] › tests/render/pages.spec.ts:109:3 › privacy-policy-uk (10.0s)
[WebServer] 127.0.0.1 - - [22/Sep/2026 21:14:27] "GET /uk-locations/ HTTP/1.1" 200 -
[WebServer] 127.0.0.1 - - [22/Sep/2026 21:14:27] "GET /_astro/SiteHeaderKit.astro_astro_type_script_index_0_lang.oN0o2SoY.js HTTP/1.1" 200 -
[WebServer] 127.0.0.1 - - [22/Sep/2026 21:14:27] "GET /_astro/search.BBlYNZ37.js HTTP/1.1" 200 -
  ✓  26 [vp768] › tests/render/pages.spec.ts:109:3 › uk-locations (3.9s)
[WebServer] 127.0.0.1 - - [22/Sep/2026 21:14:31] "GET /uk-locations/blue-staffy-puppies-birmingham/ HTTP/1.1" 200 -
  ✓  25 [vp375] › tests/render/pages.spec.ts:109:3 › thank-you-blue-staffy-puppies-journey (9.7s)
[WebServer] 127.0.0.1 - - [22/Sep/2026 21:14:33] "GET /privacy-policy-uk/ HTTP/1.1" 200 -
[WebServer] 127.0.0.1 - - [22/Sep/2026 21:14:33] "GET /_astro/SiteHeaderKit.astro_astro_type_script_index_0_lang.oN0o2SoY.js HTTP/1.1" 200 -
[WebServer] 127.0.0.1 - - [22/Sep/2026 21:14:33] "GET /images/privacy-policy-staffy-silhouette-bluestaffyuk.webp HTTP/1.1" 200 -
[WebServer] 127.0.0.1 - - [22/Sep/2026 21:14:33] "GET /_astro/search.BBlYNZ37.js HTTP/1.1" 200 -
[WebServer] 127.0.0.1 - - [22/Sep/2026 21:14:34] code 404, message File not found
[WebServer] 127.0.0.1 - - [22/Sep/2026 21:14:34] "GET /__bsuk_pending_image__/0.webp HTTP/1.1" 404 -
  ✓  27 [vp768] › tests/render/pages.spec.ts:109:3 › uk-locations/blue-staffy-puppies-birmingham (3.6s)
[WebServer] 127.0.0.1 - - [22/Sep/2026 21:14:35] "GET /uk-locations/blue-staffy-puppies-uk/ HTTP/1.1" 200 -
[WebServer] 127.0.0.1 - - [22/Sep/2026 21:14:35] "GET /images/blue-staffy-puppies-near-me-uk-available.webp HTTP/1.1" 200 -
[WebServer] 127.0.0.1 - - [22/Sep/2026 21:14:35] "GET /images/bluestaffyuk-nationwide-delivery.webp HTTP/1.1" 200 -
[WebServer] 127.0.0.1 - - [22/Sep/2026 21:14:35] code 404, message File not found
[WebServer] 127.0.0.1 - - [22/Sep/2026 21:14:35] "GET /__bsuk_pending_image__/0.webp HTTP/1.1" 404 -
[WebServer] 127.0.0.1 - - [22/Sep/2026 21:14:35] "GET /images/blue-staffy-uk-map-city-overview-1.webp HTTP/1.1" 200 -
[WebServer] 127.0.0.1 - - [22/Sep/2026 21:14:35] "GET /images/buy-blue-staffy-puppy-uk-ethical-purchase.webp HTTP/1.1" 200 -
[WebServer] 127.0.0.1 - - [22/Sep/2026 21:14:35] "GET /images/family-friendly-blue-staffy-glasgow.webp HTTP/1.1" 200 -
[WebServer] 127.0.0.1 - - [22/Sep/2026 21:14:35] "GET /images/blue-staffy-puppy-delivery-uk.webp HTTP/1.1" 200 -
[WebServer] 127.0.0.1 - - [22/Sep/2026 21:14:35] "GET /images/maggie-blue-staffy-dam-with-pups.webp HTTP/1.1" 200 -
[WebServer] 127.0.0.1 - - [22/Sep/2026 21:14:35] "GET /images/dedicated-blue-staffy-pup-care-glasgow.webp HTTP/1.1" 200 -
[WebServer] 127.0.0.1 - - [22/Sep/2026 21:14:35] "GET /images/bluestaffyuk-puppy-delivery-cornwall.webp HTTP/1.1" 200 -
[WebServer] 127.0.0.1 - - [22/Sep/2026 21:14:35] "GET /images/reputable-blue-staffy-breeder-manchester-pup.webp HTTP/1.1" 200 -
[WebServer] 127.0.0.1 - - [22/Sep/2026 21:14:35] "GET /images/ethical-staffy-puppy-london-delivery.webp HTTP/1.1" 200 -
  ✓  28 [vp375] › tests/render/pages.spec.ts:109:3 › privacy-policy-uk (11.1s)
[WebServer] 127.0.0.1 - - [22/Sep/2026 21:14:45] "GET /uk-locations/ HTTP/1.1" 200 -
[WebServer] 127.0.0.1 - - [22/Sep/2026 21:14:45] "GET /_astro/SiteHeaderKit.astro_astro_type_script_index_0_lang.oN0o2SoY.js HTTP/1.1" 200 -
[WebServer] 127.0.0.1 - - [22/Sep/2026 21:14:45] "GET /_astro/search.BBlYNZ37.js HTTP/1.1" 200 -
  ✘  29 [vp768] › tests/render/pages.spec.ts:109:3 › uk-locations/blue-staffy-puppies-uk (11.6s)
[freshness] dist/ is current (newest: dist/search-index.json)
[WebServer] 127.0.0.1 - - [22/Sep/2026 21:14:47] "GET /blue-staffy-blog-guides/ HTTP/1.1" 200 -
[WebServer] 127.0.0.1 - - [22/Sep/2026 21:14:47] "GET /_astro/SiteHeaderKit.astro_astro_type_script_index_0_lang.oN0o2SoY.js HTTP/1.1" 200 -
[WebServer] 127.0.0.1 - - [22/Sep/2026 21:14:47] "GET /images/blue-staffy-puppies-near-me-uk-available.webp HTTP/1.1" 200 -
[WebServer] 127.0.0.1 - - [22/Sep/2026 21:14:48] "GET /_astro/search.BBlYNZ37.js HTTP/1.1" 200 -
[WebServer] 127.0.0.1 - - [22/Sep/2026 21:14:48] code 404, message File not found
[WebServer] 127.0.0.1 - - [22/Sep/2026 21:14:48] "GET /__bsuk_pending_image__/0.webp HTTP/1.1" 404 -
  ✓  30 [vp375] › tests/render/pages.spec.ts:109:3 › uk-locations (4.4s)
[WebServer] 127.0.0.1 - - [22/Sep/2026 21:14:49] "GET /uk-locations/blue-staffy-puppies-birmingham/ HTTP/1.1" 200 -
  ✓  32 [vp375] › tests/render/pages.spec.ts:109:3 › uk-locations/blue-staffy-puppies-birmingham (4.0s)
[WebServer] 127.0.0.1 - - [22/Sep/2026 21:14:53] "GET /uk-locations/blue-staffy-puppies-uk/ HTTP/1.1" 200 -
[WebServer] 127.0.0.1 - - [22/Sep/2026 21:14:53] "GET /images/blue-staffy-puppies-near-me-uk-available.webp HTTP/1.1" 200 -
[WebServer] 127.0.0.1 - - [22/Sep/2026 21:14:53] "GET /images/bluestaffyuk-nationwide-delivery-760.webp HTTP/1.1" 200 -
[WebServer] 127.0.0.1 - - [22/Sep/2026 21:14:53] "GET /images/blue-staffy-uk-map-city-overview-1.webp HTTP/1.1" 200 -
[WebServer] 127.0.0.1 - - [22/Sep/2026 21:14:53] code 404, message File not found
[WebServer] 127.0.0.1 - - [22/Sep/2026 21:14:53] "GET /__bsuk_pending_image__/0.webp HTTP/1.1" 404 -
[WebServer] 127.0.0.1 - - [22/Sep/2026 21:14:53] "GET /images/dedicated-blue-staffy-pup-care-glasgow.webp HTTP/1.1" 200 -
[WebServer] 127.0.0.1 - - [22/Sep/2026 21:14:53] "GET /images/blue-staffy-puppy-delivery-uk-760.webp HTTP/1.1" 200 -
[WebServer] 127.0.0.1 - - [22/Sep/2026 21:14:53] "GET /images/buy-blue-staffy-puppy-uk-ethical-purchase-760.webp HTTP/1.1" 200 -
[WebServer] 127.0.0.1 - - [22/Sep/2026 21:14:53] "GET /images/family-friendly-blue-staffy-glasgow.webp HTTP/1.1" 200 -
[WebServer] 127.0.0.1 - - [22/Sep/2026 21:14:54] "GET /images/bluestaffyuk-puppy-delivery-cornwall.webp HTTP/1.1" 200 -
[WebServer] 127.0.0.1 - - [22/Sep/2026 21:14:54] "GET /images/maggie-blue-staffy-dam-with-pups-760.webp HTTP/1.1" 200 -
[WebServer] 127.0.0.1 - - [22/Sep/2026 21:14:54] "GET /images/reputable-blue-staffy-breeder-manchester-pup.webp HTTP/1.1" 200 -
[WebServer] 127.0.0.1 - - [22/Sep/2026 21:14:54] "GET /images/ethical-staffy-puppy-london-delivery.webp HTTP/1.1" 200 -
  ✓  31 [vp768] › tests/render/pages.spec.ts:109:3 › blue-staffy-blog-guides (10.0s)
[WebServer] 127.0.0.1 - - [22/Sep/2026 21:14:57] "GET /how-to-choose-the-right-blue-staffy-puppy-for-your-family/ HTTP/1.1" 200 -
[WebServer] 127.0.0.1 - - [22/Sep/2026 21:14:57] "GET /_astro/SiteHeaderKit.astro_astro_type_script_index_0_lang.oN0o2SoY.js HTTP/1.1" 200 -
[WebServer] 127.0.0.1 - - [22/Sep/2026 21:14:57] "GET /_astro/search.BBlYNZ37.js HTTP/1.1" 200 -
  ✓  34 [vp768] › tests/render/pages.spec.ts:109:3 › how-to-choose-the-right-blue-staffy-puppy-for-your-family (5.0s)
[WebServer] 127.0.0.1 - - [22/Sep/2026 21:15:02] "GET /blog/ HTTP/1.1" 200 -
[WebServer] 127.0.0.1 - - [22/Sep/2026 21:15:02] "GET /_astro/SiteHeaderKit.astro_astro_type_script_index_0_lang.oN0o2SoY.js HTTP/1.1" 200 -
[WebServer] 127.0.0.1 - - [22/Sep/2026 21:15:02] "GET /_astro/search.BBlYNZ37.js HTTP/1.1" 200 -
  ✘  33 [vp375] › tests/render/pages.spec.ts:109:3 › uk-locations/blue-staffy-puppies-uk (10.0s)
[freshness] dist/ is current (newest: dist/search-index.json)
[WebServer] 127.0.0.1 - - [22/Sep/2026 21:15:04] "GET /blue-staffy-blog-guides/ HTTP/1.1" 200 -
[WebServer] 127.0.0.1 - - [22/Sep/2026 21:15:04] "GET /_astro/SiteHeaderKit.astro_astro_type_script_index_0_lang.oN0o2SoY.js HTTP/1.1" 200 -
[WebServer] 127.0.0.1 - - [22/Sep/2026 21:15:04] "GET /images/blue-staffy-puppies-near-me-uk-available.webp HTTP/1.1" 200 -
[WebServer] 127.0.0.1 - - [22/Sep/2026 21:15:04] "GET /_astro/search.BBlYNZ37.js HTTP/1.1" 200 -
[WebServer] 127.0.0.1 - - [22/Sep/2026 21:15:05] code 404, message File not found
[WebServer] 127.0.0.1 - - [22/Sep/2026 21:15:05] "GET /__bsuk_pending_image__/0.webp HTTP/1.1" 404 -
  ✓  35 [vp768] › tests/render/pages.spec.ts:109:3 › blog (3.8s)
[WebServer] 127.0.0.1 - - [22/Sep/2026 21:15:06] "GET /kit-preview/ HTTP/1.1" 200 -
[WebServer] 127.0.0.1 - - [22/Sep/2026 21:15:06] "GET /_astro/SiteHeaderKit.astro_astro_type_script_index_0_lang.oN0o2SoY.js HTTP/1.1" 200 -
[WebServer] 127.0.0.1 - - [22/Sep/2026 21:15:06] "GET /_astro/Cheryl1.BA5--lqv_Z1P5ulo.webp HTTP/1.1" 200 -
[WebServer] 127.0.0.1 - - [22/Sep/2026 21:15:06] "GET /_astro/Roman2.C-A0j1ry_1uH9rQ.webp HTTP/1.1" 200 -
[WebServer] 127.0.0.1 - - [22/Sep/2026 21:15:06] "GET /_astro/Christa.DCD6hF9z_24FDMC.webp HTTP/1.1" 200 -
[WebServer] 127.0.0.1 - - [22/Sep/2026 21:15:06] "GET /_astro/search.BBlYNZ37.js HTTP/1.1" 200 -
[WebServer] 127.0.0.1 - - [22/Sep/2026 21:15:07] "GET /_astro/Ince1.CjowFAsd_1ydgJK.webp HTTP/1.1" 200 -
  ✓  36 [vp375] › tests/render/pages.spec.ts:109:3 › blue-staffy-blog-guides (10.3s)
[WebServer] 127.0.0.1 - - [22/Sep/2026 21:15:14] "GET /how-to-choose-the-right-blue-staffy-puppy-for-your-family/ HTTP/1.1" 200 -
[WebServer] 127.0.0.1 - - [22/Sep/2026 21:15:14] "GET /_astro/SiteHeaderKit.astro_astro_type_script_index_0_lang.oN0o2SoY.js HTTP/1.1" 200 -
[WebServer] 127.0.0.1 - - [22/Sep/2026 21:15:14] "GET /_astro/search.BBlYNZ37.js HTTP/1.1" 200 -
  ✓  37 [vp768] › tests/render/pages.spec.ts:109:3 › kit-preview (11.7s)
[freshness] dist/ is current (newest: dist/search-index.json)
[WebServer] 127.0.0.1 - - [22/Sep/2026 21:15:19] "GET / HTTP/1.1" 200 -
[WebServer] 127.0.0.1 - - [22/Sep/2026 21:15:19] "GET /_astro/SiteHeaderKit.astro_astro_type_script_index_0_lang.oN0o2SoY.js HTTP/1.1" 200 -
[WebServer] 127.0.0.1 - - [22/Sep/2026 21:15:19] "GET /images/blue-staffy-puppy-for-sale-uk-440.webp HTTP/1.1" 200 -
[WebServer] 127.0.0.1 - - [22/Sep/2026 21:15:19] "GET /images/buy-staffy-health-guarantee-uk-760.webp HTTP/1.1" 200 -
[WebServer] 127.0.0.1 - - [22/Sep/2026 21:15:19] "GET /_astro/search.BBlYNZ37.js HTTP/1.1" 200 -
[WebServer] 127.0.0.1 - - [22/Sep/2026 21:15:20] code 404, message File not found
[WebServer] 127.0.0.1 - - [22/Sep/2026 21:15:20] "GET /__bsuk_pending_image__/0.webp HTTP/1.1" 404 -
  ✓  38 [vp375] › tests/render/pages.spec.ts:109:3 › how-to-choose-the-right-blue-staffy-puppy-for-your-family (5.6s)
[WebServer] 127.0.0.1 - - [22/Sep/2026 21:15:20] "GET /blog/ HTTP/1.1" 200 -
[WebServer] 127.0.0.1 - - [22/Sep/2026 21:15:20] "GET /_astro/SiteHeaderKit.astro_astro_type_script_index_0_lang.oN0o2SoY.js HTTP/1.1" 200 -
[WebServer] 127.0.0.1 - - [22/Sep/2026 21:15:20] "GET /images/victoria-family-blue-staffy-manchester-440.webp HTTP/1.1" 200 -
[WebServer] 127.0.0.1 - - [22/Sep/2026 21:15:20] "GET /_astro/Roman2.C-A0j1ry_1uH9rQ.webp HTTP/1.1" 200 -
[WebServer] 127.0.0.1 - - [22/Sep/2026 21:15:20] "GET /_astro/Byrd1.Dc5KZxb2_Z12dGBv.webp HTTP/1.1" 200 -
[WebServer] 127.0.0.1 - - [22/Sep/2026 21:15:20] "GET /_astro/Ince1.CjowFAsd_Z8xVgY.webp HTTP/1.1" 200 -
[WebServer] 127.0.0.1 - - [22/Sep/2026 21:15:20] "GET /_astro/Vennie.ke5yj4Fb_qwe4J.webp HTTP/1.1" 200 -
[WebServer] 127.0.0.1 - - [22/Sep/2026 21:15:20] "GET /_astro/Christa.DCD6hF9z_24FDMC.webp HTTP/1.1" 200 -
[WebServer] 127.0.0.1 - - [22/Sep/2026 21:15:20] "GET /_astro/search.BBlYNZ37.js HTTP/1.1" 200 -
[WebServer] 127.0.0.1 - - [22/Sep/2026 21:15:20] "GET /_astro/Cheryl1.BA5--lqv_1QWN42.webp HTTP/1.1" 200 -
[WebServer] 127.0.0.1 - - [22/Sep/2026 21:15:20] "GET /images/kc-staffy-puppies-for-rehoming-uk.webp HTTP/1.1" 200 -
[WebServer] 127.0.0.1 - - [22/Sep/2026 21:15:20] "GET /images/playful-staffy-puppies-uk-sale.webp HTTP/1.1" 200 -
[WebServer] 127.0.0.1 - - [22/Sep/2026 21:15:20] "GET /images/kc-registered-blue-staffy-pups-london.webp HTTP/1.1" 200 -
[WebServer] 127.0.0.1 - - [22/Sep/2026 21:15:20] "GET /images/playful-blue-staffy-lawn-uk-760.webp HTTP/1.1" 200 -
[WebServer] 127.0.0.1 - - [22/Sep/2026 21:15:20] "GET /images/blue-staffy-family-dog-uk.webp HTTP/1.1" 200 -
[WebServer] 127.0.0.1 - - [22/Sep/2026 21:15:20] "GET /images/maggie-blue-staffy-dam-with-pups-760.webp HTTP/1.1" 200 -
[WebServer] 127.0.0.1 - - [22/Sep/2026 21:15:20] "GET /images/blue-staffy-puppy-vet-check-uk-760.webp HTTP/1.1" 200 -
[WebServer] 127.0.0.1 - - [22/Sep/2026 21:15:20] "GET /images/healthy-staffy-breed-guide-1.webp HTTP/1.1" 200 -
[WebServer] 127.0.0.1 - - [22/Sep/2026 21:15:20] "GET /images/bluestaffyuk-nationwide-delivery-760.webp HTTP/1.1" 200 -
[WebServer] 127.0.0.1 - - [22/Sep/2026 21:15:20] "GET /images/blue-staffy-puppy-delivery-uk-760.webp HTTP/1.1" 200 -
[WebServer] 127.0.0.1 - - [22/Sep/2026 21:15:20] "GET /images/mark-blue-staffy-london.webp HTTP/1.1" 200 -
  ✓  40 [vp375] › tests/render/pages.spec.ts:109:3 › blog (4.2s)
[WebServer] 127.0.0.1 - - [22/Sep/2026 21:15:24] "GET /kit-preview/ HTTP/1.1" 200 -
[WebServer] 127.0.0.1 - - [22/Sep/2026 21:15:24] "GET /_astro/Cheryl1.BA5--lqv_2leFTW.webp HTTP/1.1" 200 -
[WebServer] 127.0.0.1 - - [22/Sep/2026 21:15:24] "GET /_astro/SiteHeaderKit.astro_astro_type_script_index_0_lang.oN0o2SoY.js HTTP/1.1" 200 -
[WebServer] 127.0.0.1 - - [22/Sep/2026 21:15:24] "GET /_astro/search.BBlYNZ37.js HTTP/1.1" 200 -
[WebServer] 127.0.0.1 - - [22/Sep/2026 21:15:24] "GET /_astro/Christa.DCD6hF9z_24FDMC.webp HTTP/1.1" 200 -
[WebServer] 127.0.0.1 - - [22/Sep/2026 21:15:24] "GET /_astro/Roman2.C-A0j1ry_1uH9rQ.webp HTTP/1.1" 200 -
[WebServer] 127.0.0.1 - - [22/Sep/2026 21:15:25] "GET /_astro/Ince1.CjowFAsd_1W6LK4.webp HTTP/1.1" 200 -
  ✓  41 [vp375] › tests/render/pages.spec.ts:109:3 › kit-preview (13.3s)
  ✓  39 [vp1280] › tests/render/pages.spec.ts:109:3 › index (20.1s)
[WebServer] 127.0.0.1 - - [22/Sep/2026 21:15:39] "GET /buy-blue-staffy-puppies-uk/ HTTP/1.1" 200 -
[WebServer] 127.0.0.1 - - [22/Sep/2026 21:15:39] "GET /_astro/SiteHeaderKit.astro_astro_type_script_index_0_lang.oN0o2SoY.js HTTP/1.1" 200 -
[WebServer] 127.0.0.1 - - [22/Sep/2026 21:15:39] "GET /images/staffordshire-bull-terrier-for-sale-uk-ready-240.webp HTTP/1.1" 200 -
[WebServer] 127.0.0.1 - - [22/Sep/2026 21:15:39] "GET /images/blue-staffy-pups-near-you-240.webp HTTP/1.1" 200 -
[WebServer] 127.0.0.1 - - [22/Sep/2026 21:15:39] "GET /images/blue-staffy-puppy-delivery-uk-240.webp HTTP/1.1" 200 -
[WebServer] 127.0.0.1 - - [22/Sep/2026 21:15:39] "GET /_astro/Roman2.C-A0j1ry_1uH9rQ.webp HTTP/1.1" 200 -
[WebServer] 127.0.0.1 - - [22/Sep/2026 21:15:39] "GET /_astro/Byrd1.Dc5KZxb2_Z12dGBv.webp HTTP/1.1" 200 -
[WebServer] 127.0.0.1 - - [22/Sep/2026 21:15:39] "GET /_astro/search.BBlYNZ37.js HTTP/1.1" 200 -
[WebServer] 127.0.0.1 - - [22/Sep/2026 21:15:39] "GET /_astro/Vennie.ke5yj4Fb_qwe4J.webp HTTP/1.1" 200 -
[WebServer] 127.0.0.1 - - [22/Sep/2026 21:15:39] "GET /_astro/Ince1.CjowFAsd_Z8xVgY.webp HTTP/1.1" 200 -
[WebServer] 127.0.0.1 - - [22/Sep/2026 21:15:39] "GET /_astro/Cheryl1.BA5--lqv_1QWN42.webp HTTP/1.1" 200 -
[WebServer] 127.0.0.1 - - [22/Sep/2026 21:15:39] "GET /_astro/Christa.DCD6hF9z_24FDMC.webp HTTP/1.1" 200 -
[WebServer] 127.0.0.1 - - [22/Sep/2026 21:15:39] "GET /images/buy-staffordshire-bull-terrier-uk-now-760.webp HTTP/1.1" 200 -
[WebServer] 127.0.0.1 - - [22/Sep/2026 21:15:40] code 404, message File not found
[WebServer] 127.0.0.1 - - [22/Sep/2026 21:15:40] "GET /__bsuk_pending_image__/0.webp HTTP/1.1" 404 -
[WebServer] 127.0.0.1 - - [22/Sep/2026 21:15:40] code 404, message File not found
[WebServer] 127.0.0.1 - - [22/Sep/2026 21:15:40] "GET /__bsuk_pending_image__/2.webp HTTP/1.1" 404 -
[WebServer] 127.0.0.1 - - [22/Sep/2026 21:15:40] code 404, message File not found
[WebServer] 127.0.0.1 - - [22/Sep/2026 21:15:40] "GET /__bsuk_pending_image__/1.webp HTTP/1.1" 404 -
[WebServer] 127.0.0.1 - - [22/Sep/2026 21:15:40] "GET /images/blue-staffy-pups-near-you-760.webp HTTP/1.1" 200 -
[WebServer] 127.0.0.1 - - [22/Sep/2026 21:15:40] "GET /images/uk-blue-staffy-breeders-trust-760.webp HTTP/1.1" 200 -
[WebServer] 127.0.0.1 - - [22/Sep/2026 21:15:40] "GET /images/blue-staffy-puppy-delivery-uk-760.webp HTTP/1.1" 200 -
[WebServer] 127.0.0.1 - - [22/Sep/2026 21:15:40] "GET /images/blue-staffy-puppy-testimonial-cardiff-daniel.webp HTTP/1.1" 200 -
[WebServer] 127.0.0.1 - - [22/Sep/2026 21:15:40] "GET /images/blue-staffy-testimonial-london-happy-owner.webp HTTP/1.1" 200 -
  ✓  42 [vp1280] › tests/render/pages.spec.ts:109:3 › buy-blue-staffy-puppies-uk (13.2s)
[WebServer] 127.0.0.1 - - [22/Sep/2026 21:15:52] "GET /blue-staffy-pup-sale-uk/ HTTP/1.1" 200 -
[WebServer] 127.0.0.1 - - [22/Sep/2026 21:15:52] "GET /_astro/SiteHeaderKit.astro_astro_type_script_index_0_lang.oN0o2SoY.js HTTP/1.1" 200 -
[WebServer] 127.0.0.1 - - [22/Sep/2026 21:15:52] "GET /images/buy-staffordshire-bull-terrier-uk-now.webp HTTP/1.1" 200 -
[WebServer] 127.0.0.1 - - [22/Sep/2026 21:15:52] "GET /images/maggie-blue-staffy-dam-with-pups-760.webp HTTP/1.1" 200 -
[WebServer] 127.0.0.1 - - [22/Sep/2026 21:15:52] "GET /_astro/search.BBlYNZ37.js HTTP/1.1" 200 -
[WebServer] 127.0.0.1 - - [22/Sep/2026 21:15:53] code 404, message File not found
[WebServer] 127.0.0.1 - - [22/Sep/2026 21:15:53] "GET /__bsuk_pending_image__/0.webp HTTP/1.1" 404 -
[WebServer] 127.0.0.1 - - [22/Sep/2026 21:15:53] "GET /_astro/Byrd1.Dc5KZxb2_Z12dGBv.webp HTTP/1.1" 200 -
[WebServer] 127.0.0.1 - - [22/Sep/2026 21:15:53] "GET /images/bluestaffyuk-nationwide-delivery-760.webp HTTP/1.1" 200 -
[WebServer] 127.0.0.1 - - [22/Sep/2026 21:15:53] "GET /images/blue-staffy-testimonial-london-happy-owner.webp HTTP/1.1" 200 -
[WebServer] 127.0.0.1 - - [22/Sep/2026 21:15:53] "GET /_astro/Roman2.C-A0j1ry_1uH9rQ.webp HTTP/1.1" 200 -
[WebServer] 127.0.0.1 - - [22/Sep/2026 21:15:53] "GET /_astro/Ince1.CjowFAsd_Z8xVgY.webp HTTP/1.1" 200 -
[WebServer] 127.0.0.1 - - [22/Sep/2026 21:15:53] "GET /_astro/Vennie.ke5yj4Fb_qwe4J.webp HTTP/1.1" 200 -
[WebServer] 127.0.0.1 - - [22/Sep/2026 21:15:53] "GET /_astro/Christa.DCD6hF9z_24FDMC.webp HTTP/1.1" 200 -
[WebServer] 127.0.0.1 - - [22/Sep/2026 21:15:53] "GET /images/mark-blue-staffy-london.webp HTTP/1.1" 200 -
[WebServer] 127.0.0.1 - - [22/Sep/2026 21:15:53] "GET /_astro/Cheryl1.BA5--lqv_1QWN42.webp HTTP/1.1" 200 -
  ✓  43 [vp1280] › tests/render/pages.spec.ts:109:3 › blue-staffy-pup-sale-uk (12.4s)
[WebServer] 127.0.0.1 - - [22/Sep/2026 21:16:05] "GET /buy-staffy-puppies-for-sale-uk/ HTTP/1.1" 200 -
[WebServer] 127.0.0.1 - - [22/Sep/2026 21:16:05] "GET /_astro/SiteHeaderKit.astro_astro_type_script_index_0_lang.oN0o2SoY.js HTTP/1.1" 200 -
[WebServer] 127.0.0.1 - - [22/Sep/2026 21:16:05] "GET /images/buy-staffy-puppies-for-sale-uk-bluestaffyuk.webp HTTP/1.1" 200 -
[WebServer] 127.0.0.1 - - [22/Sep/2026 21:16:05] "GET /_astro/search.BBlYNZ37.js HTTP/1.1" 200 -
[WebServer] 127.0.0.1 - - [22/Sep/2026 21:16:05] "GET /images/staffy-puppies-norwich-for-sale-uk.webp HTTP/1.1" 200 -
[WebServer] 127.0.0.1 - - [22/Sep/2026 21:16:05] code 404, message File not found
[WebServer] 127.0.0.1 - - [22/Sep/2026 21:16:05] "GET /__bsuk_pending_image__/0.webp HTTP/1.1" 404 -
[WebServer] 127.0.0.1 - - [22/Sep/2026 21:16:05] "GET /images/english-blue-staffy-for-sale-puppy.webp HTTP/1.1" 200 -
[WebServer] 127.0.0.1 - - [22/Sep/2026 21:16:05] "GET /images/vet-checked-blue-staffy-puppy-near-me.webp HTTP/1.1" 200 -
[WebServer] 127.0.0.1 - - [22/Sep/2026 21:16:05] "GET /images/kennel-club-assured-breeder-vs-others-bluestaffyuk.webp HTTP/1.1" 200 -
[WebServer] 127.0.0.1 - - [22/Sep/2026 21:16:05] "GET /images/blue-staffy-bully-puppies-for-sale-uk-kc-certified.webp HTTP/1.1" 200 -
[WebServer] 127.0.0.1 - - [22/Sep/2026 21:16:05] "GET /images/avoid-staffordshire-bull-terrier-temperament-problems-bluestaffyuk.webp HTTP/1.1" 200 -
[WebServer] 127.0.0.1 - - [22/Sep/2026 21:16:05] "GET /images/affordable-vs-premium-blue-staffy-breeders-comparison.webp HTTP/1.1" 200 -
[WebServer] 127.0.0.1 - - [22/Sep/2026 21:16:05] "GET /images/healthy-staffy-puppy-for-sale-uk.webp HTTP/1.1" 200 -
[WebServer] 127.0.0.1 - - [22/Sep/2026 21:16:05] "GET /images/trusted-blue-staffy-breeder-reviews-satisfied-owners.webp HTTP/1.1" 200 -
[WebServer] 127.0.0.1 - - [22/Sep/2026 21:16:05] "GET /images/best-blue-staffy-breeder-reviews-puppy-for-sale-uk.webp HTTP/1.1" 200 -
[WebServer] 127.0.0.1 - - [22/Sep/2026 21:16:05] "GET /_astro/Roman2.C-A0j1ry_1uH9rQ.webp HTTP/1.1" 200 -
[WebServer] 127.0.0.1 - - [22/Sep/2026 21:16:05] "GET /_astro/Byrd1.Dc5KZxb2_Z12dGBv.webp HTTP/1.1" 200 -
[WebServer] 127.0.0.1 - - [22/Sep/2026 21:16:05] "GET /_astro/Ince1.CjowFAsd_Z8xVgY.webp HTTP/1.1" 200 -
[WebServer] 127.0.0.1 - - [22/Sep/2026 21:16:05] "GET /_astro/Vennie.ke5yj4Fb_qwe4J.webp HTTP/1.1" 200 -
[WebServer] 127.0.0.1 - - [22/Sep/2026 21:16:05] "GET /_astro/Christa.DCD6hF9z_24FDMC.webp HTTP/1.1" 200 -
[WebServer] 127.0.0.1 - - [22/Sep/2026 21:16:05] "GET /_astro/Cheryl1.BA5--lqv_1QWN42.webp HTTP/1.1" 200 -
[WebServer] 127.0.0.1 - - [22/Sep/2026 21:16:05] "GET /images/premium-staffy-puppy-for-sale-in-the-uk-ready-now.webp HTTP/1.1" 200 -
[WebServer] 127.0.0.1 - - [22/Sep/2026 21:16:05] "GET /images/local-blue-staffy-breeders-near-me-uk.webp HTTP/1.1" 200 -
  ✓  44 [vp1280] › tests/render/pages.spec.ts:109:3 › buy-staffy-puppies-for-sale-uk (16.2s)
[WebServer] 127.0.0.1 - - [22/Sep/2026 21:16:21] "GET /available-puppies/roman/ HTTP/1.1" 200 -
[WebServer] 127.0.0.1 - - [22/Sep/2026 21:16:21] "GET /_astro/SiteHeaderKit.astro_astro_type_script_index_0_lang.oN0o2SoY.js HTTP/1.1" 200 -
[WebServer] 127.0.0.1 - - [22/Sep/2026 21:16:21] "GET /_astro/Roman2.C-A0j1ry_Z2h5Yfu.webp HTTP/1.1" 200 -
[WebServer] 127.0.0.1 - - [22/Sep/2026 21:16:21] "GET /_astro/Roman1.DKvYvyvM_2bjowu.webp HTTP/1.1" 200 -
[WebServer] 127.0.0.1 - - [22/Sep/2026 21:16:21] "GET /_astro/search.BBlYNZ37.js HTTP/1.1" 200 -
[WebServer] 127.0.0.1 - - [22/Sep/2026 21:16:21] code 404, message File not found
[WebServer] 127.0.0.1 - - [22/Sep/2026 21:16:21] "GET /__bsuk_pending_image__/0.webp HTTP/1.1" 404 -
  ✓  45 [vp1280] › tests/render/pages.spec.ts:109:3 › available-puppies/roman (3.9s)
[WebServer] 127.0.0.1 - - [22/Sep/2026 21:16:25] "GET /available-puppies/ HTTP/1.1" 200 -
[WebServer] 127.0.0.1 - - [22/Sep/2026 21:16:25] "GET /_astro/Roman2.C-A0j1ry_2oY8o4.webp HTTP/1.1" 200 -
[WebServer] 127.0.0.1 - - [22/Sep/2026 21:16:25] "GET /_astro/Byrd1.Dc5KZxb2_Z2rts2K.webp HTTP/1.1" 200 -
[WebServer] 127.0.0.1 - - [22/Sep/2026 21:16:25] "GET /_astro/SiteHeaderKit.astro_astro_type_script_index_0_lang.oN0o2SoY.js HTTP/1.1" 200 -
[WebServer] 127.0.0.1 - - [22/Sep/2026 21:16:25] "GET /_astro/Christa.DCD6hF9z_15fV8S.webp HTTP/1.1" 200 -
[WebServer] 127.0.0.1 - - [22/Sep/2026 21:16:25] "GET /_astro/search.BBlYNZ37.js HTTP/1.1" 200 -
[WebServer] 127.0.0.1 - - [22/Sep/2026 21:16:25] "GET /_astro/Ince1.CjowFAsd_Z1xNGHe.webp HTTP/1.1" 200 -
[WebServer] 127.0.0.1 - - [22/Sep/2026 21:16:25] "GET /_astro/Vennie.ke5yj4Fb_24EeX6.webp HTTP/1.1" 200 -
[WebServer] 127.0.0.1 - - [22/Sep/2026 21:16:25] "GET /_astro/Cheryl1.BA5--lqv_1BX5wb.webp HTTP/1.1" 200 -
[WebServer] 127.0.0.1 - - [22/Sep/2026 21:16:25] code 404, message File not found
[WebServer] 127.0.0.1 - - [22/Sep/2026 21:16:25] "GET /__bsuk_pending_image__/0.webp HTTP/1.1" 404 -
[WebServer] 127.0.0.1 - - [22/Sep/2026 21:16:25] code 404, message File not found
[WebServer] 127.0.0.1 - - [22/Sep/2026 21:16:25] "GET /__bsuk_pending_image__/1.webp HTTP/1.1" 404 -
[WebServer] 127.0.0.1 - - [22/Sep/2026 21:16:25] code 404, message File not found
[WebServer] 127.0.0.1 - - [22/Sep/2026 21:16:25] "GET /__bsuk_pending_image__/2.webp HTTP/1.1" 404 -
[WebServer] 127.0.0.1 - - [22/Sep/2026 21:16:25] code 404, message File not found
[WebServer] 127.0.0.1 - - [22/Sep/2026 21:16:25] "GET /__bsuk_pending_image__/3.webp HTTP/1.1" 404 -
[WebServer] 127.0.0.1 - - [22/Sep/2026 21:16:25] code 404, message File not found
[WebServer] 127.0.0.1 - - [22/Sep/2026 21:16:25] "GET /__bsuk_pending_image__/4.webp HTTP/1.1" 404 -
[WebServer] 127.0.0.1 - - [22/Sep/2026 21:16:25] code 404, message File not found
[WebServer] 127.0.0.1 - - [22/Sep/2026 21:16:25] "GET /__bsuk_pending_image__/5.webp HTTP/1.1" 404 -
  ✘  46 [vp1280] › tests/render/pages.spec.ts:109:3 › available-puppies (4.2s)
[freshness] dist/ is current (newest: dist/search-index.json)
[WebServer] 127.0.0.1 - - [22/Sep/2026 21:16:30] "GET /uk-blue-staffy-puppy-buying-guide/ HTTP/1.1" 200 -
[WebServer] 127.0.0.1 - - [22/Sep/2026 21:16:30] "GET /_astro/SiteHeaderKit.astro_astro_type_script_index_0_lang.oN0o2SoY.js HTTP/1.1" 200 -
[WebServer] 127.0.0.1 - - [22/Sep/2026 21:16:30] "GET /images/how-to-buy-blue-staffy-puppy-uk-steps1-240.webp HTTP/1.1" 200 -
[WebServer] 127.0.0.1 - - [22/Sep/2026 21:16:30] "GET /images/blue-staffy-research.webp HTTP/1.1" 200 -
[WebServer] 127.0.0.1 - - [22/Sep/2026 21:16:30] "GET /_astro/search.BBlYNZ37.js HTTP/1.1" 200 -
[WebServer] 127.0.0.1 - - [22/Sep/2026 21:16:31] code 404, message File not found
[WebServer] 127.0.0.1 - - [22/Sep/2026 21:16:31] "GET /__bsuk_pending_image__/0.webp HTTP/1.1" 404 -
[WebServer] 127.0.0.1 - - [22/Sep/2026 21:16:31] "GET /images/defra-pet-transport-process.webp HTTP/1.1" 200 -
[WebServer] 127.0.0.1 - - [22/Sep/2026 21:16:31] "GET /images/1blue-staffy-family-breeder.webp HTTP/1.1" 200 -
[WebServer] 127.0.0.1 - - [22/Sep/2026 21:16:31] "GET /images/pros-and-cons-of-owning-a-blue-staffy-uk.webp HTTP/1.1" 200 -
[WebServer] 127.0.0.1 - - [22/Sep/2026 21:16:31] "GET /images/purebred-blue-male-staffy-available-for-rehoming.webp HTTP/1.1" 200 -
[WebServer] 127.0.0.1 - - [22/Sep/2026 21:16:31] "GET /images/blue-staffy-health-prioritising-wellbeing.webp HTTP/1.1" 200 -
[WebServer] 127.0.0.1 - - [22/Sep/2026 21:16:31] "GET /images/blue-staffy-vet-check.webp HTTP/1.1" 200 -
[WebServer] 127.0.0.1 - - [22/Sep/2026 21:16:31] "GET /images/blue-staffy-puppy-preparation.webp HTTP/1.1" 200 -
[WebServer] 127.0.0.1 - - [22/Sep/2026 21:16:31] "GET /images/healthy-blue-staffy-pups-for-sale-certified.webp HTTP/1.1" 200 -
[WebServer] 127.0.0.1 - - [22/Sep/2026 21:16:31] "GET /images/ready-to-welcome-blue-staffy-infographic.webp HTTP/1.1" 200 -
[WebServer] 127.0.0.1 - - [22/Sep/2026 21:16:31] "GET /images/blue-staffy-training-socialisation.webp HTTP/1.1" 200 -
[WebServer] 127.0.0.1 - - [22/Sep/2026 21:16:31] "GET /images/1blue-staffy-socialisation-checklist.webp HTTP/1.1" 200 -
[WebServer] 127.0.0.1 - - [22/Sep/2026 21:16:31] "GET /images/uk-family-blue-staffy.webp HTTP/1.1" 200 -
[WebServer] 127.0.0.1 - - [22/Sep/2026 21:16:31] "GET /images/bluestaffyuk-nationwide-infographic.webp HTTP/1.1" 200 -
[WebServer] 127.0.0.1 - - [22/Sep/2026 21:16:31] "GET /_astro/Roman2.C-A0j1ry_1uH9rQ.webp HTTP/1.1" 200 -
[WebServer] 127.0.0.1 - - [22/Sep/2026 21:16:31] "GET /images/blue-staffy-adoption-vs-buying-infographic.webp HTTP/1.1" 200 -
[WebServer] 127.0.0.1 - - [22/Sep/2026 21:16:31] "GET /images/blue-staffy-uk-reviews-owner-testimonials.webp HTTP/1.1" 200 -
[WebServer] 127.0.0.1 - - [22/Sep/2026 21:16:31] "GET /_astro/Byrd1.Dc5KZxb2_Z12dGBv.webp HTTP/1.1" 200 -
[WebServer] 127.0.0.1 - - [22/Sep/2026 21:16:31] "GET /_astro/Ince1.CjowFAsd_Z8xVgY.webp HTTP/1.1" 200 -
[WebServer] 127.0.0.1 - - [22/Sep/2026 21:16:31] "GET /_astro/Vennie.ke5yj4Fb_qwe4J.webp HTTP/1.1" 200 -
[WebServer] 127.0.0.1 - - [22/Sep/2026 21:16:31] "GET /_astro/Cheryl1.BA5--lqv_1QWN42.webp HTTP/1.1" 200 -
[WebServer] 127.0.0.1 - - [22/Sep/2026 21:16:31] "GET /_astro/Christa.DCD6hF9z_24FDMC.webp HTTP/1.1" 200 -
  ✓  47 [vp1280] › tests/render/pages.spec.ts:109:3 › uk-blue-staffy-puppy-buying-guide (20.2s)
[WebServer] 127.0.0.1 - - [22/Sep/2026 21:16:50] "GET /uk-staffordshire-bull-terrier-guide/ HTTP/1.1" 200 -
[WebServer] 127.0.0.1 - - [22/Sep/2026 21:16:50] "GET /_astro/SiteHeaderKit.astro_astro_type_script_index_0_lang.oN0o2SoY.js HTTP/1.1" 200 -
[WebServer] 127.0.0.1 - - [22/Sep/2026 21:16:50] "GET /images/blue-staffy-puppy-for-sale-uk-440.webp HTTP/1.1" 200 -
[WebServer] 127.0.0.1 - - [22/Sep/2026 21:16:50] "GET /_astro/search.BBlYNZ37.js HTTP/1.1" 200 -
[WebServer] 127.0.0.1 - - [22/Sep/2026 21:16:52] code 404, message File not found
[WebServer] 127.0.0.1 - - [22/Sep/2026 21:16:52] "GET /__bsuk_pending_image__/0.webp HTTP/1.1" 404 -
[WebServer] 127.0.0.1 - - [22/Sep/2026 21:16:52] "GET /images/comprehensive-uk-staffordshire-bull-terrier-guide-book.webp HTTP/1.1" 200 -
[WebServer] 127.0.0.1 - - [22/Sep/2026 21:16:52] "GET /images/dedicated-blue-staffy-pup-care-glasgow.webp HTTP/1.1" 200 -
[WebServer] 127.0.0.1 - - [22/Sep/2026 21:16:52] "GET /images/find-health-certified-staffy-breeders-uk.webp HTTP/1.1" 200 -
[WebServer] 127.0.0.1 - - [22/Sep/2026 21:16:52] "GET /images/sbt-uk-legal-status-public-perception.webp HTTP/1.1" 200 -
[WebServer] 127.0.0.1 - - [22/Sep/2026 21:16:52] "GET /images/sbt-history-heritage-from-pit-to-pet.webp HTTP/1.1" 200 -
[WebServer] 127.0.0.1 - - [22/Sep/2026 21:16:52] "GET /images/busting-common-staffy-myths-loving-family-dog.webp HTTP/1.1" 200 -
[WebServer] 127.0.0.1 - - [22/Sep/2026 21:16:52] "GET /images/staffordshire-bull-terrier-vs-american-bully-comparison.webp HTTP/1.1" 200 -
[WebServer] 127.0.0.1 - - [22/Sep/2026 21:16:52] "GET /images/kc-registered-staffy-puppies.webp HTTP/1.1" 200 -
[WebServer] 127.0.0.1 - - [22/Sep/2026 21:16:52] "GET /_astro/Byrd1.Dc5KZxb2_Z12dGBv.webp HTTP/1.1" 200 -
[WebServer] 127.0.0.1 - - [22/Sep/2026 21:16:52] "GET /_astro/Roman2.C-A0j1ry_1uH9rQ.webp HTTP/1.1" 200 -
[WebServer] 127.0.0.1 - - [22/Sep/2026 21:16:52] "GET /_astro/Ince1.CjowFAsd_Z8xVgY.webp HTTP/1.1" 200 -
[WebServer] 127.0.0.1 - - [22/Sep/2026 21:16:52] "GET /_astro/Vennie.ke5yj4Fb_qwe4J.webp HTTP/1.1" 200 -
[WebServer] 127.0.0.1 - - [22/Sep/2026 21:16:52] "GET /_astro/Christa.DCD6hF9z_24FDMC.webp HTTP/1.1" 200 -
[WebServer] 127.0.0.1 - - [22/Sep/2026 21:16:52] "GET /images/true-cost-of-a-staffy-lifetime-budget-planning.webp HTTP/1.1" 200 -
[WebServer] 127.0.0.1 - - [22/Sep/2026 21:16:52] "GET /_astro/Cheryl1.BA5--lqv_1QWN42.webp HTTP/1.1" 200 -
  ✓  48 [vp1280] › tests/render/pages.spec.ts:109:3 › uk-staffordshire-bull-terrier-guide (16.9s)
[WebServer] 127.0.0.1 - - [22/Sep/2026 21:17:07] "GET /blue-staffy-health-uk/ HTTP/1.1" 200 -
[WebServer] 127.0.0.1 - - [22/Sep/2026 21:17:07] "GET /_astro/SiteHeaderKit.astro_astro_type_script_index_0_lang.oN0o2SoY.js HTTP/1.1" 200 -
[WebServer] 127.0.0.1 - - [22/Sep/2026 21:17:07] "GET /images/blue-staffy-puppies-uk-litter1-240.webp HTTP/1.1" 200 -
[WebServer] 127.0.0.1 - - [22/Sep/2026 21:17:07] "GET /_astro/search.BBlYNZ37.js HTTP/1.1" 200 -
[WebServer] 127.0.0.1 - - [22/Sep/2026 21:17:07] "GET /images/what-health-tests-blue-staffies-need.webp HTTP/1.1" 200 -
[WebServer] 127.0.0.1 - - [22/Sep/2026 21:17:08] code 404, message File not found
[WebServer] 127.0.0.1 - - [22/Sep/2026 21:17:08] "GET /__bsuk_pending_image__/0.webp HTTP/1.1" 404 -
[WebServer] 127.0.0.1 - - [22/Sep/2026 21:17:08] "GET /images/maggie-blue-staffy-dam-with-pups-760.webp HTTP/1.1" 200 -
[WebServer] 127.0.0.1 - - [22/Sep/2026 21:17:08] "GET /images/puppy-vaccinations-uk.webp HTTP/1.1" 200 -
[WebServer] 127.0.0.1 - - [22/Sep/2026 21:17:08] "GET /images/blue-staffy-puppy-vet-check-uk-760.webp HTTP/1.1" 200 -
[WebServer] 127.0.0.1 - - [22/Sep/2026 21:17:08] "GET /images/what-to-feed-new-blue-staffy-puppy.webp HTTP/1.1" 200 -
[WebServer] 127.0.0.1 - - [22/Sep/2026 21:17:08] "GET /images/find-health-certified-staffy-breeders-uk.webp HTTP/1.1" 200 -
[WebServer] 127.0.0.1 - - [22/Sep/2026 21:17:08] "GET /images/kc-registered-staffy-puppies.webp HTTP/1.1" 200 -
  ✓  49 [vp1280] › tests/render/pages.spec.ts:109:3 › blue-staffy-health-uk (15.0s)
[WebServer] 127.0.0.1 - - [22/Sep/2026 21:17:22] "GET /blue-staffy-uk-breeders/ HTTP/1.1" 200 -
[WebServer] 127.0.0.1 - - [22/Sep/2026 21:17:22] "GET /_astro/SiteHeaderKit.astro_astro_type_script_index_0_lang.oN0o2SoY.js HTTP/1.1" 200 -
[WebServer] 127.0.0.1 - - [22/Sep/2026 21:17:22] "GET /images/blue-staffy-family-dog-uk-240.webp HTTP/1.1" 200 -
[WebServer] 127.0.0.1 - - [22/Sep/2026 21:17:22] "GET /images/breeder-sitting-blue-staffy-puppy-home-240.webp HTTP/1.1" 200 -
[WebServer] 127.0.0.1 - - [22/Sep/2026 21:17:22] "GET /images/playful-blue-staffy-lawn-uk-240.webp HTTP/1.1" 200 -
[WebServer] 127.0.0.1 - - [22/Sep/2026 21:17:22] "GET /images/breeder-sitting-blue-staffy-puppy-home.webp HTTP/1.1" 200 -
[WebServer] 127.0.0.1 - - [22/Sep/2026 21:17:22] "GET /images/playful-blue-staffy-lawn-uk-760.webp HTTP/1.1" 200 -
[WebServer] 127.0.0.1 - - [22/Sep/2026 21:17:22] "GET /_astro/search.BBlYNZ37.js HTTP/1.1" 200 -
[WebServer] 127.0.0.1 - - [22/Sep/2026 21:17:23] code 404, message File not found
[WebServer] 127.0.0.1 - - [22/Sep/2026 21:17:23] "GET /__bsuk_pending_image__/0.webp HTTP/1.1" 404 -
[WebServer] 127.0.0.1 - - [22/Sep/2026 21:17:23] code 404, message File not found
[WebServer] 127.0.0.1 - - [22/Sep/2026 21:17:23] "GET /__bsuk_pending_image__/1.webp HTTP/1.1" 404 -
[WebServer] 127.0.0.1 - - [22/Sep/2026 21:17:23] code 404, message File not found
[WebServer] 127.0.0.1 - - [22/Sep/2026 21:17:23] "GET /__bsuk_pending_image__/2.webp HTTP/1.1" 404 -
[WebServer] 127.0.0.1 - - [22/Sep/2026 21:17:23] "GET /_astro/Roman2.C-A0j1ry_1uH9rQ.webp HTTP/1.1" 200 -
[WebServer] 127.0.0.1 - - [22/Sep/2026 21:17:23] "GET /images/family-friendly-blue-staffy-glasgow.webp HTTP/1.1" 200 -
[WebServer] 127.0.0.1 - - [22/Sep/2026 21:17:23] "GET /_astro/Byrd1.Dc5KZxb2_Z12dGBv.webp HTTP/1.1" 200 -
[WebServer] 127.0.0.1 - - [22/Sep/2026 21:17:23] "GET /images/trusted-uk-breeders-blue-staffy-family.webp HTTP/1.1" 200 -
[WebServer] 127.0.0.1 - - [22/Sep/2026 21:17:23] "GET /images/bluestaffyuk-nationwide-delivery-760.webp HTTP/1.1" 200 -
[WebServer] 127.0.0.1 - - [22/Sep/2026 21:17:23] "GET /_astro/Vennie.ke5yj4Fb_qwe4J.webp HTTP/1.1" 200 -
[WebServer] 127.0.0.1 - - [22/Sep/2026 21:17:23] "GET /_astro/Ince1.CjowFAsd_Z8xVgY.webp HTTP/1.1" 200 -
[WebServer] 127.0.0.1 - - [22/Sep/2026 21:17:23] "GET /_astro/Christa.DCD6hF9z_24FDMC.webp HTTP/1.1" 200 -
[WebServer] 127.0.0.1 - - [22/Sep/2026 21:17:23] "GET /_astro/Cheryl1.BA5--lqv_1QWN42.webp HTTP/1.1" 200 -
[WebServer] 127.0.0.1 - - [22/Sep/2026 21:17:23] "GET /images/testimonial-david-southampton-staffy-pup.webp HTTP/1.1" 200 -
  ✓  50 [vp1280] › tests/render/pages.spec.ts:109:3 › blue-staffy-uk-breeders (13.4s)
[WebServer] 127.0.0.1 - - [22/Sep/2026 21:17:36] "GET /uk-blue-staffy-breeders-contact/ HTTP/1.1" 200 -
[WebServer] 127.0.0.1 - - [22/Sep/2026 21:17:36] "GET /_astro/SiteHeaderKit.astro_astro_type_script_index_0_lang.oN0o2SoY.js HTTP/1.1" 200 -
[WebServer] 127.0.0.1 - - [22/Sep/2026 21:17:36] "GET /images/uk-blue-staffy-breeders-contact-form-support.webp HTTP/1.1" 200 -
[WebServer] 127.0.0.1 - - [22/Sep/2026 21:17:36] "GET /_astro/search.BBlYNZ37.js HTTP/1.1" 200 -
[WebServer] 127.0.0.1 - - [22/Sep/2026 21:17:36] code 404, message File not found
[WebServer] 127.0.0.1 - - [22/Sep/2026 21:17:36] "GET /__bsuk_pending_image__/0.webp HTTP/1.1" 404 -
  ✓  51 [vp1280] › tests/render/pages.spec.ts:109:3 › uk-blue-staffy-breeders-contact (9.2s)
[WebServer] 127.0.0.1 - - [22/Sep/2026 21:17:45] "GET /thank-you-blue-staffy-puppies-journey/ HTTP/1.1" 200 -
[WebServer] 127.0.0.1 - - [22/Sep/2026 21:17:45] "GET /_astro/SiteHeaderKit.astro_astro_type_script_index_0_lang.oN0o2SoY.js HTTP/1.1" 200 -
[WebServer] 127.0.0.1 - - [22/Sep/2026 21:17:45] "GET /images/thank-you-from-bluestaffyuk-happy-family-blue-staffy.webp HTTP/1.1" 200 -
[WebServer] 127.0.0.1 - - [22/Sep/2026 21:17:45] "GET /_astro/Byrd1.Dc5KZxb2_Z12dGBv.webp HTTP/1.1" 200 -
[WebServer] 127.0.0.1 - - [22/Sep/2026 21:17:45] "GET /_astro/Roman2.C-A0j1ry_1uH9rQ.webp HTTP/1.1" 200 -
[WebServer] 127.0.0.1 - - [22/Sep/2026 21:17:45] "GET /_astro/Vennie.ke5yj4Fb_qwe4J.webp HTTP/1.1" 200 -
[WebServer] 127.0.0.1 - - [22/Sep/2026 21:17:45] "GET /_astro/Ince1.CjowFAsd_Z8xVgY.webp HTTP/1.1" 200 -
[WebServer] 127.0.0.1 - - [22/Sep/2026 21:17:45] "GET /_astro/search.BBlYNZ37.js HTTP/1.1" 200 -
[WebServer] 127.0.0.1 - - [22/Sep/2026 21:17:45] "GET /_astro/Christa.DCD6hF9z_24FDMC.webp HTTP/1.1" 200 -
[WebServer] 127.0.0.1 - - [22/Sep/2026 21:17:45] "GET /_astro/Cheryl1.BA5--lqv_1QWN42.webp HTTP/1.1" 200 -
[WebServer] 127.0.0.1 - - [22/Sep/2026 21:17:45] code 404, message File not found
[WebServer] 127.0.0.1 - - [22/Sep/2026 21:17:45] "GET /__bsuk_pending_image__/0.webp HTTP/1.1" 404 -
  ✓  52 [vp1280] › tests/render/pages.spec.ts:109:3 › thank-you-blue-staffy-puppies-journey (8.9s)
[WebServer] 127.0.0.1 - - [22/Sep/2026 21:17:54] "GET /privacy-policy-uk/ HTTP/1.1" 200 -
[WebServer] 127.0.0.1 - - [22/Sep/2026 21:17:54] "GET /_astro/SiteHeaderKit.astro_astro_type_script_index_0_lang.oN0o2SoY.js HTTP/1.1" 200 -
[WebServer] 127.0.0.1 - - [22/Sep/2026 21:17:54] "GET /images/privacy-policy-staffy-silhouette-bluestaffyuk.webp HTTP/1.1" 200 -
[WebServer] 127.0.0.1 - - [22/Sep/2026 21:17:54] "GET /_astro/search.BBlYNZ37.js HTTP/1.1" 200 -
[WebServer] 127.0.0.1 - - [22/Sep/2026 21:17:54] code 404, message File not found
[WebServer] 127.0.0.1 - - [22/Sep/2026 21:17:54] "GET /__bsuk_pending_image__/0.webp HTTP/1.1" 404 -
  ✓  53 [vp1280] › tests/render/pages.spec.ts:109:3 › privacy-policy-uk (9.8s)
[WebServer] 127.0.0.1 - - [22/Sep/2026 21:18:04] "GET /uk-locations/ HTTP/1.1" 200 -
[WebServer] 127.0.0.1 - - [22/Sep/2026 21:18:04] "GET /_astro/SiteHeaderKit.astro_astro_type_script_index_0_lang.oN0o2SoY.js HTTP/1.1" 200 -
[WebServer] 127.0.0.1 - - [22/Sep/2026 21:18:04] "GET /_astro/search.BBlYNZ37.js HTTP/1.1" 200 -
  ✓  54 [vp1280] › tests/render/pages.spec.ts:109:3 › uk-locations (4.0s)
[WebServer] 127.0.0.1 - - [22/Sep/2026 21:18:08] "GET /uk-locations/blue-staffy-puppies-birmingham/ HTTP/1.1" 200 -
  ✓  55 [vp1280] › tests/render/pages.spec.ts:109:3 › uk-locations/blue-staffy-puppies-birmingham (3.5s)
[WebServer] 127.0.0.1 - - [22/Sep/2026 21:18:11] "GET /uk-locations/blue-staffy-puppies-uk/ HTTP/1.1" 200 -
[WebServer] 127.0.0.1 - - [22/Sep/2026 21:18:11] "GET /images/blue-staffy-puppies-near-me-uk-available.webp HTTP/1.1" 200 -
[WebServer] 127.0.0.1 - - [22/Sep/2026 21:18:11] "GET /images/bluestaffyuk-nationwide-delivery-760.webp HTTP/1.1" 200 -
[WebServer] 127.0.0.1 - - [22/Sep/2026 21:18:12] code 404, message File not found
[WebServer] 127.0.0.1 - - [22/Sep/2026 21:18:12] "GET /__bsuk_pending_image__/0.webp HTTP/1.1" 404 -
[WebServer] 127.0.0.1 - - [22/Sep/2026 21:18:12] "GET /images/blue-staffy-uk-map-city-overview-1.webp HTTP/1.1" 200 -
[WebServer] 127.0.0.1 - - [22/Sep/2026 21:18:12] "GET /images/buy-blue-staffy-puppy-uk-ethical-purchase-760.webp HTTP/1.1" 200 -
[WebServer] 127.0.0.1 - - [22/Sep/2026 21:18:12] "GET /images/blue-staffy-puppy-delivery-uk-760.webp HTTP/1.1" 200 -
[WebServer] 127.0.0.1 - - [22/Sep/2026 21:18:12] "GET /images/dedicated-blue-staffy-pup-care-glasgow.webp HTTP/1.1" 200 -
[WebServer] 127.0.0.1 - - [22/Sep/2026 21:18:12] "GET /images/family-friendly-blue-staffy-glasgow.webp HTTP/1.1" 200 -
[WebServer] 127.0.0.1 - - [22/Sep/2026 21:18:12] "GET /images/maggie-blue-staffy-dam-with-pups-760.webp HTTP/1.1" 200 -
[WebServer] 127.0.0.1 - - [22/Sep/2026 21:18:12] "GET /images/reputable-blue-staffy-breeder-manchester-pup.webp HTTP/1.1" 200 -
[WebServer] 127.0.0.1 - - [22/Sep/2026 21:18:12] "GET /images/ethical-staffy-puppy-london-delivery.webp HTTP/1.1" 200 -
[WebServer] 127.0.0.1 - - [22/Sep/2026 21:18:12] "GET /images/bluestaffyuk-puppy-delivery-cornwall.webp HTTP/1.1" 200 -
  ✘  56 [vp1280] › tests/render/pages.spec.ts:109:3 › uk-locations/blue-staffy-puppies-uk (13.0s)
[freshness] dist/ is current (newest: dist/search-index.json)
[WebServer] 127.0.0.1 - - [22/Sep/2026 21:18:25] "GET /blue-staffy-blog-guides/ HTTP/1.1" 200 -
[WebServer] 127.0.0.1 - - [22/Sep/2026 21:18:25] "GET /_astro/SiteHeaderKit.astro_astro_type_script_index_0_lang.oN0o2SoY.js HTTP/1.1" 200 -
[WebServer] 127.0.0.1 - - [22/Sep/2026 21:18:25] "GET /images/blue-staffy-puppies-near-me-uk-available.webp HTTP/1.1" 200 -
[WebServer] 127.0.0.1 - - [22/Sep/2026 21:18:25] "GET /_astro/search.BBlYNZ37.js HTTP/1.1" 200 -
[WebServer] 127.0.0.1 - - [22/Sep/2026 21:18:26] code 404, message File not found
[WebServer] 127.0.0.1 - - [22/Sep/2026 21:18:26] "GET /__bsuk_pending_image__/0.webp HTTP/1.1" 404 -
  ✓  57 [vp1280] › tests/render/pages.spec.ts:109:3 › blue-staffy-blog-guides (9.6s)
[WebServer] 127.0.0.1 - - [22/Sep/2026 21:18:35] "GET /how-to-choose-the-right-blue-staffy-puppy-for-your-family/ HTTP/1.1" 200 -
[WebServer] 127.0.0.1 - - [22/Sep/2026 21:18:35] "GET /_astro/SiteHeaderKit.astro_astro_type_script_index_0_lang.oN0o2SoY.js HTTP/1.1" 200 -
[WebServer] 127.0.0.1 - - [22/Sep/2026 21:18:35] "GET /_astro/search.BBlYNZ37.js HTTP/1.1" 200 -
  ✓  58 [vp1280] › tests/render/pages.spec.ts:109:3 › how-to-choose-the-right-blue-staffy-puppy-for-your-family (5.1s)
[WebServer] 127.0.0.1 - - [22/Sep/2026 21:18:40] "GET /blog/ HTTP/1.1" 200 -
[WebServer] 127.0.0.1 - - [22/Sep/2026 21:18:40] "GET /_astro/SiteHeaderKit.astro_astro_type_script_index_0_lang.oN0o2SoY.js HTTP/1.1" 200 -
[WebServer] 127.0.0.1 - - [22/Sep/2026 21:18:40] "GET /_astro/search.BBlYNZ37.js HTTP/1.1" 200 -
  ✓  59 [vp1280] › tests/render/pages.spec.ts:109:3 › blog (3.8s)
[WebServer] 127.0.0.1 - - [22/Sep/2026 21:18:44] "GET /kit-preview/ HTTP/1.1" 200 -
[WebServer] 127.0.0.1 - - [22/Sep/2026 21:18:44] "GET /_astro/SiteHeaderKit.astro_astro_type_script_index_0_lang.oN0o2SoY.js HTTP/1.1" 200 -
[WebServer] 127.0.0.1 - - [22/Sep/2026 21:18:44] "GET /_astro/Cheryl1.BA5--lqv_Z1P5ulo.webp HTTP/1.1" 200 -
[WebServer] 127.0.0.1 - - [22/Sep/2026 21:18:44] "GET /_astro/Roman2.C-A0j1ry_1uH9rQ.webp HTTP/1.1" 200 -
[WebServer] 127.0.0.1 - - [22/Sep/2026 21:18:44] "GET /_astro/search.BBlYNZ37.js HTTP/1.1" 200 -
[WebServer] 127.0.0.1 - - [22/Sep/2026 21:18:44] "GET /_astro/Christa.DCD6hF9z_24FDMC.webp HTTP/1.1" 200 -
[WebServer] 127.0.0.1 - - [22/Sep/2026 21:18:44] "GET /_astro/Ince1.CjowFAsd_1ydgJK.webp HTTP/1.1" 200 -
  ✓  60 [vp1280] › tests/render/pages.spec.ts:109:3 › kit-preview (11.8s)


  1) [vp375] › tests/render/pages.spec.ts:109:3 › available-puppies ────────────────────────────────

    Error: available-puppies @ 375px

    [2mexpect([22m[31mreceived[39m[2m).[22mtoEqual[2m([22m[32mexpected[39m[2m) // deep equality[22m

    [32m- Expected  - 1[39m
    [31m+ Received  + 3[39m

    [32m- Array [][39m
    [31m+ Array [[39m
    [31m+   "[SEM] 1 skipped heading level(s): H1→H3 at \"Roman\"",[39m
    [31m+ ][39m

      168 |       blocking.map((d) => `[${d.family}] ${d.message}`),
      169 |       `${target.slug} @ ${viewport}px`,
    > 170 |     ).toEqual([]);
          |       ^
      171 |   });
      172 | }
      173 |
        at /Users/apple/Downloads/BSUK/tests/render/pages.spec.ts:170:7

    Error Context: test-results/pages-available-puppies-vp375/error-context.md

  2) [vp375] › tests/render/pages.spec.ts:109:3 › uk-locations/blue-staffy-puppies-uk ──────────────

    Error: uk-locations/blue-staffy-puppies-uk @ 375px

    [2mexpect([22m[31mreceived[39m[2m).[22mtoEqual[2m([22m[32mexpected[39m[2m) // deep equality[22m

    [32m- Expected  - 1[39m
    [31m+ Received  + 3[39m

    [32m- Array [][39m
    [31m+ Array [[39m
    [31m+   "[NAV] 1 of 2 in-page links land outside 251-319px (measured chrome 259px = header:259) — no single page-level cause identified; first: #Staffy-adoption@2903px",[39m
    [31m+ ][39m

      168 |       blocking.map((d) => `[${d.family}] ${d.message}`),
      169 |       `${target.slug} @ ${viewport}px`,
    > 170 |     ).toEqual([]);
          |       ^
      171 |   });
      172 | }
      173 |
        at /Users/apple/Downloads/BSUK/tests/render/pages.spec.ts:170:7

    Error Context: test-results/pages-uk-locations-blue-staffy-puppies-uk-vp375/error-context.md

  3) [vp768] › tests/render/pages.spec.ts:109:3 › available-puppies ────────────────────────────────

    Error: available-puppies @ 768px

    [2mexpect([22m[31mreceived[39m[2m).[22mtoEqual[2m([22m[32mexpected[39m[2m) // deep equality[22m

    [32m- Expected  - 1[39m
    [31m+ Received  + 3[39m

    [32m- Array [][39m
    [31m+ Array [[39m
    [31m+   "[SEM] 1 skipped heading level(s): H1→H3 at \"Roman\"",[39m
    [31m+ ][39m

      168 |       blocking.map((d) => `[${d.family}] ${d.message}`),
      169 |       `${target.slug} @ ${viewport}px`,
    > 170 |     ).toEqual([]);
          |       ^
      171 |   });
      172 | }
      173 |
        at /Users/apple/Downloads/BSUK/tests/render/pages.spec.ts:170:7

    Error Context: test-results/pages-available-puppies-vp768/error-context.md

  4) [vp768] › tests/render/pages.spec.ts:109:3 › uk-locations/blue-staffy-puppies-uk ──────────────

    Error: uk-locations/blue-staffy-puppies-uk @ 768px

    [2mexpect([22m[31mreceived[39m[2m).[22mtoEqual[2m([22m[32mexpected[39m[2m) // deep equality[22m

    [32m- Expected  - 1[39m
    [31m+ Received  + 3[39m

    [32m- Array [][39m
    [31m+ Array [[39m
    [31m+   "[NAV] 1 of 2 in-page links land outside 67-135px (measured chrome 75px = header:75) — no single page-level cause identified; first: #Staffy-adoption@3439px",[39m
    [31m+ ][39m

      168 |       blocking.map((d) => `[${d.family}] ${d.message}`),
      169 |       `${target.slug} @ ${viewport}px`,
    > 170 |     ).toEqual([]);
          |       ^
      171 |   });
      172 | }
      173 |
        at /Users/apple/Downloads/BSUK/tests/render/pages.spec.ts:170:7

    Error Context: test-results/pages-uk-locations-blue-staffy-puppies-uk-vp768/error-context.md

  5) [vp1280] › tests/render/pages.spec.ts:109:3 › available-puppies ───────────────────────────────

    Error: available-puppies @ 1280px

    [2mexpect([22m[31mreceived[39m[2m).[22mtoEqual[2m([22m[32mexpected[39m[2m) // deep equality[22m

    [32m- Expected  - 1[39m
    [31m+ Received  + 3[39m

    [32m- Array [][39m
    [31m+ Array [[39m
    [31m+   "[SEM] 1 skipped heading level(s): H1→H3 at \"Roman\"",[39m
    [31m+ ][39m

      168 |       blocking.map((d) => `[${d.family}] ${d.message}`),
      169 |       `${target.slug} @ ${viewport}px`,
    > 170 |     ).toEqual([]);
          |       ^
      171 |   });
      172 | }
      173 |
        at /Users/apple/Downloads/BSUK/tests/render/pages.spec.ts:170:7

    Error Context: test-results/pages-available-puppies-vp1280/error-context.md

  6) [vp1280] › tests/render/pages.spec.ts:109:3 › uk-locations/blue-staffy-puppies-uk ─────────────

    Error: uk-locations/blue-staffy-puppies-uk @ 1280px

    [2mexpect([22m[31mreceived[39m[2m).[22mtoEqual[2m([22m[32mexpected[39m[2m) // deep equality[22m

    [32m- Expected  - 1[39m
    [31m+ Received  + 3[39m

    [32m- Array [][39m
    [31m+ Array [[39m
    [31m+   "[NAV] 1 of 2 in-page links land outside 65-133px (measured chrome 73px = header:73) — no single page-level cause identified; first: #Staffy-adoption@3436px",[39m
    [31m+ ][39m

      168 |       blocking.map((d) => `[${d.family}] ${d.message}`),
      169 |       `${target.slug} @ ${viewport}px`,
    > 170 |     ).toEqual([]);
          |       ^
      171 |   });
      172 | }
      173 |
        at /Users/apple/Downloads/BSUK/tests/render/pages.spec.ts:170:7

    Error Context: test-results/pages-uk-locations-blue-staffy-puppies-uk-vp1280/error-context.md

  6 failed
    [vp375] › tests/render/pages.spec.ts:109:3 › available-puppies ─────────────────────────────────
    [vp375] › tests/render/pages.spec.ts:109:3 › uk-locations/blue-staffy-puppies-uk ───────────────
    [vp768] › tests/render/pages.spec.ts:109:3 › available-puppies ─────────────────────────────────
    [vp768] › tests/render/pages.spec.ts:109:3 › uk-locations/blue-staffy-puppies-uk ───────────────
    [vp1280] › tests/render/pages.spec.ts:109:3 › available-puppies ────────────────────────────────
    [vp1280] › tests/render/pages.spec.ts:109:3 › uk-locations/blue-staffy-puppies-uk ──────────────
  54 passed (7.3m)
### EXIT 1 : npm run test:render:pages
### STEP: node scripts/build_scorecard.mjs --run first
  9 rows  222 inst  available-puppies
  9 rows  225 inst  available-puppies/roman
  6 rows  219 inst  blog
  9 rows  225 inst  blue-staffy-blog-guides
  9 rows  189 inst  blue-staffy-health-uk
  9 rows  222 inst  blue-staffy-pup-sale-uk
  9 rows  174 inst  blue-staffy-uk-breeders
  9 rows  204 inst  buy-blue-staffy-puppies-uk
  9 rows  240 inst  buy-staffy-puppies-for-sale-uk
  9 rows  444 inst  how-to-choose-the-right-blue-staffy-puppy-for-your-family
  9 rows  325 inst  index
 20 rows  296 inst  kit-preview
  9 rows  207 inst  privacy-policy-uk
 11 rows  235 inst  thank-you-blue-staffy-puppies-journey
 11 rows  230 inst  uk-blue-staffy-breeders-contact
  9 rows  189 inst  uk-blue-staffy-puppy-buying-guide
  6 rows  222 inst  uk-locations
  6 rows   21 inst  uk-locations/blue-staffy-puppies-birmingham
 15 rows  681 inst  uk-locations/blue-staffy-puppies-uk
  6 rows  195 inst  uk-staffordshire-bull-terrier-guide
---
189 defect ROWS across 20 pages (run=first, harness 2.0.0). Rows are comparable across families; instances are not.
### EXIT 0 : node scripts/build_scorecard.mjs --run first
### STEP: python3 scripts/render_baseline.py --out docs/reports/render-baseline-project4.md
wrote the generated block in docs/reports/render-baseline-project4.md
### EXIT 0 : python3 scripts/render_baseline.py --out docs/reports/render-baseline-project4.md
### STEP: python3 scripts/render_baseline.py --check --out docs/reports/render-baseline-project4.md
examined render-baseline-project4.md; 0 problems
### EXIT 0 : python3 scripts/render_baseline.py --check --out docs/reports/render-baseline-project4.md
### STEP: python3 scripts/board_gate.py privacy-policy-uk
board-gate privacy-policy-uk [build] — 10 sections, 34 headings, 51 live pages, 0 entity refs, 11 ledger siblings, 1 assets examined
  WARN image-coverage           section questions plans no image slot — the brief puts one under every H2 (§15b)
0 FAIL · 1 WARN
### EXIT 0 : python3 scripts/board_gate.py privacy-policy-uk
### STEP: python3 scripts/board_gate.py thank-you-blue-staffy-puppies-journey
board-gate thank-you-blue-staffy-puppies-journey [build] — 8 sections, 16 headings, 51 live pages, 0 entity refs, 11 ledger siblings, 1 assets examined
  WARN words-out-of-band        section owners: 105 prose words against the record's 30-40
  WARN words-out-of-band        section puppies: 97 prose words against the record's 35-50
  WARN words-out-of-band        page: 599 prose words against 365-525 (the section bands summed; the H4-H6 ladder and the FAQ answers are outside both)
  WARN image-coverage           section stats plans no image slot — the brief puts one under every H2 (§15b)
  WARN image-coverage           section next-steps plans no image slot — the brief puts one under every H2 (§15b)
  WARN image-coverage           section owners plans no image slot — the brief puts one under every H2 (§15b)
  WARN image-coverage           section puppies plans no image slot — the brief puts one under every H2 (§15b)
  WARN image-coverage           section questions plans no image slot — the brief puts one under every H2 (§15b)
  WARN cta-cadence              1 CTA(s) across ~444 words is one per ~444 — the plan allows at most 300
  WARN cta-gap                  sections welcome, stats, next-steps, while-you-wait, owners, puppies run ~352 words with no CTA — the plan allows at most 300
0 FAIL · 10 WARN
### EXIT 0 : python3 scripts/board_gate.py thank-you-blue-staffy-puppies-journey
### STEP: python3 scripts/board_gate.py uk-blue-staffy-breeders-contact
board-gate uk-blue-staffy-breeders-contact [build] — 11 sections, 24 headings, 51 live pages, 0 entity refs, 11 ledger siblings, 1 assets examined
  WARN words-out-of-band        section why-write: 63 prose words against the record's 20-30
  WARN words-out-of-band        section owners: 57 prose words against the record's 30-40
  WARN words-out-of-band        section questions: 21 prose words against the record's 40-55
  WARN words-out-of-band        section desktop-dial is not on the built page — its 0-0 band examined nothing
  WARN words-out-of-band        section mobile-sections is not on the built page — its 0-0 band examined nothing
  WARN words-out-of-band        section mobile-strip is not on the built page — its 0-0 band examined nothing
  WARN image-coverage           section stats plans no image slot — the brief puts one under every H2 (§15b)
  WARN image-coverage           section why-write plans no image slot — the brief puts one under every H2 (§15b)
  WARN image-coverage           section enquiry plans no image slot — the brief puts one under every H2 (§15b)
  WARN image-coverage           section owners plans no image slot — the brief puts one under every H2 (§15b)
  WARN image-coverage           section questions plans no image slot — the brief puts one under every H2 (§15b)
  WARN image-coverage           section desktop-dial plans no image slot — the brief puts one under every H2 (§15b)
  WARN image-coverage           section mobile-sections plans no image slot — the brief puts one under every H2 (§15b)
  WARN image-coverage           section mobile-strip plans no image slot — the brief puts one under every H2 (§15b)
  WARN cta-cadence              1 CTA(s) across ~414 words is one per ~414 — the plan allows at most 250
0 FAIL · 15 WARN
### EXIT 0 : python3 scripts/board_gate.py uk-blue-staffy-breeders-contact
### STEP: python3 scripts/board_gate.py index
board-gate index [build] — 21 sections, 57 headings, 51 live pages, 20 entity refs, 11 ledger siblings, 14 assets examined
  WARN words-out-of-band        section trust: 111 prose words against the record's 45-60
  WARN words-out-of-band        section owners-top: 143 prose words against the record's 60-75
  WARN words-out-of-band        section available-blue-staffy-puppies: 196 prose words against the record's 110-140
  WARN words-out-of-band        section the-breed: 241 prose words against the record's 130-170
  WARN words-out-of-band        section whats-included: 213 prose words against the record's 95-120
  WARN words-out-of-band        section delivery: 163 prose words against the record's 105-135
  WARN words-out-of-band        section uk-locations: 135 prose words against the record's 95-125
  WARN words-out-of-band        section our-happy-blue-staffy-owners-speak: 218 prose words against the record's 70-90
  WARN words-out-of-band        section your-questions-about-blue-staffies-answered: 63 prose words against the record's 80-105
  WARN words-out-of-band        section talk-to-us: 151 prose words against the record's 110-140
  WARN words-out-of-band        page: 2740 prose words against 1800-2390 (the section bands summed; the H4-H6 ladder and the FAQ answers are outside both)
  WARN image-coverage           section at-a-glance plans no image slot — the brief puts one under every H2 (§15b)
  WARN image-coverage           section video-litter plans no image slot — the brief puts one under every H2 (§15b)
  WARN image-coverage           section video-our-home plans no image slot — the brief puts one under every H2 (§15b)
  WARN image-coverage           section video-breed plans no image slot — the brief puts one under every H2 (§15b)
  WARN image-coverage           section whats-included plans no image slot — the brief puts one under every H2 (§15b)
  WARN image-coverage           section first-steps plans no image slot — the brief puts one under every H2 (§15b)
  WARN image-coverage           section your-questions-about-blue-staffies-answered plans no image slot — the brief puts one under every H2 (§15b)
0 FAIL · 18 WARN
### EXIT 0 : python3 scripts/board_gate.py index
### STEP: python3 scripts/board_gate.py blue-staffy-pup-sale-uk
board-gate blue-staffy-pup-sale-uk [build] — 12 sections, 31 headings, 51 live pages, 13 entity refs, 11 ledger siblings, 7 assets examined
  WARN words-out-of-band        section top: 109 prose words against the record's 110-140
  WARN words-out-of-band        section puppies: 95 prose words against the record's 55-70
  WARN image-coverage           section at-a-glance plans no image slot — the brief puts one under every H2 (§15b)
  WARN image-coverage           section prices plans no image slot — the brief puts one under every H2 (§15b)
  WARN image-coverage           section questions plans no image slot — the brief puts one under every H2 (§15b)
  WARN image-coverage           section enquiry plans no image slot — the brief puts one under every H2 (§15b)
0 FAIL · 6 WARN
### EXIT 0 : python3 scripts/board_gate.py blue-staffy-pup-sale-uk
### STEP: python3 scripts/board_gate.py buy-blue-staffy-puppies-uk
board-gate buy-blue-staffy-puppies-uk [build] — 13 sections, 40 headings, 51 live pages, 14 entity refs, 11 ledger siblings, 9 assets examined
  WARN words-out-of-band        section at-a-glance: 77 prose words against the record's 55-70
  WARN words-out-of-band        section whats-included: 144 prose words against the record's 75-95
  WARN words-out-of-band        section why-choose: 113 prose words against the record's 85-110
  WARN words-out-of-band        section delivery: 266 prose words against the record's 140-170
  WARN words-out-of-band        section owners: 81 prose words against the record's 65-80
  WARN words-out-of-band        section enquiry: 83 prose words against the record's 55-70
  WARN words-out-of-band        page: 1702 prose words against 1285-1610 (the section bands summed; the H4-H6 ladder and the FAQ answers are outside both)
  WARN image-coverage           section at-a-glance plans no image slot — the brief puts one under every H2 (§15b)
  WARN image-coverage           section questions plans no image slot — the brief puts one under every H2 (§15b)
  WARN image-coverage           section enquiry plans no image slot — the brief puts one under every H2 (§15b)
0 FAIL · 10 WARN
### EXIT 0 : python3 scripts/board_gate.py buy-blue-staffy-puppies-uk
### STEP: python3 scripts/board_gate.py buy-staffy-puppies-for-sale-uk
board-gate buy-staffy-puppies-for-sale-uk [build] — 16 sections, 63 headings, 51 live pages, 15 entity refs, 11 ledger siblings, 15 assets examined
  WARN words-out-of-band        section top: 211 prose words against the record's 150-185
  WARN words-out-of-band        section promises: 127 prose words against the record's 70-90
  WARN words-out-of-band        section home-raised: 279 prose words against the record's 210-250
  WARN words-out-of-band        section kennel-club: 177 prose words against the record's 140-175
  WARN words-out-of-band        section compared: 213 prose words against the record's 175-210
  WARN words-out-of-band        section puppies: 176 prose words against the record's 120-150
  WARN words-out-of-band        section getting-home: 151 prose words against the record's 120-150
  WARN words-out-of-band        section enquiry: 111 prose words against the record's 80-100
  WARN words-out-of-band        section talk-to-us: 168 prose words against the record's 130-160
  WARN words-out-of-band        page: 2615 prose words against 2001-2517 (the section bands summed; the H4-H6 ladder and the FAQ answers are outside both)
  WARN image-coverage           section video-why-us plans no image slot — the brief puts one under every H2 (§15b)
  WARN image-coverage           section stats plans no image slot — the brief puts one under every H2 (§15b)
  WARN image-coverage           section questions plans no image slot — the brief puts one under every H2 (§15b)
  WARN image-coverage           section enquiry plans no image slot — the brief puts one under every H2 (§15b)
  WARN cta-gap                  sections compared, owners run ~376 words with no CTA — the plan allows at most 350
0 FAIL · 15 WARN
### EXIT 0 : python3 scripts/board_gate.py buy-staffy-puppies-for-sale-uk
### STEP: python3 scripts/board_gate.py blue-staffy-uk-breeders
board-gate blue-staffy-uk-breeders [build] — 13 sections, 39 headings, 51 live pages, 12 entity refs, 11 ledger siblings, 9 assets examined
  WARN words-out-of-band        section top: 236 prose words against the record's 130-165
  WARN words-out-of-band        section health-testing: 230 prose words against the record's 175-215
  WARN words-out-of-band        section paperwork-proof: 109 prose words against the record's 35-50
  WARN words-out-of-band        section delivery: 171 prose words against the record's 130-165
  WARN words-out-of-band        section families: 212 prose words against the record's 45-60
  WARN words-out-of-band        section puppies: 147 prose words against the record's 95-120
  WARN words-out-of-band        section welcome: 136 prose words against the record's 85-110
  WARN words-out-of-band        page: 1944 prose words against 1215-1605 (the section bands summed; the H4-H6 ladder and the FAQ answers are outside both)
  WARN image-coverage           section stats plans no image slot — the brief puts one under every H2 (§15b)
  WARN image-coverage           section puppies plans no image slot — the brief puts one under every H2 (§15b)
  WARN image-coverage           section questions plans no image slot — the brief puts one under every H2 (§15b)
  WARN image-coverage           section video-our-home plans no image slot — the brief puts one under every H2 (§15b)
0 FAIL · 12 WARN
### EXIT 0 : python3 scripts/board_gate.py blue-staffy-uk-breeders
### STEP: python3 scripts/board_gate.py blue-staffy-health-uk
board-gate blue-staffy-health-uk [build] — 15 sections, 63 headings, 51 live pages, 17 entity refs, 11 ledger siblings, 8 assets examined
  WARN image-coverage           section takeaways plans no image slot — the brief puts one under every H2 (§15b)
  WARN image-coverage           section stats plans no image slot — the brief puts one under every H2 (§15b)
  WARN image-coverage           section paperwork-review plans no image slot — the brief puts one under every H2 (§15b)
  WARN image-coverage           section questions plans no image slot — the brief puts one under every H2 (§15b)
0 FAIL · 4 WARN
### EXIT 0 : python3 scripts/board_gate.py blue-staffy-health-uk
### STEP: python3 scripts/board_gate.py uk-staffordshire-bull-terrier-guide
board-gate uk-staffordshire-bull-terrier-guide [build] — 16 sections, 73 headings, 51 live pages, 16 entity refs, 11 ledger siblings, 10 assets examined
  WARN words-out-of-band        section owner-review: 99 prose words against the record's 40-55
  WARN image-coverage           section video-breed-guide plans no image slot — the brief puts one under every H2 (§15b)
  WARN image-coverage           section takeaways plans no image slot — the brief puts one under every H2 (§15b)
  WARN image-coverage           section stats plans no image slot — the brief puts one under every H2 (§15b)
  WARN image-coverage           section owner-review plans no image slot — the brief puts one under every H2 (§15b)
  WARN image-coverage           section puppies plans no image slot — the brief puts one under every H2 (§15b)
  WARN image-coverage           section questions plans no image slot — the brief puts one under every H2 (§15b)
0 FAIL · 7 WARN
### EXIT 0 : python3 scripts/board_gate.py uk-staffordshire-bull-terrier-guide
### STEP: python3 scripts/board_gate.py uk-blue-staffy-puppy-buying-guide
board-gate uk-blue-staffy-puppy-buying-guide [build] — 20 sections, 77 headings, 51 live pages, 19 entity refs, 11 ledger siblings, 17 assets examined
  WARN words-out-of-band        section puppies: 79 prose words against the record's 55-67
  WARN image-coverage           section takeaways plans no image slot — the brief puts one under every H2 (§15b)
  WARN image-coverage           section stats plans no image slot — the brief puts one under every H2 (§15b)
  WARN image-coverage           section red-flags plans no image slot — the brief puts one under every H2 (§15b)
  WARN image-coverage           section costs plans no image slot — the brief puts one under every H2 (§15b)
  WARN image-coverage           section puppies plans no image slot — the brief puts one under every H2 (§15b)
  WARN image-coverage           section questions plans no image slot — the brief puts one under every H2 (§15b)
  WARN image-coverage           section video-what-to-expect plans no image slot — the brief puts one under every H2 (§15b)
  WARN cta-cadence              10 CTA(s) across ~4540 words is one per ~454 — the plan allows at most 450
0 FAIL · 9 WARN
### EXIT 0 : python3 scripts/board_gate.py uk-blue-staffy-puppy-buying-guide
### STEP: python3 scripts/board_gate.py blue-staffy-blog-guides
board-gate blue-staffy-blog-guides [build] — 8 sections, 24 headings, 51 live pages, 7 entity refs, 11 ledger siblings, 1 assets examined
  WARN words-out-of-band        section latest-guides: 77 prose words against the record's 55-75
  WARN image-coverage           section takeaways plans no image slot — the brief puts one under every H2 (§15b)
  WARN image-coverage           section stats plans no image slot — the brief puts one under every H2 (§15b)
  WARN image-coverage           section owner-review plans no image slot — the brief puts one under every H2 (§15b)
  WARN image-coverage           section questions plans no image slot — the brief puts one under every H2 (§15b)
0 FAIL · 5 WARN
### EXIT 0 : python3 scripts/board_gate.py blue-staffy-blog-guides
### STEP: python3 scripts/board_gate.py _demo
board-gate _demo [build] — 5 sections, 11 headings, 51 live pages, 0 entity refs, 12 ledger siblings, 4 assets examined
  FAIL approval-hash            no approval, or the record changed after it was approved — board it again
  FAIL min-h5-h6                H5 0 / H6 0 (record tree) — floor is 5 each
  WARN meta-no-pick             meta title has no pick — the recommendation is a draft, not a choice
  WARN meta-no-pick             meta description has no pick — the recommendation is a draft, not a choice
  WARN image-coverage           section at-a-glance plans no image slot — the brief puts one under every H2 (§15b)
  WARN image-coverage           section owners plans no image slot — the brief puts one under every H2 (§15b)
  WARN image-coverage           section questions plans no image slot — the brief puts one under every H2 (§15b)
  FAIL signature-no-pick        section opening (hero) has no component pick
  FAIL signature-no-pick        section at-a-glance (stats) has no component pick
  FAIL signature-no-pick        section owners (reviews) has no component pick
  FAIL signature-no-pick        section questions (faq) has no component pick
6 FAIL · 5 WARN
### EXIT 1 : python3 scripts/board_gate.py _demo
### STEP: python3 scripts/final_page_audit.py

=== BSUK FINAL PAGE PASS ===  (verdict per page)

[PASS] blue-staffy-health-uk   H1:1 H2:18 H3:49 H4:11 H5:11 H6:11 | FAQPage×1 | schema:Answer,BreadcrumbList,FAQPage,ListItem,LocalBusiness,PostalAddress,Question,WebPage,WebSite
    EXEMPT → newsletter_present — the rebuild ships no newsletter band by decision: this page's approved record has an empty `tuple.newsletter`, so no sign-up band was boarded and the breeder approved the page without one — the enquiry form is its one closer
    EXEMPT → phone_in_footer — Known Issue 7: data/settings.json carries the phone stand-in until project 6 supplies the number, so no footer can print one; the exemption lapses by itself when a real number lands
[PASS-WITH-WARNINGS] blue-staffy-pup-sale-uk   H1:1 H2:15 H3:24 H4:6 H5:6 H6:6 | FAQPage×1 | schema:AggregateOffer,Answer,Brand,BreadcrumbList,FAQPage,ListItem,LocalBusiness,PostalAddress,Product,Question,WebPage,WebSite
    EXEMPT → phone_in_footer — Known Issue 7: data/settings.json carries the phone stand-in until project 6 supplies the number, so no footer can print one; the exemption lapses by itself when a real number lands
    WARN → cites_credentials_early, lifespan_12_14
[PASS] blue-staffy-uk-breeders   H1:1 H2:16 H3:31 H4:7 H5:7 H6:7 | FAQPage×1 | schema:AboutPage,Answer,BreadcrumbList,FAQPage,ListItem,LocalBusiness,PostalAddress,Question,VideoObject,WebPage,WebSite
    EXEMPT → cites_credentials_early — the first 300 words of <main> carry 'KC registered' (the hero's credential line) and 'DEFRA' (the opening paragraph), but not 'microchipped' or 'vet checked': the approved record gives this hero three chips, none of them a microchip claim, and the band is at its 450px ceiling at 1024 (Known Issues 28, 30), so an eyebrow claim would be both unapproved and unmeasured. ~100 of the 300 words are the page's own section dial, which is where the check spends its window
    EXEMPT → lifespan_12_14 — an about page: the breed's 12–14 years is owned by /blue-staffy-health-uk/ and /uk-staffordshire-bull-terrier-guide/, and repeating it here would be a third copy of one fact on a page whose subject is the kennel, not the breed
    EXEMPT → newsletter_present — the rebuild ships no newsletter band by decision: this page's approved record has an empty `tuple.newsletter`, so no sign-up band was boarded and the breeder approved the page without one — the enquiry form is its one closer
    EXEMPT → phone_in_footer — Known Issue 7: data/settings.json carries the phone stand-in until project 6 supplies the number, so no footer can print one; the exemption lapses by itself when a real number lands
[PASS] buy-blue-staffy-puppies-uk   H1:1 H2:16 H3:33 H4:6 H5:6 H6:6 | FAQPage×1 | schema:Answer,Brand,BreadcrumbList,FAQPage,ItemList,ListItem,LocalBusiness,Offer,PostalAddress,Product,Question,WebPage,WebSite
    EXEMPT → shipping_line — the listing links the delivery band rather than printing it: /blue-staffy-pup-sale-uk/ owns the £200–£350 table (spec §5, one page per figure) and its approved board gives the listing a link to it, not a second copy
    EXEMPT → phone_in_footer — Known Issue 7: data/settings.json carries the phone stand-in until project 6 supplies the number, so no footer can print one; the exemption lapses by itself when a real number lands
[PASS-WITH-WARNINGS] buy-staffy-puppies-for-sale-uk   H1:1 H2:20 H3:53 H4:7 H5:7 H6:7 | FAQPage×1 | schema:Answer,BreadcrumbList,FAQPage,ListItem,LocalBusiness,PostalAddress,Question,VideoObject,WebPage,WebSite
    EXEMPT → img_alt_le190 — /images/vet-checked-blue-staffy-puppy-near-me.webp — verbatim migrated alt (working rules 11 and 15): carried word for word against its original src, and proven on the page by verbatim_set_check.py
    EXEMPT → img_alt_le190 — /images/healthy-staffy-puppy-for-sale-uk.webp — verbatim migrated alt (working rules 11 and 15): carried word for word against its original src, and proven on the page by verbatim_set_check.py
    EXEMPT → phone_in_footer — Known Issue 7: data/settings.json carries the phone stand-in until project 6 supplies the number, so no footer can print one; the exemption lapses by itself when a real number lands
    WARN → wordcount_in_band, lifespan_12_14
[PASS]    H1:1 H2:23 H3:43 H4:14 H5:14 H6:14 | FAQPage×1 | schema:Answer,FAQPage,LocalBusiness,PostalAddress,Question,VideoObject,WebPage,WebSite
    EXEMPT → newsletter_present — the rebuild ships no newsletter band by decision: this page's approved record has an empty `tuple.newsletter`, so no sign-up band was boarded and the breeder approved the page without one — the enquiry form is its one closer
    EXEMPT → phone_in_footer — Known Issue 7: data/settings.json carries the phone stand-in until project 6 supplies the number, so no footer can print one; the exemption lapses by itself when a real number lands
    EXEMPT → has_breadcrumb — root page: a trail on / would be one item, Home, linking to itself — the layout renders no breadcrumb there, so there is no BreadcrumbList to find
[PASS] privacy-policy-uk   H1:1 H2:12 H3:23 H4:5 H5:5 H6:5 | FAQPage×0 | schema:BreadcrumbList,ListItem,LocalBusiness,PostalAddress,WebPage,WebSite
    EXEMPT → cites_credentials_early, lifespan_12_14, newsletter_present — legal page: the copy is a data-protection notice, and a credentials line, a lifespan figure or a newsletter band in it would be a sales page in a policy's clothes
    EXEMPT → phone_in_footer — Known Issue 7: data/settings.json carries the phone stand-in until project 6 supplies the number, so no footer can print one; the exemption lapses by itself when a real number lands
[PASS] thank-you-blue-staffy-puppies-journey   H1:1 H2:10 H3:18 H4:5 H5:5 H6:5 | FAQPage×0 | schema:BreadcrumbList,ListItem,LocalBusiness,PostalAddress,WebPage,WebSite
    EXEMPT → cites_credentials_early, lifespan_12_14, newsletter_present — post-enquiry confirmation: the reader has already written to us, so the page owes them a reply window rather than credentials, a lifespan figure or a sign-up band
    EXEMPT → phone_in_footer — Known Issue 7: data/settings.json carries the phone stand-in until project 6 supplies the number, so no footer can print one; the exemption lapses by itself when a real number lands
[PASS] uk-blue-staffy-breeders-contact   H1:1 H2:11 H3:15 H4:5 H5:5 H6:5 | FAQPage×1 | schema:Answer,BreadcrumbList,ContactPage,FAQPage,ListItem,LocalBusiness,PostalAddress,Question,WebPage,WebSite
    EXEMPT → cites_credentials_early, lifespan_12_14, newsletter_present — contact utility page: it is one enquiry form and the channels around it, and `cites_credentials_early` asks for 'microchipped' or 'vet checked' in its first 300 words — a contact page that opened on a puppy's worming record would be a sales page wearing a form; the KC and DEFRA claims it does make sit in the trust strip
    EXEMPT → phone_in_footer — Known Issue 7: data/settings.json carries the phone stand-in until project 6 supplies the number, so no footer can print one; the exemption lapses by itself when a real number lands
[PASS] uk-blue-staffy-puppy-buying-guide   H1:1 H2:23 H3:62 H4:6 H5:6 H6:6 | FAQPage×1 | schema:Answer,Article,BreadcrumbList,FAQPage,ListItem,LocalBusiness,PostalAddress,Question,VideoObject,WebPage,WebSite
    EXEMPT → cites_credentials_early — a buyer's guide, whose opening teaches the reader what to ask ANY breeder; its hero is the approved H1, one-line lede and a four-item checklist, and the first 300 words are that hero plus the page's twenty-item section dial. The puppy 'eight weeks or later, microchipped, vet checked' line is in the buying-process section where the approved outline puts it
    EXEMPT → img_alt_le190 — /images/how-to-buy-blue-staffy-puppy-uk-steps1.webp — verbatim migrated alt (working rules 11 and 15): carried word for word against its original src, and proven on the page by verbatim_set_check.py
    EXEMPT → img_alt_le190 — /images/pros-and-cons-of-owning-a-blue-staffy-uk.webp — verbatim migrated alt (working rules 11 and 15): carried word for word against its original src, and proven on the page by verbatim_set_check.py
    EXEMPT → img_alt_le190 — /images/blue-staffy-training-socialisation.webp — verbatim migrated alt (working rules 11 and 15): carried word for word against its original src, and proven on the page by verbatim_set_check.py
    EXEMPT → img_alt_le190 — /images/blue-staffy-adoption-vs-buying-infographic.webp — verbatim migrated alt (working rules 11 and 15): carried word for word against its original src, and proven on the page by verbatim_set_check.py
    EXEMPT → newsletter_present — the rebuild ships no newsletter band by decision: this page's approved record has an empty `tuple.newsletter`, so no sign-up band was boarded and the breeder approved the page without one — the enquiry form is its one closer
    EXEMPT → phone_in_footer — Known Issue 7: data/settings.json carries the phone stand-in until project 6 supplies the number, so no footer can print one; the exemption lapses by itself when a real number lands
[PASS] uk-staffordshire-bull-terrier-guide   H1:1 H2:19 H3:57 H4:14 H5:10 H6:10 | FAQPage×1 | schema:Answer,Article,BreadcrumbList,FAQPage,ListItem,LocalBusiness,PostalAddress,Question,VideoObject,WebPage,WebSite
    EXEMPT → img_alt_le190 — /images/sbt-history-heritage-from-pit-to-pet.webp — verbatim migrated alt (working rules 11 and 15): carried word for word against its original src, and proven on the page by verbatim_set_check.py
    EXEMPT → img_alt_le190 — /images/sbt-uk-legal-status-public-perception.webp — verbatim migrated alt (working rules 11 and 15): carried word for word against its original src, and proven on the page by verbatim_set_check.py
    EXEMPT → newsletter_present — the rebuild ships no newsletter band by decision: this page's approved record has an empty `tuple.newsletter`, so no sign-up band was boarded and the breeder approved the page without one — the enquiry form is its one closer
    EXEMPT → phone_in_footer — Known Issue 7: data/settings.json carries the phone stand-in until project 6 supplies the number, so no footer can print one; the exemption lapses by itself when a real number lands
[PASS] blog   H1:1 H2:4 H3:0 H4:0 H5:0 H6:0 | FAQPage×0 | schema:BreadcrumbList,ListItem,LocalBusiness,PostalAddress,WebPage,WebSite
    EXEMPT → all_six_levels, min_h5_5, min_h6_5, faqpage_present — legacy archive: the page is noindex, nofollow with its canonical on /blue-staffy-blog-guides/, and it is kept only because public/_redirects sends /category/* to it with a 301. The six-level outline, the 5xH5 / 5xH6 floor and the FAQ block are rich-page rules, and a de-indexed redirect target could satisfy them only by inventing headings and questions it does not have. Project 5 may retire the route once its two new posts land
    EXEMPT → phone_in_footer — Known Issue 7: data/settings.json carries the phone stand-in until project 6 supplies the number, so no footer can print one; the exemption lapses by itself when a real number lands
[PASS] blue-staffy-blog-guides   H1:1 H2:10 H3:16 H4:5 H5:5 H6:5 | FAQPage×1 | schema:Answer,BreadcrumbList,CollectionPage,FAQPage,ItemList,ListItem,LocalBusiness,PostalAddress,Question,WebPage,WebSite
    EXEMPT → newsletter_present — the rebuild ships no newsletter band by decision: this page's approved record has an empty `tuple.newsletter`, so no sign-up band was boarded and the breeder approved the page without one — the enquiry form is its one closer
    EXEMPT → phone_in_footer — Known Issue 7: data/settings.json carries the phone stand-in until project 6 supplies the number, so no footer can print one; the exemption lapses by itself when a real number lands
[PASS] how-to-choose-the-right-blue-staffy-puppy-for-your-family   H1:1 H2:5 H3:0 H4:0 H5:0 H6:0 | FAQPage×0 | schema:BlogPosting,BreadcrumbList,ListItem,LocalBusiness,Organization,PostalAddress,WebSite
    EXEMPT → all_six_levels, min_h5_5, min_h6_5, faqpage_present — collection post: the six-level outline, the 5xH5 / 5xH6 floor and the FAQ block are rich-page rules. A post that met them would carry headings written for a checker and questions nobody asked; a post's length rule is its own word band and its FAQ is its own `faqs` frontmatter, both of which build 5 writes
    EXEMPT → no_visible_date — the visible date is sourced (the post's own frontmatter, or the git-derived data/page-dates.json that its schema and PageDate read); the check fires on a post showing a date no file on disk backs
    EXEMPT → phone_in_footer — Known Issue 7: data/settings.json carries the phone stand-in until project 6 supplies the number, so no footer can print one; the exemption lapses by itself when a real number lands

examined 14 pages; 0 problems  (12 PASS · 2 PASS-WITH-WARNINGS · 0 FAIL)
baseline-only FAIL pages: 0  (failing only all_six_levels, min_h5_5, min_h6_5 — the migration baseline)

Subjective (voice/humour/readability/tone) = manual spot-check.
### EXIT 0 : python3 scripts/final_page_audit.py
### STEP: python3 scripts/final_page_audit.py --blog

=== BSUK FINAL PAGE PASS ===  (verdict per page)

[PASS] blog   H1:1 H2:4 H3:0 H4:0 H5:0 H6:0 | FAQPage×0 | schema:BreadcrumbList,ListItem,LocalBusiness,PostalAddress,WebPage,WebSite
    EXEMPT → all_six_levels, min_h5_5, min_h6_5, faqpage_present — legacy archive: the page is noindex, nofollow with its canonical on /blue-staffy-blog-guides/, and it is kept only because public/_redirects sends /category/* to it with a 301. The six-level outline, the 5xH5 / 5xH6 floor and the FAQ block are rich-page rules, and a de-indexed redirect target could satisfy them only by inventing headings and questions it does not have. Project 5 may retire the route once its two new posts land
    EXEMPT → phone_in_footer — Known Issue 7: data/settings.json carries the phone stand-in until project 6 supplies the number, so no footer can print one; the exemption lapses by itself when a real number lands
[PASS] blue-staffy-blog-guides   H1:1 H2:10 H3:16 H4:5 H5:5 H6:5 | FAQPage×1 | schema:Answer,BreadcrumbList,CollectionPage,FAQPage,ItemList,ListItem,LocalBusiness,PostalAddress,Question,WebPage,WebSite
    EXEMPT → newsletter_present — the rebuild ships no newsletter band by decision: this page's approved record has an empty `tuple.newsletter`, so no sign-up band was boarded and the breeder approved the page without one — the enquiry form is its one closer
    EXEMPT → phone_in_footer — Known Issue 7: data/settings.json carries the phone stand-in until project 6 supplies the number, so no footer can print one; the exemption lapses by itself when a real number lands
[PASS] how-to-choose-the-right-blue-staffy-puppy-for-your-family   H1:1 H2:5 H3:0 H4:0 H5:0 H6:0 | FAQPage×0 | schema:BlogPosting,BreadcrumbList,ListItem,LocalBusiness,Organization,PostalAddress,WebSite
    EXEMPT → all_six_levels, min_h5_5, min_h6_5, faqpage_present — collection post: the six-level outline, the 5xH5 / 5xH6 floor and the FAQ block are rich-page rules. A post that met them would carry headings written for a checker and questions nobody asked; a post's length rule is its own word band and its FAQ is its own `faqs` frontmatter, both of which build 5 writes
    EXEMPT → no_visible_date — the visible date is sourced (the post's own frontmatter, or the git-derived data/page-dates.json that its schema and PageDate read); the check fires on a post showing a date no file on disk backs
    EXEMPT → phone_in_footer — Known Issue 7: data/settings.json carries the phone stand-in until project 6 supplies the number, so no footer can print one; the exemption lapses by itself when a real number lands

examined 3 pages; 0 problems  (3 PASS · 0 PASS-WITH-WARNINGS · 0 FAIL)
baseline-only FAIL pages: 0  (failing only all_six_levels, min_h5_5, min_h6_5 — the migration baseline)

Subjective (voice/humour/readability/tone) = manual spot-check.
### EXIT 0 : python3 scripts/final_page_audit.py --blog
### STEP: python3 scripts/evidence_audit.py --all

== available-puppies/byrd  [puppy]  0 ERROR / 0 WARN

== available-puppies/cheryl  [puppy]  0 ERROR / 0 WARN

== available-puppies/christa  [puppy]  0 ERROR / 0 WARN

== available-puppies/ince  [puppy]  0 ERROR / 0 WARN

== available-puppies  [hub]  0 ERROR / 0 WARN

== available-puppies/roman  [puppy]  0 ERROR / 0 WARN

== available-puppies/vennie  [puppy]  0 ERROR / 0 WARN

== blog  [hub]  0 ERROR / 0 WARN

== blue-staffy-blog-guides  [blog]  0 ERROR / 0 WARN

== blue-staffy-health-uk  [interior]  0 ERROR / 6 WARN
  WARN  section #top carries species/health facts with no statement label (PROXY — read it)
  WARN  section #stats carries species/health facts with no statement label (PROXY — read it)
  WARN  section #dna-tests carries species/health facts with no statement label (PROXY — read it)
  WARN  section #screening carries species/health facts with no statement label (PROXY — read it)
  WARN  section #lifespan carries species/health facts with no statement label (PROXY — read it)
  WARN  section #questions carries species/health facts with no statement label (PROXY — read it)

== blue-staffy-pup-sale-uk  [for-sale]  0 ERROR / 3 WARN
  WARN  section #top carries species/health facts with no statement label (PROXY — read it)
  WARN  section #why-choose carries species/health facts with no statement label (PROXY — read it)
  WARN  section #questions carries species/health facts with no statement label (PROXY — read it)

== blue-staffy-uk-breeders  [interior]  0 ERROR / 4 WARN
  WARN  section #top carries species/health facts with no statement label (PROXY — read it)
  WARN  section #health-testing carries species/health facts with no statement label (PROXY — read it)
  WARN  section #delivery carries species/health facts with no statement label (PROXY — read it)
  WARN  section #questions carries species/health facts with no statement label (PROXY — read it)

== board-preview/_demo  [interior]  1 ERROR / 0 WARN
  ERROR term budget: uk x21 in <main>, ceiling 6 for interior

== board-preview/index  [interior]  4 ERROR / 0 WARN
  ERROR term budget: blue staffy x67 in <main>, ceiling 12 for interior
  ERROR term budget: staffy puppies x30 in <main>, ceiling 8 for interior
  ERROR term budget: staffordshire bull terrier x18 in <main>, ceiling 6 for interior
  ERROR term budget: uk x77 in <main>, ceiling 6 for interior

== board-preview  [interior]  0 ERROR / 0 WARN

== board-preview/privacy-policy-uk  [interior]  1 ERROR / 0 WARN
  ERROR term budget: uk x11 in <main>, ceiling 6 for interior

== board-preview/thank-you-blue-staffy-puppies-journey  [interior]  1 ERROR / 0 WARN
  ERROR term budget: uk x25 in <main>, ceiling 6 for interior

== board-preview/uk-blue-staffy-breeders-contact  [interior]  2 ERROR / 0 WARN
  ERROR term budget: blue staffy x13 in <main>, ceiling 12 for interior
  ERROR term budget: uk x31 in <main>, ceiling 6 for interior

== buy-blue-staffy-puppies-uk  [for-sale]  0 ERROR / 3 WARN
  WARN  section #top carries species/health facts with no statement label (PROXY — read it)
  WARN  section #parents carries species/health facts with no statement label (PROXY — read it)
  WARN  section #questions carries species/health facts with no statement label (PROXY — read it)

== buy-staffy-puppies-for-sale-uk  [for-sale]  0 ERROR / 7 WARN
  WARN  section #top carries species/health facts with no statement label (PROXY — read it)
  WARN  section #promises carries species/health facts with no statement label (PROXY — read it)
  WARN  section #health-testing carries species/health facts with no statement label (PROXY — read it)
  WARN  section #kennel-club carries species/health facts with no statement label (PROXY — read it)
  WARN  section #puppies carries species/health facts with no statement label (PROXY — read it)
  WARN  section #questions carries species/health facts with no statement label (PROXY — read it)
  WARN  section #talk-to-us carries species/health facts with no statement label (PROXY — read it)

== how-to-choose-the-right-blue-staffy-puppy-for-your-family  [blog]  2 ERROR / 0 WARN
  ERROR term budget: uk x11 in <main>, ceiling 5 for blog
  ERROR <title> is 83 chars, ceiling 70

== index  [home]  0 ERROR / 5 WARN
  WARN  section #top carries species/health facts with no statement label (PROXY — read it)
  WARN  section #trust carries species/health facts with no statement label (PROXY — read it)
  WARN  section #health carries species/health facts with no statement label (PROXY — read it)
  WARN  section #the-breed carries species/health facts with no statement label (PROXY — read it)
  WARN  section #your-questions-about-blue-staffies-answered carries species/health facts with no statement label (PROXY — read it)

== kit-preview  [preview]  0 ERROR / 3 WARN
  WARN  section #kit-hero carries species/health facts with no statement label (PROXY — read it)
  WARN  section #kit-trust-strip carries species/health facts with no statement label (PROXY — read it)
  WARN  section #kit-faq carries species/health facts with no statement label (PROXY — read it)

== privacy-policy-uk  [interior]  0 ERROR / 0 WARN

== search  [interior]  0 ERROR / 0 WARN

== thank-you-blue-staffy-puppies-journey  [interior]  0 ERROR / 0 WARN

== uk-blue-staffy-breeders-contact  [interior]  0 ERROR / 1 WARN
  WARN  section #why-write carries species/health facts with no statement label (PROXY — read it)

== uk-blue-staffy-puppy-buying-guide  [interior]  0 ERROR / 7 WARN
  WARN  section #breeder-questions carries species/health facts with no statement label (PROXY — read it)
  WARN  section #red-flags carries species/health facts with no statement label (PROXY — read it)
  WARN  section #temperament-fit carries species/health facts with no statement label (PROXY — read it)
  WARN  section #health-checks carries species/health facts with no statement label (PROXY — read it)
  WARN  section #delivery carries species/health facts with no statement label (PROXY — read it)
  WARN  section #questions carries species/health facts with no statement label (PROXY — read it)
  WARN  section #talk-to-us carries species/health facts with no statement label (PROXY — read it)

== uk-locations/blue-staffies-newcastle-under-lyme  [location]  0 ERROR / 0 WARN

== uk-locations/blue-staffy-puppies-aberdeen  [location]  0 ERROR / 0 WARN

== uk-locations/blue-staffy-puppies-birmingham  [location]  0 ERROR / 0 WARN

== uk-locations/blue-staffy-puppies-bristol-uk  [location]  0 ERROR / 0 WARN

== uk-locations/blue-staffy-puppies-dundee  [location]  0 ERROR / 0 WARN

== uk-locations/blue-staffy-puppies-edinburgh  [location]  0 ERROR / 0 WARN

== uk-locations/blue-staffy-puppies-for-sale-in-leicester  [location]  0 ERROR / 0 WARN

== uk-locations/blue-staffy-puppies-for-sale-leeds  [location]  0 ERROR / 0 WARN

== uk-locations/blue-staffy-puppies-hull  [location]  0 ERROR / 0 WARN

== uk-locations/blue-staffy-puppies-inverness  [location]  0 ERROR / 0 WARN

== uk-locations/blue-staffy-puppies-london  [location]  0 ERROR / 0 WARN

== uk-locations/blue-staffy-puppies-manchester-uk  [location]  0 ERROR / 0 WARN

== uk-locations/blue-staffy-puppies-middlesbrough  [location]  0 ERROR / 0 WARN

== uk-locations/blue-staffy-puppies-oxford  [location]  0 ERROR / 1 WARN
  WARN  unsourced superlative: 'uk's most trusted' (source it in the same sentence or cut it)

== uk-locations/blue-staffy-puppies-south-yorkshire  [location]  0 ERROR / 0 WARN

== uk-locations/blue-staffy-puppies-sunderland  [location]  0 ERROR / 0 WARN

== uk-locations/blue-staffy-puppies-uk  [location]  4 ERROR / 0 WARN
  ERROR term budget: blue staffy x40 in <main>, ceiling 10 for location
  ERROR term budget: staffy puppies x38 in <main>, ceiling 8 for location
  ERROR term budget: staffordshire bull terrier x11 in <main>, ceiling 5 for location
  ERROR term budget: uk x30 in <main>, ceiling 8 for location

== uk-locations/blue-staffy-puppies-york  [location]  0 ERROR / 1 WARN
  WARN  unsourced superlative: 'uk's most trusted' (source it in the same sentence or cut it)

== uk-locations/buy-blue-staffy-puppy-coventry-area  [location]  0 ERROR / 0 WARN

== uk-locations  [hub]  3 ERROR / 0 WARN
  ERROR term budget: blue staffy x20 in <main>, ceiling 10 for hub
  ERROR term budget: staffy puppies x26 in <main>, ceiling 8 for hub
  ERROR term budget: puppies for sale x16 in <main>, ceiling 5 for hub

== uk-locations/staffy-breeding-dogs-glasgow  [location]  3 ERROR / 0 WARN
  ERROR term budget: blue staffy x27 in <main>, ceiling 10 for location
  ERROR term budget: staffy puppies x11 in <main>, ceiling 8 for location
  ERROR term budget: staffordshire bull terrier x9 in <main>, ceiling 5 for location

== uk-locations/staffy-puppies-cardiff-wales  [location]  0 ERROR / 0 WARN

== uk-locations/staffy-puppies-for-sale-cornwall  [location]  0 ERROR / 0 WARN

== uk-locations/staffy-puppies-for-sale-essex  [location]  0 ERROR / 0 WARN

== uk-locations/staffy-puppies-for-sale-glasgow  [location]  0 ERROR / 0 WARN

== uk-locations/staffy-puppies-for-sale-liverpool  [location]  0 ERROR / 0 WARN

== uk-locations/staffy-puppies-for-sale-nottingham  [location]  0 ERROR / 0 WARN

== uk-locations/staffy-puppies-wolverhampton  [location]  0 ERROR / 0 WARN

== uk-locations/uk-staffordshire-bull-terrier-breeder  [location]  0 ERROR / 0 WARN

== uk-staffordshire-bull-terrier-guide  [interior]  0 ERROR / 4 WARN
  WARN  section #stats carries species/health facts with no statement label (PROXY — read it)
  WARN  section #breed-facts carries species/health facts with no statement label (PROXY — read it)
  WARN  section #health carries species/health facts with no statement label (PROXY — read it)
  WARN  section #choosing-breeder carries species/health facts with no statement label (PROXY — read it)

examined 58 pages; 21 problems (45 WARN)
### EXIT 1 : python3 scripts/evidence_audit.py --all
### STEP: python3 scripts/aeo_audit.py --all
AEO audit — 58 pages examined

── available-puppies/byrd
   entities: binomial=0 breeder=0 place=1 credential=1 · tables=0 lists=7 · avg sentence 47.8w, 3 over 30w
   [WARN] no binomial (Canis familiaris) anywhere
   [WARN] breeder-name entity absent — 'we' instead of 'Lisa Bright'
   [WARN] no stat-bearing header — nothing for an AI to cite as a figure
── available-puppies/cheryl
   entities: binomial=0 breeder=0 place=1 credential=1 · tables=0 lists=7 · avg sentence 49.2w, 3 over 30w
   [WARN] no binomial (Canis familiaris) anywhere
   [WARN] breeder-name entity absent — 'we' instead of 'Lisa Bright'
   [WARN] no stat-bearing header — nothing for an AI to cite as a figure
── available-puppies/christa
   entities: binomial=0 breeder=0 place=1 credential=1 · tables=0 lists=7 · avg sentence 47.8w, 3 over 30w
   [WARN] no binomial (Canis familiaris) anywhere
   [WARN] breeder-name entity absent — 'we' instead of 'Lisa Bright'
   [WARN] no stat-bearing header — nothing for an AI to cite as a figure
── available-puppies/ince
   entities: binomial=0 breeder=0 place=1 credential=1 · tables=0 lists=7 · avg sentence 47.8w, 3 over 30w
   [WARN] no binomial (Canis familiaris) anywhere
   [WARN] breeder-name entity absent — 'we' instead of 'Lisa Bright'
   [WARN] no stat-bearing header — nothing for an AI to cite as a figure
── available-puppies
   entities: binomial=0 breeder=0 place=0 credential=0 · tables=0 lists=8 · avg sentence 42.6w, 4 over 30w
   [WARN] no binomial (Canis familiaris) anywhere
   [WARN] breeder-name entity absent — 'we' instead of 'Lisa Bright'
   [WARN] no stat-bearing header — nothing for an AI to cite as a figure
── available-puppies/roman
   entities: binomial=0 breeder=0 place=1 credential=1 · tables=0 lists=8 · avg sentence 48.8w, 3 over 30w
   [WARN] no binomial (Canis familiaris) anywhere
   [WARN] breeder-name entity absent — 'we' instead of 'Lisa Bright'
   [WARN] no stat-bearing header — nothing for an AI to cite as a figure
── available-puppies/vennie
   entities: binomial=0 breeder=0 place=1 credential=1 · tables=0 lists=7 · avg sentence 48.8w, 3 over 30w
   [WARN] no binomial (Canis familiaris) anywhere
   [WARN] breeder-name entity absent — 'we' instead of 'Lisa Bright'
   [WARN] no stat-bearing header — nothing for an AI to cite as a figure
── blog
   entities: binomial=0 breeder=0 place=0 credential=0 · tables=0 lists=8 · avg sentence 31.7w, 3 over 30w
   [WARN] no binomial (Canis familiaris) anywhere
   [WARN] breeder-name entity absent — 'we' instead of 'Lisa Bright'
   [WARN] no stat-bearing header — nothing for an AI to cite as a figure
── blue-staffy-blog-guides
   entities: binomial=0 breeder=4 place=0 credential=0 · tables=0 lists=13 · avg sentence 25.0w, 12 over 30w
   [WARN] no binomial (Canis familiaris) anywhere
   [WARN] pronoun-heavy: we/our/us outnumber named entities
   [WARN] 2 section(s) bury the answer (PROXY — read them): The Health Page; Puppy Buying Guide UK
   [WARN] no stat-bearing header — nothing for an AI to cite as a figure
── blue-staffy-health-uk
   entities: binomial=0 breeder=1 place=0 credential=18 · tables=1 lists=13 · avg sentence 23.3w, 36 over 30w
   [WARN] no binomial (Canis familiaris) anywhere
   [WARN] 3 section(s) bury the answer (PROXY — read them): FAQs: Blue Staffy Health & Care; What Vaccinations Do Your Puppies Have Before I Take Them Home?; How Can I Avoid Buying From a Puppy Farm?
   [WARN] no stat-bearing header — nothing for an AI to cite as a figure
── blue-staffy-pup-sale-uk
   entities: binomial=0 breeder=1 place=0 credential=12 · tables=2 lists=14 · avg sentence 20.7w, 17 over 30w
   [WARN] no binomial (Canis familiaris) anywhere
   [WARN] pronoun-heavy: we/our/us outnumber named entities
   [WARN] 1 section(s) bury the answer (PROXY — read them): Why the Two Prices Differ
   [WARN] no stat-bearing header — nothing for an AI to cite as a figure
── blue-staffy-uk-breeders
   entities: binomial=0 breeder=2 place=0 credential=17 · tables=0 lists=14 · avg sentence 23.7w, 25 over 30w
   [WARN] no binomial (Canis familiaris) anywhere
   [WARN] pronoun-heavy: we/our/us outnumber named entities
   [WARN] 3 section(s) bury the answer (PROXY — read them): Collection in Carlisle; Cheryl; Frequently Asked Questions: Your Peace of Mind With BlueStaffyUK
   [WARN] no stat-bearing header — nothing for an AI to cite as a figure
── board-preview/_demo
   entities: binomial=0 breeder=0 place=1 credential=3 · tables=0 lists=12 · avg sentence 16.6w, 5 over 30w
   [WARN] no binomial (Canis familiaris) anywhere
   [WARN] breeder-name entity absent — 'we' instead of 'Lisa Bright'
   [WARN] pronoun-heavy: we/our/us outnumber named entities
   [WARN] no stat-bearing header — nothing for an AI to cite as a figure
── board-preview
   entities: binomial=0 breeder=0 place=1 credential=0 · tables=0 lists=5 · avg sentence 37.5w, 2 over 30w
   [WARN] no binomial (Canis familiaris) anywhere
   [WARN] breeder-name entity absent — 'we' instead of 'Lisa Bright'
   [WARN] no stat-bearing header — nothing for an AI to cite as a figure
── board-preview/index
   entities: binomial=0 breeder=10 place=1 credential=23 · tables=3 lists=11 · avg sentence 22.5w, 77 over 30w
   [WARN] no binomial (Canis familiaris) anywhere
   [WARN] pronoun-heavy: we/our/us outnumber named entities
   [WARN] 36 section(s) bury the answer (PROXY — read them): Blue Staffy Puppies, Raised At Home In Carlisle; Blue Staffy Puppies, Raised At Home In Carlisle; Blue Staffy Puppies, Raised At Home In Carlisle…
   [WARN] no stat-bearing header — nothing for an AI to cite as a figure
── board-preview/privacy-policy-uk
   entities: binomial=0 breeder=0 place=1 credential=21 · tables=0 lists=5 · avg sentence 20.1w, 20 over 30w
   [WARN] no binomial (Canis familiaris) anywhere
   [WARN] breeder-name entity absent — 'we' instead of 'Lisa Bright'
   [WARN] pronoun-heavy: we/our/us outnumber named entities
   [WARN] 4 section(s) bury the answer (PROXY — read them): Cookies, and changes to this policy; Cookies, and changes to this policy; Cookies, and changes to this policy…
   [WARN] no stat-bearing header — nothing for an AI to cite as a figure
── board-preview/thank-you-blue-staffy-puppies-journey
   entities: binomial=0 breeder=0 place=1 credential=3 · tables=0 lists=8 · avg sentence 22.4w, 26 over 30w
   [WARN] no binomial (Canis familiaris) anywhere
   [WARN] breeder-name entity absent — 'we' instead of 'Lisa Bright'
   [WARN] pronoun-heavy: we/our/us outnumber named entities
   [WARN] 6 section(s) bury the answer (PROXY — read them): Where Your Enquiry Stands; Where Your Enquiry Stands; Where Your Enquiry Stands…
   [WARN] no stat-bearing header — nothing for an AI to cite as a figure
── board-preview/uk-blue-staffy-breeders-contact
   entities: binomial=0 breeder=3 place=1 credential=9 · tables=0 lists=20 · avg sentence 23.2w, 51 over 30w
   [WARN] no binomial (Canis familiaris) anywhere
   [WARN] pronoun-heavy: we/our/us outnumber named entities
   [WARN] 13 section(s) bury the answer (PROXY — read them): Contact Blue Staffy UK; Contact Blue Staffy UK; Contact Blue Staffy UK…
   [WARN] no stat-bearing header — nothing for an AI to cite as a figure
── buy-blue-staffy-puppies-uk
   entities: binomial=0 breeder=1 place=0 credential=10 · tables=0 lists=14 · avg sentence 23.4w, 26 over 30w
   [WARN] no binomial (Canis familiaris) anywhere
   [WARN] pronoun-heavy: we/our/us outnumber named entities
   [WARN] 3 section(s) bury the answer (PROXY — read them): What Your Blue Staffy Puppy Comes With; How Long Do Staffies Sleep at Night?; Ask About A Particular Puppy
   [WARN] no stat-bearing header — nothing for an AI to cite as a figure
── buy-staffy-puppies-for-sale-uk
   entities: binomial=0 breeder=1 place=0 credential=45 · tables=0 lists=14 · avg sentence 20.4w, 32 over 30w
   [WARN] no binomial (Canis familiaris) anywhere
   [WARN] pronoun-heavy: we/our/us outnumber named entities
   [WARN] 2 section(s) bury the answer (PROXY — read them): Ask Us Anything Before You Decide; How Do I Buy or Reserve a Staffordshire Bull Terrier Puppy in the UK Safely?
   [WARN] no stat-bearing header — nothing for an AI to cite as a figure
── how-to-choose-the-right-blue-staffy-puppy-for-your-family
   entities: binomial=0 breeder=0 place=0 credential=0 · tables=0 lists=8 · avg sentence 37.0w, 4 over 30w
   [WARN] no binomial (Canis familiaris) anywhere
   [WARN] breeder-name entity absent — 'we' instead of 'Lisa Bright'
   [WARN] no stat-bearing header — nothing for an AI to cite as a figure
── index
   entities: binomial=0 breeder=2 place=0 credential=13 · tables=1 lists=14 · avg sentence 22.9w, 29 over 30w
   [WARN] no binomial (Canis familiaris) anywhere
   [WARN] pronoun-heavy: we/our/us outnumber named entities
   [WARN] 3 section(s) bury the answer (PROXY — read them): Temperament: The Loving Heart of the Blue Staffy; Care and Exercise for Your Blue Staffy; Then the Evidence
   [WARN] no stat-bearing header — nothing for an AI to cite as a figure
── kit-preview
   entities: binomial=0 breeder=1 place=1 credential=24 · tables=1 lists=18 · avg sentence 17.5w, 21 over 30w
   [WARN] no binomial (Canis familiaris) anywhere
   [WARN] pronoun-heavy: we/our/us outnumber named entities
   [WARN] 5 section(s) bury the answer (PROXY — read them): What Should I Ask a Blue Staffy Breeder Before I Buy?; How Long Do Staffies Sleep at Night?; What Vaccinations Do Your Puppies Have Before I Take Them Home?…
── privacy-policy-uk
   entities: binomial=0 breeder=1 place=0 credential=3 · tables=0 lists=11 · avg sentence 21.8w, 13 over 30w
   [WARN] no binomial (Canis familiaris) anywhere
   [WARN] pronoun-heavy: we/our/us outnumber named entities
   [WARN] no stat-bearing header — nothing for an AI to cite as a figure
── search
   entities: binomial=0 breeder=0 place=1 credential=0 · tables=0 lists=5 · avg sentence 33.0w, 2 over 30w
   [WARN] no binomial (Canis familiaris) anywhere
   [WARN] breeder-name entity absent — 'we' instead of 'Lisa Bright'
   [WARN] no stat-bearing header — nothing for an AI to cite as a figure
── thank-you-blue-staffy-puppies-journey
   entities: binomial=0 breeder=1 place=0 credential=2 · tables=0 lists=13 · avg sentence 23.4w, 8 over 30w
   [WARN] no binomial (Canis familiaris) anywhere
   [WARN] pronoun-heavy: we/our/us outnumber named entities
   [WARN] no stat-bearing header — nothing for an AI to cite as a figure
── uk-blue-staffy-breeders-contact
   entities: binomial=0 breeder=1 place=0 credential=4 · tables=0 lists=14 · avg sentence 19.6w, 6 over 30w
   [WARN] no binomial (Canis familiaris) anywhere
   [WARN] pronoun-heavy: we/our/us outnumber named entities
   [WARN] no stat-bearing header — nothing for an AI to cite as a figure
── uk-blue-staffy-puppy-buying-guide
   entities: binomial=0 breeder=1 place=0 credential=21 · tables=3 lists=13 · avg sentence 20.3w, 43 over 30w
   [WARN] no binomial (Canis familiaris) anywhere
   [WARN] 6 section(s) bury the answer (PROXY — read them): How to Buy Your Blue Staffy Puppy From Us; Understanding the Blue Staffordshire Bull Terrier: Temperament & Lifestyle; What Health Tests Should a Blue Staffy Puppy Breeder Provide? What Are the L-2-HGA and the HC-HSF4 Tests in Staffies?…
── uk-locations/blue-staffies-newcastle-under-lyme
   entities: binomial=0 breeder=0 place=1 credential=0 · tables=0 lists=4 · avg sentence 44.0w, 1 over 30w
   [WARN] no binomial (Canis familiaris) anywhere
   [WARN] breeder-name entity absent — 'we' instead of 'Lisa Bright'
   [WARN] no stat-bearing header — nothing for an AI to cite as a figure
── uk-locations/blue-staffy-puppies-aberdeen
   entities: binomial=0 breeder=0 place=5 credential=6 · tables=0 lists=5 · avg sentence 20.2w, 4 over 30w
   [WARN] no binomial (Canis familiaris) anywhere
   [WARN] breeder-name entity absent — 'we' instead of 'Lisa Bright'
   [WARN] pronoun-heavy: we/our/us outnumber named entities
   [WARN] 1 section(s) bury the answer (PROXY — read them): 🚚 Delivery Options to Aberdeen
   [WARN] no stat-bearing header — nothing for an AI to cite as a figure
── uk-locations/blue-staffy-puppies-birmingham
   entities: binomial=0 breeder=0 place=1 credential=0 · tables=0 lists=4 · avg sentence 58.0w, 1 over 30w
   [WARN] no binomial (Canis familiaris) anywhere
   [WARN] breeder-name entity absent — 'we' instead of 'Lisa Bright'
   [WARN] no stat-bearing header — nothing for an AI to cite as a figure
── uk-locations/blue-staffy-puppies-bristol-uk
   entities: binomial=0 breeder=0 place=1 credential=0 · tables=0 lists=4 · avg sentence 58.5w, 1 over 30w
   [WARN] no binomial (Canis familiaris) anywhere
   [WARN] breeder-name entity absent — 'we' instead of 'Lisa Bright'
   [WARN] no stat-bearing header — nothing for an AI to cite as a figure
── uk-locations/blue-staffy-puppies-dundee
   entities: binomial=0 breeder=0 place=5 credential=6 · tables=0 lists=5 · avg sentence 24.0w, 4 over 30w
   [WARN] no binomial (Canis familiaris) anywhere
   [WARN] breeder-name entity absent — 'we' instead of 'Lisa Bright'
   [WARN] pronoun-heavy: we/our/us outnumber named entities
   [WARN] 1 section(s) bury the answer (PROXY — read them): 🚚 Delivery Options to Dundee
   [WARN] no stat-bearing header — nothing for an AI to cite as a figure
── uk-locations/blue-staffy-puppies-edinburgh
   entities: binomial=0 breeder=0 place=5 credential=5 · tables=0 lists=5 · avg sentence 22.1w, 4 over 30w
   [WARN] no binomial (Canis familiaris) anywhere
   [WARN] breeder-name entity absent — 'we' instead of 'Lisa Bright'
   [WARN] pronoun-heavy: we/our/us outnumber named entities
   [WARN] 1 section(s) bury the answer (PROXY — read them): 🚚 Delivery Options to Edinburgh
   [WARN] no stat-bearing header — nothing for an AI to cite as a figure
── uk-locations/blue-staffy-puppies-for-sale-in-leicester
   entities: binomial=0 breeder=0 place=1 credential=0 · tables=0 lists=4 · avg sentence 64.0w, 1 over 30w
   [WARN] no binomial (Canis familiaris) anywhere
   [WARN] breeder-name entity absent — 'we' instead of 'Lisa Bright'
   [WARN] no stat-bearing header — nothing for an AI to cite as a figure
── uk-locations/blue-staffy-puppies-for-sale-leeds
   entities: binomial=0 breeder=0 place=1 credential=0 · tables=0 lists=4 · avg sentence 59.5w, 1 over 30w
   [WARN] no binomial (Canis familiaris) anywhere
   [WARN] breeder-name entity absent — 'we' instead of 'Lisa Bright'
   [WARN] no stat-bearing header — nothing for an AI to cite as a figure
── uk-locations/blue-staffy-puppies-hull
   entities: binomial=0 breeder=0 place=1 credential=6 · tables=0 lists=5 · avg sentence 21.6w, 4 over 30w
   [WARN] no binomial (Canis familiaris) anywhere
   [WARN] breeder-name entity absent — 'we' instead of 'Lisa Bright'
   [WARN] pronoun-heavy: we/our/us outnumber named entities
   [WARN] 1 section(s) bury the answer (PROXY — read them): 🚚 Delivery Options to Hull
   [WARN] no stat-bearing header — nothing for an AI to cite as a figure
── uk-locations/blue-staffy-puppies-inverness
   entities: binomial=0 breeder=0 place=3 credential=5 · tables=0 lists=5 · avg sentence 20.8w, 4 over 30w
   [WARN] no binomial (Canis familiaris) anywhere
   [WARN] breeder-name entity absent — 'we' instead of 'Lisa Bright'
   [WARN] pronoun-heavy: we/our/us outnumber named entities
   [WARN] 1 section(s) bury the answer (PROXY — read them): 🚚 Delivery Options to Inverness
   [WARN] no stat-bearing header — nothing for an AI to cite as a figure
── uk-locations/blue-staffy-puppies-london
   entities: binomial=0 breeder=0 place=1 credential=0 · tables=0 lists=4 · avg sentence 58.0w, 1 over 30w
   [WARN] no binomial (Canis familiaris) anywhere
   [WARN] breeder-name entity absent — 'we' instead of 'Lisa Bright'
   [WARN] no stat-bearing header — nothing for an AI to cite as a figure
── uk-locations/blue-staffy-puppies-manchester-uk
   entities: binomial=0 breeder=0 place=1 credential=0 · tables=0 lists=4 · avg sentence 61.0w, 1 over 30w
   [WARN] no binomial (Canis familiaris) anywhere
   [WARN] breeder-name entity absent — 'we' instead of 'Lisa Bright'
   [WARN] no stat-bearing header — nothing for an AI to cite as a figure
── uk-locations/blue-staffy-puppies-middlesbrough
   entities: binomial=0 breeder=0 place=1 credential=7 · tables=0 lists=5 · avg sentence 22.5w, 4 over 30w
   [WARN] no binomial (Canis familiaris) anywhere
   [WARN] breeder-name entity absent — 'we' instead of 'Lisa Bright'
   [WARN] pronoun-heavy: we/our/us outnumber named entities
   [WARN] 1 section(s) bury the answer (PROXY — read them): 🚚 Delivery Options to Middlesbrough
   [WARN] no stat-bearing header — nothing for an AI to cite as a figure
── uk-locations/blue-staffy-puppies-oxford
   entities: binomial=0 breeder=0 place=1 credential=4 · tables=0 lists=5 · avg sentence 20.9w, 4 over 30w
   [WARN] no binomial (Canis familiaris) anywhere
   [WARN] breeder-name entity absent — 'we' instead of 'Lisa Bright'
   [WARN] pronoun-heavy: we/our/us outnumber named entities
   [WARN] 1 section(s) bury the answer (PROXY — read them): 🚚 Delivery Options to Oxford
   [WARN] no stat-bearing header — nothing for an AI to cite as a figure
── uk-locations/blue-staffy-puppies-south-yorkshire
   entities: binomial=0 breeder=0 place=1 credential=0 · tables=0 lists=4 · avg sentence 57.0w, 1 over 30w
   [WARN] no binomial (Canis familiaris) anywhere
   [WARN] breeder-name entity absent — 'we' instead of 'Lisa Bright'
   [WARN] no stat-bearing header — nothing for an AI to cite as a figure
── uk-locations/blue-staffy-puppies-sunderland
   entities: binomial=0 breeder=0 place=1 credential=4 · tables=0 lists=5 · avg sentence 23.2w, 4 over 30w
   [WARN] no binomial (Canis familiaris) anywhere
   [WARN] breeder-name entity absent — 'we' instead of 'Lisa Bright'
   [WARN] pronoun-heavy: we/our/us outnumber named entities
   [WARN] 1 section(s) bury the answer (PROXY — read them): 🚚 Delivery Options to Sunderland
   [WARN] no stat-bearing header — nothing for an AI to cite as a figure
── uk-locations/blue-staffy-puppies-uk
   entities: binomial=0 breeder=0 place=11 credential=12 · tables=0 lists=4 · avg sentence 23.1w, 18 over 30w
   [WARN] no binomial (Canis familiaris) anywhere
   [WARN] breeder-name entity absent — 'we' instead of 'Lisa Bright'
   [WARN] pronoun-heavy: we/our/us outnumber named entities
   [WARN] 4 section(s) bury the answer (PROXY — read them): Connecting Families Nationwide: Blue Staffy Puppies Delivered Across the UK; Reservation & Preparation; Food & Water Bowls…
── uk-locations/blue-staffy-puppies-york
   entities: binomial=0 breeder=0 place=1 credential=4 · tables=0 lists=5 · avg sentence 22.6w, 4 over 30w
   [WARN] no binomial (Canis familiaris) anywhere
   [WARN] breeder-name entity absent — 'we' instead of 'Lisa Bright'
   [WARN] pronoun-heavy: we/our/us outnumber named entities
   [WARN] 1 section(s) bury the answer (PROXY — read them): 🚚 Delivery Options to York
   [WARN] no stat-bearing header — nothing for an AI to cite as a figure
── uk-locations/buy-blue-staffy-puppy-coventry-area
   entities: binomial=0 breeder=0 place=1 credential=0 · tables=0 lists=4 · avg sentence 57.0w, 1 over 30w
   [WARN] no binomial (Canis familiaris) anywhere
   [WARN] breeder-name entity absent — 'we' instead of 'Lisa Bright'
   [WARN] no stat-bearing header — nothing for an AI to cite as a figure
── uk-locations
   entities: binomial=0 breeder=0 place=7 credential=1 · tables=0 lists=8 · avg sentence 53.7w, 4 over 30w
   [WARN] no binomial (Canis familiaris) anywhere
   [WARN] breeder-name entity absent — 'we' instead of 'Lisa Bright'
   [WARN] no stat-bearing header — nothing for an AI to cite as a figure
── uk-locations/staffy-breeding-dogs-glasgow
   entities: binomial=0 breeder=0 place=13 credential=9 · tables=0 lists=4 · avg sentence 23.1w, 14 over 30w
   [WARN] no binomial (Canis familiaris) anywhere
   [WARN] breeder-name entity absent — 'we' instead of 'Lisa Bright'
   [WARN] pronoun-heavy: we/our/us outnumber named entities
   [WARN] 1 section(s) bury the answer (PROXY — read them): Meet Our Healthy Staffy Breeding Dogs Glasgow: Maggie & Jones
   [WARN] no stat-bearing header — nothing for an AI to cite as a figure
── uk-locations/staffy-puppies-cardiff-wales
   entities: binomial=0 breeder=0 place=1 credential=0 · tables=0 lists=4 · avg sentence 59.5w, 1 over 30w
   [WARN] no binomial (Canis familiaris) anywhere
   [WARN] breeder-name entity absent — 'we' instead of 'Lisa Bright'
   [WARN] no stat-bearing header — nothing for an AI to cite as a figure
── uk-locations/staffy-puppies-for-sale-cornwall
   entities: binomial=0 breeder=0 place=1 credential=0 · tables=0 lists=4 · avg sentence 58.5w, 1 over 30w
   [WARN] no binomial (Canis familiaris) anywhere
   [WARN] breeder-name entity absent — 'we' instead of 'Lisa Bright'
   [WARN] no stat-bearing header — nothing for an AI to cite as a figure
── uk-locations/staffy-puppies-for-sale-essex
   entities: binomial=0 breeder=0 place=1 credential=0 · tables=0 lists=4 · avg sentence 56.5w, 1 over 30w
   [WARN] no binomial (Canis familiaris) anywhere
   [WARN] breeder-name entity absent — 'we' instead of 'Lisa Bright'
   [WARN] no stat-bearing header — nothing for an AI to cite as a figure
── uk-locations/staffy-puppies-for-sale-glasgow
   entities: binomial=0 breeder=0 place=4 credential=0 · tables=1 lists=4 · avg sentence 44.0w, 1 over 30w
   [WARN] no binomial (Canis familiaris) anywhere
   [WARN] breeder-name entity absent — 'we' instead of 'Lisa Bright'
   [WARN] no stat-bearing header — nothing for an AI to cite as a figure
── uk-locations/staffy-puppies-for-sale-liverpool
   entities: binomial=0 breeder=0 place=1 credential=0 · tables=0 lists=4 · avg sentence 59.0w, 1 over 30w
   [WARN] no binomial (Canis familiaris) anywhere
   [WARN] breeder-name entity absent — 'we' instead of 'Lisa Bright'
   [WARN] no stat-bearing header — nothing for an AI to cite as a figure
── uk-locations/staffy-puppies-for-sale-nottingham
   entities: binomial=0 breeder=0 place=1 credential=0 · tables=0 lists=4 · avg sentence 59.0w, 1 over 30w
   [WARN] no binomial (Canis familiaris) anywhere
   [WARN] breeder-name entity absent — 'we' instead of 'Lisa Bright'
   [WARN] no stat-bearing header — nothing for an AI to cite as a figure
── uk-locations/staffy-puppies-wolverhampton
   entities: binomial=0 breeder=0 place=1 credential=0 · tables=0 lists=4 · avg sentence 57.0w, 1 over 30w
   [WARN] no binomial (Canis familiaris) anywhere
   [WARN] breeder-name entity absent — 'we' instead of 'Lisa Bright'
   [WARN] no stat-bearing header — nothing for an AI to cite as a figure
── uk-locations/uk-staffordshire-bull-terrier-breeder
   entities: binomial=0 breeder=0 place=1 credential=0 · tables=0 lists=4 · avg sentence 56.5w, 1 over 30w
   [WARN] no binomial (Canis familiaris) anywhere
   [WARN] breeder-name entity absent — 'we' instead of 'Lisa Bright'
   [WARN] no stat-bearing header — nothing for an AI to cite as a figure
── uk-staffordshire-bull-terrier-guide
   entities: binomial=0 breeder=1 place=0 credential=10 · tables=1 lists=13 · avg sentence 23.1w, 58 over 30w
   [WARN] no binomial (Canis familiaris) anywhere
   [WARN] 3 section(s) bury the answer (PROXY — read them): Bred in the Industrial Midlands; Eyes and Knees, Under the BVA/KC Schemes; Write to Us

examined 58 pages; 0 problems (206 WARN)
baseline-only FAIL pages: 0  (failing only freshness — the migration baseline, excluded from the exit code); pages with a real ERROR: 0
### EXIT 0 : python3 scripts/aeo_audit.py --all
### STEP: python3 scripts/dup_content_audit.py
DUPLICATE (12 words) between /index/ and /blue-staffy-pup-sale-uk/:
  "is the heart of our family the victoria family manchester uk mj"

DUPLICATE (13 words) between /index/ and /blue-staffy-uk-breeders/:
  "passion for the staffordshire bull terrier breed drives every aspect of our work"

DUPLICATE (12 words) between /index/ and /blue-staffy-uk-breeders/:
  "is the heart of our family the victoria family manchester uk mj"

DUPLICATE (29 words) between /index/ and /blue-staffy-uk-breeders/:
  "a comprehensive puppy package the first vaccinations a microchip a full veterinary health check deworming and defleaing the relevant paperwork and a puppy pack to help them settle in"

DUPLICATE (13 words) between /index/ and /buy-staffy-puppies-for-sale-uk/:
  "both parents are dna tested clear of l 2 hga and hc hsf4"

DUPLICATE (12 words) between /index/ and /buy-staffy-puppies-for-sale-uk/:
  "is the heart of our family the victoria family manchester uk mj"

DUPLICATE (29 words) between /index/ and /buy-staffy-puppies-for-sale-uk/:
  "a comprehensive puppy package the first vaccinations a microchip a full veterinary health check deworming and defleaing the relevant paperwork and a puppy pack to help them settle in"

DUPLICATE (13 words) between /index/ and /blue-staffy-health-uk/:
  "the health and well being of our blue staffordshire bull terrier puppies are"

DUPLICATE (29 words) between /index/ and /blue-staffy-health-uk/:
  "a comprehensive puppy package the first vaccinations a microchip a full veterinary health check deworming and defleaing the relevant paperwork and a puppy pack to help them settle in"

DUPLICATE (35 words) between /how-to-choose-the-right-blue-staffy-puppy-for-your-family/ and /uk-blue-staffy-puppy-buying-guide/:
  "uk embarking on the journey to welcome a blue staffordshire bull terrier puppy into your uk home is an exciting and rewarding experience the key to a smooth and responsible process lies in thorough preparation"

DUPLICATE (12 words) between /blue-staffy-pup-sale-uk/ and /buy-blue-staffy-puppies-uk/:
  "no answer here sets a price of its own the one that"

DUPLICATE (12 words) between /blue-staffy-pup-sale-uk/ and /uk-locations/staffy-breeding-dogs-glasgow/:
  "blue staffy puppies are healthy vaccinated and ready to join your home"

DUPLICATE (12 words) between /blue-staffy-pup-sale-uk/ and /uk-locations/blue-staffy-puppies-uk/:
  "blue staffy puppies are healthy vaccinated and ready to join your home"

DUPLICATE (46 words) between /blue-staffy-uk-breeders/ and /buy-staffy-puppies-for-sale-uk/:
  "are the puppies raised in a family home or in kennels in our home not in kennels every litter grows up indoors with the family with constant interaction early socialisation and everyday household sights and sounds and me…"

DUPLICATE (34 words) between /blue-staffy-uk-breeders/ and /buy-staffy-puppies-for-sale-uk/:
  "what comes with a puppy a comprehensive puppy package the first vaccinations a microchip a full veterinary health check deworming and defleaing the relevant paperwork and a puppy pack to help them settle in"

DUPLICATE (34 words) between /blue-staffy-uk-breeders/ and /blue-staffy-health-uk/:
  "what comes with a puppy a comprehensive puppy package the first vaccinations a microchip a full veterinary health check deworming and defleaing the relevant paperwork and a puppy pack to help them settle in"

DUPLICATE (34 words) between /buy-staffy-puppies-for-sale-uk/ and /blue-staffy-health-uk/:
  "what comes with a puppy a comprehensive puppy package the first vaccinations a microchip a full veterinary health check deworming and defleaing the relevant paperwork and a puppy pack to help them settle in"

DUPLICATE (58 words) between /uk-locations/blue-staffy-puppies-dundee/ and /uk-locations/blue-staffy-puppies-sunderland/:
  "puppy at bluestaffyuk uk we are passionate about breeding staffordshire bull terriers the right way every puppy in our litter is raised in our family home never in a kennel or puppy farm we focus on temperament health an…"

DUPLICATE (42 words) between /uk-locations/blue-staffy-puppies-dundee/ and /uk-locations/blue-staffy-puppies-sunderland/:
  "our breeding dogs undergo full health testing for l 2 hga and hc hsf4 the two hereditary conditions specific to the staffordshire bull terrier every puppy leaves us microchipped vet checked vaccinated and with a comprehe…"

DUPLICATE (18 words) between /uk-locations/blue-staffy-puppies-dundee/ and /uk-locations/blue-staffy-puppies-sunderland/:
  "you are we can get your new puppy to you safely frequently asked questions blue staffy puppies in"

DUPLICATE (58 words) between /uk-locations/blue-staffy-puppies-dundee/ and /uk-locations/blue-staffy-puppies-aberdeen/:
  "puppy at bluestaffyuk uk we are passionate about breeding staffordshire bull terriers the right way every puppy in our litter is raised in our family home never in a kennel or puppy farm we focus on temperament health an…"

DUPLICATE (42 words) between /uk-locations/blue-staffy-puppies-dundee/ and /uk-locations/blue-staffy-puppies-aberdeen/:
  "our breeding dogs undergo full health testing for l 2 hga and hc hsf4 the two hereditary conditions specific to the staffordshire bull terrier every puppy leaves us microchipped vet checked vaccinated and with a comprehe…"

DUPLICATE (28 words) between /uk-locations/blue-staffy-puppies-dundee/ and /uk-locations/blue-staffy-puppies-aberdeen/:
  "and all surrounding areas so no matter where in scotland you are we can get your new puppy to you safely frequently asked questions blue staffy puppies in"

DUPLICATE (58 words) between /uk-locations/blue-staffy-puppies-dundee/ and /uk-locations/blue-staffy-puppies-hull/:
  "puppy at bluestaffyuk uk we are passionate about breeding staffordshire bull terriers the right way every puppy in our litter is raised in our family home never in a kennel or puppy farm we focus on temperament health an…"

DUPLICATE (42 words) between /uk-locations/blue-staffy-puppies-dundee/ and /uk-locations/blue-staffy-puppies-hull/:
  "our breeding dogs undergo full health testing for l 2 hga and hc hsf4 the two hereditary conditions specific to the staffordshire bull terrier every puppy leaves us microchipped vet checked vaccinated and with a comprehe…"

DUPLICATE (18 words) between /uk-locations/blue-staffy-puppies-dundee/ and /uk-locations/blue-staffy-puppies-hull/:
  "you are we can get your new puppy to you safely frequently asked questions blue staffy puppies in"

DUPLICATE (58 words) between /uk-locations/blue-staffy-puppies-dundee/ and /uk-locations/blue-staffy-puppies-oxford/:
  "puppy at bluestaffyuk uk we are passionate about breeding staffordshire bull terriers the right way every puppy in our litter is raised in our family home never in a kennel or puppy farm we focus on temperament health an…"

DUPLICATE (42 words) between /uk-locations/blue-staffy-puppies-dundee/ and /uk-locations/blue-staffy-puppies-oxford/:
  "our breeding dogs undergo full health testing for l 2 hga and hc hsf4 the two hereditary conditions specific to the staffordshire bull terrier every puppy leaves us microchipped vet checked vaccinated and with a comprehe…"

DUPLICATE (18 words) between /uk-locations/blue-staffy-puppies-dundee/ and /uk-locations/blue-staffy-puppies-oxford/:
  "you are we can get your new puppy to you safely frequently asked questions blue staffy puppies in"

DUPLICATE (15 words) between /uk-locations/blue-staffy-puppies-dundee/ and /uk-locations/blue-staffy-puppies-oxford/:
  "beth kane alis or kobe and we'll confirm availability and next steps within 24 hours"

DUPLICATE (58 words) between /uk-locations/blue-staffy-puppies-dundee/ and /uk-locations/blue-staffy-puppies-edinburgh/:
  "puppy at bluestaffyuk uk we are passionate about breeding staffordshire bull terriers the right way every puppy in our litter is raised in our family home never in a kennel or puppy farm we focus on temperament health an…"

DUPLICATE (42 words) between /uk-locations/blue-staffy-puppies-dundee/ and /uk-locations/blue-staffy-puppies-edinburgh/:
  "our breeding dogs undergo full health testing for l 2 hga and hc hsf4 the two hereditary conditions specific to the staffordshire bull terrier every puppy leaves us microchipped vet checked vaccinated and with a comprehe…"

DUPLICATE (28 words) between /uk-locations/blue-staffy-puppies-dundee/ and /uk-locations/blue-staffy-puppies-edinburgh/:
  "and all surrounding areas so no matter where in scotland you are we can get your new puppy to you safely frequently asked questions blue staffy puppies in"

DUPLICATE (58 words) between /uk-locations/blue-staffy-puppies-dundee/ and /uk-locations/blue-staffy-puppies-york/:
  "puppy at bluestaffyuk uk we are passionate about breeding staffordshire bull terriers the right way every puppy in our litter is raised in our family home never in a kennel or puppy farm we focus on temperament health an…"

DUPLICATE (42 words) between /uk-locations/blue-staffy-puppies-dundee/ and /uk-locations/blue-staffy-puppies-york/:
  "our breeding dogs undergo full health testing for l 2 hga and hc hsf4 the two hereditary conditions specific to the staffordshire bull terrier every puppy leaves us microchipped vet checked vaccinated and with a comprehe…"

DUPLICATE (18 words) between /uk-locations/blue-staffy-puppies-dundee/ and /uk-locations/blue-staffy-puppies-york/:
  "you are we can get your new puppy to you safely frequently asked questions blue staffy puppies in"

DUPLICATE (58 words) between /uk-locations/blue-staffy-puppies-dundee/ and /uk-locations/blue-staffy-puppies-middlesbrough/:
  "puppy at bluestaffyuk uk we are passionate about breeding staffordshire bull terriers the right way every puppy in our litter is raised in our family home never in a kennel or puppy farm we focus on temperament health an…"

DUPLICATE (42 words) between /uk-locations/blue-staffy-puppies-dundee/ and /uk-locations/blue-staffy-puppies-middlesbrough/:
  "our breeding dogs undergo full health testing for l 2 hga and hc hsf4 the two hereditary conditions specific to the staffordshire bull terrier every puppy leaves us microchipped vet checked vaccinated and with a comprehe…"

DUPLICATE (18 words) between /uk-locations/blue-staffy-puppies-dundee/ and /uk-locations/blue-staffy-puppies-middlesbrough/:
  "you are we can get your new puppy to you safely frequently asked questions blue staffy puppies in"

DUPLICATE (58 words) between /uk-locations/blue-staffy-puppies-dundee/ and /uk-locations/blue-staffy-puppies-inverness/:
  "puppy at bluestaffyuk uk we are passionate about breeding staffordshire bull terriers the right way every puppy in our litter is raised in our family home never in a kennel or puppy farm we focus on temperament health an…"

DUPLICATE (42 words) between /uk-locations/blue-staffy-puppies-dundee/ and /uk-locations/blue-staffy-puppies-inverness/:
  "our breeding dogs undergo full health testing for l 2 hga and hc hsf4 the two hereditary conditions specific to the staffordshire bull terrier every puppy leaves us microchipped vet checked vaccinated and with a comprehe…"

DUPLICATE (28 words) between /uk-locations/blue-staffy-puppies-dundee/ and /uk-locations/blue-staffy-puppies-inverness/:
  "and all surrounding areas so no matter where in scotland you are we can get your new puppy to you safely frequently asked questions blue staffy puppies in"

DUPLICATE (58 words) between /uk-locations/blue-staffy-puppies-sunderland/ and /uk-locations/blue-staffy-puppies-aberdeen/:
  "puppy at bluestaffyuk uk we are passionate about breeding staffordshire bull terriers the right way every puppy in our litter is raised in our family home never in a kennel or puppy farm we focus on temperament health an…"

DUPLICATE (42 words) between /uk-locations/blue-staffy-puppies-sunderland/ and /uk-locations/blue-staffy-puppies-aberdeen/:
  "our breeding dogs undergo full health testing for l 2 hga and hc hsf4 the two hereditary conditions specific to the staffordshire bull terrier every puppy leaves us microchipped vet checked vaccinated and with a comprehe…"

DUPLICATE (18 words) between /uk-locations/blue-staffy-puppies-sunderland/ and /uk-locations/blue-staffy-puppies-aberdeen/:
  "you are we can get your new puppy to you safely frequently asked questions blue staffy puppies in"

DUPLICATE (58 words) between /uk-locations/blue-staffy-puppies-sunderland/ and /uk-locations/blue-staffy-puppies-hull/:
  "puppy at bluestaffyuk uk we are passionate about breeding staffordshire bull terriers the right way every puppy in our litter is raised in our family home never in a kennel or puppy farm we focus on temperament health an…"

DUPLICATE (42 words) between /uk-locations/blue-staffy-puppies-sunderland/ and /uk-locations/blue-staffy-puppies-hull/:
  "our breeding dogs undergo full health testing for l 2 hga and hc hsf4 the two hereditary conditions specific to the staffordshire bull terrier every puppy leaves us microchipped vet checked vaccinated and with a comprehe…"

DUPLICATE (18 words) between /uk-locations/blue-staffy-puppies-sunderland/ and /uk-locations/blue-staffy-puppies-hull/:
  "you are we can get your new puppy to you safely frequently asked questions blue staffy puppies in"

DUPLICATE (58 words) between /uk-locations/blue-staffy-puppies-sunderland/ and /uk-locations/blue-staffy-puppies-oxford/:
  "puppy at bluestaffyuk uk we are passionate about breeding staffordshire bull terriers the right way every puppy in our litter is raised in our family home never in a kennel or puppy farm we focus on temperament health an…"

DUPLICATE (42 words) between /uk-locations/blue-staffy-puppies-sunderland/ and /uk-locations/blue-staffy-puppies-oxford/:
  "our breeding dogs undergo full health testing for l 2 hga and hc hsf4 the two hereditary conditions specific to the staffordshire bull terrier every puppy leaves us microchipped vet checked vaccinated and with a comprehe…"

DUPLICATE (18 words) between /uk-locations/blue-staffy-puppies-sunderland/ and /uk-locations/blue-staffy-puppies-oxford/:
  "you are we can get your new puppy to you safely frequently asked questions blue staffy puppies in"

DUPLICATE (58 words) between /uk-locations/blue-staffy-puppies-sunderland/ and /uk-locations/blue-staffy-puppies-edinburgh/:
  "puppy at bluestaffyuk uk we are passionate about breeding staffordshire bull terriers the right way every puppy in our litter is raised in our family home never in a kennel or puppy farm we focus on temperament health an…"

DUPLICATE (42 words) between /uk-locations/blue-staffy-puppies-sunderland/ and /uk-locations/blue-staffy-puppies-edinburgh/:
  "our breeding dogs undergo full health testing for l 2 hga and hc hsf4 the two hereditary conditions specific to the staffordshire bull terrier every puppy leaves us microchipped vet checked vaccinated and with a comprehe…"

DUPLICATE (18 words) between /uk-locations/blue-staffy-puppies-sunderland/ and /uk-locations/blue-staffy-puppies-edinburgh/:
  "you are we can get your new puppy to you safely frequently asked questions blue staffy puppies in"

DUPLICATE (58 words) between /uk-locations/blue-staffy-puppies-sunderland/ and /uk-locations/blue-staffy-puppies-york/:
  "puppy at bluestaffyuk uk we are passionate about breeding staffordshire bull terriers the right way every puppy in our litter is raised in our family home never in a kennel or puppy farm we focus on temperament health an…"

DUPLICATE (42 words) between /uk-locations/blue-staffy-puppies-sunderland/ and /uk-locations/blue-staffy-puppies-york/:
  "our breeding dogs undergo full health testing for l 2 hga and hc hsf4 the two hereditary conditions specific to the staffordshire bull terrier every puppy leaves us microchipped vet checked vaccinated and with a comprehe…"

DUPLICATE (18 words) between /uk-locations/blue-staffy-puppies-sunderland/ and /uk-locations/blue-staffy-puppies-york/:
  "you are we can get your new puppy to you safely frequently asked questions blue staffy puppies in"

DUPLICATE (58 words) between /uk-locations/blue-staffy-puppies-sunderland/ and /uk-locations/blue-staffy-puppies-middlesbrough/:
  "puppy at bluestaffyuk uk we are passionate about breeding staffordshire bull terriers the right way every puppy in our litter is raised in our family home never in a kennel or puppy farm we focus on temperament health an…"

DUPLICATE (42 words) between /uk-locations/blue-staffy-puppies-sunderland/ and /uk-locations/blue-staffy-puppies-middlesbrough/:
  "our breeding dogs undergo full health testing for l 2 hga and hc hsf4 the two hereditary conditions specific to the staffordshire bull terrier every puppy leaves us microchipped vet checked vaccinated and with a comprehe…"

DUPLICATE (18 words) between /uk-locations/blue-staffy-puppies-sunderland/ and /uk-locations/blue-staffy-puppies-middlesbrough/:
  "you are we can get your new puppy to you safely frequently asked questions blue staffy puppies in"

DUPLICATE (58 words) between /uk-locations/blue-staffy-puppies-sunderland/ and /uk-locations/blue-staffy-puppies-inverness/:
  "puppy at bluestaffyuk uk we are passionate about breeding staffordshire bull terriers the right way every puppy in our litter is raised in our family home never in a kennel or puppy farm we focus on temperament health an…"

DUPLICATE (42 words) between /uk-locations/blue-staffy-puppies-sunderland/ and /uk-locations/blue-staffy-puppies-inverness/:
  "our breeding dogs undergo full health testing for l 2 hga and hc hsf4 the two hereditary conditions specific to the staffordshire bull terrier every puppy leaves us microchipped vet checked vaccinated and with a comprehe…"

DUPLICATE (18 words) between /uk-locations/blue-staffy-puppies-sunderland/ and /uk-locations/blue-staffy-puppies-inverness/:
  "you are we can get your new puppy to you safely frequently asked questions blue staffy puppies in"

DUPLICATE (12 words) between /uk-locations/staffy-puppies-for-sale-glasgow/ and /uk-locations/blue-staffies-newcastle-under-lyme/:
  "blue staffy uk your trusted uk blue staffy breeders skip to content"

DUPLICATE (58 words) between /uk-locations/blue-staffy-puppies-aberdeen/ and /uk-locations/blue-staffy-puppies-hull/:
  "puppy at bluestaffyuk uk we are passionate about breeding staffordshire bull terriers the right way every puppy in our litter is raised in our family home never in a kennel or puppy farm we focus on temperament health an…"

DUPLICATE (42 words) between /uk-locations/blue-staffy-puppies-aberdeen/ and /uk-locations/blue-staffy-puppies-hull/:
  "our breeding dogs undergo full health testing for l 2 hga and hc hsf4 the two hereditary conditions specific to the staffordshire bull terrier every puppy leaves us microchipped vet checked vaccinated and with a comprehe…"

DUPLICATE (18 words) between /uk-locations/blue-staffy-puppies-aberdeen/ and /uk-locations/blue-staffy-puppies-hull/:
  "you are we can get your new puppy to you safely frequently asked questions blue staffy puppies in"

DUPLICATE (58 words) between /uk-locations/blue-staffy-puppies-aberdeen/ and /uk-locations/blue-staffy-puppies-oxford/:
  "puppy at bluestaffyuk uk we are passionate about breeding staffordshire bull terriers the right way every puppy in our litter is raised in our family home never in a kennel or puppy farm we focus on temperament health an…"

DUPLICATE (42 words) between /uk-locations/blue-staffy-puppies-aberdeen/ and /uk-locations/blue-staffy-puppies-oxford/:
  "our breeding dogs undergo full health testing for l 2 hga and hc hsf4 the two hereditary conditions specific to the staffordshire bull terrier every puppy leaves us microchipped vet checked vaccinated and with a comprehe…"

DUPLICATE (18 words) between /uk-locations/blue-staffy-puppies-aberdeen/ and /uk-locations/blue-staffy-puppies-oxford/:
  "you are we can get your new puppy to you safely frequently asked questions blue staffy puppies in"

DUPLICATE (58 words) between /uk-locations/blue-staffy-puppies-aberdeen/ and /uk-locations/blue-staffy-puppies-edinburgh/:
  "puppy at bluestaffyuk uk we are passionate about breeding staffordshire bull terriers the right way every puppy in our litter is raised in our family home never in a kennel or puppy farm we focus on temperament health an…"

DUPLICATE (42 words) between /uk-locations/blue-staffy-puppies-aberdeen/ and /uk-locations/blue-staffy-puppies-edinburgh/:
  "our breeding dogs undergo full health testing for l 2 hga and hc hsf4 the two hereditary conditions specific to the staffordshire bull terrier every puppy leaves us microchipped vet checked vaccinated and with a comprehe…"

DUPLICATE (28 words) between /uk-locations/blue-staffy-puppies-aberdeen/ and /uk-locations/blue-staffy-puppies-edinburgh/:
  "and all surrounding areas so no matter where in scotland you are we can get your new puppy to you safely frequently asked questions blue staffy puppies in"

DUPLICATE (31 words) between /uk-locations/blue-staffy-puppies-aberdeen/ and /uk-locations/blue-staffy-puppies-edinburgh/:
  "our blue staffy puppies are priced between 850 1 200 depending on the puppy kobe is 850 kane is 1 000 beth is 1 100 and alis is 1 200 we"

DUPLICATE (58 words) between /uk-locations/blue-staffy-puppies-aberdeen/ and /uk-locations/blue-staffy-puppies-york/:
  "puppy at bluestaffyuk uk we are passionate about breeding staffordshire bull terriers the right way every puppy in our litter is raised in our family home never in a kennel or puppy farm we focus on temperament health an…"

DUPLICATE (42 words) between /uk-locations/blue-staffy-puppies-aberdeen/ and /uk-locations/blue-staffy-puppies-york/:
  "our breeding dogs undergo full health testing for l 2 hga and hc hsf4 the two hereditary conditions specific to the staffordshire bull terrier every puppy leaves us microchipped vet checked vaccinated and with a comprehe…"

DUPLICATE (18 words) between /uk-locations/blue-staffy-puppies-aberdeen/ and /uk-locations/blue-staffy-puppies-york/:
  "you are we can get your new puppy to you safely frequently asked questions blue staffy puppies in"

DUPLICATE (58 words) between /uk-locations/blue-staffy-puppies-aberdeen/ and /uk-locations/blue-staffy-puppies-middlesbrough/:
  "puppy at bluestaffyuk uk we are passionate about breeding staffordshire bull terriers the right way every puppy in our litter is raised in our family home never in a kennel or puppy farm we focus on temperament health an…"

DUPLICATE (42 words) between /uk-locations/blue-staffy-puppies-aberdeen/ and /uk-locations/blue-staffy-puppies-middlesbrough/:
  "our breeding dogs undergo full health testing for l 2 hga and hc hsf4 the two hereditary conditions specific to the staffordshire bull terrier every puppy leaves us microchipped vet checked vaccinated and with a comprehe…"

DUPLICATE (18 words) between /uk-locations/blue-staffy-puppies-aberdeen/ and /uk-locations/blue-staffy-puppies-middlesbrough/:
  "you are we can get your new puppy to you safely frequently asked questions blue staffy puppies in"

DUPLICATE (12 words) between /uk-locations/blue-staffy-puppies-aberdeen/ and /uk-locations/blue-staffy-puppies-middlesbrough/:
  "for l 2 hga and hc hsf4 puppies are vet checked microchipped"

DUPLICATE (58 words) between /uk-locations/blue-staffy-puppies-aberdeen/ and /uk-locations/blue-staffy-puppies-inverness/:
  "puppy at bluestaffyuk uk we are passionate about breeding staffordshire bull terriers the right way every puppy in our litter is raised in our family home never in a kennel or puppy farm we focus on temperament health an…"

DUPLICATE (42 words) between /uk-locations/blue-staffy-puppies-aberdeen/ and /uk-locations/blue-staffy-puppies-inverness/:
  "our breeding dogs undergo full health testing for l 2 hga and hc hsf4 the two hereditary conditions specific to the staffordshire bull terrier every puppy leaves us microchipped vet checked vaccinated and with a comprehe…"

DUPLICATE (28 words) between /uk-locations/blue-staffy-puppies-aberdeen/ and /uk-locations/blue-staffy-puppies-inverness/:
  "and all surrounding areas so no matter where in scotland you are we can get your new puppy to you safely frequently asked questions blue staffy puppies in"

DUPLICATE (98 words) between /uk-locations/staffy-breeding-dogs-glasgow/ and /uk-locations/blue-staffy-puppies-uk/:
  "buy your blue staffy pup today only 850 to 1 200 current litter 12 week old blue staffy puppies for sale uk wide looking to purchase staffordshire bull terriers in the uk our 12 week old blue staffy puppies are healthy v…"

DUPLICATE (36 words) between /uk-locations/staffy-breeding-dogs-glasgow/ and /uk-locations/blue-staffy-puppies-uk/:
  "reserve your blue staffy puppy fill in your details below and we'll be in touch within 24 hours delivery note delivery begins 24 48 hours after payment confirmation train station pickup is our default method free"

DUPLICATE (58 words) between /uk-locations/blue-staffy-puppies-hull/ and /uk-locations/blue-staffy-puppies-oxford/:
  "puppy at bluestaffyuk uk we are passionate about breeding staffordshire bull terriers the right way every puppy in our litter is raised in our family home never in a kennel or puppy farm we focus on temperament health an…"

DUPLICATE (42 words) between /uk-locations/blue-staffy-puppies-hull/ and /uk-locations/blue-staffy-puppies-oxford/:
  "our breeding dogs undergo full health testing for l 2 hga and hc hsf4 the two hereditary conditions specific to the staffordshire bull terrier every puppy leaves us microchipped vet checked vaccinated and with a comprehe…"

DUPLICATE (18 words) between /uk-locations/blue-staffy-puppies-hull/ and /uk-locations/blue-staffy-puppies-oxford/:
  "you are we can get your new puppy to you safely frequently asked questions blue staffy puppies in"

DUPLICATE (58 words) between /uk-locations/blue-staffy-puppies-hull/ and /uk-locations/blue-staffy-puppies-edinburgh/:
  "puppy at bluestaffyuk uk we are passionate about breeding staffordshire bull terriers the right way every puppy in our litter is raised in our family home never in a kennel or puppy farm we focus on temperament health an…"

DUPLICATE (42 words) between /uk-locations/blue-staffy-puppies-hull/ and /uk-locations/blue-staffy-puppies-edinburgh/:
  "our breeding dogs undergo full health testing for l 2 hga and hc hsf4 the two hereditary conditions specific to the staffordshire bull terrier every puppy leaves us microchipped vet checked vaccinated and with a comprehe…"

DUPLICATE (18 words) between /uk-locations/blue-staffy-puppies-hull/ and /uk-locations/blue-staffy-puppies-edinburgh/:
  "you are we can get your new puppy to you safely frequently asked questions blue staffy puppies in"

DUPLICATE (58 words) between /uk-locations/blue-staffy-puppies-hull/ and /uk-locations/blue-staffy-puppies-york/:
  "puppy at bluestaffyuk uk we are passionate about breeding staffordshire bull terriers the right way every puppy in our litter is raised in our family home never in a kennel or puppy farm we focus on temperament health an…"

DUPLICATE (42 words) between /uk-locations/blue-staffy-puppies-hull/ and /uk-locations/blue-staffy-puppies-york/:
  "our breeding dogs undergo full health testing for l 2 hga and hc hsf4 the two hereditary conditions specific to the staffordshire bull terrier every puppy leaves us microchipped vet checked vaccinated and with a comprehe…"

DUPLICATE (19 words) between /uk-locations/blue-staffy-puppies-hull/ and /uk-locations/blue-staffy-puppies-york/:
  "yorkshire you are we can get your new puppy to you safely frequently asked questions blue staffy puppies in"

DUPLICATE (58 words) between /uk-locations/blue-staffy-puppies-hull/ and /uk-locations/blue-staffy-puppies-middlesbrough/:
  "puppy at bluestaffyuk uk we are passionate about breeding staffordshire bull terriers the right way every puppy in our litter is raised in our family home never in a kennel or puppy farm we focus on temperament health an…"

DUPLICATE (42 words) between /uk-locations/blue-staffy-puppies-hull/ and /uk-locations/blue-staffy-puppies-middlesbrough/:
  "our breeding dogs undergo full health testing for l 2 hga and hc hsf4 the two hereditary conditions specific to the staffordshire bull terrier every puppy leaves us microchipped vet checked vaccinated and with a comprehe…"

DUPLICATE (18 words) between /uk-locations/blue-staffy-puppies-hull/ and /uk-locations/blue-staffy-puppies-middlesbrough/:
  "you are we can get your new puppy to you safely frequently asked questions blue staffy puppies in"

DUPLICATE (58 words) between /uk-locations/blue-staffy-puppies-hull/ and /uk-locations/blue-staffy-puppies-inverness/:
  "puppy at bluestaffyuk uk we are passionate about breeding staffordshire bull terriers the right way every puppy in our litter is raised in our family home never in a kennel or puppy farm we focus on temperament health an…"

DUPLICATE (42 words) between /uk-locations/blue-staffy-puppies-hull/ and /uk-locations/blue-staffy-puppies-inverness/:
  "our breeding dogs undergo full health testing for l 2 hga and hc hsf4 the two hereditary conditions specific to the staffordshire bull terrier every puppy leaves us microchipped vet checked vaccinated and with a comprehe…"

DUPLICATE (18 words) between /uk-locations/blue-staffy-puppies-hull/ and /uk-locations/blue-staffy-puppies-inverness/:
  "you are we can get your new puppy to you safely frequently asked questions blue staffy puppies in"

DUPLICATE (58 words) between /uk-locations/blue-staffy-puppies-oxford/ and /uk-locations/blue-staffy-puppies-edinburgh/:
  "puppy at bluestaffyuk uk we are passionate about breeding staffordshire bull terriers the right way every puppy in our litter is raised in our family home never in a kennel or puppy farm we focus on temperament health an…"

DUPLICATE (42 words) between /uk-locations/blue-staffy-puppies-oxford/ and /uk-locations/blue-staffy-puppies-edinburgh/:
  "our breeding dogs undergo full health testing for l 2 hga and hc hsf4 the two hereditary conditions specific to the staffordshire bull terrier every puppy leaves us microchipped vet checked vaccinated and with a comprehe…"

DUPLICATE (18 words) between /uk-locations/blue-staffy-puppies-oxford/ and /uk-locations/blue-staffy-puppies-edinburgh/:
  "you are we can get your new puppy to you safely frequently asked questions blue staffy puppies in"

DUPLICATE (58 words) between /uk-locations/blue-staffy-puppies-oxford/ and /uk-locations/blue-staffy-puppies-york/:
  "puppy at bluestaffyuk uk we are passionate about breeding staffordshire bull terriers the right way every puppy in our litter is raised in our family home never in a kennel or puppy farm we focus on temperament health an…"

DUPLICATE (42 words) between /uk-locations/blue-staffy-puppies-oxford/ and /uk-locations/blue-staffy-puppies-york/:
  "our breeding dogs undergo full health testing for l 2 hga and hc hsf4 the two hereditary conditions specific to the staffordshire bull terrier every puppy leaves us microchipped vet checked vaccinated and with a comprehe…"

DUPLICATE (18 words) between /uk-locations/blue-staffy-puppies-oxford/ and /uk-locations/blue-staffy-puppies-york/:
  "you are we can get your new puppy to you safely frequently asked questions blue staffy puppies in"

DUPLICATE (58 words) between /uk-locations/blue-staffy-puppies-oxford/ and /uk-locations/blue-staffy-puppies-middlesbrough/:
  "puppy at bluestaffyuk uk we are passionate about breeding staffordshire bull terriers the right way every puppy in our litter is raised in our family home never in a kennel or puppy farm we focus on temperament health an…"

DUPLICATE (42 words) between /uk-locations/blue-staffy-puppies-oxford/ and /uk-locations/blue-staffy-puppies-middlesbrough/:
  "our breeding dogs undergo full health testing for l 2 hga and hc hsf4 the two hereditary conditions specific to the staffordshire bull terrier every puppy leaves us microchipped vet checked vaccinated and with a comprehe…"

DUPLICATE (18 words) between /uk-locations/blue-staffy-puppies-oxford/ and /uk-locations/blue-staffy-puppies-middlesbrough/:
  "you are we can get your new puppy to you safely frequently asked questions blue staffy puppies in"

DUPLICATE (58 words) between /uk-locations/blue-staffy-puppies-oxford/ and /uk-locations/blue-staffy-puppies-inverness/:
  "puppy at bluestaffyuk uk we are passionate about breeding staffordshire bull terriers the right way every puppy in our litter is raised in our family home never in a kennel or puppy farm we focus on temperament health an…"

DUPLICATE (42 words) between /uk-locations/blue-staffy-puppies-oxford/ and /uk-locations/blue-staffy-puppies-inverness/:
  "our breeding dogs undergo full health testing for l 2 hga and hc hsf4 the two hereditary conditions specific to the staffordshire bull terrier every puppy leaves us microchipped vet checked vaccinated and with a comprehe…"

DUPLICATE (18 words) between /uk-locations/blue-staffy-puppies-oxford/ and /uk-locations/blue-staffy-puppies-inverness/:
  "you are we can get your new puppy to you safely frequently asked questions blue staffy puppies in"

DUPLICATE (58 words) between /uk-locations/blue-staffy-puppies-edinburgh/ and /uk-locations/blue-staffy-puppies-york/:
  "puppy at bluestaffyuk uk we are passionate about breeding staffordshire bull terriers the right way every puppy in our litter is raised in our family home never in a kennel or puppy farm we focus on temperament health an…"

DUPLICATE (42 words) between /uk-locations/blue-staffy-puppies-edinburgh/ and /uk-locations/blue-staffy-puppies-york/:
  "our breeding dogs undergo full health testing for l 2 hga and hc hsf4 the two hereditary conditions specific to the staffordshire bull terrier every puppy leaves us microchipped vet checked vaccinated and with a comprehe…"

DUPLICATE (18 words) between /uk-locations/blue-staffy-puppies-edinburgh/ and /uk-locations/blue-staffy-puppies-york/:
  "you are we can get your new puppy to you safely frequently asked questions blue staffy puppies in"

DUPLICATE (58 words) between /uk-locations/blue-staffy-puppies-edinburgh/ and /uk-locations/blue-staffy-puppies-middlesbrough/:
  "puppy at bluestaffyuk uk we are passionate about breeding staffordshire bull terriers the right way every puppy in our litter is raised in our family home never in a kennel or puppy farm we focus on temperament health an…"

DUPLICATE (42 words) between /uk-locations/blue-staffy-puppies-edinburgh/ and /uk-locations/blue-staffy-puppies-middlesbrough/:
  "our breeding dogs undergo full health testing for l 2 hga and hc hsf4 the two hereditary conditions specific to the staffordshire bull terrier every puppy leaves us microchipped vet checked vaccinated and with a comprehe…"

DUPLICATE (18 words) between /uk-locations/blue-staffy-puppies-edinburgh/ and /uk-locations/blue-staffy-puppies-middlesbrough/:
  "you are we can get your new puppy to you safely frequently asked questions blue staffy puppies in"

DUPLICATE (58 words) between /uk-locations/blue-staffy-puppies-edinburgh/ and /uk-locations/blue-staffy-puppies-inverness/:
  "puppy at bluestaffyuk uk we are passionate about breeding staffordshire bull terriers the right way every puppy in our litter is raised in our family home never in a kennel or puppy farm we focus on temperament health an…"

DUPLICATE (42 words) between /uk-locations/blue-staffy-puppies-edinburgh/ and /uk-locations/blue-staffy-puppies-inverness/:
  "our breeding dogs undergo full health testing for l 2 hga and hc hsf4 the two hereditary conditions specific to the staffordshire bull terrier every puppy leaves us microchipped vet checked vaccinated and with a comprehe…"

DUPLICATE (28 words) between /uk-locations/blue-staffy-puppies-edinburgh/ and /uk-locations/blue-staffy-puppies-inverness/:
  "and all surrounding areas so no matter where in scotland you are we can get your new puppy to you safely frequently asked questions blue staffy puppies in"

DUPLICATE (58 words) between /uk-locations/blue-staffy-puppies-york/ and /uk-locations/blue-staffy-puppies-middlesbrough/:
  "puppy at bluestaffyuk uk we are passionate about breeding staffordshire bull terriers the right way every puppy in our litter is raised in our family home never in a kennel or puppy farm we focus on temperament health an…"

DUPLICATE (42 words) between /uk-locations/blue-staffy-puppies-york/ and /uk-locations/blue-staffy-puppies-middlesbrough/:
  "our breeding dogs undergo full health testing for l 2 hga and hc hsf4 the two hereditary conditions specific to the staffordshire bull terrier every puppy leaves us microchipped vet checked vaccinated and with a comprehe…"

DUPLICATE (18 words) between /uk-locations/blue-staffy-puppies-york/ and /uk-locations/blue-staffy-puppies-middlesbrough/:
  "you are we can get your new puppy to you safely frequently asked questions blue staffy puppies in"

DUPLICATE (58 words) between /uk-locations/blue-staffy-puppies-york/ and /uk-locations/blue-staffy-puppies-inverness/:
  "puppy at bluestaffyuk uk we are passionate about breeding staffordshire bull terriers the right way every puppy in our litter is raised in our family home never in a kennel or puppy farm we focus on temperament health an…"

DUPLICATE (42 words) between /uk-locations/blue-staffy-puppies-york/ and /uk-locations/blue-staffy-puppies-inverness/:
  "our breeding dogs undergo full health testing for l 2 hga and hc hsf4 the two hereditary conditions specific to the staffordshire bull terrier every puppy leaves us microchipped vet checked vaccinated and with a comprehe…"

DUPLICATE (18 words) between /uk-locations/blue-staffy-puppies-york/ and /uk-locations/blue-staffy-puppies-inverness/:
  "you are we can get your new puppy to you safely frequently asked questions blue staffy puppies in"

DUPLICATE (58 words) between /uk-locations/blue-staffy-puppies-middlesbrough/ and /uk-locations/blue-staffy-puppies-inverness/:
  "puppy at bluestaffyuk uk we are passionate about breeding staffordshire bull terriers the right way every puppy in our litter is raised in our family home never in a kennel or puppy farm we focus on temperament health an…"

DUPLICATE (42 words) between /uk-locations/blue-staffy-puppies-middlesbrough/ and /uk-locations/blue-staffy-puppies-inverness/:
  "our breeding dogs undergo full health testing for l 2 hga and hc hsf4 the two hereditary conditions specific to the staffordshire bull terrier every puppy leaves us microchipped vet checked vaccinated and with a comprehe…"

DUPLICATE (18 words) between /uk-locations/blue-staffy-puppies-middlesbrough/ and /uk-locations/blue-staffy-puppies-inverness/:
  "you are we can get your new puppy to you safely frequently asked questions blue staffy puppies in"

FAIL — 131 duplicated passages ≥12 words.
### EXIT 1 : python3 scripts/dup_content_audit.py
### STEP: python3 scripts/page_hardening_scan.py
BSUK page-hardening scan — 35 source files, 58 built pages

── ERROR (310) ────────────────────────────────────────
  [header-not-title-case] available-puppies/cheryl/
      H1 is not Title Case ("with" in "Cheryl: Blue with white blaze Female Blue Staffy Puppy")
      fix: AP-style Title Case: capitalise 4+ letter words and all nouns/verbs/adjectives; lowercase only mid-title a/an/the/and/or/for/at/by/in/of/on/to/as/vs

  [header-not-title-case] available-puppies/roman/
      H1 is not Title Case ("white" in "Roman: Blue and white Male Blue Staffy Puppy")
      fix: AP-style Title Case: capitalise 4+ letter words and all nouns/verbs/adjectives; lowercase only mid-title a/an/the/and/or/for/at/by/in/of/on/to/as/vs

  [header-not-title-case] available-puppies/vennie/
      H1 is not Title Case ("white" in "Vennie: Blue and white Female Blue Staffy Puppy")
      fix: AP-style Title Case: capitalise 4+ letter words and all nouns/verbs/adjectives; lowercase only mid-title a/an/the/and/or/for/at/by/in/of/on/to/as/vs

  [header-not-title-case] board-preview/_demo/
      H1 is not Title Case ("preview" in "Board preview fixture")
      fix: AP-style Title Case: capitalise 4+ letter words and all nouns/verbs/adjectives; lowercase only mid-title a/an/the/and/or/for/at/by/in/of/on/to/as/vs

  [header-not-title-case] board-preview/_demo/
      H2 is not Title Case ("our" in "How our puppies are raised")
      fix: AP-style Title Case: capitalise 4+ letter words and all nouns/verbs/adjectives; lowercase only mid-title a/an/the/and/or/for/at/by/in/of/on/to/as/vs

  [header-not-title-case] board-preview/_demo/
      H2 is not Title Case ("our" in "How our puppies are raised")
      fix: AP-style Title Case: capitalise 4+ letter words and all nouns/verbs/adjectives; lowercase only mid-title a/an/the/and/or/for/at/by/in/of/on/to/as/vs

  [header-not-title-case] board-preview/_demo/
      H2 is not Title Case ("our" in "How our puppies are raised")
      fix: AP-style Title Case: capitalise 4+ letter words and all nouns/verbs/adjectives; lowercase only mid-title a/an/the/and/or/for/at/by/in/of/on/to/as/vs

  [header-not-title-case] board-preview/_demo/
      H2 is not Title Case ("our" in "What our owners say")
      fix: AP-style Title Case: capitalise 4+ letter words and all nouns/verbs/adjectives; lowercase only mid-title a/an/the/and/or/for/at/by/in/of/on/to/as/vs

  [header-not-title-case] board-preview/_demo/
      H2 is not Title Case ("our" in "What our owners say")
      fix: AP-style Title Case: capitalise 4+ letter words and all nouns/verbs/adjectives; lowercase only mid-title a/an/the/and/or/for/at/by/in/of/on/to/as/vs

  [header-not-title-case] board-preview/_demo/
      H2 is not Title Case ("our" in "What our owners say")
      fix: AP-style Title Case: capitalise 4+ letter words and all nouns/verbs/adjectives; lowercase only mid-title a/an/the/and/or/for/at/by/in/of/on/to/as/vs

  [header-not-title-case] board-preview/_demo/
      H2 is not Title Case ("we" in "Questions we are asked")
      fix: AP-style Title Case: capitalise 4+ letter words and all nouns/verbs/adjectives; lowercase only mid-title a/an/the/and/or/for/at/by/in/of/on/to/as/vs

  [header-not-title-case] board-preview/_demo/
      H2 is not Title Case ("we" in "Questions we are asked")
      fix: AP-style Title Case: capitalise 4+ letter words and all nouns/verbs/adjectives; lowercase only mid-title a/an/the/and/or/for/at/by/in/of/on/to/as/vs

  [header-not-title-case] board-preview/_demo/
      H2 is not Title Case ("we" in "Questions we are asked")
      fix: AP-style Title Case: capitalise 4+ letter words and all nouns/verbs/adjectives; lowercase only mid-title a/an/the/and/or/for/at/by/in/of/on/to/as/vs

  [header-not-title-case] board-preview/_demo/
      H3 is not Title Case ("first" in "The first eight weeks")
      fix: AP-style Title Case: capitalise 4+ letter words and all nouns/verbs/adjectives; lowercase only mid-title a/an/the/and/or/for/at/by/in/of/on/to/as/vs

  [header-not-title-case] board-preview/_demo/
      H3 is not Title Case ("checks" in "Health checks")
      fix: AP-style Title Case: capitalise 4+ letter words and all nouns/verbs/adjectives; lowercase only mid-title a/an/the/and/or/for/at/by/in/of/on/to/as/vs

  [header-not-title-case] board-preview/_demo/
      H3 is not Title Case ("first" in "The first eight weeks")
      fix: AP-style Title Case: capitalise 4+ letter words and all nouns/verbs/adjectives; lowercase only mid-title a/an/the/and/or/for/at/by/in/of/on/to/as/vs

  [header-not-title-case] board-preview/_demo/
      H3 is not Title Case ("checks" in "Health checks")
      fix: AP-style Title Case: capitalise 4+ letter words and all nouns/verbs/adjectives; lowercase only mid-title a/an/the/and/or/for/at/by/in/of/on/to/as/vs

  [header-not-title-case] board-preview/_demo/
      H3 is not Title Case ("first" in "The first eight weeks")
      fix: AP-style Title Case: capitalise 4+ letter words and all nouns/verbs/adjectives; lowercase only mid-title a/an/the/and/or/for/at/by/in/of/on/to/as/vs

  [header-not-title-case] board-preview/_demo/
      H3 is not Title Case ("checks" in "Health checks")
      fix: AP-style Title Case: capitalise 4+ letter words and all nouns/verbs/adjectives; lowercase only mid-title a/an/the/and/or/for/at/by/in/of/on/to/as/vs

  [header-not-title-case] board-preview/_demo/
      H3 is not Title Case ("our" in "How our puppies are raised")
      fix: AP-style Title Case: capitalise 4+ letter words and all nouns/verbs/adjectives; lowercase only mid-title a/an/the/and/or/for/at/by/in/of/on/to/as/vs

  [header-not-title-case] board-preview/
      H1 is not Title Case ("previews" in "Board previews")
      fix: AP-style Title Case: capitalise 4+ letter words and all nouns/verbs/adjectives; lowercase only mid-title a/an/the/and/or/for/at/by/in/of/on/to/as/vs

  [header-not-title-case] board-preview/index/
      H1 is not Title Case ("blue" in "Secure Your blue Staffy puppies for sale UK: Safe Delivery")
      fix: AP-style Title Case: capitalise 4+ letter words and all nouns/verbs/adjectives; lowercase only mid-title a/an/the/and/or/for/at/by/in/of/on/to/as/vs

  [header-not-title-case] board-preview/index/
      H2 is not Title Case ("from" in "Why Choose a Pure-bred Staffy Pup for Sale from BlueStaffy")
      fix: AP-style Title Case: capitalise 4+ letter words and all nouns/verbs/adjectives; lowercase only mid-title a/an/the/and/or/for/at/by/in/of/on/to/as/vs

  [header-not-title-case] board-preview/index/
      H2 is not Title Case ("from" in "Why Choose a Pure-bred Staffy Pup for Sale from BlueStaffy")
      fix: AP-style Title Case: capitalise 4+ letter words and all nouns/verbs/adjectives; lowercase only mid-title a/an/the/and/or/for/at/by/in/of/on/to/as/vs

  [header-not-title-case] board-preview/index/
      H2 is not Title Case ("from" in "Why Choose a Pure-bred Staffy Pup for Sale from BlueStaffy")
      fix: AP-style Title Case: capitalise 4+ letter words and all nouns/verbs/adjectives; lowercase only mid-title a/an/the/and/or/for/at/by/in/of/on/to/as/vs

  [header-not-title-case] board-preview/index/
      H3 is not Title Case ("from" in "Why Choose a Pure-bred Staffy Pup for Sale from BlueStaffy")
      fix: AP-style Title Case: capitalise 4+ letter words and all nouns/verbs/adjectives; lowercase only mid-title a/an/the/and/or/for/at/by/in/of/on/to/as/vs

  [header-not-title-case] board-preview/index/
      H3 is not Title Case ("adding" in "Considering adding a blue staffy to your family?")
      fix: AP-style Title Case: capitalise 4+ letter words and all nouns/verbs/adjectives; lowercase only mid-title a/an/the/and/or/for/at/by/in/of/on/to/as/vs

  [header-not-title-case] board-preview/index/
      H3 is not Title Case ("adding" in "Considering adding a blue staffy to your family?")
      fix: AP-style Title Case: capitalise 4+ letter words and all nouns/verbs/adjectives; lowercase only mid-title a/an/the/and/or/for/at/by/in/of/on/to/as/vs

  [header-not-title-case] board-preview/index/
      H3 is not Title Case ("adding" in "Considering adding a blue staffy to your family?")
      fix: AP-style Title Case: capitalise 4+ letter words and all nouns/verbs/adjectives; lowercase only mid-title a/an/the/and/or/for/at/by/in/of/on/to/as/vs

  [header-not-title-case] board-preview/privacy-policy-uk/
      H2 is not Title Case ("we" in "How we look after your information")
      fix: AP-style Title Case: capitalise 4+ letter words and all nouns/verbs/adjectives; lowercase only mid-title a/an/the/and/or/for/at/by/in/of/on/to/as/vs

  [header-not-title-case] board-preview/privacy-policy-uk/
      H2 is not Title Case ("we" in "How we look after your information")
      fix: AP-style Title Case: capitalise 4+ letter words and all nouns/verbs/adjectives; lowercase only mid-title a/an/the/and/or/for/at/by/in/of/on/to/as/vs

  [header-not-title-case] board-preview/privacy-policy-uk/
      H2 is not Title Case ("we" in "How we look after your information")
      fix: AP-style Title Case: capitalise 4+ letter words and all nouns/verbs/adjectives; lowercase only mid-title a/an/the/and/or/for/at/by/in/of/on/to/as/vs

  [header-not-title-case] board-preview/privacy-policy-uk/
      H2 is not Title Case ("information" in "What information we collect")
      fix: AP-style Title Case: capitalise 4+ letter words and all nouns/verbs/adjectives; lowercase only mid-title a/an/the/and/or/for/at/by/in/of/on/to/as/vs

  [header-not-title-case] board-preview/privacy-policy-uk/
      H2 is not Title Case ("information" in "What information we collect")
      fix: AP-style Title Case: capitalise 4+ letter words and all nouns/verbs/adjectives; lowercase only mid-title a/an/the/and/or/for/at/by/in/of/on/to/as/vs

  [header-not-title-case] board-preview/privacy-policy-uk/
      H2 is not Title Case ("information" in "What information we collect")
      fix: AP-style Title Case: capitalise 4+ letter words and all nouns/verbs/adjectives; lowercase only mid-title a/an/the/and/or/for/at/by/in/of/on/to/as/vs

  [header-not-title-case] board-preview/privacy-policy-uk/
      H2 is not Title Case ("we" in "How we use your information")
      fix: AP-style Title Case: capitalise 4+ letter words and all nouns/verbs/adjectives; lowercase only mid-title a/an/the/and/or/for/at/by/in/of/on/to/as/vs

  [header-not-title-case] board-preview/privacy-policy-uk/
      H2 is not Title Case ("we" in "How we use your information")
      fix: AP-style Title Case: capitalise 4+ letter words and all nouns/verbs/adjectives; lowercase only mid-title a/an/the/and/or/for/at/by/in/of/on/to/as/vs

  [header-not-title-case] board-preview/privacy-policy-uk/
      H2 is not Title Case ("we" in "How we use your information")
      fix: AP-style Title Case: capitalise 4+ letter words and all nouns/verbs/adjectives; lowercase only mid-title a/an/the/and/or/for/at/by/in/of/on/to/as/vs

  [header-not-title-case] board-preview/privacy-policy-uk/
      H2 is not Title Case ("we" in "When we share your information")
      fix: AP-style Title Case: capitalise 4+ letter words and all nouns/verbs/adjectives; lowercase only mid-title a/an/the/and/or/for/at/by/in/of/on/to/as/vs

  [header-not-title-case] board-preview/privacy-policy-uk/
      H2 is not Title Case ("we" in "When we share your information")
      fix: AP-style Title Case: capitalise 4+ letter words and all nouns/verbs/adjectives; lowercase only mid-title a/an/the/and/or/for/at/by/in/of/on/to/as/vs

  [header-not-title-case] board-preview/privacy-policy-uk/
      H2 is not Title Case ("we" in "When we share your information")
      fix: AP-style Title Case: capitalise 4+ letter words and all nouns/verbs/adjectives; lowercase only mid-title a/an/the/and/or/for/at/by/in/of/on/to/as/vs

  [header-not-title-case] board-preview/privacy-policy-uk/
      H2 is not Title Case ("third-party" in "The third-party services we use")
      fix: AP-style Title Case: capitalise 4+ letter words and all nouns/verbs/adjectives; lowercase only mid-title a/an/the/and/or/for/at/by/in/of/on/to/as/vs

  [header-not-title-case] board-preview/privacy-policy-uk/
      H2 is not Title Case ("third-party" in "The third-party services we use")
      fix: AP-style Title Case: capitalise 4+ letter words and all nouns/verbs/adjectives; lowercase only mid-title a/an/the/and/or/for/at/by/in/of/on/to/as/vs

  [header-not-title-case] board-preview/privacy-policy-uk/
      H2 is not Title Case ("third-party" in "The third-party services we use")
      fix: AP-style Title Case: capitalise 4+ letter words and all nouns/verbs/adjectives; lowercase only mid-title a/an/the/and/or/for/at/by/in/of/on/to/as/vs

  [header-not-title-case] board-preview/privacy-policy-uk/
      H2 is not Title Case ("your" in "How your data is kept safe")
      fix: AP-style Title Case: capitalise 4+ letter words and all nouns/verbs/adjectives; lowercase only mid-title a/an/the/and/or/for/at/by/in/of/on/to/as/vs

  [header-not-title-case] board-preview/privacy-policy-uk/
      H2 is not Title Case ("your" in "How your data is kept safe")
      fix: AP-style Title Case: capitalise 4+ letter words and all nouns/verbs/adjectives; lowercase only mid-title a/an/the/and/or/for/at/by/in/of/on/to/as/vs

  [header-not-title-case] board-preview/privacy-policy-uk/
      H2 is not Title Case ("your" in "How your data is kept safe")
      fix: AP-style Title Case: capitalise 4+ letter words and all nouns/verbs/adjectives; lowercase only mid-title a/an/the/and/or/for/at/by/in/of/on/to/as/vs

  [header-not-title-case] board-preview/privacy-policy-uk/
      H2 is not Title Case ("rights" in "Your rights over your data")
      fix: AP-style Title Case: capitalise 4+ letter words and all nouns/verbs/adjectives; lowercase only mid-title a/an/the/and/or/for/at/by/in/of/on/to/as/vs

  [header-not-title-case] board-preview/privacy-policy-uk/
      H2 is not Title Case ("rights" in "Your rights over your data")
      fix: AP-style Title Case: capitalise 4+ letter words and all nouns/verbs/adjectives; lowercase only mid-title a/an/the/and/or/for/at/by/in/of/on/to/as/vs

  [header-not-title-case] board-preview/privacy-policy-uk/
      H2 is not Title Case ("rights" in "Your rights over your data")
      fix: AP-style Title Case: capitalise 4+ letter words and all nouns/verbs/adjectives; lowercase only mid-title a/an/the/and/or/for/at/by/in/of/on/to/as/vs

  [header-not-title-case] board-preview/privacy-policy-uk/
      H2 is not Title Case ("changes" in "Cookies, and changes to this policy")
      fix: AP-style Title Case: capitalise 4+ letter words and all nouns/verbs/adjectives; lowercase only mid-title a/an/the/and/or/for/at/by/in/of/on/to/as/vs

  [header-not-title-case] board-preview/privacy-policy-uk/
      H2 is not Title Case ("changes" in "Cookies, and changes to this policy")
      fix: AP-style Title Case: capitalise 4+ letter words and all nouns/verbs/adjectives; lowercase only mid-title a/an/the/and/or/for/at/by/in/of/on/to/as/vs

  [header-not-title-case] board-preview/privacy-policy-uk/
      H2 is not Title Case ("changes" in "Cookies, and changes to this policy")
      fix: AP-style Title Case: capitalise 4+ letter words and all nouns/verbs/adjectives; lowercase only mid-title a/an/the/and/or/for/at/by/in/of/on/to/as/vs

  [header-not-title-case] board-preview/privacy-policy-uk/
      H2 is not Title Case ("us" in "Asking us about your privacy")
      fix: AP-style Title Case: capitalise 4+ letter words and all nouns/verbs/adjectives; lowercase only mid-title a/an/the/and/or/for/at/by/in/of/on/to/as/vs

  [header-not-title-case] board-preview/privacy-policy-uk/
      H2 is not Title Case ("us" in "Asking us about your privacy")
      fix: AP-style Title Case: capitalise 4+ letter words and all nouns/verbs/adjectives; lowercase only mid-title a/an/the/and/or/for/at/by/in/of/on/to/as/vs

  [header-not-title-case] board-preview/privacy-policy-uk/
      H2 is not Title Case ("us" in "Asking us about your privacy")
      fix: AP-style Title Case: capitalise 4+ letter words and all nouns/verbs/adjectives; lowercase only mid-title a/an/the/and/or/for/at/by/in/of/on/to/as/vs

  [header-not-title-case] board-preview/privacy-policy-uk/
      H2 is not Title Case ("we" in "Questions we are asked about privacy")
      fix: AP-style Title Case: capitalise 4+ letter words and all nouns/verbs/adjectives; lowercase only mid-title a/an/the/and/or/for/at/by/in/of/on/to/as/vs

  [header-not-title-case] board-preview/privacy-policy-uk/
      H2 is not Title Case ("we" in "Questions we are asked about privacy")
      fix: AP-style Title Case: capitalise 4+ letter words and all nouns/verbs/adjectives; lowercase only mid-title a/an/the/and/or/for/at/by/in/of/on/to/as/vs

  [header-not-title-case] board-preview/privacy-policy-uk/
      H2 is not Title Case ("we" in "Questions we are asked about privacy")
      fix: AP-style Title Case: capitalise 4+ letter words and all nouns/verbs/adjectives; lowercase only mid-title a/an/the/and/or/for/at/by/in/of/on/to/as/vs

  [header-not-title-case] board-preview/privacy-policy-uk/
      H3 is not Title Case ("you" in "What you give us when you enquire")
      fix: AP-style Title Case: capitalise 4+ letter words and all nouns/verbs/adjectives; lowercase only mid-title a/an/the/and/or/for/at/by/in/of/on/to/as/vs

  [header-not-title-case] board-preview/privacy-policy-uk/
      H3 is not Title Case ("website" in "What the website records automatically")
      fix: AP-style Title Case: capitalise 4+ letter words and all nouns/verbs/adjectives; lowercase only mid-title a/an/the/and/or/for/at/by/in/of/on/to/as/vs

  [header-not-title-case] board-preview/privacy-policy-uk/
      H3 is not Title Case ("you" in "What you give us when you enquire")
      fix: AP-style Title Case: capitalise 4+ letter words and all nouns/verbs/adjectives; lowercase only mid-title a/an/the/and/or/for/at/by/in/of/on/to/as/vs

  [header-not-title-case] board-preview/privacy-policy-uk/
      H3 is not Title Case ("website" in "What the website records automatically")
      fix: AP-style Title Case: capitalise 4+ letter words and all nouns/verbs/adjectives; lowercase only mid-title a/an/the/and/or/for/at/by/in/of/on/to/as/vs

  [header-not-title-case] board-preview/privacy-policy-uk/
      H3 is not Title Case ("you" in "What you give us when you enquire")
      fix: AP-style Title Case: capitalise 4+ letter words and all nouns/verbs/adjectives; lowercase only mid-title a/an/the/and/or/for/at/by/in/of/on/to/as/vs

  [header-not-title-case] board-preview/privacy-policy-uk/
      H3 is not Title Case ("website" in "What the website records automatically")
      fix: AP-style Title Case: capitalise 4+ letter words and all nouns/verbs/adjectives; lowercase only mid-title a/an/the/and/or/for/at/by/in/of/on/to/as/vs

  [header-not-title-case] board-preview/privacy-policy-uk/
      H3 is not Title Case ("information" in "What information we collect")
      fix: AP-style Title Case: capitalise 4+ letter words and all nouns/verbs/adjectives; lowercase only mid-title a/an/the/and/or/for/at/by/in/of/on/to/as/vs

  [header-not-title-case] board-preview/privacy-policy-uk/
      H3 is not Title Case ("your" in "Answering your enquiry")
      fix: AP-style Title Case: capitalise 4+ letter words and all nouns/verbs/adjectives; lowercase only mid-title a/an/the/and/or/for/at/by/in/of/on/to/as/vs

  [header-not-title-case] board-preview/privacy-policy-uk/
      H3 is not Title Case ("you" in "Telling you about our dogs and services")
      fix: AP-style Title Case: capitalise 4+ letter words and all nouns/verbs/adjectives; lowercase only mid-title a/an/the/and/or/for/at/by/in/of/on/to/as/vs

  [header-not-title-case] board-preview/privacy-policy-uk/
      H3 is not Title Case ("website" in "Improving the website")
      fix: AP-style Title Case: capitalise 4+ letter words and all nouns/verbs/adjectives; lowercase only mid-title a/an/the/and/or/for/at/by/in/of/on/to/as/vs

  [header-not-title-case] board-preview/privacy-policy-uk/
      H3 is not Title Case ("keeping" in "Record keeping and administration")
      fix: AP-style Title Case: capitalise 4+ letter words and all nouns/verbs/adjectives; lowercase only mid-title a/an/the/and/or/for/at/by/in/of/on/to/as/vs

  [header-not-title-case] board-preview/privacy-policy-uk/
      H3 is not Title Case ("legal" in "Meeting legal obligations")
      fix: AP-style Title Case: capitalise 4+ letter words and all nouns/verbs/adjectives; lowercase only mid-title a/an/the/and/or/for/at/by/in/of/on/to/as/vs

  [header-not-title-case] board-preview/privacy-policy-uk/
      H3 is not Title Case ("your" in "Answering your enquiry")
      fix: AP-style Title Case: capitalise 4+ letter words and all nouns/verbs/adjectives; lowercase only mid-title a/an/the/and/or/for/at/by/in/of/on/to/as/vs

  [header-not-title-case] board-preview/privacy-policy-uk/
      H3 is not Title Case ("you" in "Telling you about our dogs and services")
      fix: AP-style Title Case: capitalise 4+ letter words and all nouns/verbs/adjectives; lowercase only mid-title a/an/the/and/or/for/at/by/in/of/on/to/as/vs

  [header-not-title-case] board-preview/privacy-policy-uk/
      H3 is not Title Case ("website" in "Improving the website")
      fix: AP-style Title Case: capitalise 4+ letter words and all nouns/verbs/adjectives; lowercase only mid-title a/an/the/and/or/for/at/by/in/of/on/to/as/vs

  [header-not-title-case] board-preview/privacy-policy-uk/
      H3 is not Title Case ("keeping" in "Record keeping and administration")
      fix: AP-style Title Case: capitalise 4+ letter words and all nouns/verbs/adjectives; lowercase only mid-title a/an/the/and/or/for/at/by/in/of/on/to/as/vs

  [header-not-title-case] board-preview/privacy-policy-uk/
      H3 is not Title Case ("legal" in "Meeting legal obligations")
      fix: AP-style Title Case: capitalise 4+ letter words and all nouns/verbs/adjectives; lowercase only mid-title a/an/the/and/or/for/at/by/in/of/on/to/as/vs

  [header-not-title-case] board-preview/privacy-policy-uk/
      H3 is not Title Case ("your" in "Answering your enquiry")
      fix: AP-style Title Case: capitalise 4+ letter words and all nouns/verbs/adjectives; lowercase only mid-title a/an/the/and/or/for/at/by/in/of/on/to/as/vs

  [header-not-title-case] board-preview/privacy-policy-uk/
      H3 is not Title Case ("you" in "Telling you about our dogs and services")
      fix: AP-style Title Case: capitalise 4+ letter words and all nouns/verbs/adjectives; lowercase only mid-title a/an/the/and/or/for/at/by/in/of/on/to/as/vs

  [header-not-title-case] board-preview/privacy-policy-uk/
      H3 is not Title Case ("website" in "Improving the website")
      fix: AP-style Title Case: capitalise 4+ letter words and all nouns/verbs/adjectives; lowercase only mid-title a/an/the/and/or/for/at/by/in/of/on/to/as/vs

  [header-not-title-case] board-preview/privacy-policy-uk/
      H3 is not Title Case ("keeping" in "Record keeping and administration")
      fix: AP-style Title Case: capitalise 4+ letter words and all nouns/verbs/adjectives; lowercase only mid-title a/an/the/and/or/for/at/by/in/of/on/to/as/vs

  [header-not-title-case] board-preview/privacy-policy-uk/
      H3 is not Title Case ("legal" in "Meeting legal obligations")
      fix: AP-style Title Case: capitalise 4+ letter words and all nouns/verbs/adjectives; lowercase only mid-title a/an/the/and/or/for/at/by/in/of/on/to/as/vs

  [header-not-title-case] board-preview/privacy-policy-uk/
      H3 is not Title Case ("we" in "How we use your information")
      fix: AP-style Title Case: capitalise 4+ letter words and all nouns/verbs/adjectives; lowercase only mid-title a/an/the/and/or/for/at/by/in/of/on/to/as/vs

  [header-not-title-case] board-preview/privacy-policy-uk/
      H3 is not Title Case ("providers" in "Service providers who help us run the site")
      fix: AP-style Title Case: capitalise 4+ letter words and all nouns/verbs/adjectives; lowercase only mid-title a/an/the/and/or/for/at/by/in/of/on/to/as/vs

  [header-not-title-case] board-preview/privacy-policy-uk/
      H3 is not Title Case ("pet" in "DEFRA-approved pet transport")
      fix: AP-style Title Case: capitalise 4+ letter words and all nouns/verbs/adjectives; lowercase only mid-title a/an/the/and/or/for/at/by/in/of/on/to/as/vs

  [header-not-title-case] board-preview/privacy-policy-uk/
      H3 is not Title Case ("law" in "When the law requires it")
      fix: AP-style Title Case: capitalise 4+ letter words and all nouns/verbs/adjectives; lowercase only mid-title a/an/the/and/or/for/at/by/in/of/on/to/as/vs

  [header-not-title-case] board-preview/privacy-policy-uk/
      H3 is not Title Case ("providers" in "Service providers who help us run the site")
      fix: AP-style Title Case: capitalise 4+ letter words and all nouns/verbs/adjectives; lowercase only mid-title a/an/the/and/or/for/at/by/in/of/on/to/as/vs

  [header-not-title-case] board-preview/privacy-policy-uk/
      H3 is not Title Case ("pet" in "DEFRA-approved pet transport")
      fix: AP-style Title Case: capitalise 4+ letter words and all nouns/verbs/adjectives; lowercase only mid-title a/an/the/and/or/for/at/by/in/of/on/to/as/vs

  [header-not-title-case] board-preview/privacy-policy-uk/
      H3 is not Title Case ("law" in "When the law requires it")
      fix: AP-style Title Case: capitalise 4+ letter words and all nouns/verbs/adjectives; lowercase only mid-title a/an/the/and/or/for/at/by/in/of/on/to/as/vs

  [header-not-title-case] board-preview/privacy-policy-uk/
      H3 is not Title Case ("providers" in "Service providers who help us run the site")
      fix: AP-style Title Case: capitalise 4+ letter words and all nouns/verbs/adjectives; lowercase only mid-title a/an/the/and/or/for/at/by/in/of/on/to/as/vs

  [header-not-title-case] board-preview/privacy-policy-uk/
      H3 is not Title Case ("pet" in "DEFRA-approved pet transport")
      fix: AP-style Title Case: capitalise 4+ letter words and all nouns/verbs/adjectives; lowercase only mid-title a/an/the/and/or/for/at/by/in/of/on/to/as/vs

  [header-not-title-case] board-preview/privacy-policy-uk/
      H3 is not Title Case ("law" in "When the law requires it")
      fix: AP-style Title Case: capitalise 4+ letter words and all nouns/verbs/adjectives; lowercase only mid-title a/an/the/and/or/for/at/by/in/of/on/to/as/vs

  [header-not-title-case] board-preview/privacy-policy-uk/
      H3 is not Title Case ("we" in "When we share your information")
      fix: AP-style Title Case: capitalise 4+ letter words and all nouns/verbs/adjectives; lowercase only mid-title a/an/the/and/or/for/at/by/in/of/on/to/as/vs

  [header-not-title-case] board-preview/privacy-policy-uk/
      H3 is not Title Case ("third-party" in "The third-party services we use")
      fix: AP-style Title Case: capitalise 4+ letter words and all nouns/verbs/adjectives; lowercase only mid-title a/an/the/and/or/for/at/by/in/of/on/to/as/vs

  [header-not-title-case] board-preview/privacy-policy-uk/
      H3 is not Title Case ("your" in "How your data is kept safe")
      fix: AP-style Title Case: capitalise 4+ letter words and all nouns/verbs/adjectives; lowercase only mid-title a/an/the/and/or/for/at/by/in/of/on/to/as/vs

  [header-not-title-case] board-preview/privacy-policy-uk/
      H3 is not Title Case ("access" in "Right to access")
      fix: AP-style Title Case: capitalise 4+ letter words and all nouns/verbs/adjectives; lowercase only mid-title a/an/the/and/or/for/at/by/in/of/on/to/as/vs

  [header-not-title-case] board-preview/privacy-policy-uk/
      H3 is not Title Case ("erasure" in "Right to erasure")
      fix: AP-style Title Case: capitalise 4+ letter words and all nouns/verbs/adjectives; lowercase only mid-title a/an/the/and/or/for/at/by/in/of/on/to/as/vs

  [header-not-title-case] board-preview/privacy-policy-uk/
      H3 is not Title Case ("data" in "Right to data portability")
      fix: AP-style Title Case: capitalise 4+ letter words and all nouns/verbs/adjectives; lowercase only mid-title a/an/the/and/or/for/at/by/in/of/on/to/as/vs

  [header-not-title-case] board-preview/privacy-policy-uk/
      H3 is not Title Case ("rectification" in "Right to rectification")
      fix: AP-style Title Case: capitalise 4+ letter words and all nouns/verbs/adjectives; lowercase only mid-title a/an/the/and/or/for/at/by/in/of/on/to/as/vs

  [header-not-title-case] board-preview/privacy-policy-uk/
      H3 is not Title Case ("restrict" in "Right to restrict processing")
      fix: AP-style Title Case: capitalise 4+ letter words and all nouns/verbs/adjectives; lowercase only mid-title a/an/the/and/or/for/at/by/in/of/on/to/as/vs

  [header-not-title-case] board-preview/privacy-policy-uk/
      H3 is not Title Case ("object" in "Right to object")
      fix: AP-style Title Case: capitalise 4+ letter words and all nouns/verbs/adjectives; lowercase only mid-title a/an/the/and/or/for/at/by/in/of/on/to/as/vs

  [header-not-title-case] board-preview/privacy-policy-uk/
      H3 is not Title Case ("withdraw" in "Right to withdraw consent")
      fix: AP-style Title Case: capitalise 4+ letter words and all nouns/verbs/adjectives; lowercase only mid-title a/an/the/and/or/for/at/by/in/of/on/to/as/vs

  [header-not-title-case] board-preview/privacy-policy-uk/
      H3 is not Title Case ("access" in "Right to access")
      fix: AP-style Title Case: capitalise 4+ letter words and all nouns/verbs/adjectives; lowercase only mid-title a/an/the/and/or/for/at/by/in/of/on/to/as/vs

  [header-not-title-case] board-preview/privacy-policy-uk/
      H3 is not Title Case ("erasure" in "Right to erasure")
      fix: AP-style Title Case: capitalise 4+ letter words and all nouns/verbs/adjectives; lowercase only mid-title a/an/the/and/or/for/at/by/in/of/on/to/as/vs

  [header-not-title-case] board-preview/privacy-policy-uk/
      H3 is not Title Case ("data" in "Right to data portability")
      fix: AP-style Title Case: capitalise 4+ letter words and all nouns/verbs/adjectives; lowercase only mid-title a/an/the/and/or/for/at/by/in/of/on/to/as/vs

  [header-not-title-case] board-preview/privacy-policy-uk/
      H3 is not Title Case ("rectification" in "Right to rectification")
      fix: AP-style Title Case: capitalise 4+ letter words and all nouns/verbs/adjectives; lowercase only mid-title a/an/the/and/or/for/at/by/in/of/on/to/as/vs

  [header-not-title-case] board-preview/privacy-policy-uk/
      H3 is not Title Case ("restrict" in "Right to restrict processing")
      fix: AP-style Title Case: capitalise 4+ letter words and all nouns/verbs/adjectives; lowercase only mid-title a/an/the/and/or/for/at/by/in/of/on/to/as/vs

  [header-not-title-case] board-preview/privacy-policy-uk/
      H3 is not Title Case ("object" in "Right to object")
      fix: AP-style Title Case: capitalise 4+ letter words and all nouns/verbs/adjectives; lowercase only mid-title a/an/the/and/or/for/at/by/in/of/on/to/as/vs

  [header-not-title-case] board-preview/privacy-policy-uk/
      H3 is not Title Case ("withdraw" in "Right to withdraw consent")
      fix: AP-style Title Case: capitalise 4+ letter words and all nouns/verbs/adjectives; lowercase only mid-title a/an/the/and/or/for/at/by/in/of/on/to/as/vs

  [header-not-title-case] board-preview/privacy-policy-uk/
      H3 is not Title Case ("access" in "Right to access")
      fix: AP-style Title Case: capitalise 4+ letter words and all nouns/verbs/adjectives; lowercase only mid-title a/an/the/and/or/for/at/by/in/of/on/to/as/vs

  [header-not-title-case] board-preview/privacy-policy-uk/
      H3 is not Title Case ("erasure" in "Right to erasure")
      fix: AP-style Title Case: capitalise 4+ letter words and all nouns/verbs/adjectives; lowercase only mid-title a/an/the/and/or/for/at/by/in/of/on/to/as/vs

  [header-not-title-case] board-preview/privacy-policy-uk/
      H3 is not Title Case ("data" in "Right to data portability")
      fix: AP-style Title Case: capitalise 4+ letter words and all nouns/verbs/adjectives; lowercase only mid-title a/an/the/and/or/for/at/by/in/of/on/to/as/vs

  [header-not-title-case] board-preview/privacy-policy-uk/
      H3 is not Title Case ("rectification" in "Right to rectification")
      fix: AP-style Title Case: capitalise 4+ letter words and all nouns/verbs/adjectives; lowercase only mid-title a/an/the/and/or/for/at/by/in/of/on/to/as/vs

  [header-not-title-case] board-preview/privacy-policy-uk/
      H3 is not Title Case ("restrict" in "Right to restrict processing")
      fix: AP-style Title Case: capitalise 4+ letter words and all nouns/verbs/adjectives; lowercase only mid-title a/an/the/and/or/for/at/by/in/of/on/to/as/vs

  [header-not-title-case] board-preview/privacy-policy-uk/
      H3 is not Title Case ("object" in "Right to object")
      fix: AP-style Title Case: capitalise 4+ letter words and all nouns/verbs/adjectives; lowercase only mid-title a/an/the/and/or/for/at/by/in/of/on/to/as/vs

  [header-not-title-case] board-preview/privacy-policy-uk/
      H3 is not Title Case ("withdraw" in "Right to withdraw consent")
      fix: AP-style Title Case: capitalise 4+ letter words and all nouns/verbs/adjectives; lowercase only mid-title a/an/the/and/or/for/at/by/in/of/on/to/as/vs

  [header-not-title-case] board-preview/privacy-policy-uk/
      H3 is not Title Case ("rights" in "Your rights over your data")
      fix: AP-style Title Case: capitalise 4+ letter words and all nouns/verbs/adjectives; lowercase only mid-title a/an/the/and/or/for/at/by/in/of/on/to/as/vs

  [header-not-title-case] board-preview/privacy-policy-uk/
      H3 is not Title Case ("cookies" in "Essential cookies")
      fix: AP-style Title Case: capitalise 4+ letter words and all nouns/verbs/adjectives; lowercase only mid-title a/an/the/and/or/for/at/by/in/of/on/to/as/vs

  [header-not-title-case] board-preview/privacy-policy-uk/
      H3 is not Title Case ("cookies" in "Analytics cookies")
      fix: AP-style Title Case: capitalise 4+ letter words and all nouns/verbs/adjectives; lowercase only mid-title a/an/the/and/or/for/at/by/in/of/on/to/as/vs

  [header-not-title-case] board-preview/privacy-policy-uk/
      H3 is not Title Case ("this" in "Changes to this policy")
      fix: AP-style Title Case: capitalise 4+ letter words and all nouns/verbs/adjectives; lowercase only mid-title a/an/the/and/or/for/at/by/in/of/on/to/as/vs

  [header-not-title-case] board-preview/privacy-policy-uk/
      H3 is not Title Case ("cookies" in "Essential cookies")
      fix: AP-style Title Case: capitalise 4+ letter words and all nouns/verbs/adjectives; lowercase only mid-title a/an/the/and/or/for/at/by/in/of/on/to/as/vs

  [header-not-title-case] board-preview/privacy-policy-uk/
      H3 is not Title Case ("cookies" in "Analytics cookies")
      fix: AP-style Title Case: capitalise 4+ letter words and all nouns/verbs/adjectives; lowercase only mid-title a/an/the/and/or/for/at/by/in/of/on/to/as/vs

  [header-not-title-case] board-preview/privacy-policy-uk/
      H3 is not Title Case ("this" in "Changes to this policy")
      fix: AP-style Title Case: capitalise 4+ letter words and all nouns/verbs/adjectives; lowercase only mid-title a/an/the/and/or/for/at/by/in/of/on/to/as/vs

  [header-not-title-case] board-preview/privacy-policy-uk/
      H3 is not Title Case ("cookies" in "Essential cookies")
      fix: AP-style Title Case: capitalise 4+ letter words and all nouns/verbs/adjectives; lowercase only mid-title a/an/the/and/or/for/at/by/in/of/on/to/as/vs

  [header-not-title-case] board-preview/privacy-policy-uk/
      H3 is not Title Case ("cookies" in "Analytics cookies")
      fix: AP-style Title Case: capitalise 4+ letter words and all nouns/verbs/adjectives; lowercase only mid-title a/an/the/and/or/for/at/by/in/of/on/to/as/vs

  [header-not-title-case] board-preview/privacy-policy-uk/
      H3 is not Title Case ("this" in "Changes to this policy")
      fix: AP-style Title Case: capitalise 4+ letter words and all nouns/verbs/adjectives; lowercase only mid-title a/an/the/and/or/for/at/by/in/of/on/to/as/vs

  [header-not-title-case] board-preview/privacy-policy-uk/
      H3 is not Title Case ("changes" in "Cookies, and changes to this policy")
      fix: AP-style Title Case: capitalise 4+ letter words and all nouns/verbs/adjectives; lowercase only mid-title a/an/the/and/or/for/at/by/in/of/on/to/as/vs

  [header-not-title-case] board-preview/privacy-policy-uk/
      H3 is not Title Case ("us" in "Asking us about your privacy")
      fix: AP-style Title Case: capitalise 4+ letter words and all nouns/verbs/adjectives; lowercase only mid-title a/an/the/and/or/for/at/by/in/of/on/to/as/vs

  [header-not-title-case] board-preview/thank-you-blue-staffy-puppies-journey/
      H1 is not Title Case ("you" in "Thank you — we have your enquiry")
      fix: AP-style Title Case: capitalise 4+ letter words and all nouns/verbs/adjectives; lowercase only mid-title a/an/the/and/or/for/at/by/in/of/on/to/as/vs

  [header-not-title-case] board-preview/thank-you-blue-staffy-puppies-journey/
      H2 is not Title Case ("you" in "Thank you — we have your enquiry")
      fix: AP-style Title Case: capitalise 4+ letter words and all nouns/verbs/adjectives; lowercase only mid-title a/an/the/and/or/for/at/by/in/of/on/to/as/vs

  [header-not-title-case] board-preview/thank-you-blue-staffy-puppies-journey/
      H2 is not Title Case ("you" in "Thank you — we have your enquiry")
      fix: AP-style Title Case: capitalise 4+ letter words and all nouns/verbs/adjectives; lowercase only mid-title a/an/the/and/or/for/at/by/in/of/on/to/as/vs

  [header-not-title-case] board-preview/thank-you-blue-staffy-puppies-journey/
      H2 is not Title Case ("you" in "Thank you — we have your enquiry")
      fix: AP-style Title Case: capitalise 4+ letter words and all nouns/verbs/adjectives; lowercase only mid-title a/an/the/and/or/for/at/by/in/of/on/to/as/vs

  [header-not-title-case] board-preview/thank-you-blue-staffy-puppies-journey/
      H2 is not Title Case ("happens" in "What happens next")
      fix: AP-style Title Case: capitalise 4+ letter words and all nouns/verbs/adjectives; lowercase only mid-title a/an/the/and/or/for/at/by/in/of/on/to/as/vs

  [header-not-title-case] board-preview/thank-you-blue-staffy-puppies-journey/
      H2 is not Title Case ("happens" in "What happens next")
      fix: AP-style Title Case: capitalise 4+ letter words and all nouns/verbs/adjectives; lowercase only mid-title a/an/the/and/or/for/at/by/in/of/on/to/as/vs

  [header-not-title-case] board-preview/thank-you-blue-staffy-puppies-journey/
      H2 is not Title Case ("happens" in "What happens next")
      fix: AP-style Title Case: capitalise 4+ letter words and all nouns/verbs/adjectives; lowercase only mid-title a/an/the/and/or/for/at/by/in/of/on/to/as/vs

  [header-not-title-case] board-preview/thank-you-blue-staffy-puppies-journey/
      H2 is not Title Case ("you" in "While you wait")
      fix: AP-style Title Case: capitalise 4+ letter words and all nouns/verbs/adjectives; lowercase only mid-title a/an/the/and/or/for/at/by/in/of/on/to/as/vs

  [header-not-title-case] board-preview/thank-you-blue-staffy-puppies-journey/
      H2 is not Title Case ("you" in "While you wait")
      fix: AP-style Title Case: capitalise 4+ letter words and all nouns/verbs/adjectives; lowercase only mid-title a/an/the/and/or/for/at/by/in/of/on/to/as/vs

  [header-not-title-case] board-preview/thank-you-blue-staffy-puppies-journey/
      H2 is not Title Case ("you" in "While you wait")
      fix: AP-style Title Case: capitalise 4+ letter words and all nouns/verbs/adjectives; lowercase only mid-title a/an/the/and/or/for/at/by/in/of/on/to/as/vs

  [header-not-title-case] board-preview/thank-you-blue-staffy-puppies-journey/
      H2 is not Title Case ("family" in "From a family who waited too")
      fix: AP-style Title Case: capitalise 4+ letter words and all nouns/verbs/adjectives; lowercase only mid-title a/an/the/and/or/for/at/by/in/of/on/to/as/vs

  [header-not-title-case] board-preview/thank-you-blue-staffy-puppies-journey/
      H2 is not Title Case ("family" in "From a family who waited too")
      fix: AP-style Title Case: capitalise 4+ letter words and all nouns/verbs/adjectives; lowercase only mid-title a/an/the/and/or/for/at/by/in/of/on/to/as/vs

  [header-not-title-case] board-preview/thank-you-blue-staffy-puppies-journey/
      H2 is not Title Case ("family" in "From a family who waited too")
      fix: AP-style Title Case: capitalise 4+ letter words and all nouns/verbs/adjectives; lowercase only mid-title a/an/the/and/or/for/at/by/in/of/on/to/as/vs

  [header-not-title-case] board-preview/thank-you-blue-staffy-puppies-journey/
      H2 is not Title Case ("puppies" in "The puppies looking for a home")
      fix: AP-style Title Case: capitalise 4+ letter words and all nouns/verbs/adjectives; lowercase only mid-title a/an/the/and/or/for/at/by/in/of/on/to/as/vs

  [header-not-title-case] board-preview/thank-you-blue-staffy-puppies-journey/
      H2 is not Title Case ("puppies" in "The puppies looking for a home")
      fix: AP-style Title Case: capitalise 4+ letter words and all nouns/verbs/adjectives; lowercase only mid-title a/an/the/and/or/for/at/by/in/of/on/to/as/vs

  [header-not-title-case] board-preview/thank-you-blue-staffy-puppies-journey/
      H2 is not Title Case ("puppies" in "The puppies looking for a home")
      fix: AP-style Title Case: capitalise 4+ letter words and all nouns/verbs/adjectives; lowercase only mid-title a/an/the/and/or/for/at/by/in/of/on/to/as/vs

  [header-not-title-case] board-preview/thank-you-blue-staffy-puppies-journey/
      H2 is not Title Case ("you" in "If you need us sooner")
      fix: AP-style Title Case: capitalise 4+ letter words and all nouns/verbs/adjectives; lowercase only mid-title a/an/the/and/or/for/at/by/in/of/on/to/as/vs

  [header-not-title-case] board-preview/thank-you-blue-staffy-puppies-journey/
      H2 is not Title Case ("you" in "If you need us sooner")
      fix: AP-style Title Case: capitalise 4+ letter words and all nouns/verbs/adjectives; lowercase only mid-title a/an/the/and/or/for/at/by/in/of/on/to/as/vs

  [header-not-title-case] board-preview/thank-you-blue-staffy-puppies-journey/
      H2 is not Title Case ("you" in "If you need us sooner")
      fix: AP-style Title Case: capitalise 4+ letter words and all nouns/verbs/adjectives; lowercase only mid-title a/an/the/and/or/for/at/by/in/of/on/to/as/vs

  [header-not-title-case] board-preview/thank-you-blue-staffy-puppies-journey/
      H2 is not Title Case ("people" in "Questions people ask after writing to us")
      fix: AP-style Title Case: capitalise 4+ letter words and all nouns/verbs/adjectives; lowercase only mid-title a/an/the/and/or/for/at/by/in/of/on/to/as/vs

  [header-not-title-case] board-preview/thank-you-blue-staffy-puppies-journey/
      H2 is not Title Case ("people" in "Questions people ask after writing to us")
      fix: AP-style Title Case: capitalise 4+ letter words and all nouns/verbs/adjectives; lowercase only mid-title a/an/the/and/or/for/at/by/in/of/on/to/as/vs

  [header-not-title-case] board-preview/thank-you-blue-staffy-puppies-journey/
      H2 is not Title Case ("people" in "Questions people ask after writing to us")
      fix: AP-style Title Case: capitalise 4+ letter words and all nouns/verbs/adjectives; lowercase only mid-title a/an/the/and/or/for/at/by/in/of/on/to/as/vs

  [header-not-title-case] board-preview/thank-you-blue-staffy-puppies-journey/
      H3 is not Title Case ("read" in "We read and answer your message")
      fix: AP-style Title Case: capitalise 4+ letter words and all nouns/verbs/adjectives; lowercase only mid-title a/an/the/and/or/for/at/by/in/of/on/to/as/vs

  [header-not-title-case] board-preview/thank-you-blue-staffy-puppies-journey/
      H3 is not Title Case ("talk" in "We talk about your home")
      fix: AP-style Title Case: capitalise 4+ letter words and all nouns/verbs/adjectives; lowercase only mid-title a/an/the/and/or/for/at/by/in/of/on/to/as/vs

  [header-not-title-case] board-preview/thank-you-blue-staffy-puppies-journey/
      H3 is not Title Case ("deposit" in "A deposit reserves your puppy")
      fix: AP-style Title Case: capitalise 4+ letter words and all nouns/verbs/adjectives; lowercase only mid-title a/an/the/and/or/for/at/by/in/of/on/to/as/vs

  [header-not-title-case] board-preview/thank-you-blue-staffy-puppies-journey/
      H3 is not Title Case ("puppy" in "Your puppy comes home")
      fix: AP-style Title Case: capitalise 4+ letter words and all nouns/verbs/adjectives; lowercase only mid-title a/an/the/and/or/for/at/by/in/of/on/to/as/vs

  [header-not-title-case] board-preview/thank-you-blue-staffy-puppies-journey/
      H3 is not Title Case ("read" in "We read and answer your message")
      fix: AP-style Title Case: capitalise 4+ letter words and all nouns/verbs/adjectives; lowercase only mid-title a/an/the/and/or/for/at/by/in/of/on/to/as/vs

  [header-not-title-case] board-preview/thank-you-blue-staffy-puppies-journey/
      H3 is not Title Case ("talk" in "We talk about your home")
      fix: AP-style Title Case: capitalise 4+ letter words and all nouns/verbs/adjectives; lowercase only mid-title a/an/the/and/or/for/at/by/in/of/on/to/as/vs

  [header-not-title-case] board-preview/thank-you-blue-staffy-puppies-journey/
      H3 is not Title Case ("deposit" in "A deposit reserves your puppy")
      fix: AP-style Title Case: capitalise 4+ letter words and all nouns/verbs/adjectives; lowercase only mid-title a/an/the/and/or/for/at/by/in/of/on/to/as/vs

  [header-not-title-case] board-preview/thank-you-blue-staffy-puppies-journey/
      H3 is not Title Case ("puppy" in "Your puppy comes home")
      fix: AP-style Title Case: capitalise 4+ letter words and all nouns/verbs/adjectives; lowercase only mid-title a/an/the/and/or/for/at/by/in/of/on/to/as/vs

  [header-not-title-case] board-preview/thank-you-blue-staffy-puppies-journey/
      H3 is not Title Case ("read" in "We read and answer your message")
      fix: AP-style Title Case: capitalise 4+ letter words and all nouns/verbs/adjectives; lowercase only mid-title a/an/the/and/or/for/at/by/in/of/on/to/as/vs

  [header-not-title-case] board-preview/thank-you-blue-staffy-puppies-journey/
      H3 is not Title Case ("talk" in "We talk about your home")
      fix: AP-style Title Case: capitalise 4+ letter words and all nouns/verbs/adjectives; lowercase only mid-title a/an/the/and/or/for/at/by/in/of/on/to/as/vs

  [header-not-title-case] board-preview/thank-you-blue-staffy-puppies-journey/
      H3 is not Title Case ("deposit" in "A deposit reserves your puppy")
      fix: AP-style Title Case: capitalise 4+ letter words and all nouns/verbs/adjectives; lowercase only mid-title a/an/the/and/or/for/at/by/in/of/on/to/as/vs

  [header-not-title-case] board-preview/thank-you-blue-staffy-puppies-journey/
      H3 is not Title Case ("puppy" in "Your puppy comes home")
      fix: AP-style Title Case: capitalise 4+ letter words and all nouns/verbs/adjectives; lowercase only mid-title a/an/the/and/or/for/at/by/in/of/on/to/as/vs

  [header-not-title-case] board-preview/thank-you-blue-staffy-puppies-journey/
      H3 is not Title Case ("you" in "While you wait")
      fix: AP-style Title Case: capitalise 4+ letter words and all nouns/verbs/adjectives; lowercase only mid-title a/an/the/and/or/for/at/by/in/of/on/to/as/vs

  [header-not-title-case] board-preview/thank-you-blue-staffy-puppies-journey/
      H3 is not Title Case ("you" in "If you need us sooner")
      fix: AP-style Title Case: capitalise 4+ letter words and all nouns/verbs/adjectives; lowercase only mid-title a/an/the/and/or/for/at/by/in/of/on/to/as/vs

  [header-not-title-case] board-preview/uk-blue-staffy-breeders-contact/
      H2 is not Title Case ("we" in "What we can help with")
      fix: AP-style Title Case: capitalise 4+ letter words and all nouns/verbs/adjectives; lowercase only mid-title a/an/the/and/or/for/at/by/in/of/on/to/as/vs

  [header-not-title-case] board-preview/uk-blue-staffy-breeders-contact/
      H2 is not Title Case ("we" in "What we can help with")
      fix: AP-style Title Case: capitalise 4+ letter words and all nouns/verbs/adjectives; lowercase only mid-title a/an/the/and/or/for/at/by/in/of/on/to/as/vs

  [header-not-title-case] board-preview/uk-blue-staffy-breeders-contact/
      H2 is not Title Case ("we" in "What we can help with")
      fix: AP-style Title Case: capitalise 4+ letter words and all nouns/verbs/adjectives; lowercase only mid-title a/an/the/and/or/for/at/by/in/of/on/to/as/vs

  [header-not-title-case] board-preview/uk-blue-staffy-breeders-contact/
      H2 is not Title Case ("us" in "Send us a message")
      fix: AP-style Title Case: capitalise 4+ letter words and all nouns/verbs/adjectives; lowercase only mid-title a/an/the/and/or/for/at/by/in/of/on/to/as/vs

  [header-not-title-case] board-preview/uk-blue-staffy-breeders-contact/
      H2 is not Title Case ("us" in "Send us a message")
      fix: AP-style Title Case: capitalise 4+ letter words and all nouns/verbs/adjectives; lowercase only mid-title a/an/the/and/or/for/at/by/in/of/on/to/as/vs

  [header-not-title-case] board-preview/uk-blue-staffy-breeders-contact/
      H2 is not Title Case ("us" in "Send us a message")
      fix: AP-style Title Case: capitalise 4+ letter words and all nouns/verbs/adjectives; lowercase only mid-title a/an/the/and/or/for/at/by/in/of/on/to/as/vs

  [header-not-title-case] board-preview/uk-blue-staffy-breeders-contact/
      H2 is not Title Case ("reach" in "How to reach us")
      fix: AP-style Title Case: capitalise 4+ letter words and all nouns/verbs/adjectives; lowercase only mid-title a/an/the/and/or/for/at/by/in/of/on/to/as/vs

  [header-not-title-case] board-preview/uk-blue-staffy-breeders-contact/
      H2 is not Title Case ("reach" in "How to reach us")
      fix: AP-style Title Case: capitalise 4+ letter words and all nouns/verbs/adjectives; lowercase only mid-title a/an/the/and/or/for/at/by/in/of/on/to/as/vs

  [header-not-title-case] board-preview/uk-blue-staffy-breeders-contact/
      H2 is not Title Case ("reach" in "How to reach us")
      fix: AP-style Title Case: capitalise 4+ letter words and all nouns/verbs/adjectives; lowercase only mid-title a/an/the/and/or/for/at/by/in/of/on/to/as/vs

  [header-not-title-case] board-preview/uk-blue-staffy-breeders-contact/
      H2 is not Title Case ("tell" in "What to tell us")
      fix: AP-style Title Case: capitalise 4+ letter words and all nouns/verbs/adjectives; lowercase only mid-title a/an/the/and/or/for/at/by/in/of/on/to/as/vs

  [header-not-title-case] board-preview/uk-blue-staffy-breeders-contact/
      H2 is not Title Case ("tell" in "What to tell us")
      fix: AP-style Title Case: capitalise 4+ letter words and all nouns/verbs/adjectives; lowercase only mid-title a/an/the/and/or/for/at/by/in/of/on/to/as/vs

  [header-not-title-case] board-preview/uk-blue-staffy-breeders-contact/
      H2 is not Title Case ("tell" in "What to tell us")
      fix: AP-style Title Case: capitalise 4+ letter words and all nouns/verbs/adjectives; lowercase only mid-title a/an/the/and/or/for/at/by/in/of/on/to/as/vs

  [header-not-title-case] board-preview/uk-blue-staffy-breeders-contact/
      H2 is not Title Case ("it" in "What it is like to deal with us")
      fix: AP-style Title Case: capitalise 4+ letter words and all nouns/verbs/adjectives; lowercase only mid-title a/an/the/and/or/for/at/by/in/of/on/to/as/vs

  [header-not-title-case] board-preview/uk-blue-staffy-breeders-contact/
      H2 is not Title Case ("it" in "What it is like to deal with us")
      fix: AP-style Title Case: capitalise 4+ letter words and all nouns/verbs/adjectives; lowercase only mid-title a/an/the/and/or/for/at/by/in/of/on/to/as/vs

  [header-not-title-case] board-preview/uk-blue-staffy-breeders-contact/
      H2 is not Title Case ("it" in "What it is like to deal with us")
      fix: AP-style Title Case: capitalise 4+ letter words and all nouns/verbs/adjectives; lowercase only mid-title a/an/the/and/or/for/at/by/in/of/on/to/as/vs

  [header-not-title-case] board-preview/uk-blue-staffy-breeders-contact/
      H2 is not Title Case ("you" in "Before you write")
      fix: AP-style Title Case: capitalise 4+ letter words and all nouns/verbs/adjectives; lowercase only mid-title a/an/the/and/or/for/at/by/in/of/on/to/as/vs

  [header-not-title-case] board-preview/uk-blue-staffy-breeders-contact/
      H2 is not Title Case ("you" in "Before you write")
      fix: AP-style Title Case: capitalise 4+ letter words and all nouns/verbs/adjectives; lowercase only mid-title a/an/the/and/or/for/at/by/in/of/on/to/as/vs

  [header-not-title-case] board-preview/uk-blue-staffy-breeders-contact/
      H2 is not Title Case ("you" in "Before you write")
      fix: AP-style Title Case: capitalise 4+ letter words and all nouns/verbs/adjectives; lowercase only mid-title a/an/the/and/or/for/at/by/in/of/on/to/as/vs

  [header-not-title-case] board-preview/uk-blue-staffy-breeders-contact/
      H2 is not Title Case ("dial" in "Desktop dial")
      fix: AP-style Title Case: capitalise 4+ letter words and all nouns/verbs/adjectives; lowercase only mid-title a/an/the/and/or/for/at/by/in/of/on/to/as/vs

  [header-not-title-case] board-preview/uk-blue-staffy-breeders-contact/
      H2 is not Title Case ("dial" in "Desktop dial")
      fix: AP-style Title Case: capitalise 4+ letter words and all nouns/verbs/adjectives; lowercase only mid-title a/an/the/and/or/for/at/by/in/of/on/to/as/vs

  [header-not-title-case] board-preview/uk-blue-staffy-breeders-contact/
      H2 is not Title Case ("dial" in "Desktop dial")
      fix: AP-style Title Case: capitalise 4+ letter words and all nouns/verbs/adjectives; lowercase only mid-title a/an/the/and/or/for/at/by/in/of/on/to/as/vs

  [header-not-title-case] board-preview/uk-blue-staffy-breeders-contact/
      H2 is not Title Case ("sections" in "Mobile sections")
      fix: AP-style Title Case: capitalise 4+ letter words and all nouns/verbs/adjectives; lowercase only mid-title a/an/the/and/or/for/at/by/in/of/on/to/as/vs

  [header-not-title-case] board-preview/uk-blue-staffy-breeders-contact/
      H2 is not Title Case ("sections" in "Mobile sections")
      fix: AP-style Title Case: capitalise 4+ letter words and all nouns/verbs/adjectives; lowercase only mid-title a/an/the/and/or/for/at/by/in/of/on/to/as/vs

  [header-not-title-case] board-preview/uk-blue-staffy-breeders-contact/
      H2 is not Title Case ("sections" in "Mobile sections")
      fix: AP-style Title Case: capitalise 4+ letter words and all nouns/verbs/adjectives; lowercase only mid-title a/an/the/and/or/for/at/by/in/of/on/to/as/vs

  [header-not-title-case] board-preview/uk-blue-staffy-breeders-contact/
      H2 is not Title Case ("section" in "Mobile section strip")
      fix: AP-style Title Case: capitalise 4+ letter words and all nouns/verbs/adjectives; lowercase only mid-title a/an/the/and/or/for/at/by/in/of/on/to/as/vs

  [header-not-title-case] board-preview/uk-blue-staffy-breeders-contact/
      H2 is not Title Case ("section" in "Mobile section strip")
      fix: AP-style Title Case: capitalise 4+ letter words and all nouns/verbs/adjectives; lowercase only mid-title a/an/the/and/or/for/at/by/in/of/on/to/as/vs

  [header-not-title-case] board-preview/uk-blue-staffy-breeders-contact/
      H2 is not Title Case ("section" in "Mobile section strip")
      fix: AP-style Title Case: capitalise 4+ letter words and all nouns/verbs/adjectives; lowercase only mid-title a/an/the/and/or/for/at/by/in/of/on/to/as/vs

  [header-not-title-case] board-preview/uk-blue-staffy-breeders-contact/
      H3 is not Title Case ("us" in "Send us a message")
      fix: AP-style Title Case: capitalise 4+ letter words and all nouns/verbs/adjectives; lowercase only mid-title a/an/the/and/or/for/at/by/in/of/on/to/as/vs

  [header-not-title-case] board-preview/uk-blue-staffy-breeders-contact/
      H3 is not Title Case ("we" in "When we answer")
      fix: AP-style Title Case: capitalise 4+ letter words and all nouns/verbs/adjectives; lowercase only mid-title a/an/the/and/or/for/at/by/in/of/on/to/as/vs

  [header-not-title-case] board-preview/uk-blue-staffy-breeders-contact/
      H3 is not Title Case ("we" in "Where we are")
      fix: AP-style Title Case: capitalise 4+ letter words and all nouns/verbs/adjectives; lowercase only mid-title a/an/the/and/or/for/at/by/in/of/on/to/as/vs

  [header-not-title-case] board-preview/uk-blue-staffy-breeders-contact/
      H3 is not Title Case ("we" in "Where we post")
      fix: AP-style Title Case: capitalise 4+ letter words and all nouns/verbs/adjectives; lowercase only mid-title a/an/the/and/or/for/at/by/in/of/on/to/as/vs

  [header-not-title-case] board-preview/uk-blue-staffy-breeders-contact/
      H3 is not Title Case ("we" in "When we answer")
      fix: AP-style Title Case: capitalise 4+ letter words and all nouns/verbs/adjectives; lowercase only mid-title a/an/the/and/or/for/at/by/in/of/on/to/as/vs

  [header-not-title-case] board-preview/uk-blue-staffy-breeders-contact/
      H3 is not Title Case ("we" in "Where we are")
      fix: AP-style Title Case: capitalise 4+ letter words and all nouns/verbs/adjectives; lowercase only mid-title a/an/the/and/or/for/at/by/in/of/on/to/as/vs

  [header-not-title-case] board-preview/uk-blue-staffy-breeders-contact/
      H3 is not Title Case ("we" in "Where we post")
      fix: AP-style Title Case: capitalise 4+ letter words and all nouns/verbs/adjectives; lowercase only mid-title a/an/the/and/or/for/at/by/in/of/on/to/as/vs

  [header-not-title-case] board-preview/uk-blue-staffy-breeders-contact/
      H3 is not Title Case ("we" in "When we answer")
      fix: AP-style Title Case: capitalise 4+ letter words and all nouns/verbs/adjectives; lowercase only mid-title a/an/the/and/or/for/at/by/in/of/on/to/as/vs

  [header-not-title-case] board-preview/uk-blue-staffy-breeders-contact/
      H3 is not Title Case ("we" in "Where we are")
      fix: AP-style Title Case: capitalise 4+ letter words and all nouns/verbs/adjectives; lowercase only mid-title a/an/the/and/or/for/at/by/in/of/on/to/as/vs

  [header-not-title-case] board-preview/uk-blue-staffy-breeders-contact/
      H3 is not Title Case ("we" in "Where we post")
      fix: AP-style Title Case: capitalise 4+ letter words and all nouns/verbs/adjectives; lowercase only mid-title a/an/the/and/or/for/at/by/in/of/on/to/as/vs

  [header-not-title-case] board-preview/uk-blue-staffy-breeders-contact/
      H3 is not Title Case ("reach" in "How to reach us")
      fix: AP-style Title Case: capitalise 4+ letter words and all nouns/verbs/adjectives; lowercase only mid-title a/an/the/and/or/for/at/by/in/of/on/to/as/vs

  [header-not-title-case] board-preview/uk-blue-staffy-breeders-contact/
      H3 is not Title Case ("name" in "Your name and email")
      fix: AP-style Title Case: capitalise 4+ letter words and all nouns/verbs/adjectives; lowercase only mid-title a/an/the/and/or/for/at/by/in/of/on/to/as/vs

  [header-not-title-case] board-preview/uk-blue-staffy-breeders-contact/
      H3 is not Title Case ("your" in "Phone and your town or postcode")
      fix: AP-style Title Case: capitalise 4+ letter words and all nouns/verbs/adjectives; lowercase only mid-title a/an/the/and/or/for/at/by/in/of/on/to/as/vs

  [header-not-title-case] board-preview/uk-blue-staffy-breeders-contact/
      H3 is not Title Case ("puppy," in "Which puppy, or the waiting list")
      fix: AP-style Title Case: capitalise 4+ letter words and all nouns/verbs/adjectives; lowercase only mid-title a/an/the/and/or/for/at/by/in/of/on/to/as/vs

  [header-not-title-case] board-preview/uk-blue-staffy-breeders-contact/
      H3 is not Title Case ("message" in "Your message")
      fix: AP-style Title Case: capitalise 4+ letter words and all nouns/verbs/adjectives; lowercase only mid-title a/an/the/and/or/for/at/by/in/of/on/to/as/vs

  [header-not-title-case] board-preview/uk-blue-staffy-breeders-contact/
      H3 is not Title Case ("name" in "Your name and email")
      fix: AP-style Title Case: capitalise 4+ letter words and all nouns/verbs/adjectives; lowercase only mid-title a/an/the/and/or/for/at/by/in/of/on/to/as/vs

  [header-not-title-case] board-preview/uk-blue-staffy-breeders-contact/
      H3 is not Title Case ("your" in "Phone and your town or postcode")
      fix: AP-style Title Case: capitalise 4+ letter words and all nouns/verbs/adjectives; lowercase only mid-title a/an/the/and/or/for/at/by/in/of/on/to/as/vs

  [header-not-title-case] board-preview/uk-blue-staffy-breeders-contact/
      H3 is not Title Case ("puppy," in "Which puppy, or the waiting list")
      fix: AP-style Title Case: capitalise 4+ letter words and all nouns/verbs/adjectives; lowercase only mid-title a/an/the/and/or/for/at/by/in/of/on/to/as/vs

  [header-not-title-case] board-preview/uk-blue-staffy-breeders-contact/
      H3 is not Title Case ("message" in "Your message")
      fix: AP-style Title Case: capitalise 4+ letter words and all nouns/verbs/adjectives; lowercase only mid-title a/an/the/and/or/for/at/by/in/of/on/to/as/vs

  [header-not-title-case] board-preview/uk-blue-staffy-breeders-contact/
      H3 is not Title Case ("name" in "Your name and email")
      fix: AP-style Title Case: capitalise 4+ letter words and all nouns/verbs/adjectives; lowercase only mid-title a/an/the/and/or/for/at/by/in/of/on/to/as/vs

  [header-not-title-case] board-preview/uk-blue-staffy-breeders-contact/
      H3 is not Title Case ("your" in "Phone and your town or postcode")
      fix: AP-style Title Case: capitalise 4+ letter words and all nouns/verbs/adjectives; lowercase only mid-title a/an/the/and/or/for/at/by/in/of/on/to/as/vs

  [header-not-title-case] board-preview/uk-blue-staffy-breeders-contact/
      H3 is not Title Case ("puppy," in "Which puppy, or the waiting list")
      fix: AP-style Title Case: capitalise 4+ letter words and all nouns/verbs/adjectives; lowercase only mid-title a/an/the/and/or/for/at/by/in/of/on/to/as/vs

  [header-not-title-case] board-preview/uk-blue-staffy-breeders-contact/
      H3 is not Title Case ("message" in "Your message")
      fix: AP-style Title Case: capitalise 4+ letter words and all nouns/verbs/adjectives; lowercase only mid-title a/an/the/and/or/for/at/by/in/of/on/to/as/vs

  [header-not-title-case] board-preview/uk-blue-staffy-breeders-contact/
      H3 is not Title Case ("tell" in "What to tell us")
      fix: AP-style Title Case: capitalise 4+ letter words and all nouns/verbs/adjectives; lowercase only mid-title a/an/the/and/or/for/at/by/in/of/on/to/as/vs

  [header-not-title-case] board-preview/uk-blue-staffy-breeders-contact/
      H3 is not Title Case ("we" in "Where we are")
      fix: AP-style Title Case: capitalise 4+ letter words and all nouns/verbs/adjectives; lowercase only mid-title a/an/the/and/or/for/at/by/in/of/on/to/as/vs

  [header-not-title-case] board-preview/uk-blue-staffy-breeders-contact/
      H3 is not Title Case ("message" in "Send a message")
      fix: AP-style Title Case: capitalise 4+ letter words and all nouns/verbs/adjectives; lowercase only mid-title a/an/the/and/or/for/at/by/in/of/on/to/as/vs

  [header-not-title-case] board-preview/uk-blue-staffy-breeders-contact/
      H3 is not Title Case ("tell" in "What to tell us")
      fix: AP-style Title Case: capitalise 4+ letter words and all nouns/verbs/adjectives; lowercase only mid-title a/an/the/and/or/for/at/by/in/of/on/to/as/vs

  [header-not-title-case] board-preview/uk-blue-staffy-breeders-contact/
      H3 is not Title Case ("we" in "How we reply")
      fix: AP-style Title Case: capitalise 4+ letter words and all nouns/verbs/adjectives; lowercase only mid-title a/an/the/and/or/for/at/by/in/of/on/to/as/vs

  [header-not-title-case] board-preview/uk-blue-staffy-breeders-contact/
      H3 is not Title Case ("we" in "Where we are")
      fix: AP-style Title Case: capitalise 4+ letter words and all nouns/verbs/adjectives; lowercase only mid-title a/an/the/and/or/for/at/by/in/of/on/to/as/vs

  [header-not-title-case] board-preview/uk-blue-staffy-breeders-contact/
      H3 is not Title Case ("message" in "Send a message")
      fix: AP-style Title Case: capitalise 4+ letter words and all nouns/verbs/adjectives; lowercase only mid-title a/an/the/and/or/for/at/by/in/of/on/to/as/vs

  [header-not-title-case] board-preview/uk-blue-staffy-breeders-contact/
      H3 is not Title Case ("tell" in "What to tell us")
      fix: AP-style Title Case: capitalise 4+ letter words and all nouns/verbs/adjectives; lowercase only mid-title a/an/the/and/or/for/at/by/in/of/on/to/as/vs

  [header-not-title-case] board-preview/uk-blue-staffy-breeders-contact/
      H3 is not Title Case ("we" in "How we reply")
      fix: AP-style Title Case: capitalise 4+ letter words and all nouns/verbs/adjectives; lowercase only mid-title a/an/the/and/or/for/at/by/in/of/on/to/as/vs

  [header-not-title-case] board-preview/uk-blue-staffy-breeders-contact/
      H3 is not Title Case ("we" in "Where we are")
      fix: AP-style Title Case: capitalise 4+ letter words and all nouns/verbs/adjectives; lowercase only mid-title a/an/the/and/or/for/at/by/in/of/on/to/as/vs

  [header-not-title-case] board-preview/uk-blue-staffy-breeders-contact/
      H3 is not Title Case ("message" in "Send a message")
      fix: AP-style Title Case: capitalise 4+ letter words and all nouns/verbs/adjectives; lowercase only mid-title a/an/the/and/or/for/at/by/in/of/on/to/as/vs

  [header-not-title-case] board-preview/uk-blue-staffy-breeders-contact/
      H3 is not Title Case ("tell" in "What to tell us")
      fix: AP-style Title Case: capitalise 4+ letter words and all nouns/verbs/adjectives; lowercase only mid-title a/an/the/and/or/for/at/by/in/of/on/to/as/vs

  [header-not-title-case] board-preview/uk-blue-staffy-breeders-contact/
      H3 is not Title Case ("we" in "How we reply")
      fix: AP-style Title Case: capitalise 4+ letter words and all nouns/verbs/adjectives; lowercase only mid-title a/an/the/and/or/for/at/by/in/of/on/to/as/vs

  [header-not-title-case] board-preview/uk-blue-staffy-breeders-contact/
      H3 is not Title Case ("we" in "Where we are")
      fix: AP-style Title Case: capitalise 4+ letter words and all nouns/verbs/adjectives; lowercase only mid-title a/an/the/and/or/for/at/by/in/of/on/to/as/vs

  [header-not-title-case] board-preview/uk-blue-staffy-breeders-contact/
      H3 is not Title Case ("message" in "Send a message")
      fix: AP-style Title Case: capitalise 4+ letter words and all nouns/verbs/adjectives; lowercase only mid-title a/an/the/and/or/for/at/by/in/of/on/to/as/vs

  [header-not-title-case] board-preview/uk-blue-staffy-breeders-contact/
      H3 is not Title Case ("tell" in "What to tell us")
      fix: AP-style Title Case: capitalise 4+ letter words and all nouns/verbs/adjectives; lowercase only mid-title a/an/the/and/or/for/at/by/in/of/on/to/as/vs

  [header-not-title-case] board-preview/uk-blue-staffy-breeders-contact/
      H3 is not Title Case ("we" in "How we reply")
      fix: AP-style Title Case: capitalise 4+ letter words and all nouns/verbs/adjectives; lowercase only mid-title a/an/the/and/or/for/at/by/in/of/on/to/as/vs

  [header-not-title-case] board-preview/uk-blue-staffy-breeders-contact/
      H3 is not Title Case ("we" in "Where we are")
      fix: AP-style Title Case: capitalise 4+ letter words and all nouns/verbs/adjectives; lowercase only mid-title a/an/the/and/or/for/at/by/in/of/on/to/as/vs

  [header-not-title-case] board-preview/uk-blue-staffy-breeders-contact/
      H3 is not Title Case ("message" in "Send a message")
      fix: AP-style Title Case: capitalise 4+ letter words and all nouns/verbs/adjectives; lowercase only mid-title a/an/the/and/or/for/at/by/in/of/on/to/as/vs

  [header-not-title-case] board-preview/uk-blue-staffy-breeders-contact/
      H3 is not Title Case ("tell" in "What to tell us")
      fix: AP-style Title Case: capitalise 4+ letter words and all nouns/verbs/adjectives; lowercase only mid-title a/an/the/and/or/for/at/by/in/of/on/to/as/vs

  [header-not-title-case] board-preview/uk-blue-staffy-breeders-contact/
      H3 is not Title Case ("we" in "How we reply")
      fix: AP-style Title Case: capitalise 4+ letter words and all nouns/verbs/adjectives; lowercase only mid-title a/an/the/and/or/for/at/by/in/of/on/to/as/vs

  [header-not-title-case] board-preview/uk-blue-staffy-breeders-contact/
      H3 is not Title Case ("we" in "Where we are")
      fix: AP-style Title Case: capitalise 4+ letter words and all nouns/verbs/adjectives; lowercase only mid-title a/an/the/and/or/for/at/by/in/of/on/to/as/vs

  [header-not-title-case] board-preview/uk-blue-staffy-breeders-contact/
      H3 is not Title Case ("message" in "Send a message")
      fix: AP-style Title Case: capitalise 4+ letter words and all nouns/verbs/adjectives; lowercase only mid-title a/an/the/and/or/for/at/by/in/of/on/to/as/vs

  [header-not-title-case] board-preview/uk-blue-staffy-breeders-contact/
      H3 is not Title Case ("tell" in "What to tell us")
      fix: AP-style Title Case: capitalise 4+ letter words and all nouns/verbs/adjectives; lowercase only mid-title a/an/the/and/or/for/at/by/in/of/on/to/as/vs

  [header-not-title-case] board-preview/uk-blue-staffy-breeders-contact/
      H3 is not Title Case ("we" in "How we reply")
      fix: AP-style Title Case: capitalise 4+ letter words and all nouns/verbs/adjectives; lowercase only mid-title a/an/the/and/or/for/at/by/in/of/on/to/as/vs

  [header-not-title-case] board-preview/uk-blue-staffy-breeders-contact/
      H3 is not Title Case ("we" in "Where we are")
      fix: AP-style Title Case: capitalise 4+ letter words and all nouns/verbs/adjectives; lowercase only mid-title a/an/the/and/or/for/at/by/in/of/on/to/as/vs

  [header-not-title-case] board-preview/uk-blue-staffy-breeders-contact/
      H3 is not Title Case ("message" in "Send a message")
      fix: AP-style Title Case: capitalise 4+ letter words and all nouns/verbs/adjectives; lowercase only mid-title a/an/the/and/or/for/at/by/in/of/on/to/as/vs

  [header-not-title-case] board-preview/uk-blue-staffy-breeders-contact/
      H3 is not Title Case ("tell" in "What to tell us")
      fix: AP-style Title Case: capitalise 4+ letter words and all nouns/verbs/adjectives; lowercase only mid-title a/an/the/and/or/for/at/by/in/of/on/to/as/vs

  [header-not-title-case] board-preview/uk-blue-staffy-breeders-contact/
      H3 is not Title Case ("we" in "How we reply")
      fix: AP-style Title Case: capitalise 4+ letter words and all nouns/verbs/adjectives; lowercase only mid-title a/an/the/and/or/for/at/by/in/of/on/to/as/vs

  [header-not-title-case] board-preview/uk-blue-staffy-breeders-contact/
      H3 is not Title Case ("we" in "Where we are")
      fix: AP-style Title Case: capitalise 4+ letter words and all nouns/verbs/adjectives; lowercase only mid-title a/an/the/and/or/for/at/by/in/of/on/to/as/vs

  [header-not-title-case] board-preview/uk-blue-staffy-breeders-contact/
      H3 is not Title Case ("message" in "Send a message")
      fix: AP-style Title Case: capitalise 4+ letter words and all nouns/verbs/adjectives; lowercase only mid-title a/an/the/and/or/for/at/by/in/of/on/to/as/vs

  [header-not-title-case] board-preview/uk-blue-staffy-breeders-contact/
      H3 is not Title Case ("tell" in "What to tell us")
      fix: AP-style Title Case: capitalise 4+ letter words and all nouns/verbs/adjectives; lowercase only mid-title a/an/the/and/or/for/at/by/in/of/on/to/as/vs

  [header-not-title-case] board-preview/uk-blue-staffy-breeders-contact/
      H3 is not Title Case ("we" in "How we reply")
      fix: AP-style Title Case: capitalise 4+ letter words and all nouns/verbs/adjectives; lowercase only mid-title a/an/the/and/or/for/at/by/in/of/on/to/as/vs

  [header-not-title-case] board-preview/uk-blue-staffy-breeders-contact/
      H3 is not Title Case ("we" in "Where we are")
      fix: AP-style Title Case: capitalise 4+ letter words and all nouns/verbs/adjectives; lowercase only mid-title a/an/the/and/or/for/at/by/in/of/on/to/as/vs

  [header-not-title-case] board-preview/uk-blue-staffy-breeders-contact/
      H3 is not Title Case ("message" in "Send a message")
      fix: AP-style Title Case: capitalise 4+ letter words and all nouns/verbs/adjectives; lowercase only mid-title a/an/the/and/or/for/at/by/in/of/on/to/as/vs

  [header-not-title-case] board-preview/uk-blue-staffy-breeders-contact/
      H3 is not Title Case ("tell" in "What to tell us")
      fix: AP-style Title Case: capitalise 4+ letter words and all nouns/verbs/adjectives; lowercase only mid-title a/an/the/and/or/for/at/by/in/of/on/to/as/vs

  [header-not-title-case] board-preview/uk-blue-staffy-breeders-contact/
      H3 is not Title Case ("we" in "How we reply")
      fix: AP-style Title Case: capitalise 4+ letter words and all nouns/verbs/adjectives; lowercase only mid-title a/an/the/and/or/for/at/by/in/of/on/to/as/vs

  [header-not-title-case] kit-preview/
      H1 is not Title Case ("preview" in "Kit preview")
      fix: AP-style Title Case: capitalise 4+ letter words and all nouns/verbs/adjectives; lowercase only mid-title a/an/the/and/or/for/at/by/in/of/on/to/as/vs

  [header-not-title-case] kit-preview/
      H2 is not Title Case ("mark" in "0 · The mark")
      fix: AP-style Title Case: capitalise 4+ letter words and all nouns/verbs/adjectives; lowercase only mid-title a/an/the/and/or/for/at/by/in/of/on/to/as/vs

  [header-not-title-case] kit-preview/
      H2 is not Title Case ("puppies" in "Blue Staffy puppies raised in a family home")
      fix: AP-style Title Case: capitalise 4+ letter words and all nouns/verbs/adjectives; lowercase only mid-title a/an/the/and/or/for/at/by/in/of/on/to/as/vs

  [header-not-title-case] kit-preview/
      H3 is not Title Case ("header" in "1 · Site header + nav")
      fix: AP-style Title Case: capitalise 4+ letter words and all nouns/verbs/adjectives; lowercase only mid-title a/an/the/and/or/for/at/by/in/of/on/to/as/vs

  [header-not-title-case] kit-preview/
      H3 is not Title Case ("card" in "4 · Puppy card")
      fix: AP-style Title Case: capitalise 4+ letter words and all nouns/verbs/adjectives; lowercase only mid-title a/an/the/and/or/for/at/by/in/of/on/to/as/vs

  [header-not-title-case] kit-preview/
      H3 is not Title Case ("strip" in "5 · Trust strip")
      fix: AP-style Title Case: capitalise 4+ letter words and all nouns/verbs/adjectives; lowercase only mid-title a/an/the/and/or/for/at/by/in/of/on/to/as/vs

  [header-not-title-case] kit-preview/
      H3 is not Title Case ("counter" in "6 · Stat / counter strip")
      fix: AP-style Title Case: capitalise 4+ letter words and all nouns/verbs/adjectives; lowercase only mid-title a/an/the/and/or/for/at/by/in/of/on/to/as/vs

  [header-not-title-case] kit-preview/
      H3 is not Title Case ("info" in "7 · Content / info card")
      fix: AP-style Title Case: capitalise 4+ letter words and all nouns/verbs/adjectives; lowercase only mid-title a/an/the/and/or/for/at/by/in/of/on/to/as/vs

  [header-not-title-case] kit-preview/
      H3 is not Title Case ("health-tested" in "What a health-tested litter means")
      fix: AP-style Title Case: capitalise 4+ letter words and all nouns/verbs/adjectives; lowercase only mid-title a/an/the/and/or/for/at/by/in/of/on/to/as/vs

  [header-not-title-case] kit-preview/
      H3 is not Title Case ("see" in "Ask to see the paperwork")
      fix: AP-style Title Case: capitalise 4+ letter words and all nouns/verbs/adjectives; lowercase only mid-title a/an/the/and/or/for/at/by/in/of/on/to/as/vs

  [header-not-title-case] kit-preview/
      H3 is not Title Case ("accordion" in "9 · FAQ accordion")
      fix: AP-style Title Case: capitalise 4+ letter words and all nouns/verbs/adjectives; lowercase only mid-title a/an/the/and/or/for/at/by/in/of/on/to/as/vs

  [header-not-title-case] kit-preview/
      H3 is not Title Case ("form" in "10 · Contact form")
      fix: AP-style Title Case: capitalise 4+ letter words and all nouns/verbs/adjectives; lowercase only mid-title a/an/the/and/or/for/at/by/in/of/on/to/as/vs

  [header-not-title-case] kit-preview/
      H3 is not Title Case ("in-page" in "11 · Breadcrumb + in-page nav")
      fix: AP-style Title Case: capitalise 4+ letter words and all nouns/verbs/adjectives; lowercase only mid-title a/an/the/and/or/for/at/by/in/of/on/to/as/vs

  [header-not-title-case] kit-preview/
      H3 is not Title Case ("divider" in "13 · Section divider")
      fix: AP-style Title Case: capitalise 4+ letter words and all nouns/verbs/adjectives; lowercase only mid-title a/an/the/and/or/for/at/by/in/of/on/to/as/vs

  [header-not-title-case] kit-preview/
      H3 is not Title Case ("dial" in "14 · Page dial (desktop)")
      fix: AP-style Title Case: capitalise 4+ letter words and all nouns/verbs/adjectives; lowercase only mid-title a/an/the/and/or/for/at/by/in/of/on/to/as/vs

  [header-not-title-case] kit-preview/
      H3 is not Title Case ("sheet" in "15 · Section sheet (mobile)")
      fix: AP-style Title Case: capitalise 4+ letter words and all nouns/verbs/adjectives; lowercase only mid-title a/an/the/and/or/for/at/by/in/of/on/to/as/vs

  [header-not-title-case] kit-preview/
      H3 is not Title Case ("strip" in "16 · Section strip (mobile)")
      fix: AP-style Title Case: capitalise 4+ letter words and all nouns/verbs/adjectives; lowercase only mid-title a/an/the/and/or/for/at/by/in/of/on/to/as/vs

  [header-not-title-case] kit-preview/
      H3 is not Title Case ("table" in "17 · Data table")
      fix: AP-style Title Case: capitalise 4+ letter words and all nouns/verbs/adjectives; lowercase only mid-title a/an/the/and/or/for/at/by/in/of/on/to/as/vs

  [header-not-title-case] kit-preview/
      H3 is not Title Case ("embed" in "18 · Video embed")
      fix: AP-style Title Case: capitalise 4+ letter words and all nouns/verbs/adjectives; lowercase only mid-title a/an/the/and/or/for/at/by/in/of/on/to/as/vs

  [header-not-title-case] uk-locations/blue-staffy-puppies-aberdeen/
      H3 is not Title Case ("you" in "🐾 Do you deliver Blue Staffy puppies to Aberdeen?")
      fix: AP-style Title Case: capitalise 4+ letter words and all nouns/verbs/adjectives; lowercase only mid-title a/an/the/and/or/for/at/by/in/of/on/to/as/vs

  [header-not-title-case] uk-locations/blue-staffy-puppies-aberdeen/
      H3 is not Title Case ("health" in "🐾 What health tests do your Blue Staffies have?")
      fix: AP-style Title Case: capitalise 4+ letter words and all nouns/verbs/adjectives; lowercase only mid-title a/an/the/and/or/for/at/by/in/of/on/to/as/vs

  [header-not-title-case] uk-locations/blue-staffy-puppies-aberdeen/
      H3 is not Title Case ("is" in "🐾 What is the price of a Blue Staffy puppy in Aberdeen?")
      fix: AP-style Title Case: capitalise 4+ letter words and all nouns/verbs/adjectives; lowercase only mid-title a/an/the/and/or/for/at/by/in/of/on/to/as/vs

  [header-not-title-case] uk-locations/blue-staffy-puppies-aberdeen/
      H3 is not Title Case ("we" in "🐾 Can we visit the puppies before buying?")
      fix: AP-style Title Case: capitalise 4+ letter words and all nouns/verbs/adjectives; lowercase only mid-title a/an/the/and/or/for/at/by/in/of/on/to/as/vs

  [header-not-title-case] uk-locations/blue-staffy-puppies-dundee/
      H3 is not Title Case ("you" in "🐾 Can you deliver a Blue Staffy to Dundee?")
      fix: AP-style Title Case: capitalise 4+ letter words and all nouns/verbs/adjectives; lowercase only mid-title a/an/the/and/or/for/at/by/in/of/on/to/as/vs

  [header-not-title-case] uk-locations/blue-staffy-puppies-dundee/
      H3 is not Title Case ("age" in "🐾 What age do your puppies leave for their new homes?")
      fix: AP-style Title Case: capitalise 4+ letter words and all nouns/verbs/adjectives; lowercase only mid-title a/an/the/and/or/for/at/by/in/of/on/to/as/vs

  [header-not-title-case] uk-locations/blue-staffy-puppies-dundee/
      H3 is not Title Case ("good" in "🐾 Are Blue Staffies good for families in Dundee?")
      fix: AP-style Title Case: capitalise 4+ letter words and all nouns/verbs/adjectives; lowercase only mid-title a/an/the/and/or/for/at/by/in/of/on/to/as/vs

  [header-not-title-case] uk-locations/blue-staffy-puppies-dundee/
      H3 is not Title Case ("do" in "🐾 How do I reserve a Blue Staffy puppy?")
      fix: AP-style Title Case: capitalise 4+ letter words and all nouns/verbs/adjectives; lowercase only mid-title a/an/the/and/or/for/at/by/in/of/on/to/as/vs

  [header-not-title-case] uk-locations/blue-staffy-puppies-edinburgh/
      H3 is not Title Case ("you" in "🐾 Can you deliver a Blue Staffy puppy to Edinburgh?")
      fix: AP-style Title Case: capitalise 4+ letter words and all nouns/verbs/adjectives; lowercase only mid-title a/an/the/and/or/for/at/by/in/of/on/to/as/vs

  [header-not-title-case] uk-locations/blue-staffy-puppies-edinburgh/
      H3 is not Title Case ("your" in "🐾 Are your Blue Staffy puppies health tested?")
      fix: AP-style Title Case: capitalise 4+ letter words and all nouns/verbs/adjectives; lowercase only mid-title a/an/the/and/or/for/at/by/in/of/on/to/as/vs

  [header-not-title-case] uk-locations/blue-staffy-puppies-edinburgh/
      H3 is not Title Case ("much" in "🐾 How much does a Blue Staffy puppy cost in Edinburgh?")
      fix: AP-style Title Case: capitalise 4+ letter words and all nouns/verbs/adjectives; lowercase only mid-title a/an/the/and/or/for/at/by/in/of/on/to/as/vs

  [header-not-title-case] uk-locations/blue-staffy-puppies-edinburgh/
      H3 is not Title Case ("you" in "🐾 Do you offer a health guarantee?")
      fix: AP-style Title Case: capitalise 4+ letter words and all nouns/verbs/adjectives; lowercase only mid-title a/an/the/and/or/for/at/by/in/of/on/to/as/vs

  [header-not-title-case] uk-locations/blue-staffy-puppies-hull/
      H3 is not Title Case ("you" in "🐾 Do you deliver Blue Staffy puppies to Hull?")
      fix: AP-style Title Case: capitalise 4+ letter words and all nouns/verbs/adjectives; lowercase only mid-title a/an/the/and/or/for/at/by/in/of/on/to/as/vs

  [header-not-title-case] uk-locations/blue-staffy-puppies-hull/
      H3 is not Title Case ("your" in "🐾 Are your Staffy puppies KC registered?")
      fix: AP-style Title Case: capitalise 4+ letter words and all nouns/verbs/adjectives; lowercase only mid-title a/an/the/and/or/for/at/by/in/of/on/to/as/vs

  [header-not-title-case] uk-locations/blue-staffy-puppies-hull/
      H3 is not Title Case ("health" in "🐾 What health guarantees do you offer?")
      fix: AP-style Title Case: capitalise 4+ letter words and all nouns/verbs/adjectives; lowercase only mid-title a/an/the/and/or/for/at/by/in/of/on/to/as/vs

  [header-not-title-case] uk-locations/blue-staffy-puppies-hull/
      H3 is not Title Case ("do" in "🐾 How do I put down a deposit?")
      fix: AP-style Title Case: capitalise 4+ letter words and all nouns/verbs/adjectives; lowercase only mid-title a/an/the/and/or/for/at/by/in/of/on/to/as/vs

  [header-not-title-case] uk-locations/blue-staffy-puppies-inverness/
      H3 is not Title Case ("you" in "🐾 Do you deliver Blue Staffy puppies to Inverness?")
      fix: AP-style Title Case: capitalise 4+ letter words and all nouns/verbs/adjectives; lowercase only mid-title a/an/the/and/or/for/at/by/in/of/on/to/as/vs

  [header-not-title-case] uk-locations/blue-staffy-puppies-inverness/
      H3 is not Title Case ("there" in "🐾 Are there Blue Staffy breeders in the Highlands?")
      fix: AP-style Title Case: capitalise 4+ letter words and all nouns/verbs/adjectives; lowercase only mid-title a/an/the/and/or/for/at/by/in/of/on/to/as/vs

  [header-not-title-case] uk-locations/blue-staffy-puppies-inverness/
      H3 is not Title Case ("long" in "🐾 How long does transport to Inverness take?")
      fix: AP-style Title Case: capitalise 4+ letter words and all nouns/verbs/adjectives; lowercase only mid-title a/an/the/and/or/for/at/by/in/of/on/to/as/vs

  [header-not-title-case] uk-locations/blue-staffy-puppies-inverness/
      H3 is not Title Case ("puppies" in "🐾 What puppies do you have available?")
      fix: AP-style Title Case: capitalise 4+ letter words and all nouns/verbs/adjectives; lowercase only mid-title a/an/the/and/or/for/at/by/in/of/on/to/as/vs

  [header-not-title-case] uk-locations/blue-staffy-puppies-middlesbrough/
      H3 is not Title Case ("you" in "🐾 Do you deliver Blue Staffy puppies to Middlesbrough?")
      fix: AP-style Title Case: capitalise 4+ letter words and all nouns/verbs/adjectives; lowercase only mid-title a/an/the/and/or/for/at/by/in/of/on/to/as/vs

  [header-not-title-case] uk-locations/blue-staffy-puppies-middlesbrough/
      H3 is not Title Case ("is" in "🐾 What is the temperament of a Blue Staffy?")
      fix: AP-style Title Case: capitalise 4+ letter words and all nouns/verbs/adjectives; lowercase only mid-title a/an/the/and/or/for/at/by/in/of/on/to/as/vs

  [header-not-title-case] uk-locations/blue-staffy-puppies-middlesbrough/
      H3 is not Title Case ("your" in "🐾 Are your puppies health tested?")
      fix: AP-style Title Case: capitalise 4+ letter words and all nouns/verbs/adjectives; lowercase only mid-title a/an/the/and/or/for/at/by/in/of/on/to/as/vs

  [header-not-title-case] uk-locations/blue-staffy-puppies-middlesbrough/
      H3 is not Title Case ("do" in "🐾 How do I start the process?")
      fix: AP-style Title Case: capitalise 4+ letter words and all nouns/verbs/adjectives; lowercase only mid-title a/an/the/and/or/for/at/by/in/of/on/to/as/vs

  [header-not-title-case] uk-locations/blue-staffy-puppies-oxford/
      H3 is not Title Case ("you" in "🐾 Do you deliver Blue Staffy puppies to Oxford?")
      fix: AP-style Title Case: capitalise 4+ letter words and all nouns/verbs/adjectives; lowercase only mid-title a/an/the/and/or/for/at/by/in/of/on/to/as/vs

  [header-not-title-case] uk-locations/blue-staffy-puppies-oxford/
      H3 is not Title Case ("allowed" in "🐾 Are Blue Staffies allowed in rented properties in Oxford")
      fix: AP-style Title Case: capitalise 4+ letter words and all nouns/verbs/adjectives; lowercase only mid-title a/an/the/and/or/for/at/by/in/of/on/to/as/vs

  [header-not-title-case] uk-locations/blue-staffy-puppies-oxford/
      H3 is not Title Case ("is" in "🐾 What is the difference between a Blue Staffy and a Blue ")
      fix: AP-style Title Case: capitalise 4+ letter words and all nouns/verbs/adjectives; lowercase only mid-title a/an/the/and/or/for/at/by/in/of/on/to/as/vs

  [header-not-title-case] uk-locations/blue-staffy-puppies-oxford/
      H3 is not Title Case ("do" in "🐾 How do I reserve a puppy in Oxford?")
      fix: AP-style Title Case: capitalise 4+ letter words and all nouns/verbs/adjectives; lowercase only mid-title a/an/the/and/or/for/at/by/in/of/on/to/as/vs

  [header-not-title-case] uk-locations/blue-staffy-puppies-sunderland/
      H3 is not Title Case ("you" in "🐾 Do you deliver Blue Staffy puppies to Sunderland?")
      fix: AP-style Title Case: capitalise 4+ letter words and all nouns/verbs/adjectives; lowercase only mid-title a/an/the/and/or/for/at/by/in/of/on/to/as/vs

  [header-not-title-case] uk-locations/blue-staffy-puppies-sunderland/
      H3 is not Title Case ("popular" in "🐾 Are Blue Staffies popular in the North East?")
      fix: AP-style Title Case: capitalise 4+ letter words and all nouns/verbs/adjectives; lowercase only mid-title a/an/the/and/or/for/at/by/in/of/on/to/as/vs

  [header-not-title-case] uk-locations/blue-staffy-puppies-sunderland/
      H3 is not Title Case ("much" in "🐾 How much does a Blue Staffy puppy cost in Sunderland?")
      fix: AP-style Title Case: capitalise 4+ letter words and all nouns/verbs/adjectives; lowercase only mid-title a/an/the/and/or/for/at/by/in/of/on/to/as/vs

  [header-not-title-case] uk-locations/blue-staffy-puppies-sunderland/
      H3 is not Title Case ("does" in "🐾 What does a puppy package include?")
      fix: AP-style Title Case: capitalise 4+ letter words and all nouns/verbs/adjectives; lowercase only mid-title a/an/the/and/or/for/at/by/in/of/on/to/as/vs

  [header-not-title-case] uk-locations/blue-staffy-puppies-uk/
      H1 is not Title Case ("with" in "Your Local Guide: Finding Blue Staffy Puppies UK with Nati")
      fix: AP-style Title Case: capitalise 4+ letter words and all nouns/verbs/adjectives; lowercase only mid-title a/an/the/and/or/for/at/by/in/of/on/to/as/vs

  [header-not-title-case] uk-locations/blue-staffy-puppies-uk/
      H2 is not Title Case ("from" in "Your Peace of Mind: Secure Staffy Puppy Delivery UK from O")
      fix: AP-style Title Case: capitalise 4+ letter words and all nouns/verbs/adjectives; lowercase only mid-title a/an/the/and/or/for/at/by/in/of/on/to/as/vs

  [header-not-title-case] uk-locations/blue-staffy-puppies-uk/
      H2 is not Title Case ("‘s" in "Puppy Travel Preparation Checklist for Blue Staffy Puppies")
      fix: AP-style Title Case: capitalise 4+ letter words and all nouns/verbs/adjectives; lowercase only mid-title a/an/the/and/or/for/at/by/in/of/on/to/as/vs

  [header-not-title-case] uk-locations/blue-staffy-puppies-york/
      H3 is not Title Case ("you" in "🐾 Do you deliver Blue Staffy puppies to York?")
      fix: AP-style Title Case: capitalise 4+ letter words and all nouns/verbs/adjectives; lowercase only mid-title a/an/the/and/or/for/at/by/in/of/on/to/as/vs

  [header-not-title-case] uk-locations/blue-staffy-puppies-york/
      H3 is not Title Case ("makes" in "🐾 What makes BlueStaffyUK different from other breeders?")
      fix: AP-style Title Case: capitalise 4+ letter words and all nouns/verbs/adjectives; lowercase only mid-title a/an/the/and/or/for/at/by/in/of/on/to/as/vs

  [header-not-title-case] uk-locations/blue-staffy-puppies-york/
      H3 is not Title Case ("good" in "🐾 Are Blue Staffies good with children in York?")
      fix: AP-style Title Case: capitalise 4+ letter words and all nouns/verbs/adjectives; lowercase only mid-title a/an/the/and/or/for/at/by/in/of/on/to/as/vs

  [header-not-title-case] uk-locations/blue-staffy-puppies-york/
      H3 is not Title Case ("do" in "🐾 How do I enquire about a puppy?")
      fix: AP-style Title Case: capitalise 4+ letter words and all nouns/verbs/adjectives; lowercase only mid-title a/an/the/and/or/for/at/by/in/of/on/to/as/vs

  [header-not-title-case] uk-locations/staffy-breeding-dogs-glasgow/
      H2 is not Title Case ("into" in "Ready to Welcome a Blue Staffy Puppy into Your Home?")
      fix: AP-style Title Case: capitalise 4+ letter words and all nouns/verbs/adjectives; lowercase only mid-title a/an/the/and/or/for/at/by/in/of/on/to/as/vs

  [header-not-title-case] uk-locations/staffy-breeding-dogs-glasgow/
      H3 is not Title Case ("‘s" in "Jones ‘s Health Clearances & Veterinary Care")
      fix: AP-style Title Case: capitalise 4+ letter words and all nouns/verbs/adjectives; lowercase only mid-title a/an/the/and/or/for/at/by/in/of/on/to/as/vs

── WARN (24) ────────────────────────────────────────
  [opacity-dims-text-contrast] src/components/SiteFooter.astro:49
      opacity:.85 applied to a text rule — dims the foreground and can drop it under AA
      fix: drop the opacity and pick an explicit colour that measures >= 4.5:1

  [markup-css-drift] src/components/ContactForm.astro
      1 class(es) styled but never rendered: req
      fix: Triage each: a variant this page does not ship -> delete; a component the spec mandates -> render it. Never bulk-delete this list.

  [markup-css-orphan] src/components/ContactForm.astro
      1 class(es) in markup with no CSS rule: container-text
      fix: Either the component name is misspelled (adoption-cost put FAQ text in `.faqC-x`, a 16x16 icon box) or the rule lives in a global sheet — confirm which before editing.

  [markup-css-drift] src/layouts/PageShell.astro
      1 class(es) styled but never rendered: page-shell
      fix: Triage each: a variant this page does not ship -> delete; a component the spec mandates -> render it. Never bulk-delete this list.

  [markup-css-orphan] src/pages/[...post].astro
      1 class(es) in markup with no CSS rule: container-text
      fix: Either the component name is misspelled (adoption-cost put FAQ text in `.faqC-x`, a 16x16 icon box) or the rule lives in a global sheet — confirm which before editing.

  [markup-css-orphan] src/pages/board-preview/[slug].astro
      5 class(es) in markup with no CSS rule: aside-items, aside-quote, aside-rows, aside-title, bp-group
      fix: Either the component name is misspelled (adoption-cost put FAQ text in `.faqC-x`, a 16x16 icon box) or the rule lives in a global sheet — confirm which before editing.

  [markup-css-drift] src/styles/board-styles.css
      21 class(es) styled but never rendered: bl-aside, bl-body, bl-box, bl-cards, bl-chrome-brass, bl-chrome-zebra, bl-cols-2, bl-eyebrow, bl-frame-band, bl-frame-card, bl-frame-plain, bl-img, bl-lede, bl-list-grid-2, bl-list-grid-3, bl-list-rail, bl-media-left, bl-media-right, bl-media-top, bl-prose, bl-stub
      fix: Triage each: a variant this page does not ship -> delete; a component the spec mandates -> render it. Never bulk-delete this list.

  [markup-css-drift] src/styles/kit.css
      5 class(es) styled but never rendered: kit-card, kit-card--lift, kit-chip, kit-mark, tap-24
      fix: Triage each: a variant this page does not ship -> delete; a component the spec mandates -> render it. Never bulk-delete this list.

  [img-no-srcset] board-preview/_demo/
      blue-staffy-puppy-for-sale-uk.webp is 612px intrinsic with no srcset
      fix: ship a -320/-440/-760 sibling and add srcset+sizes

  [img-no-srcset] board-preview/_demo/
      blue-staffy-puppies-uk-litter1-760.webp is 760px intrinsic with no srcset
      fix: ship a -320/-440/-760 sibling and add srcset+sizes

  [img-no-srcset] board-preview/_demo/
      blue-staffy-family-dog-uk.webp is 600px intrinsic with no srcset
      fix: ship a -320/-440/-760 sibling and add srcset+sizes

  [img-no-srcset] board-preview/_demo/
      blue-staffy-puppy-for-sale-uk.webp is 612px intrinsic with no srcset
      fix: ship a -320/-440/-760 sibling and add srcset+sizes

  [img-no-srcset] board-preview/_demo/
      blue-staffy-puppy-for-sale-uk.webp is 612px intrinsic with no srcset
      fix: ship a -320/-440/-760 sibling and add srcset+sizes

  [img-no-srcset] board-preview/index/
      blue-staffy-puppy-for-sale-uk.webp is 612px intrinsic with no srcset
      fix: ship a -320/-440/-760 sibling and add srcset+sizes

  [img-no-srcset] board-preview/index/
      blue-staffy-puppy-for-sale-uk.webp is 612px intrinsic with no srcset
      fix: ship a -320/-440/-760 sibling and add srcset+sizes

  [img-no-srcset] board-preview/index/
      blue-staffy-puppy-for-sale-uk.webp is 612px intrinsic with no srcset
      fix: ship a -320/-440/-760 sibling and add srcset+sizes

  [img-no-srcset] buy-blue-staffy-puppies-uk/
      blue-staffy-puppy-testimonial-cardiff-daniel.webp is 640px intrinsic with no srcset
      fix: ship a -320/-440/-760 sibling and add srcset+sizes

  [img-no-srcset] index.html
      playful-staffy-puppies-uk-sale.webp is 625px intrinsic with no srcset
      fix: ship a -320/-440/-760 sibling and add srcset+sizes

  [img-no-srcset] index.html
      kc-staffy-puppies-for-rehoming-uk.webp is 640px intrinsic with no srcset
      fix: ship a -320/-440/-760 sibling and add srcset+sizes

  [img-no-srcset] index.html
      kc-registered-blue-staffy-pups-london.webp is 640px intrinsic with no srcset
      fix: ship a -320/-440/-760 sibling and add srcset+sizes

  [img-no-srcset] index.html
      blue-staffy-family-dog-uk.webp is 600px intrinsic with no srcset
      fix: ship a -320/-440/-760 sibling and add srcset+sizes

  [img-no-srcset] uk-blue-staffy-puppy-buying-guide/
      blue-staffy-research.webp is 615px intrinsic with no srcset
      fix: ship a -320/-440/-760 sibling and add srcset+sizes

  [img-no-srcset] uk-blue-staffy-puppy-buying-guide/
      uk-family-blue-staffy.webp is 604px intrinsic with no srcset
      fix: ship a -320/-440/-760 sibling and add srcset+sizes

  [img-no-srcset] uk-staffordshire-bull-terrier-guide/
      dedicated-blue-staffy-pup-care-glasgow.webp is 640px intrinsic with no srcset
      fix: ship a -320/-440/-760 sibling and add srcset+sizes

310 ERROR · 24 WARN
### EXIT 0 : python3 scripts/page_hardening_scan.py
### STEP: python3 scripts/form_contract_audit.py
examined 8 forms; 0 problems  (inquiry 8, in-scope 4, newsletter 0)
### EXIT 0 : python3 scripts/form_contract_audit.py
### STEP: python3 scripts/generate_page_dates.py --check
page-dates.json current — 53 routes
### EXIT 0 : python3 scripts/generate_page_dates.py --check
=== RUN 2 ===
### STEP: npm run build

> bsuk@0.1.0 prebuild
> python3 scripts/generate_page_dates.py

wrote /Users/apple/Downloads/BSUK/data/page-dates.json
routes: 53 dated, 58 built, 5 built-but-undated ['/board-preview/_demo/', '/board-preview/index/', '/board-preview/privacy-policy-uk/', '/board-preview/thank-you-blue-staffy-puppies-journey/', '/board-preview/uk-blue-staffy-breeders-contact/']

> bsuk@0.1.0 build
> astro build

21:19:49 [content] Syncing content
21:19:49 [content] Synced content
21:19:49 [types] Generated 691ms
21:19:49 [build] output: "static"
21:19:49 [build] mode: "static"
21:19:49 [build] directory: /Users/apple/Downloads/BSUK/dist/
21:19:49 [build] Collecting build info...
21:19:49 [build] ✓ Completed in 767ms.
21:19:49 [build] Building static entrypoints...
21:19:53 [vite] ✓ built in 4.16s
21:19:55 [vite] ✓ built in 1.38s
21:19:55 [build] Rearranging server assets...

 generating static routes 
21:19:55   ├─ /available-puppies/roman/index.html (+22ms) 
21:19:55   ├─ /available-puppies/byrd/index.html (+6ms) 
21:19:55   ├─ /available-puppies/ince/index.html (+5ms) 
21:19:55   ├─ /available-puppies/vennie/index.html (+4ms) 
21:19:55   ├─ /available-puppies/christa/index.html (+7ms) 
21:19:55   ├─ /available-puppies/cheryl/index.html (+6ms) 
21:19:55   ├─ /available-puppies/index.html (+10ms) 
21:19:55   ├─ /blog/index.html (+8ms) 
21:19:55   ├─ /blue-staffy-blog-guides/index.html (+30ms) 
21:19:55   ├─ /blue-staffy-health-uk/index.html (+19ms) 
21:19:55   ├─ /blue-staffy-pup-sale-uk/index.html (+13ms) 
21:19:55   ├─ /blue-staffy-uk-breeders/index.html (+12ms) 
21:19:55   ├─ /board-preview/_demo/index.html (+8ms) 
21:19:55   ├─ /board-preview/index/index.html (+15ms) 
21:19:55   ├─ /board-preview/privacy-policy-uk/index.html (+7ms) 
21:19:55   ├─ /board-preview/thank-you-blue-staffy-puppies-journey/index.html (+10ms) 
21:19:55   ├─ /board-preview/uk-blue-staffy-breeders-contact/index.html (+8ms) 
21:19:55   ├─ /board-preview/index.html (+5ms) 
21:19:55   ├─ /buy-blue-staffy-puppies-uk/index.html (+10ms) 
21:19:55   ├─ /buy-staffy-puppies-for-sale-uk/index.html (+13ms) 
21:19:55   ├─ /kit-preview/index.html (+12ms) 
21:19:55   ├─ /privacy-policy-uk/index.html (+6ms) 
21:19:55   ├─ /search/index.html (+3ms) 
21:19:55   ├─ /thank-you-blue-staffy-puppies-journey/index.html (+8ms) 
21:19:55   ├─ /uk-blue-staffy-breeders-contact/index.html (+6ms) 
21:19:55   ├─ /uk-blue-staffy-puppy-buying-guide/index.html (+31ms) 
21:19:55   ├─ /uk-locations/blue-staffies-newcastle-under-lyme/index.html (+3ms) 
21:19:55   ├─ /uk-locations/blue-staffy-puppies-aberdeen/index.html (+2ms) 
21:19:55   ├─ /uk-locations/blue-staffy-puppies-birmingham/index.html (+3ms) 
21:19:55   ├─ /uk-locations/blue-staffy-puppies-bristol-uk/index.html (+2ms) 
21:19:55   ├─ /uk-locations/blue-staffy-puppies-dundee/index.html (+2ms) 
21:19:55   ├─ /uk-locations/blue-staffy-puppies-edinburgh/index.html (+2ms) 
21:19:55   ├─ /uk-locations/blue-staffy-puppies-for-sale-in-leicester/index.html (+3ms) 
21:19:55   ├─ /uk-locations/blue-staffy-puppies-for-sale-leeds/index.html (+2ms) 
21:19:55   ├─ /uk-locations/blue-staffy-puppies-hull/index.html (+7ms) 
21:19:55   ├─ /uk-locations/blue-staffy-puppies-inverness/index.html (+2ms) 
21:19:55   ├─ /uk-locations/blue-staffy-puppies-london/index.html (+2ms) 
21:19:55   ├─ /uk-locations/blue-staffy-puppies-manchester-uk/index.html (+2ms) 
21:19:55   ├─ /uk-locations/blue-staffy-puppies-middlesbrough/index.html (+2ms) 
21:19:55   ├─ /uk-locations/blue-staffy-puppies-oxford/index.html (+2ms) 
21:19:55   ├─ /uk-locations/blue-staffy-puppies-south-yorkshire/index.html (+4ms) 
21:19:55   ├─ /uk-locations/blue-staffy-puppies-sunderland/index.html (+2ms) 
21:19:55   ├─ /uk-locations/blue-staffy-puppies-uk/index.html (+3ms) 
21:19:55   ├─ /uk-locations/blue-staffy-puppies-york/index.html (+3ms) 
21:19:55   ├─ /uk-locations/buy-blue-staffy-puppy-coventry-area/index.html (+2ms) 
21:19:55   ├─ /uk-locations/staffy-breeding-dogs-glasgow/index.html (+2ms) 
21:19:55   ├─ /uk-locations/staffy-puppies-cardiff-wales/index.html (+3ms) 
21:19:55   ├─ /uk-locations/staffy-puppies-for-sale-cornwall/index.html (+2ms) 
21:19:55   ├─ /uk-locations/staffy-puppies-for-sale-essex/index.html (+2ms) 
21:19:55   ├─ /uk-locations/staffy-puppies-for-sale-glasgow/index.html (+3ms) 
21:19:55   ├─ /uk-locations/staffy-puppies-for-sale-liverpool/index.html (+2ms) 
21:19:55   ├─ /uk-locations/staffy-puppies-for-sale-nottingham/index.html (+2ms) 
21:19:55   ├─ /uk-locations/staffy-puppies-wolverhampton/index.html (+2ms) 
21:19:55   ├─ /uk-locations/uk-staffordshire-bull-terrier-breeder/index.html (+4ms) 
21:19:55   ├─ /uk-locations/index.html (+10ms) 
21:19:55   ├─ /uk-staffordshire-bull-terrier-guide/index.html (+13ms) 
21:19:55   ├─ /index.html (+12ms) 
21:19:55   ├─ /how-to-choose-the-right-blue-staffy-puppy-for-your-family/index.html (+3ms) 
21:19:55 ✓ Completed in 568ms.

 generating optimized images 
21:19:55   ▶ /_astro/Roman1.DKvYvyvM_2bjowu.webp (reused cache entry) (+2ms) (1/46)
21:19:55   ▶ /_astro/Byrd1.Dc5KZxb2_Z12dGBv.webp (reused cache entry) (+2ms) (2/46)
21:19:55   ▶ /_astro/Ince1.CjowFAsd_Z8xVgY.webp (reused cache entry) (+2ms) (3/46)
21:19:55   ▶ /_astro/Roman2.C-A0j1ry_1uH9rQ.webp (reused cache entry) (+3ms) (4/46)
21:19:55   ▶ /_astro/Roman1.DKvYvyvM_144hpR.webp (reused cache entry) (+1ms) (5/46)
21:19:55   ▶ /_astro/Byrd1.Dc5KZxb2_Sq7u9.webp (reused cache entry) (+2ms) (6/46)
21:19:55   ▶ /_astro/Roman1.DKvYvyvM_Z3aOFK.webp (reused cache entry) (+1ms) (7/46)
21:19:55   ▶ /_astro/Roman2.C-A0j1ry_Z2h5Yfu.webp (reused cache entry) (+2ms) (8/46)
21:19:55   ▶ /_astro/Ince1.CjowFAsd_1ydgJK.webp (reused cache entry) (+3ms) (9/46)
21:19:55   ▶ /_astro/Byrd1.Dc5KZxb2_Z9yFxp.webp (reused cache entry) (+4ms) (10/46)
21:19:55   ▶ /_astro/Roman2.C-A0j1ry_sWg9c.webp (reused cache entry) (+4ms) (11/46)
21:19:55   ▶ /_astro/Ince1.CjowFAsd_Zgl9sa.webp (reused cache entry) (+4ms) (12/46)
21:19:55   ▶ /_astro/Byrd1.Dc5KZxb2_1zROfE.webp (reused cache entry) (+1ms) (13/46)
21:19:55   ▶ /_astro/Roman1.DKvYvyvM_ZERQpB.webp (reused cache entry) (+5ms) (14/46)
21:19:55   ▶ /_astro/Ince1.CjowFAsd_2txzAb.webp (reused cache entry) (+2ms) (15/46)
21:19:55   ▶ /_astro/Roman2.C-A0j1ry_ZwJcId.webp (reused cache entry) (+2ms) (16/46)
21:19:55   ▶ /_astro/Byrd1.Dc5KZxb2_Z2rts2K.webp (reused cache entry) (+2ms) (17/46)
21:19:55   ▶ /_astro/Vennie.ke5yj4Fb_qwe4J.webp (reused cache entry) (+2ms) (18/46)
21:19:55   ▶ /_astro/Ince1.CjowFAsd_Z1xNGHe.webp (reused cache entry) (+2ms) (19/46)
21:19:55   ▶ /_astro/Byrd1.Dc5KZxb2_13r1px.webp (reused cache entry) (+2ms) (20/46)
21:19:55   ▶ /_astro/Roman2.C-A0j1ry_2oY8o4.webp (reused cache entry) (+2ms) (21/46)
21:19:55   ▶ /_astro/Vennie.ke5yj4Fb_qmObM.webp (reused cache entry) (+2ms) (22/46)
21:19:55   ▶ /_astro/Byrd1.Dc5KZxb2_ZfBevx.webp (reused cache entry) (+1ms) (23/46)
21:19:55   ▶ /_astro/Ince1.CjowFAsd_1W6LK4.webp (reused cache entry) (+2ms) (24/46)
21:19:55   ▶ /_astro/Roman2.C-A0j1ry_2iWGRt.webp (reused cache entry) (+2ms) (25/46)
21:19:55   ▶ /_astro/Vennie.ke5yj4Fb_8go8H.webp (reused cache entry) (+3ms) (26/46)
21:19:55   ▶ /_astro/Roman2.C-A0j1ry_ZfyScE.webp (reused cache entry) (+2ms) (27/46)
21:19:55   ▶ /_astro/Christa.DCD6hF9z_24FDMC.webp (reused cache entry) (+2ms) (28/46)
21:19:55   ▶ /_astro/Ince1.CjowFAsd_1nekPD.webp (reused cache entry) (+2ms) (29/46)
21:19:55   ▶ /_astro/Vennie.ke5yj4Fb_1fCzYE.webp (reused cache entry) (+2ms) (30/46)
21:19:55   ▶ /_astro/Christa.DCD6hF9z_Z23bJ25.webp (reused cache entry) (+2ms) (31/46)
21:19:55   ▶ /_astro/Vennie.ke5yj4Fb_24EeX6.webp (reused cache entry) (+1ms) (32/46)
21:19:55   ▶ /_astro/Cheryl1.BA5--lqv_1QWN42.webp (reused cache entry) (+2ms) (33/46)
21:19:55   ▶ /_astro/Vennie.ke5yj4Fb_24zx1C.webp (reused cache entry) (+2ms) (34/46)
21:19:55   ▶ /_astro/Christa.DCD6hF9z_T3FVW.webp (reused cache entry) (+3ms) (35/46)
21:19:55   ▶ /_astro/Cheryl1.BA5--lqv_Z1P5ulo.webp (reused cache entry) (+3ms) (36/46)
21:19:55   ▶ /_astro/Vennie.ke5yj4Fb_ZRyHkN.webp (reused cache entry) (+2ms) (37/46)
21:19:55   ▶ /_astro/Christa.DCD6hF9z_4kO1d.webp (reused cache entry) (+2ms) (38/46)
21:19:55   ▶ /_astro/Christa.DCD6hF9z_15fV8S.webp (reused cache entry) (+1ms) (39/46)
21:19:55   ▶ /_astro/Cheryl1.BA5--lqv_b7QRc.webp (reused cache entry) (+4ms) (40/46)
21:19:55   ▶ /_astro/Christa.DCD6hF9z_ZXFfKX.webp (reused cache entry) (+2ms) (41/46)
21:19:55   ▶ /_astro/Cheryl1.BA5--lqv_Zvqq7g.webp (reused cache entry) (+1ms) (42/46)
21:19:55   ▶ /_astro/Christa.DCD6hF9z_1u9BJ.webp (reused cache entry) (+2ms) (43/46)
21:19:55   ▶ /_astro/Cheryl1.BA5--lqv_1BX5wb.webp (reused cache entry) (+2ms) (44/46)
21:19:55   ▶ /_astro/Cheryl1.BA5--lqv_2leFTW.webp (reused cache entry) (+2ms) (45/46)
21:19:55   ▶ /_astro/Cheryl1.BA5--lqv_Z1xfPiP.webp (reused cache entry) (+2ms) (46/46)
21:19:55 ✓ Completed in 36ms.

21:19:55 [build] ✓ Completed in 6.23s.
21:19:55 [build] 58 page(s) built in 7.07s
21:19:55 [build] Complete!

> bsuk@0.1.0 postbuild
> python3 scripts/generate_sitemaps.py && python3 scripts/build_search_index.py

WARNING: SITE_URL not set — sitemaps carry https://SITE_URL_PLACEHOLDER
page      13
post      1
location  11
puppy     6
video     5
index: page-sitemap.xml, post-sitemap.xml, location-sitemap.xml, puppy-sitemap.xml, video-sitemap.xml
search index: 31 rows -> public/search-index.json and dist/search-index.json
  Blog 2, Location 11, Page 12, Puppy 6
  2 title(s) carry the former city verbatim from data/page-map.json (Known Issue 16; not rewritten here)
### EXIT 0 : npm run build
### STEP: npm run check:all

> bsuk@0.1.0 check:all
> npm run check:parity && npm run check:facts && npm run check:links && npm run check:verbatim && npm run check:redirects && npm run check:schema && npm run check:sitemaps && npm run check:placeholders && npm run check:markers && npm run agents


> bsuk@0.1.0 check:parity
> python3 scripts/migration_parity.py

# Migration parity

Built pages measured against what the extractor promised. `raw` is the old
`.entry-content` before the extractor's deliberate removals (dead WordPress forms,
the four sold pups' cards); `expected` is the same page after them; `built` is what
`article.prose-migrated` renders. Note that `raw` is itself measured after site
chrome and dead forms are stripped, so it slightly understates the WordPress body.
The gate compares expected → built with a 2% whitespace band; headings must match
exactly, embeds must never decrease, a built page missing its article scope fails,
and expected must keep at least 60% of raw's words. Pages listed in
`data/facts/rebuilt.json` are no longer migrated bodies and are skipped here:
`scripts/facts_preserved_check.py` is their gate.

| URL | words raw→expected→built | headings exp→built | images exp→built | embeds exp→built | cards removed | result |
| --- | --- | --- | --- | --- | --- | --- |
| /uk-locations/blue-staffies-newcastle-under-lyme/ | 5→5→5 | 0→0 | 0→0 | 0→0 | 0 | PASS |
| /uk-locations/blue-staffy-puppies-aberdeen/ | 476→443→443 | 10→10 | 0→0 | 0→0 | 4 | PASS (puppy-grid-emptied) |
| /uk-locations/blue-staffy-puppies-birmingham/ | 4→4→4 | 0→0 | 0→0 | 0→0 | 0 | PASS |
| /uk-locations/blue-staffy-puppies-bristol-uk/ | 0→0→0 | 0→0 | 0→0 | 0→0 | 0 | PASS |
| /uk-locations/blue-staffy-puppies-dundee/ | 463→430→430 | 10→10 | 0→0 | 0→0 | 4 | PASS (puppy-grid-emptied) |
| /uk-locations/blue-staffy-puppies-edinburgh/ | 485→452→452 | 10→10 | 0→0 | 0→0 | 4 | PASS (puppy-grid-emptied) |
| /uk-locations/blue-staffy-puppies-for-sale-in-leicester/ | 7→7→7 | 0→0 | 0→0 | 0→0 | 0 | PASS |
| /uk-locations/blue-staffy-puppies-for-sale-leeds/ | 0→0→0 | 0→0 | 0→0 | 0→0 | 0 | PASS |
| /uk-locations/blue-staffy-puppies-hull/ | 470→437→437 | 10→10 | 0→0 | 0→0 | 4 | PASS (puppy-grid-emptied) |
| /uk-locations/blue-staffy-puppies-inverness/ | 469→436→436 | 10→10 | 0→0 | 0→0 | 4 | PASS (puppy-grid-emptied) |
| /uk-locations/blue-staffy-puppies-london/ | 4→4→4 | 0→0 | 0→0 | 0→0 | 0 | PASS |
| /uk-locations/blue-staffy-puppies-manchester-uk/ | 5→5→5 | 0→0 | 0→0 | 0→0 | 0 | PASS |
| /uk-locations/blue-staffy-puppies-middlesbrough/ | 449→416→416 | 10→10 | 0→0 | 0→0 | 4 | PASS (puppy-grid-emptied) |
| /uk-locations/blue-staffy-puppies-oxford/ | 473→440→440 | 10→10 | 0→0 | 0→0 | 4 | PASS (puppy-grid-emptied) |
| /uk-locations/blue-staffy-puppies-south-yorkshire/ | 0→0→0 | 0→0 | 0→0 | 0→0 | 0 | PASS |
| /uk-locations/blue-staffy-puppies-sunderland/ | 464→431→431 | 10→10 | 0→0 | 0→0 | 4 | PASS (puppy-grid-emptied) |
| /uk-locations/blue-staffy-puppies-uk/ | 2112→1767→1767 | 29→29 | 11→11 | 0→0 | 4 | PASS |
| /uk-locations/blue-staffy-puppies-york/ | 474→441→441 | 10→10 | 0→0 | 0→0 | 4 | PASS (puppy-grid-emptied) |
| /uk-locations/buy-blue-staffy-puppy-coventry-area/ | 0→0→0 | 0→0 | 0→0 | 0→0 | 0 | PASS |
| /uk-locations/staffy-breeding-dogs-glasgow/ | 1853→1508→1508 | 19→19 | 4→4 | 1→1 | 4 | PASS |
| /uk-locations/staffy-puppies-cardiff-wales/ | 4→4→4 | 0→0 | 0→0 | 0→0 | 0 | PASS |
| /uk-locations/staffy-puppies-for-sale-cornwall/ | 0→0→0 | 0→0 | 0→0 | 0→0 | 0 | PASS |
| /uk-locations/staffy-puppies-for-sale-essex/ | 0→0→0 | 0→0 | 0→0 | 0→0 | 0 | PASS |
| /uk-locations/staffy-puppies-for-sale-glasgow/ | 5→5→5 | 0→0 | 0→0 | 0→0 | 0 | PASS |
| /uk-locations/staffy-puppies-for-sale-liverpool/ | 5→5→5 | 0→0 | 0→0 | 0→0 | 0 | PASS |
| /uk-locations/staffy-puppies-for-sale-nottingham/ | 5→5→5 | 0→0 | 0→0 | 0→0 | 0 | PASS |
| /uk-locations/staffy-puppies-wolverhampton/ | 3→3→3 | 0→0 | 0→0 | 0→0 | 0 | PASS |
| /uk-locations/uk-staffordshire-bull-terrier-breeder/ | 0→0→0 | 0→0 | 0→0 | 0→0 | 0 | PASS |

examined 28 pages, 0 failing, skipped 12 rebuilt

examined 28 pages, 0 failing, skipped 12 rebuilt

> bsuk@0.1.0 check:facts
> python3 scripts/facts_preserved_check.py --check

examined 12 rebuilt pages; 0 problems

> bsuk@0.1.0 check:links
> python3 scripts/link_parity_check.py --check

examined 12 rebuilt page(s), 196 distinct body link(s); 0 problems

> bsuk@0.1.0 check:verbatim
> python3 scripts/verbatim_set_check.py --check

index: examined 67 elements; 15 changed; 0 missing
blue-staffy-pup-sale-uk: examined 26 elements; 9 changed; 0 missing
buy-blue-staffy-puppies-uk: examined 46 elements; 15 changed; 0 missing
buy-staffy-puppies-for-sale-uk: examined 91 elements; 48 changed; 0 missing
blue-staffy-uk-breeders: examined 38 elements; 20 changed; 0 missing
blue-staffy-health-uk: examined 77 elements; 21 changed; 0 missing
uk-staffordshire-bull-terrier-guide: examined 62 elements; 9 changed; 0 missing
uk-blue-staffy-puppy-buying-guide: examined 96 elements; 42 changed; 0 missing
blue-staffy-blog-guides: examined 4 elements; 2 changed; 0 missing
examined 9 applicable pages; 0 problems

> bsuk@0.1.0 check:redirects
> python3 scripts/redirect_check.py

# Redirects and internal links

Every concrete redirect must reach a live page in exactly one hop; wildcard and
placeholder rules have only their target checked. Every root-relative reference in
every built page must resolve; one that resolves only *through* a redirect is
reported as a warning, since Foundation keeps two legacy in-body links verbatim and
the fix belongs in the extractor's rewrite map, not in generated HTML. WordPress
leftovers fail outright; `SITE_URL_PLACEHOLDER` is counted only, as it is expected
until the launch domain is set.

## Problems

None.


## Redirected references (warning)

None.

SITE_URL_PLACEHOLDER occurrences: 708 (expected until launch)

examined 18 redirects, 2140 internal refs (distinct per page); 0 redirected refs; 0 problems

examined 18 redirects, 2140 internal refs (distinct per page); 0 redirected refs; 0 problems

> bsuk@0.1.0 check:schema
> python3 scripts/schema_check.py

# Structured data

Every `application/ld+json` block in every built page. Blocking: a block that does
not parse, a `telephone` still holding PHONE_PLACEHOLDER, `InStock` on anything but
an available puppy's page, an `@id` reference no node on the page defines, a Product
with no `offers`, and an Offer stating price without priceCurrency (or the reverse).
An Offer stating neither is a bare availability statement and is left alone.
Advisory: duplicate sitewide nodes, empty `url`, a WebPage with no `name`, and the
InStock URL quoted outside any Offer node.

## Blocking

None.


## Advisory

None.


examined 58 pages; 0 blocking, 0 advisory

examined 58 pages; 0 blocking, 0 advisory

> bsuk@0.1.0 check:sitemaps
> python3 scripts/sitemap_check.py

WARNING: SITE_URL not set — auditing against https://SITE_URL_PLACEHOLDER
# Sitemaps

Every indexable built page appears in exactly one URL shard; `video-sitemap.xml` is
supplementary and excluded from that count. Every `<loc>` must be a built page (or a
served asset) that is not `noindex`, must start with the site base, and must not
repeat within its shard. The index must list every shard in dist/ and nothing else,
and robots.txt must point at exactly `<base>/sitemap_index.xml`. A built page that
carries a YouTube embed must also appear in `video-sitemap.xml`.

## Problems

None.


## Shards

| shard | urls |
| --- | --- |
| location-sitemap.xml | 11 |
| page-sitemap.xml | 13 |
| post-sitemap.xml | 1 |
| puppy-sitemap.xml | 6 |
| video-sitemap.xml | 5 |

31 of 58 built pages are indexable; each must appear in exactly one URL shard.

examined 58 built pages, 5 shards, 36 sitemap urls; 0 problems

examined 58 built pages, 5 shards, 36 sitemap urls; 0 problems

> bsuk@0.1.0 check:placeholders
> python3 scripts/placeholder_check.py

# Placeholders (pre-launch build)
  SITE_URL_PLACEHOLDER      1046 occurrence(s) in 122 file(s)
  PHONE_PLACEHOLDER           22 occurrence(s) in 14 file(s)
  FORMSPREE_ID_PLACEHOLDER     0 occurrence(s) in 0 file(s)
  LICENCE_CLAIM_PLACEHOLDER   536 occurrence(s) in 74 file(s)
  LEGAL_CLAIM_PLACEHOLDER    144 occurrence(s) in 70 file(s)
  REVIEW_PLACEHOLDER           0 occurrence(s) in 0 file(s)
  TOTAL                     1748
placeholders: 1748 (advisory — set BSUK_RELEASE=1 to make this blocking)

> bsuk@0.1.0 check:markers
> python3 scripts/marker_check.py

examined 259 files; 0 problems

> bsuk@0.1.0 agents
> python3 scripts/build_agent_registry.py --check

examined 36 agents; 0 problems
### EXIT 0 : npm run check:all
### STEP: npm run test:py

> bsuk@0.1.0 test:py
> python3 -m pytest tests/py -q

........................................................................ [  4%]
........................................................................ [  8%]
........................................................................ [ 12%]
........................................................................ [ 16%]
........................................................................ [ 20%]
........................................................................ [ 25%]
........x..............................................s..sssss.sssssss. [ 29%]
........................................................................ [ 33%]
........................................................................ [ 37%]
........................................................................ [ 41%]
........................................................................ [ 46%]
........................................................................ [ 50%]
........................................................................ [ 54%]
........................................................................ [ 58%]
........................................................................ [ 62%]
........................................................................ [ 67%]
........................................................................ [ 71%]
........................................................................ [ 75%]
........................................................................ [ 79%]
........................................................................ [ 83%]
........................................................................ [ 88%]
........................................................................ [ 92%]
........................................................................ [ 96%]
.............................................................            [100%]
=============================== warnings summary ===============================
tests/py/test_extract_blog.py: 38 warnings
tests/py/test_extract_core.py: 6 warnings
tests/py/test_extract_writers.py: 43 warnings
tests/py/test_facts_preserved.py: 6 warnings
tests/py/test_images.py: 8 warnings
tests/py/test_old_pups.py: 32 warnings
tests/py/test_parity.py: 19 warnings
  /Users/apple/Library/Python/3.9/lib/python/site-packages/bs4/builder/_lxml.py:124: DeprecationWarning: The 'strip_cdata' option of HTMLParser() has never done anything and will eventually be removed.
    parser = parser(

-- Docs: https://docs.pytest.org/en/stable/how-to/capture-warnings.html
1703 passed, 13 skipped, 1 xfailed, 152 warnings in 117.45s (0:01:57)
### EXIT 0 : npm run test:py
### STEP: npm run test:render:meta

> bsuk@0.1.0 test:render:meta
> playwright test -c tests/render/playwright.config.ts meta.spec.ts


Running 408 tests using 2 workers

  ✓    1 [vp768] › tests/render/meta.spec.ts:59:1 › the registry is not empty (9ms)
  ✓    2 [vp375] › tests/render/meta.spec.ts:59:1 › the registry is not empty (9ms)
[WebServer] 127.0.0.1 - - [22/Sep/2026 21:22:18] "GET /tests/render/fixtures/known_broken/form-inquiry-contract.html HTTP/1.1" 200 -
[WebServer] 127.0.0.1 - - [22/Sep/2026 21:22:18] "GET /tests/render/fixtures/known_broken/form-inquiry-contract.html HTTP/1.1" 200 -
  ✓    3 [vp768] › tests/render/meta.spec.ts:96:5 › form-inquiry-contract [FORM] › fires on the known_broken fixture (917ms)
  ✓    4 [vp375] › tests/render/meta.spec.ts:96:5 › form-inquiry-contract [FORM] › fires on the known_broken fixture (912ms)
[WebServer] 127.0.0.1 - - [22/Sep/2026 21:22:19] "GET /tests/render/fixtures/known_good/form-inquiry-contract.html HTTP/1.1" 200 -
[WebServer] 127.0.0.1 - - [22/Sep/2026 21:22:19] "GET /tests/render/fixtures/known_good/form-inquiry-contract.html HTTP/1.1" 200 -
  ✓    5 [vp768] › tests/render/meta.spec.ts:112:5 › form-inquiry-contract [FORM] › is silent on the known_good fixture (291ms)
  ✓    6 [vp375] › tests/render/meta.spec.ts:112:5 › form-inquiry-contract [FORM] › is silent on the known_good fixture (330ms)
[WebServer] 127.0.0.1 - - [22/Sep/2026 21:22:19] "GET /tests/render/fixtures/known_broken/layout-no-horizontal-overflow.html HTTP/1.1" 200 -
[WebServer] 127.0.0.1 - - [22/Sep/2026 21:22:19] "GET /tests/render/fixtures/known_broken/layout-no-horizontal-overflow.html HTTP/1.1" 200 -
  ✓    7 [vp768] › tests/render/meta.spec.ts:96:5 › layout-no-horizontal-overflow [LAYOUT] › fires on the known_broken fixture (213ms)
  ✓    8 [vp375] › tests/render/meta.spec.ts:96:5 › layout-no-horizontal-overflow [LAYOUT] › fires on the known_broken fixture (271ms)
[WebServer] 127.0.0.1 - - [22/Sep/2026 21:22:19] "GET /tests/render/fixtures/known_good/layout-no-horizontal-overflow.html HTTP/1.1" 200 -
[WebServer] 127.0.0.1 - - [22/Sep/2026 21:22:19] "GET /tests/render/fixtures/known_good/layout-no-horizontal-overflow.html HTTP/1.1" 200 -
  ✓   10 [vp375] › tests/render/meta.spec.ts:112:5 › layout-no-horizontal-overflow [LAYOUT] › is silent on the known_good fixture (224ms)
  ✓    9 [vp768] › tests/render/meta.spec.ts:112:5 › layout-no-horizontal-overflow [LAYOUT] › is silent on the known_good fixture (198ms)
[WebServer] 127.0.0.1 - - [22/Sep/2026 21:22:20] "GET /tests/render/fixtures/known_broken/layout-min-font-size.html HTTP/1.1" 200 -
[WebServer] 127.0.0.1 - - [22/Sep/2026 21:22:20] "GET /tests/render/fixtures/known_broken/layout-min-font-size.html HTTP/1.1" 200 -
  ✓   11 [vp375] › tests/render/meta.spec.ts:96:5 › layout-min-font-size [LAYOUT] › fires on the known_broken fixture (275ms)
  ✓   12 [vp768] › tests/render/meta.spec.ts:96:5 › layout-min-font-size [LAYOUT] › fires on the known_broken fixture (273ms)
[WebServer] 127.0.0.1 - - [22/Sep/2026 21:22:20] "GET /tests/render/fixtures/known_good/layout-min-font-size.html HTTP/1.1" 200 -
[WebServer] 127.0.0.1 - - [22/Sep/2026 21:22:20] "GET /tests/render/fixtures/known_good/layout-min-font-size.html HTTP/1.1" 200 -
  ✓   14 [vp768] › tests/render/meta.spec.ts:112:5 › layout-min-font-size [LAYOUT] › is silent on the known_good fixture (345ms)
  ✓   13 [vp375] › tests/render/meta.spec.ts:112:5 › layout-min-font-size [LAYOUT] › is silent on the known_good fixture (334ms)
[WebServer] 127.0.0.1 - - [22/Sep/2026 21:22:20] "GET /tests/render/fixtures/known_broken/layout-tap-target-size.html HTTP/1.1" 200 -
  ✓   16 [vp375] › tests/render/meta.spec.ts:96:5 › layout-tap-target-size [LAYOUT] › fires on the known_broken fixture (179ms)
[WebServer] 127.0.0.1 - - [22/Sep/2026 21:22:20] "GET /tests/render/fixtures/known_broken/layout-tap-target-size.html HTTP/1.1" 200 -
[WebServer] 127.0.0.1 - - [22/Sep/2026 21:22:21] "GET /tests/render/fixtures/known_good/layout-tap-target-size.html HTTP/1.1" 200 -
  ✓   15 [vp768] › tests/render/meta.spec.ts:96:5 › layout-tap-target-size [LAYOUT] › fires on the known_broken fixture (298ms)
  ✓   17 [vp375] › tests/render/meta.spec.ts:112:5 › layout-tap-target-size [LAYOUT] › is silent on the known_good fixture (210ms)
[WebServer] 127.0.0.1 - - [22/Sep/2026 21:22:21] "GET /tests/render/fixtures/known_good/layout-tap-target-size.html HTTP/1.1" 200 -
[WebServer] 127.0.0.1 - - [22/Sep/2026 21:22:21] "GET /tests/render/fixtures/known_broken/layout-hero-counter-separation.html HTTP/1.1" 200 -
  ✓   18 [vp768] › tests/render/meta.spec.ts:112:5 › layout-tap-target-size [LAYOUT] › is silent on the known_good fixture (211ms)
  ✓   19 [vp375] › tests/render/meta.spec.ts:96:5 › layout-hero-counter-separation [LAYOUT] › fires on the known_broken fixture (303ms)
[WebServer] 127.0.0.1 - - [22/Sep/2026 21:22:21] "GET /tests/render/fixtures/known_broken/layout-hero-counter-separation.html HTTP/1.1" 200 -
  ✓   20 [vp768] › tests/render/meta.spec.ts:96:5 › layout-hero-counter-separation [LAYOUT] › fires on the known_broken fixture (164ms)
[WebServer] 127.0.0.1 - - [22/Sep/2026 21:22:21] "GET /tests/render/fixtures/known_good/layout-hero-counter-separation.html HTTP/1.1" 200 -
[WebServer] 127.0.0.1 - - [22/Sep/2026 21:22:21] "GET /tests/render/fixtures/known_good/layout-hero-counter-separation.html HTTP/1.1" 200 -
  ✓   21 [vp375] › tests/render/meta.spec.ts:112:5 › layout-hero-counter-separation [LAYOUT] › is silent on the known_good fixture (333ms)
  ✓   22 [vp768] › tests/render/meta.spec.ts:112:5 › layout-hero-counter-separation [LAYOUT] › is silent on the known_good fixture (293ms)
[WebServer] 127.0.0.1 - - [22/Sep/2026 21:22:22] "GET /tests/render/fixtures/known_broken/layout-h3-image-first.html HTTP/1.1" 200 -
[WebServer] 127.0.0.1 - - [22/Sep/2026 21:22:22] "GET /tests/render/fixtures/known_broken/layout-h3-image-first.html HTTP/1.1" 200 -
  ✓   23 [vp375] › tests/render/meta.spec.ts:96:5 › layout-h3-image-first [LAYOUT] › fires on the known_broken fixture (240ms)
  ✓   24 [vp768] › tests/render/meta.spec.ts:96:5 › layout-h3-image-first [LAYOUT] › fires on the known_broken fixture (289ms)
[WebServer] 127.0.0.1 - - [22/Sep/2026 21:22:22] "GET /tests/render/fixtures/known_good/layout-h3-image-first.html HTTP/1.1" 200 -
[WebServer] 127.0.0.1 - - [22/Sep/2026 21:22:22] "GET /tests/render/fixtures/known_good/layout-h3-image-first.html HTTP/1.1" 200 -
  ✓   26 [vp768] › tests/render/meta.spec.ts:112:5 › layout-h3-image-first [LAYOUT] › is silent on the known_good fixture (235ms)
  ✓   25 [vp375] › tests/render/meta.spec.ts:112:5 › layout-h3-image-first [LAYOUT] › is silent on the known_good fixture (274ms)
[WebServer] 127.0.0.1 - - [22/Sep/2026 21:22:22] "GET /tests/render/fixtures/known_broken/layout-image-box-reserved.html HTTP/1.1" 200 -
[WebServer] 127.0.0.1 - - [22/Sep/2026 21:22:22] "GET /tests/render/fixtures/assets/wide-1600.png HTTP/1.1" 200 -
[WebServer] 127.0.0.1 - - [22/Sep/2026 21:22:22] "GET /tests/render/fixtures/known_broken/layout-image-box-reserved.html HTTP/1.1" 200 -
[WebServer] 127.0.0.1 - - [22/Sep/2026 21:22:22] "GET /tests/render/fixtures/assets/wide-1600.png HTTP/1.1" 200 -
[WebServer] 127.0.0.1 - - [22/Sep/2026 21:22:22] code 404, message File not found
[WebServer] 127.0.0.1 - - [22/Sep/2026 21:22:22] "GET /__bsuk_pending_image__/0.webp HTTP/1.1" 404 -
[WebServer] 127.0.0.1 - - [22/Sep/2026 21:22:22] code 404, message File not found
[WebServer] 127.0.0.1 - - [22/Sep/2026 21:22:22] "GET /__bsuk_pending_image__/0.webp HTTP/1.1" 404 -
  ✓   28 [vp375] › tests/render/meta.spec.ts:96:5 › layout-image-box-reserved [LAYOUT] › fires on the known_broken fixture (348ms)
  ✓   27 [vp768] › tests/render/meta.spec.ts:96:5 › layout-image-box-reserved [LAYOUT] › fires on the known_broken fixture (366ms)
[WebServer] 127.0.0.1 - - [22/Sep/2026 21:22:23] "GET /tests/render/fixtures/known_good/layout-image-box-reserved.html HTTP/1.1" 200 -
[WebServer] 127.0.0.1 - - [22/Sep/2026 21:22:23] "GET /tests/render/fixtures/known_good/layout-image-box-reserved.html HTTP/1.1" 200 -
[WebServer] 127.0.0.1 - - [22/Sep/2026 21:22:23] "GET /tests/render/fixtures/assets/wide-1600.png HTTP/1.1" 200 -
[WebServer] 127.0.0.1 - - [22/Sep/2026 21:22:23] "GET /tests/render/fixtures/assets/wide-1600.png HTTP/1.1" 200 -
[WebServer] 127.0.0.1 - - [22/Sep/2026 21:22:23] code 404, message File not found
[WebServer] 127.0.0.1 - - [22/Sep/2026 21:22:23] "GET /__bsuk_pending_image__/0.webp HTTP/1.1" 404 -
  ✓   29 [vp375] › tests/render/meta.spec.ts:112:5 › layout-image-box-reserved [LAYOUT] › is silent on the known_good fixture (307ms)
[WebServer] 127.0.0.1 - - [22/Sep/2026 21:22:23] code 404, message File not found
[WebServer] 127.0.0.1 - - [22/Sep/2026 21:22:23] "GET /__bsuk_pending_image__/0.webp HTTP/1.1" 404 -
  ✓   30 [vp768] › tests/render/meta.spec.ts:112:5 › layout-image-box-reserved [LAYOUT] › is silent on the known_good fixture (346ms)
[WebServer] 127.0.0.1 - - [22/Sep/2026 21:22:23] "GET /tests/render/fixtures/known_broken/layout-table-stacks-on-mobile.html HTTP/1.1" 200 -
[WebServer] 127.0.0.1 - - [22/Sep/2026 21:22:23] "GET /tests/render/fixtures/known_broken/layout-table-stacks-on-mobile.html HTTP/1.1" 200 -
  ✓   31 [vp375] › tests/render/meta.spec.ts:96:5 › layout-table-stacks-on-mobile [LAYOUT] › fires on the known_broken fixture (244ms)
  ✓   32 [vp768] › tests/render/meta.spec.ts:96:5 › layout-table-stacks-on-mobile [LAYOUT] › fires on the known_broken fixture (325ms)
[WebServer] 127.0.0.1 - - [22/Sep/2026 21:22:23] "GET /tests/render/fixtures/known_good/layout-table-stacks-on-mobile.html HTTP/1.1" 200 -
  ✓   33 [vp375] › tests/render/meta.spec.ts:112:5 › layout-table-stacks-on-mobile [LAYOUT] › is silent on the known_good fixture (211ms)
[WebServer] 127.0.0.1 - - [22/Sep/2026 21:22:23] "GET /tests/render/fixtures/known_good/layout-table-stacks-on-mobile.html HTTP/1.1" 200 -
  ✓   34 [vp768] › tests/render/meta.spec.ts:112:5 › layout-table-stacks-on-mobile [LAYOUT] › is silent on the known_good fixture (218ms)
[WebServer] 127.0.0.1 - - [22/Sep/2026 21:22:24] "GET /tests/render/fixtures/known_broken/hero-aside-no-clip.html HTTP/1.1" 200 -
[WebServer] 127.0.0.1 - - [22/Sep/2026 21:22:24] "GET /tests/render/fixtures/known_broken/hero-aside-no-clip.html HTTP/1.1" 200 -
  ✓   35 [vp375] › tests/render/meta.spec.ts:96:5 › hero-aside-no-clip [LAYOUT] › fires on the known_broken fixture (664ms)
  ✓   36 [vp768] › tests/render/meta.spec.ts:96:5 › hero-aside-no-clip [LAYOUT] › fires on the known_broken fixture (541ms)
[WebServer] 127.0.0.1 - - [22/Sep/2026 21:22:24] "GET /tests/render/fixtures/known_good/hero-aside-no-clip.html HTTP/1.1" 200 -
[WebServer] 127.0.0.1 - - [22/Sep/2026 21:22:24] "GET /tests/render/fixtures/known_good/hero-aside-no-clip.html HTTP/1.1" 200 -
  ✓   37 [vp375] › tests/render/meta.spec.ts:112:5 › hero-aside-no-clip [LAYOUT] › is silent on the known_good fixture (460ms)
  ✓   38 [vp768] › tests/render/meta.spec.ts:112:5 › hero-aside-no-clip [LAYOUT] › is silent on the known_good fixture (492ms)
[WebServer] 127.0.0.1 - - [22/Sep/2026 21:22:25] "GET /tests/render/fixtures/known_broken/img-srcset-within-2x.html HTTP/1.1" 200 -
[WebServer] 127.0.0.1 - - [22/Sep/2026 21:22:25] "GET /tests/render/fixtures/assets/wide-1600.png HTTP/1.1" 200 -
[WebServer] 127.0.0.1 - - [22/Sep/2026 21:22:25] "GET /tests/render/fixtures/known_broken/img-srcset-within-2x.html HTTP/1.1" 200 -
[WebServer] 127.0.0.1 - - [22/Sep/2026 21:22:25] "GET /tests/render/fixtures/assets/wide-1600.png HTTP/1.1" 200 -
  ✓   39 [vp375] › tests/render/meta.spec.ts:96:5 › img-srcset-within-2x [IMG] › fires on the known_broken fixture (367ms)
[WebServer] 127.0.0.1 - - [22/Sep/2026 21:22:25] "GET /tests/render/fixtures/known_good/img-srcset-within-2x.html HTTP/1.1" 200 -
[WebServer] 127.0.0.1 - - [22/Sep/2026 21:22:25] "GET /tests/render/fixtures/assets/narrow-400.png HTTP/1.1" 200 -
  ✓   40 [vp768] › tests/render/meta.spec.ts:96:5 › img-srcset-within-2x [IMG] › fires on the known_broken fixture (364ms)
[WebServer] 127.0.0.1 - - [22/Sep/2026 21:22:25] "GET /tests/render/fixtures/known_good/img-srcset-within-2x.html HTTP/1.1" 200 -
[WebServer] 127.0.0.1 - - [22/Sep/2026 21:22:25] "GET /tests/render/fixtures/assets/narrow-400.png HTTP/1.1" 200 -
  ✓   41 [vp375] › tests/render/meta.spec.ts:112:5 › img-srcset-within-2x [IMG] › is silent on the known_good fixture (358ms)
[WebServer] 127.0.0.1 - - [22/Sep/2026 21:22:25] "GET /tests/render/fixtures/known_broken/img-alt-present-and-unique.html HTTP/1.1" 200 -
[WebServer] 127.0.0.1 - - [22/Sep/2026 21:22:25] "GET /tests/render/fixtures/assets/narrow-400.png HTTP/1.1" 200 -
  ✓   42 [vp768] › tests/render/meta.spec.ts:112:5 › img-srcset-within-2x [IMG] › is silent on the known_good fixture (345ms)
[WebServer] 127.0.0.1 - - [22/Sep/2026 21:22:25] "GET /tests/render/fixtures/known_broken/img-alt-present-and-unique.html HTTP/1.1" 200 -
[WebServer] 127.0.0.1 - - [22/Sep/2026 21:22:25] "GET /tests/render/fixtures/assets/narrow-400.png HTTP/1.1" 200 -
  ✓   43 [vp375] › tests/render/meta.spec.ts:96:5 › img-alt-present-and-unique [IMG] › fires on the known_broken fixture (372ms)
  ✓   44 [vp768] › tests/render/meta.spec.ts:96:5 › img-alt-present-and-unique [IMG] › fires on the known_broken fixture (358ms)
[WebServer] 127.0.0.1 - - [22/Sep/2026 21:22:26] "GET /tests/render/fixtures/known_good/img-alt-present-and-unique.html HTTP/1.1" 200 -
[WebServer] 127.0.0.1 - - [22/Sep/2026 21:22:26] "GET /tests/render/fixtures/assets/narrow-400.png HTTP/1.1" 200 -
[WebServer] 127.0.0.1 - - [22/Sep/2026 21:22:26] "GET /tests/render/fixtures/known_good/img-alt-present-and-unique.html HTTP/1.1" 200 -
[WebServer] 127.0.0.1 - - [22/Sep/2026 21:22:26] "GET /tests/render/fixtures/assets/narrow-400.png HTTP/1.1" 200 -
  ✓   45 [vp375] › tests/render/meta.spec.ts:112:5 › img-alt-present-and-unique [IMG] › is silent on the known_good fixture (418ms)
  ✓   46 [vp768] › tests/render/meta.spec.ts:112:5 › img-alt-present-and-unique [IMG] › is silent on the known_good fixture (387ms)
[WebServer] 127.0.0.1 - - [22/Sep/2026 21:22:26] "GET /tests/render/fixtures/known_broken/img-sizes-matches-box.html HTTP/1.1" 200 -
[WebServer] 127.0.0.1 - - [22/Sep/2026 21:22:26] "GET /tests/render/fixtures/assets/wide-1600.png HTTP/1.1" 200 -
[WebServer] 127.0.0.1 - - [22/Sep/2026 21:22:26] "GET /tests/render/fixtures/known_broken/img-sizes-matches-box.html HTTP/1.1" 200 -
[WebServer] 127.0.0.1 - - [22/Sep/2026 21:22:26] "GET /tests/render/fixtures/assets/wide-1600.png HTTP/1.1" 200 -
  ✓   47 [vp375] › tests/render/meta.spec.ts:96:5 › img-sizes-matches-box [IMG] › fires on the known_broken fixture (420ms)
[WebServer] 127.0.0.1 - - [22/Sep/2026 21:22:27] "GET /tests/render/fixtures/known_good/img-sizes-matches-box.html HTTP/1.1" 200 -
[WebServer] 127.0.0.1 - - [22/Sep/2026 21:22:27] "GET /tests/render/fixtures/assets/narrow-400.png HTTP/1.1" 200 -
  ✓   48 [vp768] › tests/render/meta.spec.ts:96:5 › img-sizes-matches-box [IMG] › fires on the known_broken fixture (441ms)
[WebServer] 127.0.0.1 - - [22/Sep/2026 21:22:27] "GET /tests/render/fixtures/known_good/img-sizes-matches-box.html HTTP/1.1" 200 -
[WebServer] 127.0.0.1 - - [22/Sep/2026 21:22:27] "GET /tests/render/fixtures/assets/narrow-400.png HTTP/1.1" 200 -
  ✓   49 [vp375] › tests/render/meta.spec.ts:112:5 › img-sizes-matches-box [IMG] › is silent on the known_good fixture (356ms)
[WebServer] 127.0.0.1 - - [22/Sep/2026 21:22:27] "GET /tests/render/fixtures/known_broken/nav-anchors-resolve.html HTTP/1.1" 200 -
  ✓   50 [vp768] › tests/render/meta.spec.ts:112:5 › img-sizes-matches-box [IMG] › is silent on the known_good fixture (364ms)
  ✓   51 [vp375] › tests/render/meta.spec.ts:96:5 › nav-anchors-resolve [NAV] › fires on the known_broken fixture (192ms)
[WebServer] 127.0.0.1 - - [22/Sep/2026 21:22:27] "GET /tests/render/fixtures/known_broken/nav-anchors-resolve.html HTTP/1.1" 200 -
[WebServer] 127.0.0.1 - - [22/Sep/2026 21:22:27] "GET /tests/render/fixtures/known_good/nav-anchors-resolve.html HTTP/1.1" 200 -
  ✓   52 [vp768] › tests/render/meta.spec.ts:96:5 › nav-anchors-resolve [NAV] › fires on the known_broken fixture (347ms)
  ✓   53 [vp375] › tests/render/meta.spec.ts:112:5 › nav-anchors-resolve [NAV] › is silent on the known_good fixture (322ms)
[WebServer] 127.0.0.1 - - [22/Sep/2026 21:22:27] "GET /tests/render/fixtures/known_good/nav-anchors-resolve.html HTTP/1.1" 200 -
  ✓   54 [vp768] › tests/render/meta.spec.ts:112:5 › nav-anchors-resolve [NAV] › is silent on the known_good fixture (188ms)
[WebServer] 127.0.0.1 - - [22/Sep/2026 21:22:28] "GET /tests/render/fixtures/known_broken/nav-jump-target-lands.html HTTP/1.1" 200 -
[WebServer] 127.0.0.1 - - [22/Sep/2026 21:22:28] "GET /tests/render/fixtures/known_broken/nav-jump-target-lands.html HTTP/1.1" 200 -
  ✓   55 [vp375] › tests/render/meta.spec.ts:96:5 › nav-jump-target-lands [NAV] › fires on the known_broken fixture (1.9s)
  ✓   56 [vp768] › tests/render/meta.spec.ts:96:5 › nav-jump-target-lands [NAV] › fires on the known_broken fixture (1.8s)
[WebServer] 127.0.0.1 - - [22/Sep/2026 21:22:29] "GET /tests/render/fixtures/known_good/nav-jump-target-lands.html HTTP/1.1" 200 -
[WebServer] 127.0.0.1 - - [22/Sep/2026 21:22:29] "GET /tests/render/fixtures/known_good/nav-jump-target-lands.html HTTP/1.1" 200 -
  ✓   57 [vp375] › tests/render/meta.spec.ts:112:5 › nav-jump-target-lands [NAV] › is silent on the known_good fixture (2.0s)
  ✓   58 [vp768] › tests/render/meta.spec.ts:112:5 › nav-jump-target-lands [NAV] › is silent on the known_good fixture (2.0s)
[WebServer] 127.0.0.1 - - [22/Sep/2026 21:22:31] "GET /tests/render/fixtures/known_broken/nav-bottom-chrome-clear.html HTTP/1.1" 200 -
[WebServer] 127.0.0.1 - - [22/Sep/2026 21:22:31] "GET /tests/render/fixtures/known_broken/nav-bottom-chrome-clear.html HTTP/1.1" 200 -
  ✓   59 [vp375] › tests/render/meta.spec.ts:96:5 › nav-bottom-chrome-clear [NAV] › fires on the known_broken fixture (244ms)
  ✓   60 [vp768] › tests/render/meta.spec.ts:96:5 › nav-bottom-chrome-clear [NAV] › fires on the known_broken fixture (278ms)
[WebServer] 127.0.0.1 - - [22/Sep/2026 21:22:32] "GET /tests/render/fixtures/known_good/nav-bottom-chrome-clear.html HTTP/1.1" 200 -
[WebServer] 127.0.0.1 - - [22/Sep/2026 21:22:32] "GET /tests/render/fixtures/known_good/nav-bottom-chrome-clear.html HTTP/1.1" 200 -
  ✓   61 [vp375] › tests/render/meta.spec.ts:112:5 › nav-bottom-chrome-clear [NAV] › is silent on the known_good fixture (230ms)
  ✓   62 [vp768] › tests/render/meta.spec.ts:112:5 › nav-bottom-chrome-clear [NAV] › is silent on the known_good fixture (253ms)
[WebServer] 127.0.0.1 - - [22/Sep/2026 21:22:32] "GET /tests/render/fixtures/known_broken/sem-heading-order.html HTTP/1.1" 200 -
  ✓   63 [vp375] › tests/render/meta.spec.ts:96:5 › sem-heading-order [SEM] › fires on the known_broken fixture (165ms)
[WebServer] 127.0.0.1 - - [22/Sep/2026 21:22:32] "GET /tests/render/fixtures/known_broken/sem-heading-order.html HTTP/1.1" 200 -
  ✓   64 [vp768] › tests/render/meta.spec.ts:96:5 › sem-heading-order [SEM] › fires on the known_broken fixture (260ms)
[WebServer] 127.0.0.1 - - [22/Sep/2026 21:22:32] "GET /tests/render/fixtures/known_good/sem-heading-order.html HTTP/1.1" 200 -
  ✓   65 [vp375] › tests/render/meta.spec.ts:112:5 › sem-heading-order [SEM] › is silent on the known_good fixture (213ms)
[WebServer] 127.0.0.1 - - [22/Sep/2026 21:22:32] "GET /tests/render/fixtures/known_good/sem-heading-order.html HTTP/1.1" 200 -
  ✓   66 [vp768] › tests/render/meta.spec.ts:112:5 › sem-heading-order [SEM] › is silent on the known_good fixture (213ms)
[WebServer] 127.0.0.1 - - [22/Sep/2026 21:22:32] "GET /tests/render/fixtures/known_broken/sem-all-six-levels.html HTTP/1.1" 200 -
  ✓   67 [vp375] › tests/render/meta.spec.ts:96:5 › sem-all-six-levels [SEM] › fires on the known_broken fixture (211ms)
[WebServer] 127.0.0.1 - - [22/Sep/2026 21:22:33] "GET /tests/render/fixtures/known_broken/sem-all-six-levels.html HTTP/1.1" 200 -
[WebServer] 127.0.0.1 - - [22/Sep/2026 21:22:33] "GET /tests/render/fixtures/known_good/sem-all-six-levels.html HTTP/1.1" 200 -
  ✓   68 [vp768] › tests/render/meta.spec.ts:96:5 › sem-all-six-levels [SEM] › fires on the known_broken fixture (229ms)
  ✓   69 [vp375] › tests/render/meta.spec.ts:112:5 › sem-all-six-levels [SEM] › is silent on the known_good fixture (215ms)
[WebServer] 127.0.0.1 - - [22/Sep/2026 21:22:33] "GET /tests/render/fixtures/known_good/sem-all-six-levels.html HTTP/1.1" 200 -
[WebServer] 127.0.0.1 - - [22/Sep/2026 21:22:33] "GET /tests/render/fixtures/known_broken/sem-title-case-headings.html HTTP/1.1" 200 -
  ✓   70 [vp768] › tests/render/meta.spec.ts:112:5 › sem-all-six-levels [SEM] › is silent on the known_good fixture (210ms)
  ✓   71 [vp375] › tests/render/meta.spec.ts:96:5 › sem-title-case-headings [SEM] › fires on the known_broken fixture (235ms)
[WebServer] 127.0.0.1 - - [22/Sep/2026 21:22:33] "GET /tests/render/fixtures/known_broken/sem-title-case-headings.html HTTP/1.1" 200 -
  ✓   72 [vp768] › tests/render/meta.spec.ts:96:5 › sem-title-case-headings [SEM] › fires on the known_broken fixture (171ms)
[WebServer] 127.0.0.1 - - [22/Sep/2026 21:22:33] "GET /tests/render/fixtures/known_good/sem-title-case-headings.html HTTP/1.1" 200 -
  ✓   73 [vp375] › tests/render/meta.spec.ts:112:5 › sem-title-case-headings [SEM] › is silent on the known_good fixture (297ms)
[WebServer] 127.0.0.1 - - [22/Sep/2026 21:22:33] "GET /tests/render/fixtures/known_good/sem-title-case-headings.html HTTP/1.1" 200 -
[WebServer] 127.0.0.1 - - [22/Sep/2026 21:22:33] "GET /tests/render/fixtures/known_broken/sem-section-opening-paragraph.html HTTP/1.1" 200 -
  ✓   74 [vp768] › tests/render/meta.spec.ts:112:5 › sem-title-case-headings [SEM] › is silent on the known_good fixture (362ms)
  ✓   75 [vp375] › tests/render/meta.spec.ts:96:5 › sem-section-opening-paragraph [SEM] › fires on the known_broken fixture (229ms)
[WebServer] 127.0.0.1 - - [22/Sep/2026 21:22:34] "GET /tests/render/fixtures/known_broken/sem-section-opening-paragraph.html HTTP/1.1" 200 -
[WebServer] 127.0.0.1 - - [22/Sep/2026 21:22:34] "GET /tests/render/fixtures/known_good/sem-section-opening-paragraph.html HTTP/1.1" 200 -
  ✓   76 [vp768] › tests/render/meta.spec.ts:96:5 › sem-section-opening-paragraph [SEM] › fires on the known_broken fixture (230ms)
  ✓   77 [vp375] › tests/render/meta.spec.ts:112:5 › sem-section-opening-paragraph [SEM] › is silent on the known_good fixture (228ms)
[WebServer] 127.0.0.1 - - [22/Sep/2026 21:22:34] "GET /tests/render/fixtures/known_good/sem-section-opening-paragraph.html HTTP/1.1" 200 -
[WebServer] 127.0.0.1 - - [22/Sep/2026 21:22:34] "GET /tests/render/fixtures/known_broken/sem-statement-label-visible.html HTTP/1.1" 200 -
  ✓   79 [vp375] › tests/render/meta.spec.ts:96:5 › sem-statement-label-visible [SEM] › fires on the known_broken fixture (222ms)
  ✓   78 [vp768] › tests/render/meta.spec.ts:112:5 › sem-section-opening-paragraph [SEM] › is silent on the known_good fixture (247ms)
[WebServer] 127.0.0.1 - - [22/Sep/2026 21:22:34] "GET /tests/render/fixtures/known_good/sem-statement-label-visible.html HTTP/1.1" 200 -
[WebServer] 127.0.0.1 - - [22/Sep/2026 21:22:34] "GET /tests/render/fixtures/known_broken/sem-statement-label-visible.html HTTP/1.1" 200 -
  ✓   81 [vp768] › tests/render/meta.spec.ts:96:5 › sem-statement-label-visible [SEM] › fires on the known_broken fixture (220ms)
  ✓   80 [vp375] › tests/render/meta.spec.ts:112:5 › sem-statement-label-visible [SEM] › is silent on the known_good fixture (239ms)
[WebServer] 127.0.0.1 - - [22/Sep/2026 21:22:34] "GET /tests/render/fixtures/known_good/sem-statement-label-visible.html HTTP/1.1" 200 -
[WebServer] 127.0.0.1 - - [22/Sep/2026 21:22:34] "GET /tests/render/fixtures/known_broken/schema-single-product-offer.html HTTP/1.1" 200 -
  ✓   83 [vp375] › tests/render/meta.spec.ts:96:5 › schema-single-product-offer [SCHEMA] › fires on the known_broken fixture (210ms)
  ✓   82 [vp768] › tests/render/meta.spec.ts:112:5 › sem-statement-label-visible [SEM] › is silent on the known_good fixture (266ms)
[WebServer] 127.0.0.1 - - [22/Sep/2026 21:22:35] "GET /tests/render/fixtures/known_good/schema-single-product-offer.html HTTP/1.1" 200 -
[WebServer] 127.0.0.1 - - [22/Sep/2026 21:22:35] "GET /tests/render/fixtures/known_broken/schema-single-product-offer.html HTTP/1.1" 200 -
  ✓   85 [vp768] › tests/render/meta.spec.ts:96:5 › schema-single-product-offer [SCHEMA] › fires on the known_broken fixture (209ms)
  ✓   84 [vp375] › tests/render/meta.spec.ts:112:5 › schema-single-product-offer [SCHEMA] › is silent on the known_good fixture (244ms)
[WebServer] 127.0.0.1 - - [22/Sep/2026 21:22:35] "GET /tests/render/fixtures/known_broken/schema-sold-not-instock.html HTTP/1.1" 200 -
[WebServer] 127.0.0.1 - - [22/Sep/2026 21:22:35] "GET /tests/render/fixtures/known_good/schema-single-product-offer.html HTTP/1.1" 200 -
  ✓   86 [vp768] › tests/render/meta.spec.ts:112:5 › schema-single-product-offer [SCHEMA] › is silent on the known_good fixture (227ms)
  ✓   87 [vp375] › tests/render/meta.spec.ts:96:5 › schema-sold-not-instock [SCHEMA] › fires on the known_broken fixture (238ms)
[WebServer] 127.0.0.1 - - [22/Sep/2026 21:22:35] "GET /tests/render/fixtures/known_broken/schema-sold-not-instock.html HTTP/1.1" 200 -
[WebServer] 127.0.0.1 - - [22/Sep/2026 21:22:35] "GET /tests/render/fixtures/known_good/schema-sold-not-instock.html HTTP/1.1" 200 -
  ✓   88 [vp768] › tests/render/meta.spec.ts:96:5 › schema-sold-not-instock [SCHEMA] › fires on the known_broken fixture (228ms)
  ✓   89 [vp375] › tests/render/meta.spec.ts:112:5 › schema-sold-not-instock [SCHEMA] › is silent on the known_good fixture (216ms)
[WebServer] 127.0.0.1 - - [22/Sep/2026 21:22:35] "GET /tests/render/fixtures/known_broken/schema-date-modified-present.html HTTP/1.1" 200 -
[WebServer] 127.0.0.1 - - [22/Sep/2026 21:22:35] "GET /tests/render/fixtures/known_good/schema-sold-not-instock.html HTTP/1.1" 200 -
  ✓   91 [vp375] › tests/render/meta.spec.ts:96:5 › schema-date-modified-present [SCHEMA] › fires on the known_broken fixture (189ms)
  ✓   90 [vp768] › tests/render/meta.spec.ts:112:5 › schema-sold-not-instock [SCHEMA] › is silent on the known_good fixture (252ms)
[WebServer] 127.0.0.1 - - [22/Sep/2026 21:22:36] "GET /tests/render/fixtures/known_broken/schema-date-modified-present.html HTTP/1.1" 200 -
[WebServer] 127.0.0.1 - - [22/Sep/2026 21:22:36] "GET /tests/render/fixtures/known_good/schema-date-modified-present.html HTTP/1.1" 200 -
  ✓   93 [vp768] › tests/render/meta.spec.ts:96:5 › schema-date-modified-present [SCHEMA] › fires on the known_broken fixture (217ms)
  ✓   92 [vp375] › tests/render/meta.spec.ts:112:5 › schema-date-modified-present [SCHEMA] › is silent on the known_good fixture (255ms)
[WebServer] 127.0.0.1 - - [22/Sep/2026 21:22:36] "GET /tests/render/fixtures/known_good/schema-date-modified-present.html HTTP/1.1" 200 -
[WebServer] 127.0.0.1 - - [22/Sep/2026 21:22:36] "GET /tests/render/fixtures/known_broken/schema-no-visible-date.html HTTP/1.1" 200 -
  ✓   95 [vp375] › tests/render/meta.spec.ts:96:5 › schema-no-visible-date [SCHEMA] › fires on the known_broken fixture (207ms)
  ✓   94 [vp768] › tests/render/meta.spec.ts:112:5 › schema-date-modified-present [SCHEMA] › is silent on the known_good fixture (246ms)
[WebServer] 127.0.0.1 - - [22/Sep/2026 21:22:36] "GET /tests/render/fixtures/known_good/schema-no-visible-date.html HTTP/1.1" 200 -
[WebServer] 127.0.0.1 - - [22/Sep/2026 21:22:36] "GET /tests/render/fixtures/known_broken/schema-no-visible-date.html HTTP/1.1" 200 -
  ✓   96 [vp375] › tests/render/meta.spec.ts:112:5 › schema-no-visible-date [SCHEMA] › is silent on the known_good fixture (216ms)
  ✓   97 [vp768] › tests/render/meta.spec.ts:96:5 › schema-no-visible-date [SCHEMA] › fires on the known_broken fixture (223ms)
[WebServer] 127.0.0.1 - - [22/Sep/2026 21:22:36] "GET /tests/render/fixtures/known_good/schema-no-visible-date.html HTTP/1.1" 200 -
[WebServer] 127.0.0.1 - - [22/Sep/2026 21:22:36] "GET /tests/render/fixtures/known_broken/css-class-resolves.html HTTP/1.1" 200 -
  ✓   99 [vp768] › tests/render/meta.spec.ts:112:5 › schema-no-visible-date [SCHEMA] › is silent on the known_good fixture (198ms)
  ✓   98 [vp375] › tests/render/meta.spec.ts:96:5 › css-class-resolves [CSS] › fires on the known_broken fixture (248ms)
[WebServer] 127.0.0.1 - - [22/Sep/2026 21:22:37] "GET /tests/render/fixtures/known_broken/css-class-resolves.html HTTP/1.1" 200 -
[WebServer] 127.0.0.1 - - [22/Sep/2026 21:22:37] "GET /tests/render/fixtures/known_good/css-class-resolves.html HTTP/1.1" 200 -
  ✓  100 [vp768] › tests/render/meta.spec.ts:96:5 › css-class-resolves [CSS] › fires on the known_broken fixture (249ms)
  ✓  101 [vp375] › tests/render/meta.spec.ts:112:5 › css-class-resolves [CSS] › is silent on the known_good fixture (230ms)
[WebServer] 127.0.0.1 - - [22/Sep/2026 21:22:37] "GET /tests/render/fixtures/known_good/css-class-resolves.html HTTP/1.1" 200 -
[WebServer] 127.0.0.1 - - [22/Sep/2026 21:22:37] "GET /tests/render/fixtures/known_broken/css-no-dead-component-rule.html HTTP/1.1" 200 -
  ✓  102 [vp768] › tests/render/meta.spec.ts:112:5 › css-class-resolves [CSS] › is silent on the known_good fixture (231ms)
  ✓  103 [vp375] › tests/render/meta.spec.ts:96:5 › css-no-dead-component-rule [CSS] › fires on the known_broken fixture (233ms)
[WebServer] 127.0.0.1 - - [22/Sep/2026 21:22:37] "GET /tests/render/fixtures/known_broken/css-no-dead-component-rule.html HTTP/1.1" 200 -
[WebServer] 127.0.0.1 - - [22/Sep/2026 21:22:37] "GET /tests/render/fixtures/known_good/css-no-dead-component-rule.html HTTP/1.1" 200 -
  ✓  105 [vp375] › tests/render/meta.spec.ts:112:5 › css-no-dead-component-rule [CSS] › is silent on the known_good fixture (220ms)
  ✓  104 [vp768] › tests/render/meta.spec.ts:96:5 › css-no-dead-component-rule [CSS] › fires on the known_broken fixture (233ms)
[WebServer] 127.0.0.1 - - [22/Sep/2026 21:22:37] "GET /tests/render/fixtures/known_broken/css-component-color-not-overridden.html HTTP/1.1" 200 -
[WebServer] 127.0.0.1 - - [22/Sep/2026 21:22:37] "GET /tests/render/fixtures/known_good/css-no-dead-component-rule.html HTTP/1.1" 200 -
  ✓  106 [vp375] › tests/render/meta.spec.ts:96:5 › css-component-color-not-overridden [CSS] › fires on the known_broken fixture (206ms)
  ✓  107 [vp768] › tests/render/meta.spec.ts:112:5 › css-no-dead-component-rule [CSS] › is silent on the known_good fixture (219ms)
[WebServer] 127.0.0.1 - - [22/Sep/2026 21:22:37] "GET /tests/render/fixtures/known_good/css-component-color-not-overridden.html HTTP/1.1" 200 -
[WebServer] 127.0.0.1 - - [22/Sep/2026 21:22:38] "GET /tests/render/fixtures/known_broken/css-component-color-not-overridden.html HTTP/1.1" 200 -
  ✓  109 [vp768] › tests/render/meta.spec.ts:96:5 › css-component-color-not-overridden [CSS] › fires on the known_broken fixture (194ms)
  ✓  108 [vp375] › tests/render/meta.spec.ts:112:5 › css-component-color-not-overridden [CSS] › is silent on the known_good fixture (289ms)
[WebServer] 127.0.0.1 - - [22/Sep/2026 21:22:38] "GET /tests/render/fixtures/known_good/css-component-color-not-overridden.html HTTP/1.1" 200 -
  ✓  110 [vp768] › tests/render/meta.spec.ts:112:5 › css-component-color-not-overridden [CSS] › is silent on the known_good fixture (188ms)
[WebServer] 127.0.0.1 - - [22/Sep/2026 21:22:38] "GET /tests/render/fixtures/known_broken/dup-no-sibling-crossover.html HTTP/1.1" 200 -
  ✓  111 [vp375] › tests/render/meta.spec.ts:96:5 › dup-no-sibling-crossover [DUP] › fires on the known_broken fixture (231ms)
[WebServer] 127.0.0.1 - - [22/Sep/2026 21:22:38] "GET /tests/render/fixtures/known_broken/dup-no-sibling-crossover.html HTTP/1.1" 200 -
[WebServer] 127.0.0.1 - - [22/Sep/2026 21:22:38] "GET /tests/render/fixtures/known_good/dup-no-sibling-crossover.html HTTP/1.1" 200 -
  ✓  112 [vp768] › tests/render/meta.spec.ts:96:5 › dup-no-sibling-crossover [DUP] › fires on the known_broken fixture (288ms)
  ✓  113 [vp375] › tests/render/meta.spec.ts:112:5 › dup-no-sibling-crossover [DUP] › is silent on the known_good fixture (216ms)
[WebServer] 127.0.0.1 - - [22/Sep/2026 21:22:38] "GET /tests/render/fixtures/known_broken/a11y-text-contrast-aa.html HTTP/1.1" 200 -
[WebServer] 127.0.0.1 - - [22/Sep/2026 21:22:38] "GET /tests/render/fixtures/known_good/dup-no-sibling-crossover.html HTTP/1.1" 200 -
  ✓  114 [vp768] › tests/render/meta.spec.ts:112:5 › dup-no-sibling-crossover [DUP] › is silent on the known_good fixture (246ms)
  ✓  115 [vp375] › tests/render/meta.spec.ts:96:5 › a11y-text-contrast-aa [A11Y] › fires on the known_broken fixture (241ms)
[WebServer] 127.0.0.1 - - [22/Sep/2026 21:22:38] "GET /tests/render/fixtures/known_broken/a11y-text-contrast-aa.html HTTP/1.1" 200 -
  ✓  116 [vp768] › tests/render/meta.spec.ts:96:5 › a11y-text-contrast-aa [A11Y] › fires on the known_broken fixture (229ms)
[WebServer] 127.0.0.1 - - [22/Sep/2026 21:22:39] "GET /tests/render/fixtures/known_good/a11y-text-contrast-aa.html HTTP/1.1" 200 -
  ✓  117 [vp375] › tests/render/meta.spec.ts:112:5 › a11y-text-contrast-aa [A11Y] › is silent on the known_good fixture (249ms)
[WebServer] 127.0.0.1 - - [22/Sep/2026 21:22:39] "GET /tests/render/fixtures/known_good/a11y-text-contrast-aa.html HTTP/1.1" 200 -
[WebServer] 127.0.0.1 - - [22/Sep/2026 21:22:39] "GET /tests/render/fixtures/known_broken/a11y-no-duplicate-ids.html HTTP/1.1" 200 -
  ✓  119 [vp375] › tests/render/meta.spec.ts:96:5 › a11y-no-duplicate-ids [A11Y] › fires on the known_broken fixture (261ms)
  ✓  118 [vp768] › tests/render/meta.spec.ts:112:5 › a11y-text-contrast-aa [A11Y] › is silent on the known_good fixture (361ms)
[WebServer] 127.0.0.1 - - [22/Sep/2026 21:22:39] "GET /tests/render/fixtures/known_broken/a11y-no-duplicate-ids.html HTTP/1.1" 200 -
[WebServer] 127.0.0.1 - - [22/Sep/2026 21:22:39] "GET /tests/render/fixtures/known_good/a11y-no-duplicate-ids.html HTTP/1.1" 200 -
  ✓  121 [vp768] › tests/render/meta.spec.ts:96:5 › a11y-no-duplicate-ids [A11Y] › fires on the known_broken fixture (391ms)
[WebServer] 127.0.0.1 - - [22/Sep/2026 21:22:40] "GET /tests/render/fixtures/known_good/a11y-no-duplicate-ids.html HTTP/1.1" 200 -
  ✓  120 [vp375] › tests/render/meta.spec.ts:112:5 › a11y-no-duplicate-ids [A11Y] › is silent on the known_good fixture (608ms)
  ✓  122 [vp768] › tests/render/meta.spec.ts:112:5 › a11y-no-duplicate-ids [A11Y] › is silent on the known_good fixture (233ms)
[WebServer] 127.0.0.1 - - [22/Sep/2026 21:22:40] "GET /tests/render/fixtures/known_broken/a11y-hero-ledge-contrast.html HTTP/1.1" 200 -
[WebServer] 127.0.0.1 - - [22/Sep/2026 21:22:40] "GET /tests/render/fixtures/known_broken/a11y-hero-ledge-contrast.html HTTP/1.1" 200 -
  ✓  124 [vp768] › tests/render/meta.spec.ts:96:5 › a11y-hero-ledge-contrast [A11Y] › fires on the known_broken fixture (285ms)
  ✓  123 [vp375] › tests/render/meta.spec.ts:96:5 › a11y-hero-ledge-contrast [A11Y] › fires on the known_broken fixture (373ms)
[WebServer] 127.0.0.1 - - [22/Sep/2026 21:22:40] "GET /tests/render/fixtures/known_good/a11y-hero-ledge-contrast.html HTTP/1.1" 200 -
[WebServer] 127.0.0.1 - - [22/Sep/2026 21:22:40] "GET /tests/render/fixtures/known_good/a11y-hero-ledge-contrast.html HTTP/1.1" 200 -
  ✓  126 [vp375] › tests/render/meta.spec.ts:112:5 › a11y-hero-ledge-contrast [A11Y] › is silent on the known_good fixture (287ms)
  ✓  125 [vp768] › tests/render/meta.spec.ts:112:5 › a11y-hero-ledge-contrast [A11Y] › is silent on the known_good fixture (345ms)
  -  128 [vp768] › tests/render/meta.spec.ts:149:3 › dup-no-sibling-crossover sees a crossover adjacent to a whitelisted line › reports each passage beside the shipping line, and never the line itself
[WebServer] 127.0.0.1 - - [22/Sep/2026 21:22:40] "GET /tests/render/fixtures/known_broken/dup-adjacent-to-whitelist.html HTTP/1.1" 200 -
  ✓  127 [vp375] › tests/render/meta.spec.ts:149:3 › dup-no-sibling-crossover sees a crossover adjacent to a whitelisted line › reports each passage beside the shipping line, and never the line itself (245ms)
  -  129 [vp768] › tests/render/meta.spec.ts:200:3 › dup-no-sibling-crossover judges every page against the whole built site › every target is compared against every other built page
  ✓  130 [vp375] › tests/render/meta.spec.ts:200:3 › dup-no-sibling-crossover judges every page against the whole built site › every target is compared against every other built page (13ms)
  -  131 [vp768] › tests/render/meta.spec.ts:272:3 › dup-no-sibling-crossover tokenises exactly like dup_content_audit.py › a run that is 12 words only because an apostrophe split a word is not a crossover
  -  133 [vp768] › tests/render/meta.spec.ts:289:3 › dup-no-sibling-crossover tokenises exactly like dup_content_audit.py › an apostrophe the corpus page writes as &#39; is the same word
  -  134 [vp768] › tests/render/meta.spec.ts:303:3 › dup-no-sibling-crossover tokenises exactly like dup_content_audit.py › normalise() and the whitelist stems match Python token for token
  ✓  135 [vp768] › tests/render/meta.spec.ts:348:3 › dist/ freshness gate › a dist/ newer than src/ is fresh (3ms)
  ✓  136 [vp768] › tests/render/meta.spec.ts:357:3 › dist/ freshness gate › a src/ file newer than every dist/ file is STALE (9ms)
  ✓  137 [vp768] › tests/render/meta.spec.ts:369:3 › dist/ freshness gate › a newer package.json (the non-directory branch of newest()) forces refusal (2ms)
  ✓  138 [vp768] › tests/render/meta.spec.ts:384:3 › dist/ freshness gate › a missing dist/ is STALE, never fresh-by-default (1ms)
  ✓  139 [vp768] › tests/render/meta.spec.ts:396:3 › dist/ freshness gate › an empty dist/ is STALE (3ms)
  ✓  140 [vp768] › tests/render/meta.spec.ts:407:3 › dist/ freshness gate › vendored trees under src/ are not treated as source (3ms)
  ✓  141 [vp768] › tests/render/meta.spec.ts:423:3 › dist/ freshness gate › an unreadable path under src/ refuses rather than silently passing as fresh (4ms)
  ✓  142 [vp768] › tests/render/meta.spec.ts:435:3 › resetRaw › empties a populated raw dir, so a refused run cannot merge into a prior clean scorecard (3ms)
  -  143 [vp768] › tests/render/meta.spec.ts:553:3 › globalSetup vs spec-module-scope regression probe › resetRaw() at spec module scope loses other workers' partials
  -  144 [vp768] › tests/render/meta.spec.ts:568:3 › globalSetup vs spec-module-scope regression probe › resetRaw() in globalSetup preserves every project’s partial
[WebServer] 127.0.0.1 - - [22/Sep/2026 21:22:41] "GET /tests/render/fixtures/known_broken/dup-contraction-boundary.html HTTP/1.1" 200 -
  ✓  145 [vp768] › tests/render/meta.spec.ts:586:3 › resetRaw placement — pins the actual production wiring › resetRaw() is called in global-setup.ts and nowhere in pages.spec.ts (2ms)
  ✓  132 [vp375] › tests/render/meta.spec.ts:272:3 › dup-no-sibling-crossover tokenises exactly like dup_content_audit.py › a run that is 12 words only because an apostrophe split a word is not a crossover (419ms)
[WebServer] 127.0.0.1 - - [22/Sep/2026 21:22:41] "GET /tests/render/fixtures/known_broken/dup-contraction-entity.html HTTP/1.1" 200 -
  ✓  147 [vp375] › tests/render/meta.spec.ts:289:3 › dup-no-sibling-crossover tokenises exactly like dup_content_audit.py › an apostrophe the corpus page writes as &#39; is the same word (240ms)
  ✓  148 [vp375] › tests/render/meta.spec.ts:303:3 › dup-no-sibling-crossover tokenises exactly like dup_content_audit.py › normalise() and the whitelist stems match Python token for token (150ms)
  ✓  149 [vp375] › tests/render/meta.spec.ts:348:3 › dist/ freshness gate › a dist/ newer than src/ is fresh (2ms)
  ✓  150 [vp375] › tests/render/meta.spec.ts:357:3 › dist/ freshness gate › a src/ file newer than every dist/ file is STALE (3ms)
  ✓  151 [vp375] › tests/render/meta.spec.ts:369:3 › dist/ freshness gate › a newer package.json (the non-directory branch of newest()) forces refusal (3ms)
  ✓  152 [vp375] › tests/render/meta.spec.ts:384:3 › dist/ freshness gate › a missing dist/ is STALE, never fresh-by-default (2ms)
  ✓  153 [vp375] › tests/render/meta.spec.ts:396:3 › dist/ freshness gate › an empty dist/ is STALE (2ms)
  ✓  154 [vp375] › tests/render/meta.spec.ts:407:3 › dist/ freshness gate › vendored trees under src/ are not treated as source (2ms)
  ✓  155 [vp375] › tests/render/meta.spec.ts:423:3 › dist/ freshness gate › an unreadable path under src/ refuses rather than silently passing as fresh (2ms)
  ✓  156 [vp375] › tests/render/meta.spec.ts:435:3 › resetRaw › empties a populated raw dir, so a refused run cannot merge into a prior clean scorecard (2ms)
  ✓  157 [vp375] › tests/render/meta.spec.ts:553:3 › globalSetup vs spec-module-scope regression probe › resetRaw() at spec module scope loses other workers' partials (3.1s)
  ✓  158 [vp375] › tests/render/meta.spec.ts:568:3 › globalSetup vs spec-module-scope regression probe › resetRaw() in globalSetup preserves every project’s partial (3.2s)
  ✓  159 [vp375] › tests/render/meta.spec.ts:586:3 › resetRaw placement — pins the actual production wiring › resetRaw() is called in global-setup.ts and nowhere in pages.spec.ts (1ms)
  ✓  146 [vp768] › tests/render/meta.spec.ts:610:3 › nav-jump-target-lands reports causes, not instances › a page with many broken anchors yields ONE row per failure mode (10.8s)
  -  161 [vp768] › tests/render/meta.spec.ts:679:3 › nav-jump-target-lands names the direction of failure › fires on a page whose targets overshoot the chrome band
  -  162 [vp768] › tests/render/meta.spec.ts:691:3 › nav-jump-target-lands names the direction of failure › stays silent when the same page lands inside the band
  -  163 [vp768] › tests/render/meta.spec.ts:707:3 › nav-jump-target-lands names the direction of failure › names both cohorts when targets fail in opposite directions
  -  164 [vp768] › tests/render/meta.spec.ts:726:3 › nav-jump-target-lands names the direction of failure › names an undershooting minority without claiming overshoot
  -  165 [vp768] › tests/render/meta.spec.ts:767:3 › nav-jump-target-lands measures geometry, not smooth-scroll timing › clicks under instant scrolling, restores the page, and still catches the real miss
  ✓  166 [vp768] › tests/render/meta.spec.ts:839:3 › the check-result contract › accepts a well-formed result (87ms)
  ✓  167 [vp768] › tests/render/meta.spec.ts:844:3 › the check-result contract › rejects more rows than MAX_DEFECT_ROWS (94ms)
  ✓  168 [vp768] › tests/render/meta.spec.ts:849:3 › the check-result contract › rejects a row with no count (87ms)
  ✓  169 [vp768] › tests/render/meta.spec.ts:853:3 › the check-result contract › rejects count: 0 — a defect row describes at least one failure (87ms)
  ✓  170 [vp768] › tests/render/meta.spec.ts:857:3 › the check-result contract › rejects a row attributed to a different check (93ms)
  ✓  171 [vp768] › tests/render/meta.spec.ts:863:3 › the check-result contract › rejects a row attributed to a different family (92ms)
  ✓  172 [vp768] › tests/render/meta.spec.ts:867:3 › the check-result contract › rejects a negative examined count (95ms)
  ✓  173 [vp768] › tests/render/meta.spec.ts:880:3 › nested slugs cannot silently lose a page › flattenSlug removes every path separator (2ms)
  ✓  174 [vp768] › tests/render/meta.spec.ts:889:3 › nested slugs cannot silently lose a page › writePartial actually lands a file for a nested slug (6ms)
  -  175 [vp768] › tests/render/meta.spec.ts:915:3 › measureTopChrome is deterministic and finds late-pinning chrome › finds a rail that only pins past 1.5 viewports
  -  176 [vp768] › tests/render/meta.spec.ts:929:3 › measureTopChrome is deterministic and finds late-pinning chrome › returns the same height however the page was left scrolled
  -  177 [vp768] › tests/render/meta.spec.ts:964:3 › waitForScrollSettle does not call an UNSTARTED scroll settled › waits out a scroll whose first frame lands after the stability threshold
  -  178 [vp768] › tests/render/meta.spec.ts:987:3 › waitForScrollSettle does not call an UNSTARTED scroll settled › still settles promptly when the scroll never needed to move
  -  179 [vp768] › tests/render/meta.spec.ts:1008:3 › measureTopChrome does not absorb sticky page content › a sticky sidebar pinned at top:0 is not counted as chrome
  -  180 [vp768] › tests/render/meta.spec.ts:1032:3 › layout-tap-target-size honours WCAG 2.5.8 exemptions › is silent on skip links, prose links, labelled inputs and isolated targets
  ✓  181 [vp768] › tests/render/meta.spec.ts:1087:3 › dist/ freshness sees a DELETED source page › a built route whose source was deleted is reported by name (3ms)
  ✓  182 [vp768] › tests/render/meta.spec.ts:1095:3 › dist/ freshness sees a DELETED source page › matching source and built sets report no orphan (3ms)
  ✓  183 [vp768] › tests/render/meta.spec.ts:1106:3 › dist/ freshness sees a DELETED source page › checkDistFreshness refuses, and its reason names the orphaned route (5ms)
  ✓  184 [vp768] › tests/render/meta.spec.ts:1120:3 › dist/ freshness sees a DELETED source page › the real repo has no orphaned routes (8ms)
  ✓  185 [vp768] › tests/render/meta.spec.ts:1159:3 › every registered family is actually wired into targets.json › the predicate names a family that is registered but wired nowhere (0ms)
  ✓  186 [vp768] › tests/render/meta.spec.ts:1165:3 › every registered family is actually wired into targets.json › a family wired into even one page type is not reported (1ms)
  ✓  187 [vp768] › tests/render/meta.spec.ts:1173:3 › every registered family is actually wired into targets.json › the REAL repo wires every family it registers (1ms)
  ✓  188 [vp768] › tests/render/meta.spec.ts:1183:3 › every registered family is actually wired into targets.json › targets.json declares no family that no check registers (1ms)
[WebServer] 127.0.0.1 - - [22/Sep/2026 21:22:54] "GET /tests/render/fixtures/known_broken/img-broken-vs-still-loading.html HTTP/1.1" 200 -
[WebServer] 127.0.0.1 - - [22/Sep/2026 21:22:54] code 404, message File not found
[WebServer] 127.0.0.1 - - [22/Sep/2026 21:22:54] "GET /definitely-not-a-real-image-404.webp HTTP/1.1" 404 -
[WebServer] 127.0.0.1 - - [22/Sep/2026 21:22:54] code 404, message File not found
[WebServer] 127.0.0.1 - - [22/Sep/2026 21:22:54] "GET /definitely-not-a-real-image-404.webp HTTP/1.1" 404 -
  ✓  189 [vp768] › tests/render/meta.spec.ts:1219:3 › img-srcset-within-2x separates broken from still-loading › a 404 image is still reported — a broken page must not score clean (326ms)
[WebServer] 127.0.0.1 - - [22/Sep/2026 21:22:54] "GET /tests/render/fixtures/known_broken/img-broken-vs-still-loading.html HTTP/1.1" 200 -
[WebServer] 127.0.0.1 - - [22/Sep/2026 21:22:54] code 404, message File not found
[WebServer] 127.0.0.1 - - [22/Sep/2026 21:22:54] "GET /definitely-not-a-real-image-404.webp HTTP/1.1" 404 -
[WebServer] 127.0.0.1 - - [22/Sep/2026 21:22:54] code 404, message File not found
[WebServer] 127.0.0.1 - - [22/Sep/2026 21:22:54] "GET /definitely-not-a-real-image-404.webp HTTP/1.1" 404 -
  ✓  190 [vp768] › tests/render/meta.spec.ts:1232:3 › img-srcset-within-2x separates broken from still-loading › the decodable image is examined, not skipped (319ms)
[WebServer] 127.0.0.1 - - [22/Sep/2026 21:22:55] "GET /tests/render/fixtures/known_broken/img-broken-vs-still-loading.html HTTP/1.1" 200 -
[WebServer] 127.0.0.1 - - [22/Sep/2026 21:22:55] code 404, message File not found
[WebServer] 127.0.0.1 - - [22/Sep/2026 21:22:55] "GET /definitely-not-a-real-image-404.webp HTTP/1.1" 404 -
[WebServer] 127.0.0.1 - - [22/Sep/2026 21:22:55] code 404, message File not found
[WebServer] 127.0.0.1 - - [22/Sep/2026 21:22:55] "GET /definitely-not-a-real-image-404.webp HTTP/1.1" 404 -
  ✓  191 [vp768] › tests/render/meta.spec.ts:1243:3 › img-srcset-within-2x separates broken from still-loading › no defect row ever describes an image as merely still loading (373ms)
[WebServer] 127.0.0.1 - - [22/Sep/2026 21:22:55] "GET /tests/render/fixtures/form-inquiry-contract-noform.html HTTP/1.1" 200 -
  ✓  192 [vp768] › tests/render/meta.spec.ts:1291:3 › form-inquiry-contract: zero-examined is a defect only where a form is expected › the contact page with no non-search form fires one defect (135ms)
[WebServer] 127.0.0.1 - - [22/Sep/2026 21:22:55] "GET /tests/render/fixtures/form-inquiry-contract-noform.html HTTP/1.1" 200 -
  ✓  193 [vp768] › tests/render/meta.spec.ts:1307:3 › form-inquiry-contract: zero-examined is a defect only where a form is expected › a location page with no non-search form is silent (127ms)
[WebServer] 127.0.0.1 - - [22/Sep/2026 21:22:55] "GET /tests/render/fixtures/form-inquiry-contract-noform.html HTTP/1.1" 200 -
  ✓  194 [vp768] › tests/render/meta.spec.ts:1320:3 › form-inquiry-contract: zero-examined is a defect only where a form is expected › a hub page with no non-search form is silent (131ms)
  ✓  195 [vp768] › tests/render/meta.spec.ts:1345:3 › fieldChecksSkipped pins the field-contract exemption list › in scope: every rich and blog page, contact page included (2ms)
  ✓  196 [vp768] › tests/render/meta.spec.ts:1357:3 › fieldChecksSkipped pins the field-contract exemption list › exempt: the uk-locations cluster and the hubs (2ms)
  ✓  197 [vp768] › tests/render/meta.spec.ts:1374:3 › contractFor pins the per-slug field contract › full: rich pages (1ms)
  ✓  198 [vp768] › tests/render/meta.spec.ts:1379:3 › contractFor pins the per-slug field contract › short: blog-kind pages, and blog/* posts absent from the map (1ms)
  ✓  199 [vp768] › tests/render/meta.spec.ts:1383:3 › contractFor pins the per-slug field contract › none: the locations cluster and the hubs (1ms)
  ✓  200 [vp768] › tests/render/meta.spec.ts:1397:3 › formExpected pins the zero-examined exemption list › expected: the contact page only (0ms)
  ✓  201 [vp768] › tests/render/meta.spec.ts:1401:3 › formExpected pins the zero-examined exemption list › not expected: other interior pages, home, puppy, hub, location and blog (2ms)
[WebServer] 127.0.0.1 - - [22/Sep/2026 21:22:55] "GET /tests/render/fixtures/known_good/form-inquiry-contract-blog-short.html HTTP/1.1" 200 -
  ✓  202 [vp768] › tests/render/meta.spec.ts:1424:3 › form-inquiry-contract: the short (blog) contract is exercised › a blog-kind page with name/email/message only is clean (128ms)
[WebServer] 127.0.0.1 - - [22/Sep/2026 21:22:56] "GET /tests/render/fixtures/known_good/form-inquiry-contract-blog-short.html HTTP/1.1" 200 -
  ✓  203 [vp768] › tests/render/meta.spec.ts:1439:3 › form-inquiry-contract: the short (blog) contract is exercised › the same form missing `message` fires (266ms)
  ✓  204 [vp768] › tests/render/meta.spec.ts:1477:3 › every deferred check is registered and still passes both fixtures › every deferred id names a check the registry actually holds (1ms)
  ✓  205 [vp768] › tests/render/meta.spec.ts:1497:3 › every deferred check is registered and still passes both fixtures › every deferred id carries a reason that states its promotion condition (0ms)
  ✓  206 [vp768] › tests/render/meta.spec.ts:1520:3 › every deferred check is registered and still passes both fixtures › no deferred check is actually examining nodes in the latest run (51ms)
[WebServer] 127.0.0.1 - - [22/Sep/2026 21:22:56] "GET /tests/render/fixtures/known_good/kit-counter-separated.html HTTP/1.1" 200 -
  ✓  207 [vp768] › tests/render/meta.spec.ts:1599:3 › layout-hero-counter-separation [kit CounterStrip] › is silent on the kit strip with its bed and rule (128ms)
[WebServer] 127.0.0.1 - - [22/Sep/2026 21:22:56] "GET /tests/render/fixtures/known_broken/kit-counter-flush.html HTTP/1.1" 200 -
  ✓  208 [vp768] › tests/render/meta.spec.ts:1609:3 › layout-hero-counter-separation [kit CounterStrip] › fires when the kit strip keeps the hero band and drops the rule (115ms)
[WebServer] 127.0.0.1 - - [22/Sep/2026 21:22:56] "GET /tests/render/fixtures/known_good/kit-bottom-chrome-clear.html HTTP/1.1" 200 -
  ✓  209 [vp768] › tests/render/meta.spec.ts:1659:3 › nav-bottom-chrome-clear [kit SectionSheet] › is silent on the kit bar that reserves its own height (129ms)
[WebServer] 127.0.0.1 - - [22/Sep/2026 21:22:56] "GET /tests/render/fixtures/known_broken/kit-bottom-chrome-covers.html HTTP/1.1" 200 -
  ✓  210 [vp768] › tests/render/meta.spec.ts:1672:3 › nav-bottom-chrome-clear [kit SectionSheet] › fires when the kit bar keeps its height but drops the body reservation (279ms)
[WebServer] 127.0.0.1 - - [22/Sep/2026 21:22:57] "GET /tests/render/fixtures/known_good/kit-h3-image-first.html HTTP/1.1" 200 -
  ✓  211 [vp768] › tests/render/meta.spec.ts:1708:3 › layout-h3-image-first [kit InfoCard] › is silent on the kit card with its image above its prose (137ms)
[WebServer] 127.0.0.1 - - [22/Sep/2026 21:22:57] "GET /tests/render/fixtures/known_broken/kit-h3-image-last.html HTTP/1.1" 200 -
  ✓  212 [vp768] › tests/render/meta.spec.ts:1720:3 › layout-h3-image-first [kit InfoCard] › fires when the kit card drops the image below the prose (142ms)
[WebServer] 127.0.0.1 - - [22/Sep/2026 21:22:57] "GET /tests/render/fixtures/known_good/kit-stmt-label.html HTTP/1.1" 200 -
  ✓  213 [vp768] › tests/render/meta.spec.ts:1735:3 › sem-statement-label-visible [kit InfoCard] › is silent on the kit card labels in all three places it puts one (125ms)
[WebServer] 127.0.0.1 - - [22/Sep/2026 21:22:57] "GET /tests/render/fixtures/known_broken/kit-stmt-label-hidden.html HTTP/1.1" 200 -
  ✓  214 [vp768] › tests/render/meta.spec.ts:1747:3 › sem-statement-label-visible [kit InfoCard] › fires on a hidden label and on one with no kind (118ms)
[WebServer] 127.0.0.1 - - [22/Sep/2026 21:22:57] "GET /tests/render/fixtures/known_good/kit-hero-aside-ink.html HTTP/1.1" 200 -
  ✓  215 [vp768] › tests/render/meta.spec.ts:1772:3 › a11y-text-contrast-aa [kit Hero aside] › is silent on the aside once it states the ink for the bed it paints (124ms)
[WebServer] 127.0.0.1 - - [22/Sep/2026 21:22:57] "GET /tests/render/fixtures/known_broken/kit-hero-aside-ink-inherited.html HTTP/1.1" 200 -
  ✓  216 [vp768] › tests/render/meta.spec.ts:1784:3 › a11y-text-contrast-aa [kit Hero aside] › fires on the aside that inherits the band ink onto its own light bed (123ms)
  ✓  217 [vp1280] › tests/render/meta.spec.ts:59:1 › the registry is not empty (7ms)
  ✓  160 [vp375] › tests/render/meta.spec.ts:610:3 › nav-jump-target-lands reports causes, not instances › a page with many broken anchors yields ONE row per failure mode (11.0s)
[WebServer] 127.0.0.1 - - [22/Sep/2026 21:22:59] "GET /tests/render/fixtures/known_broken/nav-overshoot.html HTTP/1.1" 200 -
[WebServer] 127.0.0.1 - - [22/Sep/2026 21:22:59] "GET /tests/render/fixtures/known_broken/form-inquiry-contract.html HTTP/1.1" 200 -
  ✓  218 [vp1280] › tests/render/meta.spec.ts:96:5 › form-inquiry-contract [FORM] › fires on the known_broken fixture (428ms)
[WebServer] 127.0.0.1 - - [22/Sep/2026 21:23:00] "GET /tests/render/fixtures/known_good/form-inquiry-contract.html HTTP/1.1" 200 -
  ✓  220 [vp1280] › tests/render/meta.spec.ts:112:5 › form-inquiry-contract [FORM] › is silent on the known_good fixture (190ms)
[WebServer] 127.0.0.1 - - [22/Sep/2026 21:23:00] "GET /tests/render/fixtures/known_broken/layout-no-horizontal-overflow.html HTTP/1.1" 200 -
  ✓  221 [vp1280] › tests/render/meta.spec.ts:96:5 › layout-no-horizontal-overflow [LAYOUT] › fires on the known_broken fixture (182ms)
[WebServer] 127.0.0.1 - - [22/Sep/2026 21:23:00] "GET /tests/render/fixtures/known_good/layout-no-horizontal-overflow.html HTTP/1.1" 200 -
  ✓  222 [vp1280] › tests/render/meta.spec.ts:112:5 › layout-no-horizontal-overflow [LAYOUT] › is silent on the known_good fixture (130ms)
[WebServer] 127.0.0.1 - - [22/Sep/2026 21:23:00] "GET /tests/render/fixtures/known_broken/layout-min-font-size.html HTTP/1.1" 200 -
  ✓  223 [vp1280] › tests/render/meta.spec.ts:96:5 › layout-min-font-size [LAYOUT] › fires on the known_broken fixture (128ms)
[WebServer] 127.0.0.1 - - [22/Sep/2026 21:23:00] "GET /tests/render/fixtures/known_good/layout-min-font-size.html HTTP/1.1" 200 -
  ✓  224 [vp1280] › tests/render/meta.spec.ts:112:5 › layout-min-font-size [LAYOUT] › is silent on the known_good fixture (135ms)
[WebServer] 127.0.0.1 - - [22/Sep/2026 21:23:01] "GET /tests/render/fixtures/known_broken/layout-tap-target-size.html HTTP/1.1" 200 -
  ✓  225 [vp1280] › tests/render/meta.spec.ts:96:5 › layout-tap-target-size [LAYOUT] › fires on the known_broken fixture (142ms)
[WebServer] 127.0.0.1 - - [22/Sep/2026 21:23:01] "GET /tests/render/fixtures/known_good/layout-tap-target-size.html HTTP/1.1" 200 -
  ✓  226 [vp1280] › tests/render/meta.spec.ts:112:5 › layout-tap-target-size [LAYOUT] › is silent on the known_good fixture (134ms)
[WebServer] 127.0.0.1 - - [22/Sep/2026 21:23:01] "GET /tests/render/fixtures/known_broken/layout-hero-counter-separation.html HTTP/1.1" 200 -
  ✓  227 [vp1280] › tests/render/meta.spec.ts:96:5 › layout-hero-counter-separation [LAYOUT] › fires on the known_broken fixture (139ms)
[WebServer] 127.0.0.1 - - [22/Sep/2026 21:23:01] "GET /tests/render/fixtures/known_good/layout-hero-counter-separation.html HTTP/1.1" 200 -
  ✓  228 [vp1280] › tests/render/meta.spec.ts:112:5 › layout-hero-counter-separation [LAYOUT] › is silent on the known_good fixture (158ms)
[WebServer] 127.0.0.1 - - [22/Sep/2026 21:23:01] "GET /tests/render/fixtures/known_broken/layout-h3-image-first.html HTTP/1.1" 200 -
  ✓  229 [vp1280] › tests/render/meta.spec.ts:96:5 › layout-h3-image-first [LAYOUT] › fires on the known_broken fixture (134ms)
[WebServer] 127.0.0.1 - - [22/Sep/2026 21:23:01] "GET /tests/render/fixtures/known_good/layout-h3-image-first.html HTTP/1.1" 200 -
  ✓  230 [vp1280] › tests/render/meta.spec.ts:112:5 › layout-h3-image-first [LAYOUT] › is silent on the known_good fixture (127ms)
  ✓  219 [vp375] › tests/render/meta.spec.ts:679:3 › nav-jump-target-lands names the direction of failure › fires on a page whose targets overshoot the chrome band (2.5s)
[WebServer] 127.0.0.1 - - [22/Sep/2026 21:23:01] "GET /tests/render/fixtures/known_broken/layout-image-box-reserved.html HTTP/1.1" 200 -
[WebServer] 127.0.0.1 - - [22/Sep/2026 21:23:01] "GET /tests/render/fixtures/assets/wide-1600.png HTTP/1.1" 200 -
[WebServer] 127.0.0.1 - - [22/Sep/2026 21:23:02] "GET /tests/render/fixtures/known_good/nav-overshoot-fixed.html HTTP/1.1" 200 -
[WebServer] 127.0.0.1 - - [22/Sep/2026 21:23:02] code 404, message File not found
[WebServer] 127.0.0.1 - - [22/Sep/2026 21:23:02] "GET /__bsuk_pending_image__/0.webp HTTP/1.1" 404 -
  ✓  231 [vp1280] › tests/render/meta.spec.ts:96:5 › layout-image-box-reserved [LAYOUT] › fires on the known_broken fixture (303ms)
[WebServer] 127.0.0.1 - - [22/Sep/2026 21:23:02] "GET /tests/render/fixtures/known_good/layout-image-box-reserved.html HTTP/1.1" 200 -
[WebServer] 127.0.0.1 - - [22/Sep/2026 21:23:02] "GET /tests/render/fixtures/assets/wide-1600.png HTTP/1.1" 200 -
[WebServer] 127.0.0.1 - - [22/Sep/2026 21:23:02] code 404, message File not found
[WebServer] 127.0.0.1 - - [22/Sep/2026 21:23:02] "GET /__bsuk_pending_image__/0.webp HTTP/1.1" 404 -
  ✓  233 [vp1280] › tests/render/meta.spec.ts:112:5 › layout-image-box-reserved [LAYOUT] › is silent on the known_good fixture (177ms)
[WebServer] 127.0.0.1 - - [22/Sep/2026 21:23:02] "GET /tests/render/fixtures/known_broken/layout-table-stacks-on-mobile.html HTTP/1.1" 200 -
  ✓  234 [vp1280] › tests/render/meta.spec.ts:96:5 › layout-table-stacks-on-mobile [LAYOUT] › fires on the known_broken fixture (141ms)
[WebServer] 127.0.0.1 - - [22/Sep/2026 21:23:02] "GET /tests/render/fixtures/known_good/layout-table-stacks-on-mobile.html HTTP/1.1" 200 -
  ✓  235 [vp1280] › tests/render/meta.spec.ts:112:5 › layout-table-stacks-on-mobile [LAYOUT] › is silent on the known_good fixture (171ms)
[WebServer] 127.0.0.1 - - [22/Sep/2026 21:23:02] "GET /tests/render/fixtures/known_broken/hero-aside-no-clip.html HTTP/1.1" 200 -
  ✓  236 [vp1280] › tests/render/meta.spec.ts:96:5 › hero-aside-no-clip [LAYOUT] › fires on the known_broken fixture (339ms)
[WebServer] 127.0.0.1 - - [22/Sep/2026 21:23:03] "GET /tests/render/fixtures/known_good/hero-aside-no-clip.html HTTP/1.1" 200 -
  ✓  237 [vp1280] › tests/render/meta.spec.ts:112:5 › hero-aside-no-clip [LAYOUT] › is silent on the known_good fixture (318ms)
[WebServer] 127.0.0.1 - - [22/Sep/2026 21:23:03] "GET /tests/render/fixtures/known_broken/img-srcset-within-2x.html HTTP/1.1" 200 -
[WebServer] 127.0.0.1 - - [22/Sep/2026 21:23:03] "GET /tests/render/fixtures/assets/wide-1600.png HTTP/1.1" 200 -
  ✓  238 [vp1280] › tests/render/meta.spec.ts:96:5 › img-srcset-within-2x [IMG] › fires on the known_broken fixture (409ms)
[WebServer] 127.0.0.1 - - [22/Sep/2026 21:23:03] "GET /tests/render/fixtures/known_good/img-srcset-within-2x.html HTTP/1.1" 200 -
[WebServer] 127.0.0.1 - - [22/Sep/2026 21:23:03] "GET /tests/render/fixtures/assets/narrow-400.png HTTP/1.1" 200 -
  ✓  232 [vp375] › tests/render/meta.spec.ts:691:3 › nav-jump-target-lands names the direction of failure › stays silent when the same page lands inside the band (2.3s)
  ✓  239 [vp1280] › tests/render/meta.spec.ts:112:5 › img-srcset-within-2x [IMG] › is silent on the known_good fixture (369ms)
[WebServer] 127.0.0.1 - - [22/Sep/2026 21:23:04] "GET /tests/render/fixtures/known_broken/img-alt-present-and-unique.html HTTP/1.1" 200 -
[WebServer] 127.0.0.1 - - [22/Sep/2026 21:23:04] "GET /tests/render/fixtures/assets/narrow-400.png HTTP/1.1" 200 -
[WebServer] 127.0.0.1 - - [22/Sep/2026 21:23:04] "GET /tests/render/fixtures/known_broken/nav-overshoot-mixed.html HTTP/1.1" 200 -
  ✓  241 [vp1280] › tests/render/meta.spec.ts:96:5 › img-alt-present-and-unique [IMG] › fires on the known_broken fixture (348ms)
[WebServer] 127.0.0.1 - - [22/Sep/2026 21:23:04] "GET /tests/render/fixtures/known_good/img-alt-present-and-unique.html HTTP/1.1" 200 -
[WebServer] 127.0.0.1 - - [22/Sep/2026 21:23:04] "GET /tests/render/fixtures/assets/narrow-400.png HTTP/1.1" 200 -
  ✓  242 [vp1280] › tests/render/meta.spec.ts:112:5 › img-alt-present-and-unique [IMG] › is silent on the known_good fixture (323ms)
[WebServer] 127.0.0.1 - - [22/Sep/2026 21:23:04] "GET /tests/render/fixtures/known_broken/img-sizes-matches-box.html HTTP/1.1" 200 -
[WebServer] 127.0.0.1 - - [22/Sep/2026 21:23:04] "GET /tests/render/fixtures/assets/wide-1600.png HTTP/1.1" 200 -
  ✓  243 [vp1280] › tests/render/meta.spec.ts:96:5 › img-sizes-matches-box [IMG] › fires on the known_broken fixture (321ms)
[WebServer] 127.0.0.1 - - [22/Sep/2026 21:23:05] "GET /tests/render/fixtures/known_good/img-sizes-matches-box.html HTTP/1.1" 200 -
[WebServer] 127.0.0.1 - - [22/Sep/2026 21:23:05] "GET /tests/render/fixtures/assets/narrow-400.png HTTP/1.1" 200 -
  ✓  244 [vp1280] › tests/render/meta.spec.ts:112:5 › img-sizes-matches-box [IMG] › is silent on the known_good fixture (471ms)
[WebServer] 127.0.0.1 - - [22/Sep/2026 21:23:06] "GET /tests/render/fixtures/known_broken/nav-anchors-resolve.html HTTP/1.1" 200 -
  ✓  245 [vp1280] › tests/render/meta.spec.ts:96:5 › nav-anchors-resolve [NAV] › fires on the known_broken fixture (570ms)
[WebServer] 127.0.0.1 - - [22/Sep/2026 21:23:06] "GET /tests/render/fixtures/known_good/nav-anchors-resolve.html HTTP/1.1" 200 -
  ✓  246 [vp1280] › tests/render/meta.spec.ts:112:5 › nav-anchors-resolve [NAV] › is silent on the known_good fixture (378ms)
[WebServer] 127.0.0.1 - - [22/Sep/2026 21:23:06] "GET /tests/render/fixtures/known_broken/nav-jump-target-lands.html HTTP/1.1" 200 -
  ✓  247 [vp1280] › tests/render/meta.spec.ts:96:5 › nav-jump-target-lands [NAV] › fires on the known_broken fixture (1.7s)
[WebServer] 127.0.0.1 - - [22/Sep/2026 21:23:08] "GET /tests/render/fixtures/known_good/nav-jump-target-lands.html HTTP/1.1" 200 -
  ✓  248 [vp1280] › tests/render/meta.spec.ts:112:5 › nav-jump-target-lands [NAV] › is silent on the known_good fixture (1.9s)
[WebServer] 127.0.0.1 - - [22/Sep/2026 21:23:10] "GET /tests/render/fixtures/known_broken/nav-bottom-chrome-clear.html HTTP/1.1" 200 -
  ✓  249 [vp1280] › tests/render/meta.spec.ts:96:5 › nav-bottom-chrome-clear [NAV] › fires on the known_broken fixture (152ms)
[WebServer] 127.0.0.1 - - [22/Sep/2026 21:23:10] "GET /tests/render/fixtures/known_good/nav-bottom-chrome-clear.html HTTP/1.1" 200 -
  ✓  250 [vp1280] › tests/render/meta.spec.ts:112:5 › nav-bottom-chrome-clear [NAV] › is silent on the known_good fixture (135ms)
[WebServer] 127.0.0.1 - - [22/Sep/2026 21:23:10] "GET /tests/render/fixtures/known_broken/sem-heading-order.html HTTP/1.1" 200 -
  ✓  251 [vp1280] › tests/render/meta.spec.ts:96:5 › sem-heading-order [SEM] › fires on the known_broken fixture (108ms)
[WebServer] 127.0.0.1 - - [22/Sep/2026 21:23:10] "GET /tests/render/fixtures/known_good/sem-heading-order.html HTTP/1.1" 200 -
  ✓  252 [vp1280] › tests/render/meta.spec.ts:112:5 › sem-heading-order [SEM] › is silent on the known_good fixture (122ms)
[WebServer] 127.0.0.1 - - [22/Sep/2026 21:23:10] "GET /tests/render/fixtures/known_broken/sem-all-six-levels.html HTTP/1.1" 200 -
  ✓  253 [vp1280] › tests/render/meta.spec.ts:96:5 › sem-all-six-levels [SEM] › fires on the known_broken fixture (127ms)
[WebServer] 127.0.0.1 - - [22/Sep/2026 21:23:11] "GET /tests/render/fixtures/known_good/sem-all-six-levels.html HTTP/1.1" 200 -
  ✓  254 [vp1280] › tests/render/meta.spec.ts:112:5 › sem-all-six-levels [SEM] › is silent on the known_good fixture (154ms)
[WebServer] 127.0.0.1 - - [22/Sep/2026 21:23:11] "GET /tests/render/fixtures/known_broken/sem-title-case-headings.html HTTP/1.1" 200 -
  ✓  255 [vp1280] › tests/render/meta.spec.ts:96:5 › sem-title-case-headings [SEM] › fires on the known_broken fixture (127ms)
[WebServer] 127.0.0.1 - - [22/Sep/2026 21:23:11] "GET /tests/render/fixtures/known_good/sem-title-case-headings.html HTTP/1.1" 200 -
  ✓  256 [vp1280] › tests/render/meta.spec.ts:112:5 › sem-title-case-headings [SEM] › is silent on the known_good fixture (114ms)
[WebServer] 127.0.0.1 - - [22/Sep/2026 21:23:11] "GET /tests/render/fixtures/known_broken/sem-section-opening-paragraph.html HTTP/1.1" 200 -
  ✓  257 [vp1280] › tests/render/meta.spec.ts:96:5 › sem-section-opening-paragraph [SEM] › fires on the known_broken fixture (107ms)
[WebServer] 127.0.0.1 - - [22/Sep/2026 21:23:11] "GET /tests/render/fixtures/known_good/sem-section-opening-paragraph.html HTTP/1.1" 200 -
  ✓  258 [vp1280] › tests/render/meta.spec.ts:112:5 › sem-section-opening-paragraph [SEM] › is silent on the known_good fixture (125ms)
[WebServer] 127.0.0.1 - - [22/Sep/2026 21:23:11] "GET /tests/render/fixtures/known_broken/sem-statement-label-visible.html HTTP/1.1" 200 -
  ✓  259 [vp1280] › tests/render/meta.spec.ts:96:5 › sem-statement-label-visible [SEM] › fires on the known_broken fixture (106ms)
[WebServer] 127.0.0.1 - - [22/Sep/2026 21:23:11] "GET /tests/render/fixtures/known_good/sem-statement-label-visible.html HTTP/1.1" 200 -
  ✓  260 [vp1280] › tests/render/meta.spec.ts:112:5 › sem-statement-label-visible [SEM] › is silent on the known_good fixture (111ms)
[WebServer] 127.0.0.1 - - [22/Sep/2026 21:23:12] "GET /tests/render/fixtures/known_broken/schema-single-product-offer.html HTTP/1.1" 200 -
  ✓  261 [vp1280] › tests/render/meta.spec.ts:96:5 › schema-single-product-offer [SCHEMA] › fires on the known_broken fixture (111ms)
[WebServer] 127.0.0.1 - - [22/Sep/2026 21:23:12] "GET /tests/render/fixtures/known_good/schema-single-product-offer.html HTTP/1.1" 200 -
  ✓  262 [vp1280] › tests/render/meta.spec.ts:112:5 › schema-single-product-offer [SCHEMA] › is silent on the known_good fixture (108ms)
[WebServer] 127.0.0.1 - - [22/Sep/2026 21:23:12] "GET /tests/render/fixtures/known_broken/schema-sold-not-instock.html HTTP/1.1" 200 -
  ✓  263 [vp1280] › tests/render/meta.spec.ts:96:5 › schema-sold-not-instock [SCHEMA] › fires on the known_broken fixture (110ms)
[WebServer] 127.0.0.1 - - [22/Sep/2026 21:23:12] "GET /tests/render/fixtures/known_good/schema-sold-not-instock.html HTTP/1.1" 200 -
  ✓  264 [vp1280] › tests/render/meta.spec.ts:112:5 › schema-sold-not-instock [SCHEMA] › is silent on the known_good fixture (110ms)
[WebServer] 127.0.0.1 - - [22/Sep/2026 21:23:12] "GET /tests/render/fixtures/known_broken/schema-date-modified-present.html HTTP/1.1" 200 -
  ✓  265 [vp1280] › tests/render/meta.spec.ts:96:5 › schema-date-modified-present [SCHEMA] › fires on the known_broken fixture (105ms)
[WebServer] 127.0.0.1 - - [22/Sep/2026 21:23:12] "GET /tests/render/fixtures/known_good/schema-date-modified-present.html HTTP/1.1" 200 -
  ✓  266 [vp1280] › tests/render/meta.spec.ts:112:5 › schema-date-modified-present [SCHEMA] › is silent on the known_good fixture (105ms)
[WebServer] 127.0.0.1 - - [22/Sep/2026 21:23:12] "GET /tests/render/fixtures/known_broken/schema-no-visible-date.html HTTP/1.1" 200 -
  ✓  267 [vp1280] › tests/render/meta.spec.ts:96:5 › schema-no-visible-date [SCHEMA] › fires on the known_broken fixture (105ms)
[WebServer] 127.0.0.1 - - [22/Sep/2026 21:23:12] "GET /tests/render/fixtures/known_good/schema-no-visible-date.html HTTP/1.1" 200 -
  ✓  268 [vp1280] › tests/render/meta.spec.ts:112:5 › schema-no-visible-date [SCHEMA] › is silent on the known_good fixture (112ms)
[WebServer] 127.0.0.1 - - [22/Sep/2026 21:23:12] "GET /tests/render/fixtures/known_broken/css-class-resolves.html HTTP/1.1" 200 -
  ✓  269 [vp1280] › tests/render/meta.spec.ts:96:5 › css-class-resolves [CSS] › fires on the known_broken fixture (108ms)
[WebServer] 127.0.0.1 - - [22/Sep/2026 21:23:13] "GET /tests/render/fixtures/known_good/css-class-resolves.html HTTP/1.1" 200 -
  ✓  270 [vp1280] › tests/render/meta.spec.ts:112:5 › css-class-resolves [CSS] › is silent on the known_good fixture (118ms)
[WebServer] 127.0.0.1 - - [22/Sep/2026 21:23:13] "GET /tests/render/fixtures/known_broken/css-no-dead-component-rule.html HTTP/1.1" 200 -
  ✓  271 [vp1280] › tests/render/meta.spec.ts:96:5 › css-no-dead-component-rule [CSS] › fires on the known_broken fixture (109ms)
[WebServer] 127.0.0.1 - - [22/Sep/2026 21:23:13] "GET /tests/render/fixtures/known_good/css-no-dead-component-rule.html HTTP/1.1" 200 -
  ✓  272 [vp1280] › tests/render/meta.spec.ts:112:5 › css-no-dead-component-rule [CSS] › is silent on the known_good fixture (111ms)
[WebServer] 127.0.0.1 - - [22/Sep/2026 21:23:13] "GET /tests/render/fixtures/known_broken/css-component-color-not-overridden.html HTTP/1.1" 200 -
  ✓  273 [vp1280] › tests/render/meta.spec.ts:96:5 › css-component-color-not-overridden [CSS] › fires on the known_broken fixture (105ms)
[WebServer] 127.0.0.1 - - [22/Sep/2026 21:23:13] "GET /tests/render/fixtures/known_good/css-component-color-not-overridden.html HTTP/1.1" 200 -
  ✓  274 [vp1280] › tests/render/meta.spec.ts:112:5 › css-component-color-not-overridden [CSS] › is silent on the known_good fixture (109ms)
[WebServer] 127.0.0.1 - - [22/Sep/2026 21:23:13] "GET /tests/render/fixtures/known_broken/dup-no-sibling-crossover.html HTTP/1.1" 200 -
  ✓  275 [vp1280] › tests/render/meta.spec.ts:96:5 › dup-no-sibling-crossover [DUP] › fires on the known_broken fixture (113ms)
[WebServer] 127.0.0.1 - - [22/Sep/2026 21:23:13] "GET /tests/render/fixtures/known_good/dup-no-sibling-crossover.html HTTP/1.1" 200 -
  ✓  276 [vp1280] › tests/render/meta.spec.ts:112:5 › dup-no-sibling-crossover [DUP] › is silent on the known_good fixture (107ms)
[WebServer] 127.0.0.1 - - [22/Sep/2026 21:23:13] "GET /tests/render/fixtures/known_broken/a11y-text-contrast-aa.html HTTP/1.1" 200 -
  ✓  277 [vp1280] › tests/render/meta.spec.ts:96:5 › a11y-text-contrast-aa [A11Y] › fires on the known_broken fixture (119ms)
[WebServer] 127.0.0.1 - - [22/Sep/2026 21:23:14] "GET /tests/render/fixtures/known_good/a11y-text-contrast-aa.html HTTP/1.1" 200 -
  ✓  278 [vp1280] › tests/render/meta.spec.ts:112:5 › a11y-text-contrast-aa [A11Y] › is silent on the known_good fixture (112ms)
[WebServer] 127.0.0.1 - - [22/Sep/2026 21:23:14] "GET /tests/render/fixtures/known_broken/a11y-no-duplicate-ids.html HTTP/1.1" 200 -
  ✓  279 [vp1280] › tests/render/meta.spec.ts:96:5 › a11y-no-duplicate-ids [A11Y] › fires on the known_broken fixture (120ms)
[WebServer] 127.0.0.1 - - [22/Sep/2026 21:23:14] "GET /tests/render/fixtures/known_good/a11y-no-duplicate-ids.html HTTP/1.1" 200 -
  ✓  280 [vp1280] › tests/render/meta.spec.ts:112:5 › a11y-no-duplicate-ids [A11Y] › is silent on the known_good fixture (137ms)
[WebServer] 127.0.0.1 - - [22/Sep/2026 21:23:14] "GET /tests/render/fixtures/known_broken/a11y-hero-ledge-contrast.html HTTP/1.1" 200 -
  ✓  281 [vp1280] › tests/render/meta.spec.ts:96:5 › a11y-hero-ledge-contrast [A11Y] › fires on the known_broken fixture (130ms)
[WebServer] 127.0.0.1 - - [22/Sep/2026 21:23:14] "GET /tests/render/fixtures/known_good/a11y-hero-ledge-contrast.html HTTP/1.1" 200 -
  ✓  282 [vp1280] › tests/render/meta.spec.ts:112:5 › a11y-hero-ledge-contrast [A11Y] › is silent on the known_good fixture (118ms)
  ✓  240 [vp375] › tests/render/meta.spec.ts:707:3 › nav-jump-target-lands names the direction of failure › names both cohorts when targets fail in opposite directions (10.7s)
  -  283 [vp1280] › tests/render/meta.spec.ts:149:3 › dup-no-sibling-crossover sees a crossover adjacent to a whitelisted line › reports each passage beside the shipping line, and never the line itself
[WebServer] 127.0.0.1 - - [22/Sep/2026 21:23:14] "GET /tests/render/fixtures/known_broken/nav-undershoot-minority.html HTTP/1.1" 200 -
  -  285 [vp1280] › tests/render/meta.spec.ts:200:3 › dup-no-sibling-crossover judges every page against the whole built site › every target is compared against every other built page
  -  286 [vp1280] › tests/render/meta.spec.ts:272:3 › dup-no-sibling-crossover tokenises exactly like dup_content_audit.py › a run that is 12 words only because an apostrophe split a word is not a crossover
  -  287 [vp1280] › tests/render/meta.spec.ts:289:3 › dup-no-sibling-crossover tokenises exactly like dup_content_audit.py › an apostrophe the corpus page writes as &#39; is the same word
  -  288 [vp1280] › tests/render/meta.spec.ts:303:3 › dup-no-sibling-crossover tokenises exactly like dup_content_audit.py › normalise() and the whitelist stems match Python token for token
  ✓  289 [vp1280] › tests/render/meta.spec.ts:348:3 › dist/ freshness gate › a dist/ newer than src/ is fresh (3ms)
  ✓  290 [vp1280] › tests/render/meta.spec.ts:357:3 › dist/ freshness gate › a src/ file newer than every dist/ file is STALE (3ms)
  ✓  291 [vp1280] › tests/render/meta.spec.ts:369:3 › dist/ freshness gate › a newer package.json (the non-directory branch of newest()) forces refusal (6ms)
  ✓  292 [vp1280] › tests/render/meta.spec.ts:384:3 › dist/ freshness gate › a missing dist/ is STALE, never fresh-by-default (1ms)
  ✓  293 [vp1280] › tests/render/meta.spec.ts:396:3 › dist/ freshness gate › an empty dist/ is STALE (2ms)
  ✓  294 [vp1280] › tests/render/meta.spec.ts:407:3 › dist/ freshness gate › vendored trees under src/ are not treated as source (3ms)
  ✓  295 [vp1280] › tests/render/meta.spec.ts:423:3 › dist/ freshness gate › an unreadable path under src/ refuses rather than silently passing as fresh (2ms)
  ✓  296 [vp1280] › tests/render/meta.spec.ts:435:3 › resetRaw › empties a populated raw dir, so a refused run cannot merge into a prior clean scorecard (3ms)
  -  297 [vp1280] › tests/render/meta.spec.ts:553:3 › globalSetup vs spec-module-scope regression probe › resetRaw() at spec module scope loses other workers' partials
  -  298 [vp1280] › tests/render/meta.spec.ts:568:3 › globalSetup vs spec-module-scope regression probe › resetRaw() in globalSetup preserves every project’s partial
  ✓  299 [vp1280] › tests/render/meta.spec.ts:586:3 › resetRaw placement — pins the actual production wiring › resetRaw() is called in global-setup.ts and nowhere in pages.spec.ts (5ms)
  ✓  284 [vp375] › tests/render/meta.spec.ts:726:3 › nav-jump-target-lands names the direction of failure › names an undershooting minority without claiming overshoot (10.6s)
[WebServer] 127.0.0.1 - - [22/Sep/2026 21:23:25] "GET /tests/render/fixtures/known_broken/nav-smooth-scroll-landing.html HTTP/1.1" 200 -
  ✓  300 [vp1280] › tests/render/meta.spec.ts:610:3 › nav-jump-target-lands reports causes, not instances › a page with many broken anchors yields ONE row per failure mode (11.1s)
  -  302 [vp1280] › tests/render/meta.spec.ts:679:3 › nav-jump-target-lands names the direction of failure › fires on a page whose targets overshoot the chrome band
  -  303 [vp1280] › tests/render/meta.spec.ts:691:3 › nav-jump-target-lands names the direction of failure › stays silent when the same page lands inside the band
  -  304 [vp1280] › tests/render/meta.spec.ts:707:3 › nav-jump-target-lands names the direction of failure › names both cohorts when targets fail in opposite directions
  -  305 [vp1280] › tests/render/meta.spec.ts:726:3 › nav-jump-target-lands names the direction of failure › names an undershooting minority without claiming overshoot
  -  306 [vp1280] › tests/render/meta.spec.ts:767:3 › nav-jump-target-lands measures geometry, not smooth-scroll timing › clicks under instant scrolling, restores the page, and still catches the real miss
  ✓  307 [vp1280] › tests/render/meta.spec.ts:839:3 › the check-result contract › accepts a well-formed result (80ms)
  ✓  308 [vp1280] › tests/render/meta.spec.ts:844:3 › the check-result contract › rejects more rows than MAX_DEFECT_ROWS (79ms)
  ✓  309 [vp1280] › tests/render/meta.spec.ts:849:3 › the check-result contract › rejects a row with no count (83ms)
  ✓  310 [vp1280] › tests/render/meta.spec.ts:853:3 › the check-result contract › rejects count: 0 — a defect row describes at least one failure (81ms)
  ✓  311 [vp1280] › tests/render/meta.spec.ts:857:3 › the check-result contract › rejects a row attributed to a different check (84ms)
  ✓  312 [vp1280] › tests/render/meta.spec.ts:863:3 › the check-result contract › rejects a row attributed to a different family (79ms)
  ✓  313 [vp1280] › tests/render/meta.spec.ts:867:3 › the check-result contract › rejects a negative examined count (77ms)
  ✓  314 [vp1280] › tests/render/meta.spec.ts:880:3 › nested slugs cannot silently lose a page › flattenSlug removes every path separator (2ms)
  ✓  315 [vp1280] › tests/render/meta.spec.ts:889:3 › nested slugs cannot silently lose a page › writePartial actually lands a file for a nested slug (2ms)
  -  316 [vp1280] › tests/render/meta.spec.ts:915:3 › measureTopChrome is deterministic and finds late-pinning chrome › finds a rail that only pins past 1.5 viewports
  -  317 [vp1280] › tests/render/meta.spec.ts:929:3 › measureTopChrome is deterministic and finds late-pinning chrome › returns the same height however the page was left scrolled
  -  318 [vp1280] › tests/render/meta.spec.ts:964:3 › waitForScrollSettle does not call an UNSTARTED scroll settled › waits out a scroll whose first frame lands after the stability threshold
  -  319 [vp1280] › tests/render/meta.spec.ts:987:3 › waitForScrollSettle does not call an UNSTARTED scroll settled › still settles promptly when the scroll never needed to move
  -  320 [vp1280] › tests/render/meta.spec.ts:1008:3 › measureTopChrome does not absorb sticky page content › a sticky sidebar pinned at top:0 is not counted as chrome
  -  321 [vp1280] › tests/render/meta.spec.ts:1032:3 › layout-tap-target-size honours WCAG 2.5.8 exemptions › is silent on skip links, prose links, labelled inputs and isolated targets
  ✓  322 [vp1280] › tests/render/meta.spec.ts:1087:3 › dist/ freshness sees a DELETED source page › a built route whose source was deleted is reported by name (3ms)
  ✓  323 [vp1280] › tests/render/meta.spec.ts:1095:3 › dist/ freshness sees a DELETED source page › matching source and built sets report no orphan (3ms)
  ✓  324 [vp1280] › tests/render/meta.spec.ts:1106:3 › dist/ freshness sees a DELETED source page › checkDistFreshness refuses, and its reason names the orphaned route (4ms)
  ✓  325 [vp1280] › tests/render/meta.spec.ts:1120:3 › dist/ freshness sees a DELETED source page › the real repo has no orphaned routes (17ms)
  ✓  326 [vp1280] › tests/render/meta.spec.ts:1159:3 › every registered family is actually wired into targets.json › the predicate names a family that is registered but wired nowhere (1ms)
  ✓  327 [vp1280] › tests/render/meta.spec.ts:1165:3 › every registered family is actually wired into targets.json › a family wired into even one page type is not reported (1ms)
  ✓  328 [vp1280] › tests/render/meta.spec.ts:1173:3 › every registered family is actually wired into targets.json › the REAL repo wires every family it registers (3ms)
  ✓  329 [vp1280] › tests/render/meta.spec.ts:1183:3 › every registered family is actually wired into targets.json › targets.json declares no family that no check registers (1ms)
[WebServer] 127.0.0.1 - - [22/Sep/2026 21:23:28] "GET /tests/render/fixtures/known_broken/img-broken-vs-still-loading.html HTTP/1.1" 200 -
[WebServer] 127.0.0.1 - - [22/Sep/2026 21:23:28] code 404, message File not found
[WebServer] 127.0.0.1 - - [22/Sep/2026 21:23:28] "GET /definitely-not-a-real-image-404.webp HTTP/1.1" 404 -
[WebServer] 127.0.0.1 - - [22/Sep/2026 21:23:28] code 404, message File not found
[WebServer] 127.0.0.1 - - [22/Sep/2026 21:23:28] "GET /definitely-not-a-real-image-404.webp HTTP/1.1" 404 -
  ✓  330 [vp1280] › tests/render/meta.spec.ts:1219:3 › img-srcset-within-2x separates broken from still-loading › a 404 image is still reported — a broken page must not score clean (358ms)
[WebServer] 127.0.0.1 - - [22/Sep/2026 21:23:29] "GET /tests/render/fixtures/known_broken/img-broken-vs-still-loading.html HTTP/1.1" 200 -
[WebServer] 127.0.0.1 - - [22/Sep/2026 21:23:29] code 404, message File not found
[WebServer] 127.0.0.1 - - [22/Sep/2026 21:23:29] "GET /definitely-not-a-real-image-404.webp HTTP/1.1" 404 -
[WebServer] 127.0.0.1 - - [22/Sep/2026 21:23:29] code 404, message File not found
[WebServer] 127.0.0.1 - - [22/Sep/2026 21:23:29] "GET /definitely-not-a-real-image-404.webp HTTP/1.1" 404 -
  ✓  331 [vp1280] › tests/render/meta.spec.ts:1232:3 › img-srcset-within-2x separates broken from still-loading › the decodable image is examined, not skipped (408ms)
[WebServer] 127.0.0.1 - - [22/Sep/2026 21:23:29] "GET /tests/render/fixtures/known_broken/img-broken-vs-still-loading.html HTTP/1.1" 200 -
[WebServer] 127.0.0.1 - - [22/Sep/2026 21:23:29] code 404, message File not found
[WebServer] 127.0.0.1 - - [22/Sep/2026 21:23:29] "GET /definitely-not-a-real-image-404.webp HTTP/1.1" 404 -
[WebServer] 127.0.0.1 - - [22/Sep/2026 21:23:29] code 404, message File not found
[WebServer] 127.0.0.1 - - [22/Sep/2026 21:23:29] "GET /definitely-not-a-real-image-404.webp HTTP/1.1" 404 -
  ✓  332 [vp1280] › tests/render/meta.spec.ts:1243:3 › img-srcset-within-2x separates broken from still-loading › no defect row ever describes an image as merely still loading (382ms)
[WebServer] 127.0.0.1 - - [22/Sep/2026 21:23:29] "GET /tests/render/fixtures/form-inquiry-contract-noform.html HTTP/1.1" 200 -
  ✓  333 [vp1280] › tests/render/meta.spec.ts:1291:3 › form-inquiry-contract: zero-examined is a defect only where a form is expected › the contact page with no non-search form fires one defect (258ms)
[WebServer] 127.0.0.1 - - [22/Sep/2026 21:23:30] "GET /tests/render/fixtures/form-inquiry-contract-noform.html HTTP/1.1" 200 -
  ✓  334 [vp1280] › tests/render/meta.spec.ts:1307:3 › form-inquiry-contract: zero-examined is a defect only where a form is expected › a location page with no non-search form is silent (228ms)
[WebServer] 127.0.0.1 - - [22/Sep/2026 21:23:30] "GET /tests/render/fixtures/form-inquiry-contract-noform.html HTTP/1.1" 200 -
  ✓  335 [vp1280] › tests/render/meta.spec.ts:1320:3 › form-inquiry-contract: zero-examined is a defect only where a form is expected › a hub page with no non-search form is silent (223ms)
  ✓  336 [vp1280] › tests/render/meta.spec.ts:1345:3 › fieldChecksSkipped pins the field-contract exemption list › in scope: every rich and blog page, contact page included (3ms)
  ✓  337 [vp1280] › tests/render/meta.spec.ts:1357:3 › fieldChecksSkipped pins the field-contract exemption list › exempt: the uk-locations cluster and the hubs (3ms)
  ✓  338 [vp1280] › tests/render/meta.spec.ts:1374:3 › contractFor pins the per-slug field contract › full: rich pages (2ms)
  ✓  339 [vp1280] › tests/render/meta.spec.ts:1379:3 › contractFor pins the per-slug field contract › short: blog-kind pages, and blog/* posts absent from the map (3ms)
  ✓  340 [vp1280] › tests/render/meta.spec.ts:1383:3 › contractFor pins the per-slug field contract › none: the locations cluster and the hubs (6ms)
  ✓  341 [vp1280] › tests/render/meta.spec.ts:1397:3 › formExpected pins the zero-examined exemption list › expected: the contact page only (6ms)
  ✓  342 [vp1280] › tests/render/meta.spec.ts:1401:3 › formExpected pins the zero-examined exemption list › not expected: other interior pages, home, puppy, hub, location and blog (4ms)
[WebServer] 127.0.0.1 - - [22/Sep/2026 21:23:30] "GET /tests/render/fixtures/known_good/form-inquiry-contract-blog-short.html HTTP/1.1" 200 -
  ✓  343 [vp1280] › tests/render/meta.spec.ts:1424:3 › form-inquiry-contract: the short (blog) contract is exercised › a blog-kind page with name/email/message only is clean (261ms)
[WebServer] 127.0.0.1 - - [22/Sep/2026 21:23:31] "GET /tests/render/fixtures/known_good/form-inquiry-contract-blog-short.html HTTP/1.1" 200 -
  ✓  344 [vp1280] › tests/render/meta.spec.ts:1439:3 › form-inquiry-contract: the short (blog) contract is exercised › the same form missing `message` fires (209ms)
  ✓  345 [vp1280] › tests/render/meta.spec.ts:1477:3 › every deferred check is registered and still passes both fixtures › every deferred id names a check the registry actually holds (1ms)
  ✓  346 [vp1280] › tests/render/meta.spec.ts:1497:3 › every deferred check is registered and still passes both fixtures › every deferred id carries a reason that states its promotion condition (0ms)
  ✓  347 [vp1280] › tests/render/meta.spec.ts:1520:3 › every deferred check is registered and still passes both fixtures › no deferred check is actually examining nodes in the latest run (70ms)
[WebServer] 127.0.0.1 - - [22/Sep/2026 21:23:31] "GET /tests/render/fixtures/known_good/kit-counter-separated.html HTTP/1.1" 200 -
  ✓  348 [vp1280] › tests/render/meta.spec.ts:1599:3 › layout-hero-counter-separation [kit CounterStrip] › is silent on the kit strip with its bed and rule (109ms)
[WebServer] 127.0.0.1 - - [22/Sep/2026 21:23:31] "GET /tests/render/fixtures/known_broken/kit-counter-flush.html HTTP/1.1" 200 -
  ✓  349 [vp1280] › tests/render/meta.spec.ts:1609:3 › layout-hero-counter-separation [kit CounterStrip] › fires when the kit strip keeps the hero band and drops the rule (110ms)
  -  350 [vp1280] › tests/render/meta.spec.ts:1659:3 › nav-bottom-chrome-clear [kit SectionSheet] › is silent on the kit bar that reserves its own height
  -  351 [vp1280] › tests/render/meta.spec.ts:1672:3 › nav-bottom-chrome-clear [kit SectionSheet] › fires when the kit bar keeps its height but drops the body reservation
[WebServer] 127.0.0.1 - - [22/Sep/2026 21:23:31] "GET /tests/render/fixtures/known_good/kit-h3-image-first.html HTTP/1.1" 200 -
  ✓  352 [vp1280] › tests/render/meta.spec.ts:1708:3 › layout-h3-image-first [kit InfoCard] › is silent on the kit card with its image above its prose (113ms)
[WebServer] 127.0.0.1 - - [22/Sep/2026 21:23:31] "GET /tests/render/fixtures/known_broken/kit-h3-image-last.html HTTP/1.1" 200 -
  ✓  353 [vp1280] › tests/render/meta.spec.ts:1720:3 › layout-h3-image-first [kit InfoCard] › fires when the kit card drops the image below the prose (116ms)
[WebServer] 127.0.0.1 - - [22/Sep/2026 21:23:32] "GET /tests/render/fixtures/known_good/kit-stmt-label.html HTTP/1.1" 200 -
  ✓  354 [vp1280] › tests/render/meta.spec.ts:1735:3 › sem-statement-label-visible [kit InfoCard] › is silent on the kit card labels in all three places it puts one (143ms)
[WebServer] 127.0.0.1 - - [22/Sep/2026 21:23:32] "GET /tests/render/fixtures/known_broken/kit-stmt-label-hidden.html HTTP/1.1" 200 -
  ✓  355 [vp1280] › tests/render/meta.spec.ts:1747:3 › sem-statement-label-visible [kit InfoCard] › fires on a hidden label and on one with no kind (121ms)
[WebServer] 127.0.0.1 - - [22/Sep/2026 21:23:32] "GET /tests/render/fixtures/known_good/kit-hero-aside-ink.html HTTP/1.1" 200 -
  ✓  356 [vp1280] › tests/render/meta.spec.ts:1772:3 › a11y-text-contrast-aa [kit Hero aside] › is silent on the aside once it states the ink for the bed it paints (112ms)
[WebServer] 127.0.0.1 - - [22/Sep/2026 21:23:32] "GET /tests/render/fixtures/known_broken/kit-hero-aside-ink-inherited.html HTTP/1.1" 200 -
  ✓  357 [vp1280] › tests/render/meta.spec.ts:1784:3 › a11y-text-contrast-aa [kit Hero aside] › fires on the aside that inherits the band ink onto its own light bed (124ms)
  ✓  301 [vp375] › tests/render/meta.spec.ts:767:3 › nav-jump-target-lands measures geometry, not smooth-scroll timing › clicks under instant scrolling, restores the page, and still catches the real miss (16.0s)
  ✓  358 [vp375] › tests/render/meta.spec.ts:839:3 › the check-result contract › accepts a well-formed result (79ms)
  ✓  359 [vp375] › tests/render/meta.spec.ts:844:3 › the check-result contract › rejects more rows than MAX_DEFECT_ROWS (83ms)
  ✓  360 [vp375] › tests/render/meta.spec.ts:849:3 › the check-result contract › rejects a row with no count (85ms)
  ✓  361 [vp375] › tests/render/meta.spec.ts:853:3 › the check-result contract › rejects count: 0 — a defect row describes at least one failure (84ms)
  ✓  362 [vp375] › tests/render/meta.spec.ts:857:3 › the check-result contract › rejects a row attributed to a different check (83ms)
  ✓  363 [vp375] › tests/render/meta.spec.ts:863:3 › the check-result contract › rejects a row attributed to a different family (81ms)
  ✓  364 [vp375] › tests/render/meta.spec.ts:867:3 › the check-result contract › rejects a negative examined count (82ms)
  ✓  365 [vp375] › tests/render/meta.spec.ts:880:3 › nested slugs cannot silently lose a page › flattenSlug removes every path separator (2ms)
  ✓  366 [vp375] › tests/render/meta.spec.ts:889:3 › nested slugs cannot silently lose a page › writePartial actually lands a file for a nested slug (7ms)
[WebServer] 127.0.0.1 - - [22/Sep/2026 21:23:42] "GET /tests/render/fixtures/known_broken/chrome-late-rail.html HTTP/1.1" 200 -
  ✓  367 [vp375] › tests/render/meta.spec.ts:915:3 › measureTopChrome is deterministic and finds late-pinning chrome › finds a rail that only pins past 1.5 viewports (782ms)
[WebServer] 127.0.0.1 - - [22/Sep/2026 21:23:43] "GET /tests/render/fixtures/known_broken/chrome-late-rail.html HTTP/1.1" 200 -
  ✓  368 [vp375] › tests/render/meta.spec.ts:929:3 › measureTopChrome is deterministic and finds late-pinning chrome › returns the same height however the page was left scrolled (2.5s)
[WebServer] 127.0.0.1 - - [22/Sep/2026 21:23:45] "GET /tests/render/fixtures/known_broken/scroll-late-start.html HTTP/1.1" 200 -
  ✓  369 [vp375] › tests/render/meta.spec.ts:964:3 › waitForScrollSettle does not call an UNSTARTED scroll settled › waits out a scroll whose first frame lands after the stability threshold (555ms)
[WebServer] 127.0.0.1 - - [22/Sep/2026 21:23:46] "GET /tests/render/fixtures/known_broken/scroll-late-start.html HTTP/1.1" 200 -
  ✓  370 [vp375] › tests/render/meta.spec.ts:987:3 › waitForScrollSettle does not call an UNSTARTED scroll settled › still settles promptly when the scroll never needed to move (552ms)
[WebServer] 127.0.0.1 - - [22/Sep/2026 21:23:46] "GET /tests/render/fixtures/known_broken/chrome-sticky-sidebar.html HTTP/1.1" 200 -
  ✓  371 [vp375] › tests/render/meta.spec.ts:1008:3 › measureTopChrome does not absorb sticky page content › a sticky sidebar pinned at top:0 is not counted as chrome (790ms)
[WebServer] 127.0.0.1 - - [22/Sep/2026 21:23:47] "GET /tests/render/fixtures/known_good/layout-tap-target-exemptions.html HTTP/1.1" 200 -
  ✓  372 [vp375] › tests/render/meta.spec.ts:1032:3 › layout-tap-target-size honours WCAG 2.5.8 exemptions › is silent on skip links, prose links, labelled inputs and isolated targets (118ms)
  ✓  373 [vp375] › tests/render/meta.spec.ts:1087:3 › dist/ freshness sees a DELETED source page › a built route whose source was deleted is reported by name (2ms)
  ✓  374 [vp375] › tests/render/meta.spec.ts:1095:3 › dist/ freshness sees a DELETED source page › matching source and built sets report no orphan (3ms)
  ✓  375 [vp375] › tests/render/meta.spec.ts:1106:3 › dist/ freshness sees a DELETED source page › checkDistFreshness refuses, and its reason names the orphaned route (3ms)
  ✓  376 [vp375] › tests/render/meta.spec.ts:1120:3 › dist/ freshness sees a DELETED source page › the real repo has no orphaned routes (5ms)
  ✓  377 [vp375] › tests/render/meta.spec.ts:1159:3 › every registered family is actually wired into targets.json › the predicate names a family that is registered but wired nowhere (1ms)
  ✓  378 [vp375] › tests/render/meta.spec.ts:1165:3 › every registered family is actually wired into targets.json › a family wired into even one page type is not reported (0ms)
  ✓  379 [vp375] › tests/render/meta.spec.ts:1173:3 › every registered family is actually wired into targets.json › the REAL repo wires every family it registers (1ms)
  ✓  380 [vp375] › tests/render/meta.spec.ts:1183:3 › every registered family is actually wired into targets.json › targets.json declares no family that no check registers (1ms)
[WebServer] 127.0.0.1 - - [22/Sep/2026 21:23:47] "GET /tests/render/fixtures/known_broken/img-broken-vs-still-loading.html HTTP/1.1" 200 -
[WebServer] 127.0.0.1 - - [22/Sep/2026 21:23:47] code 404, message File not found
[WebServer] 127.0.0.1 - - [22/Sep/2026 21:23:47] "GET /definitely-not-a-real-image-404.webp HTTP/1.1" 404 -
[WebServer] 127.0.0.1 - - [22/Sep/2026 21:23:47] code 404, message File not found
[WebServer] 127.0.0.1 - - [22/Sep/2026 21:23:47] "GET /definitely-not-a-real-image-404.webp HTTP/1.1" 404 -
  ✓  381 [vp375] › tests/render/meta.spec.ts:1219:3 › img-srcset-within-2x separates broken from still-loading › a 404 image is still reported — a broken page must not score clean (305ms)
[WebServer] 127.0.0.1 - - [22/Sep/2026 21:23:47] "GET /tests/render/fixtures/known_broken/img-broken-vs-still-loading.html HTTP/1.1" 200 -
[WebServer] 127.0.0.1 - - [22/Sep/2026 21:23:47] code 404, message File not found
[WebServer] 127.0.0.1 - - [22/Sep/2026 21:23:47] "GET /definitely-not-a-real-image-404.webp HTTP/1.1" 404 -
[WebServer] 127.0.0.1 - - [22/Sep/2026 21:23:48] code 404, message File not found
[WebServer] 127.0.0.1 - - [22/Sep/2026 21:23:48] "GET /definitely-not-a-real-image-404.webp HTTP/1.1" 404 -
  ✓  382 [vp375] › tests/render/meta.spec.ts:1232:3 › img-srcset-within-2x separates broken from still-loading › the decodable image is examined, not skipped (305ms)
[WebServer] 127.0.0.1 - - [22/Sep/2026 21:23:48] "GET /tests/render/fixtures/known_broken/img-broken-vs-still-loading.html HTTP/1.1" 200 -
[WebServer] 127.0.0.1 - - [22/Sep/2026 21:23:48] code 404, message File not found
[WebServer] 127.0.0.1 - - [22/Sep/2026 21:23:48] "GET /definitely-not-a-real-image-404.webp HTTP/1.1" 404 -
[WebServer] 127.0.0.1 - - [22/Sep/2026 21:23:48] code 404, message File not found
[WebServer] 127.0.0.1 - - [22/Sep/2026 21:23:48] "GET /definitely-not-a-real-image-404.webp HTTP/1.1" 404 -
  ✓  383 [vp375] › tests/render/meta.spec.ts:1243:3 › img-srcset-within-2x separates broken from still-loading › no defect row ever describes an image as merely still loading (308ms)
[WebServer] 127.0.0.1 - - [22/Sep/2026 21:23:48] "GET /tests/render/fixtures/form-inquiry-contract-noform.html HTTP/1.1" 200 -
  ✓  384 [vp375] › tests/render/meta.spec.ts:1291:3 › form-inquiry-contract: zero-examined is a defect only where a form is expected › the contact page with no non-search form fires one defect (107ms)
[WebServer] 127.0.0.1 - - [22/Sep/2026 21:23:48] "GET /tests/render/fixtures/form-inquiry-contract-noform.html HTTP/1.1" 200 -
  ✓  385 [vp375] › tests/render/meta.spec.ts:1307:3 › form-inquiry-contract: zero-examined is a defect only where a form is expected › a location page with no non-search form is silent (112ms)
[WebServer] 127.0.0.1 - - [22/Sep/2026 21:23:48] "GET /tests/render/fixtures/form-inquiry-contract-noform.html HTTP/1.1" 200 -
  ✓  386 [vp375] › tests/render/meta.spec.ts:1320:3 › form-inquiry-contract: zero-examined is a defect only where a form is expected › a hub page with no non-search form is silent (113ms)
  ✓  387 [vp375] › tests/render/meta.spec.ts:1345:3 › fieldChecksSkipped pins the field-contract exemption list › in scope: every rich and blog page, contact page included (2ms)
  ✓  388 [vp375] › tests/render/meta.spec.ts:1357:3 › fieldChecksSkipped pins the field-contract exemption list › exempt: the uk-locations cluster and the hubs (2ms)
  ✓  389 [vp375] › tests/render/meta.spec.ts:1374:3 › contractFor pins the per-slug field contract › full: rich pages (1ms)
  ✓  390 [vp375] › tests/render/meta.spec.ts:1379:3 › contractFor pins the per-slug field contract › short: blog-kind pages, and blog/* posts absent from the map (1ms)
  ✓  391 [vp375] › tests/render/meta.spec.ts:1383:3 › contractFor pins the per-slug field contract › none: the locations cluster and the hubs (1ms)
  ✓  392 [vp375] › tests/render/meta.spec.ts:1397:3 › formExpected pins the zero-examined exemption list › expected: the contact page only (0ms)
  ✓  393 [vp375] › tests/render/meta.spec.ts:1401:3 › formExpected pins the zero-examined exemption list › not expected: other interior pages, home, puppy, hub, location and blog (2ms)
[WebServer] 127.0.0.1 - - [22/Sep/2026 21:23:49] "GET /tests/render/fixtures/known_good/form-inquiry-contract-blog-short.html HTTP/1.1" 200 -
  ✓  394 [vp375] › tests/render/meta.spec.ts:1424:3 › form-inquiry-contract: the short (blog) contract is exercised › a blog-kind page with name/email/message only is clean (111ms)
[WebServer] 127.0.0.1 - - [22/Sep/2026 21:23:49] "GET /tests/render/fixtures/known_good/form-inquiry-contract-blog-short.html HTTP/1.1" 200 -
  ✓  395 [vp375] › tests/render/meta.spec.ts:1439:3 › form-inquiry-contract: the short (blog) contract is exercised › the same form missing `message` fires (114ms)
  ✓  396 [vp375] › tests/render/meta.spec.ts:1477:3 › every deferred check is registered and still passes both fixtures › every deferred id names a check the registry actually holds (1ms)
  ✓  397 [vp375] › tests/render/meta.spec.ts:1497:3 › every deferred check is registered and still passes both fixtures › every deferred id carries a reason that states its promotion condition (1ms)
  ✓  398 [vp375] › tests/render/meta.spec.ts:1520:3 › every deferred check is registered and still passes both fixtures › no deferred check is actually examining nodes in the latest run (8ms)
[WebServer] 127.0.0.1 - - [22/Sep/2026 21:23:49] "GET /tests/render/fixtures/known_good/kit-counter-separated.html HTTP/1.1" 200 -
  ✓  399 [vp375] › tests/render/meta.spec.ts:1599:3 › layout-hero-counter-separation [kit CounterStrip] › is silent on the kit strip with its bed and rule (115ms)
[WebServer] 127.0.0.1 - - [22/Sep/2026 21:23:49] "GET /tests/render/fixtures/known_broken/kit-counter-flush.html HTTP/1.1" 200 -
  ✓  400 [vp375] › tests/render/meta.spec.ts:1609:3 › layout-hero-counter-separation [kit CounterStrip] › fires when the kit strip keeps the hero band and drops the rule (110ms)
[WebServer] 127.0.0.1 - - [22/Sep/2026 21:23:49] "GET /tests/render/fixtures/known_good/kit-bottom-chrome-clear.html HTTP/1.1" 200 -
  ✓  401 [vp375] › tests/render/meta.spec.ts:1659:3 › nav-bottom-chrome-clear [kit SectionSheet] › is silent on the kit bar that reserves its own height (109ms)
[WebServer] 127.0.0.1 - - [22/Sep/2026 21:23:49] "GET /tests/render/fixtures/known_broken/kit-bottom-chrome-covers.html HTTP/1.1" 200 -
  ✓  402 [vp375] › tests/render/meta.spec.ts:1672:3 › nav-bottom-chrome-clear [kit SectionSheet] › fires when the kit bar keeps its height but drops the body reservation (110ms)
[WebServer] 127.0.0.1 - - [22/Sep/2026 21:23:49] "GET /tests/render/fixtures/known_good/kit-h3-image-first.html HTTP/1.1" 200 -
  ✓  403 [vp375] › tests/render/meta.spec.ts:1708:3 › layout-h3-image-first [kit InfoCard] › is silent on the kit card with its image above its prose (108ms)
[WebServer] 127.0.0.1 - - [22/Sep/2026 21:23:49] "GET /tests/render/fixtures/known_broken/kit-h3-image-last.html HTTP/1.1" 200 -
  ✓  404 [vp375] › tests/render/meta.spec.ts:1720:3 › layout-h3-image-first [kit InfoCard] › fires when the kit card drops the image below the prose (114ms)
[WebServer] 127.0.0.1 - - [22/Sep/2026 21:23:50] "GET /tests/render/fixtures/known_good/kit-stmt-label.html HTTP/1.1" 200 -
  ✓  405 [vp375] › tests/render/meta.spec.ts:1735:3 › sem-statement-label-visible [kit InfoCard] › is silent on the kit card labels in all three places it puts one (113ms)
[WebServer] 127.0.0.1 - - [22/Sep/2026 21:23:50] "GET /tests/render/fixtures/known_broken/kit-stmt-label-hidden.html HTTP/1.1" 200 -
  ✓  406 [vp375] › tests/render/meta.spec.ts:1747:3 › sem-statement-label-visible [kit InfoCard] › fires on a hidden label and on one with no kind (116ms)
[WebServer] 127.0.0.1 - - [22/Sep/2026 21:23:50] "GET /tests/render/fixtures/known_good/kit-hero-aside-ink.html HTTP/1.1" 200 -
  ✓  407 [vp375] › tests/render/meta.spec.ts:1772:3 › a11y-text-contrast-aa [kit Hero aside] › is silent on the aside once it states the ink for the bed it paints (110ms)
[WebServer] 127.0.0.1 - - [22/Sep/2026 21:23:50] "GET /tests/render/fixtures/known_broken/kit-hero-aside-ink-inherited.html HTTP/1.1" 200 -
  ✓  408 [vp375] › tests/render/meta.spec.ts:1784:3 › a11y-text-contrast-aa [kit Hero aside] › fires on the aside that inherits the band ink onto its own light bed (112ms)

  38 skipped
  370 passed (1.6m)
### EXIT 0 : npm run test:render:meta
### STEP: npm run test:render:pages

> bsuk@0.1.0 test:render:pages
> playwright test -c tests/render/playwright.config.ts pages.spec.ts


Running 60 tests using 2 workers

[freshness] dist/ is current (newest: dist/search-index.json)
[freshness] dist/ is current (newest: dist/search-index.json)
[WebServer] 127.0.0.1 - - [22/Sep/2026 21:23:54] "GET / HTTP/1.1" 200 -
[WebServer] 127.0.0.1 - - [22/Sep/2026 21:23:54] "GET /_astro/SiteHeaderKit.astro_astro_type_script_index_0_lang.oN0o2SoY.js HTTP/1.1" 200 -
[WebServer] 127.0.0.1 - - [22/Sep/2026 21:23:54] "GET /images/blue-staffy-puppy-for-sale-uk.webp HTTP/1.1" 200 -
[WebServer] 127.0.0.1 - - [22/Sep/2026 21:23:54] "GET / HTTP/1.1" 200 -
[WebServer] 127.0.0.1 - - [22/Sep/2026 21:23:54] "GET /_astro/SiteHeaderKit.astro_astro_type_script_index_0_lang.oN0o2SoY.js HTTP/1.1" 200 -
[WebServer] 127.0.0.1 - - [22/Sep/2026 21:23:54] "GET /images/blue-staffy-puppy-for-sale-uk-440.webp HTTP/1.1" 200 -
[WebServer] 127.0.0.1 - - [22/Sep/2026 21:23:54] "GET /images/buy-staffy-health-guarantee-uk.webp HTTP/1.1" 200 -
[WebServer] 127.0.0.1 - - [22/Sep/2026 21:23:54] "GET /_astro/search.BBlYNZ37.js HTTP/1.1" 200 -
[WebServer] 127.0.0.1 - - [22/Sep/2026 21:23:54] "GET /_astro/search.BBlYNZ37.js HTTP/1.1" 200 -
[WebServer] 127.0.0.1 - - [22/Sep/2026 21:23:55] code 404, message File not found
[WebServer] 127.0.0.1 - - [22/Sep/2026 21:23:55] "GET /__bsuk_pending_image__/0.webp HTTP/1.1" 404 -
[WebServer] 127.0.0.1 - - [22/Sep/2026 21:23:55] code 404, message File not found
[WebServer] 127.0.0.1 - - [22/Sep/2026 21:23:55] "GET /__bsuk_pending_image__/0.webp HTTP/1.1" 404 -
[WebServer] 127.0.0.1 - - [22/Sep/2026 21:23:55] "GET /images/victoria-family-blue-staffy-manchester.webp HTTP/1.1" 200 -
[WebServer] 127.0.0.1 - - [22/Sep/2026 21:23:55] "GET /_astro/Vennie.ke5yj4Fb_qwe4J.webp HTTP/1.1" 200 -
[WebServer] 127.0.0.1 - - [22/Sep/2026 21:23:55] "GET /_astro/Ince1.CjowFAsd_Z8xVgY.webp HTTP/1.1" 200 -
[WebServer] 127.0.0.1 - - [22/Sep/2026 21:23:55] "GET /_astro/Roman2.C-A0j1ry_1uH9rQ.webp HTTP/1.1" 200 -
[WebServer] 127.0.0.1 - - [22/Sep/2026 21:23:55] "GET /_astro/Byrd1.Dc5KZxb2_Z12dGBv.webp HTTP/1.1" 200 -
[WebServer] 127.0.0.1 - - [22/Sep/2026 21:23:55] "GET /_astro/Christa.DCD6hF9z_24FDMC.webp HTTP/1.1" 200 -
[WebServer] 127.0.0.1 - - [22/Sep/2026 21:23:55] "GET /_astro/Cheryl1.BA5--lqv_1QWN42.webp HTTP/1.1" 200 -
[WebServer] 127.0.0.1 - - [22/Sep/2026 21:23:55] "GET /images/playful-staffy-puppies-uk-sale.webp HTTP/1.1" 200 -
[WebServer] 127.0.0.1 - - [22/Sep/2026 21:23:55] "GET /images/kc-staffy-puppies-for-rehoming-uk.webp HTTP/1.1" 200 -
[WebServer] 127.0.0.1 - - [22/Sep/2026 21:23:55] "GET /images/kc-registered-blue-staffy-pups-london.webp HTTP/1.1" 200 -
[WebServer] 127.0.0.1 - - [22/Sep/2026 21:23:55] "GET /images/playful-blue-staffy-lawn-uk.webp HTTP/1.1" 200 -
[WebServer] 127.0.0.1 - - [22/Sep/2026 21:23:55] "GET /images/maggie-blue-staffy-dam-with-pups.webp HTTP/1.1" 200 -
[WebServer] 127.0.0.1 - - [22/Sep/2026 21:23:55] "GET /images/blue-staffy-puppy-vet-check-uk.webp HTTP/1.1" 200 -
[WebServer] 127.0.0.1 - - [22/Sep/2026 21:23:55] "GET /images/healthy-staffy-breed-guide-1.webp HTTP/1.1" 200 -
[WebServer] 127.0.0.1 - - [22/Sep/2026 21:23:55] "GET /images/blue-staffy-family-dog-uk.webp HTTP/1.1" 200 -
[WebServer] 127.0.0.1 - - [22/Sep/2026 21:23:55] "GET /images/bluestaffyuk-nationwide-delivery.webp HTTP/1.1" 200 -
[WebServer] 127.0.0.1 - - [22/Sep/2026 21:23:55] "GET /images/blue-staffy-puppy-delivery-uk.webp HTTP/1.1" 200 -
[WebServer] 127.0.0.1 - - [22/Sep/2026 21:23:55] "GET /images/mark-blue-staffy-london.webp HTTP/1.1" 200 -
[WebServer] 127.0.0.1 - - [22/Sep/2026 21:23:55] "GET /images/buy-staffy-health-guarantee-uk-760.webp HTTP/1.1" 200 -
[WebServer] 127.0.0.1 - - [22/Sep/2026 21:23:55] "GET /images/victoria-family-blue-staffy-manchester-440.webp HTTP/1.1" 200 -
[WebServer] 127.0.0.1 - - [22/Sep/2026 21:23:55] "GET /_astro/Roman2.C-A0j1ry_1uH9rQ.webp HTTP/1.1" 200 -
[WebServer] 127.0.0.1 - - [22/Sep/2026 21:23:55] "GET /_astro/Byrd1.Dc5KZxb2_Z12dGBv.webp HTTP/1.1" 200 -
[WebServer] 127.0.0.1 - - [22/Sep/2026 21:23:55] "GET /_astro/Ince1.CjowFAsd_Z8xVgY.webp HTTP/1.1" 200 -
[WebServer] 127.0.0.1 - - [22/Sep/2026 21:23:55] "GET /_astro/Vennie.ke5yj4Fb_qwe4J.webp HTTP/1.1" 200 -
[WebServer] 127.0.0.1 - - [22/Sep/2026 21:23:55] "GET /_astro/Christa.DCD6hF9z_24FDMC.webp HTTP/1.1" 200 -
[WebServer] 127.0.0.1 - - [22/Sep/2026 21:23:55] "GET /_astro/Cheryl1.BA5--lqv_1QWN42.webp HTTP/1.1" 200 -
[WebServer] 127.0.0.1 - - [22/Sep/2026 21:23:55] "GET /images/playful-staffy-puppies-uk-sale.webp HTTP/1.1" 200 -
[WebServer] 127.0.0.1 - - [22/Sep/2026 21:23:55] "GET /images/kc-staffy-puppies-for-rehoming-uk.webp HTTP/1.1" 200 -
[WebServer] 127.0.0.1 - - [22/Sep/2026 21:23:55] "GET /images/kc-registered-blue-staffy-pups-london.webp HTTP/1.1" 200 -
[WebServer] 127.0.0.1 - - [22/Sep/2026 21:23:55] "GET /images/playful-blue-staffy-lawn-uk-760.webp HTTP/1.1" 200 -
[WebServer] 127.0.0.1 - - [22/Sep/2026 21:23:55] "GET /images/maggie-blue-staffy-dam-with-pups-760.webp HTTP/1.1" 200 -
[WebServer] 127.0.0.1 - - [22/Sep/2026 21:23:55] "GET /images/blue-staffy-family-dog-uk.webp HTTP/1.1" 200 -
[WebServer] 127.0.0.1 - - [22/Sep/2026 21:23:55] "GET /images/healthy-staffy-breed-guide-1.webp HTTP/1.1" 200 -
[WebServer] 127.0.0.1 - - [22/Sep/2026 21:23:55] "GET /images/blue-staffy-puppy-vet-check-uk-760.webp HTTP/1.1" 200 -
[WebServer] 127.0.0.1 - - [22/Sep/2026 21:23:55] "GET /images/bluestaffyuk-nationwide-delivery-760.webp HTTP/1.1" 200 -
[WebServer] 127.0.0.1 - - [22/Sep/2026 21:23:55] "GET /images/blue-staffy-puppy-delivery-uk-760.webp HTTP/1.1" 200 -
[WebServer] 127.0.0.1 - - [22/Sep/2026 21:23:55] "GET /images/mark-blue-staffy-london.webp HTTP/1.1" 200 -
  ✓   1 [vp768] › tests/render/pages.spec.ts:109:3 › index (21.9s)
[WebServer] 127.0.0.1 - - [22/Sep/2026 21:24:16] "GET /buy-blue-staffy-puppies-uk/ HTTP/1.1" 200 -
[WebServer] 127.0.0.1 - - [22/Sep/2026 21:24:16] "GET /_astro/SiteHeaderKit.astro_astro_type_script_index_0_lang.oN0o2SoY.js HTTP/1.1" 200 -
[WebServer] 127.0.0.1 - - [22/Sep/2026 21:24:16] "GET /images/staffordshire-bull-terrier-for-sale-uk-ready-400.webp HTTP/1.1" 200 -
[WebServer] 127.0.0.1 - - [22/Sep/2026 21:24:16] "GET /_astro/search.BBlYNZ37.js HTTP/1.1" 200 -
[WebServer] 127.0.0.1 - - [22/Sep/2026 21:24:16] "GET /images/blue-staffy-pups-near-you-400.webp HTTP/1.1" 200 -
[WebServer] 127.0.0.1 - - [22/Sep/2026 21:24:16] "GET /images/blue-staffy-puppy-delivery-uk-400.webp HTTP/1.1" 200 -
[WebServer] 127.0.0.1 - - [22/Sep/2026 21:24:16] "GET /_astro/Vennie.ke5yj4Fb_qwe4J.webp HTTP/1.1" 200 -
[WebServer] 127.0.0.1 - - [22/Sep/2026 21:24:16] "GET /_astro/Christa.DCD6hF9z_24FDMC.webp HTTP/1.1" 200 -
[WebServer] 127.0.0.1 - - [22/Sep/2026 21:24:16] "GET /_astro/Cheryl1.BA5--lqv_1QWN42.webp HTTP/1.1" 200 -
[WebServer] 127.0.0.1 - - [22/Sep/2026 21:24:16] "GET /_astro/Ince1.CjowFAsd_Z8xVgY.webp HTTP/1.1" 200 -
[WebServer] 127.0.0.1 - - [22/Sep/2026 21:24:16] "GET /_astro/Byrd1.Dc5KZxb2_Z12dGBv.webp HTTP/1.1" 200 -
[WebServer] 127.0.0.1 - - [22/Sep/2026 21:24:16] "GET /_astro/Roman2.C-A0j1ry_1uH9rQ.webp HTTP/1.1" 200 -
[WebServer] 127.0.0.1 - - [22/Sep/2026 21:24:17] code 404, message File not found
[WebServer] 127.0.0.1 - - [22/Sep/2026 21:24:17] "GET /__bsuk_pending_image__/0.webp HTTP/1.1" 404 -
[WebServer] 127.0.0.1 - - [22/Sep/2026 21:24:17] code 404, message File not found
[WebServer] 127.0.0.1 - - [22/Sep/2026 21:24:17] "GET /__bsuk_pending_image__/1.webp HTTP/1.1" 404 -
[WebServer] 127.0.0.1 - - [22/Sep/2026 21:24:17] code 404, message File not found
[WebServer] 127.0.0.1 - - [22/Sep/2026 21:24:17] "GET /__bsuk_pending_image__/2.webp HTTP/1.1" 404 -
[WebServer] 127.0.0.1 - - [22/Sep/2026 21:24:17] "GET /images/buy-staffordshire-bull-terrier-uk-now.webp HTTP/1.1" 200 -
[WebServer] 127.0.0.1 - - [22/Sep/2026 21:24:17] "GET /images/blue-staffy-pups-near-you.webp HTTP/1.1" 200 -
[WebServer] 127.0.0.1 - - [22/Sep/2026 21:24:17] "GET /images/blue-staffy-puppy-delivery-uk.webp HTTP/1.1" 200 -
[WebServer] 127.0.0.1 - - [22/Sep/2026 21:24:17] "GET /images/uk-blue-staffy-breeders-trust.webp HTTP/1.1" 200 -
[WebServer] 127.0.0.1 - - [22/Sep/2026 21:24:17] "GET /images/blue-staffy-testimonial-london-happy-owner.webp HTTP/1.1" 200 -
[WebServer] 127.0.0.1 - - [22/Sep/2026 21:24:17] "GET /images/blue-staffy-puppy-testimonial-cardiff-daniel.webp HTTP/1.1" 200 -
  ✓   2 [vp375] › tests/render/pages.spec.ts:109:3 › index (23.8s)
[WebServer] 127.0.0.1 - - [22/Sep/2026 21:24:18] "GET /buy-blue-staffy-puppies-uk/ HTTP/1.1" 200 -
[WebServer] 127.0.0.1 - - [22/Sep/2026 21:24:18] "GET /_astro/SiteHeaderKit.astro_astro_type_script_index_0_lang.oN0o2SoY.js HTTP/1.1" 200 -
[WebServer] 127.0.0.1 - - [22/Sep/2026 21:24:18] "GET /images/staffordshire-bull-terrier-for-sale-uk-ready-240.webp HTTP/1.1" 200 -
[WebServer] 127.0.0.1 - - [22/Sep/2026 21:24:18] "GET /images/blue-staffy-pups-near-you-240.webp HTTP/1.1" 200 -
[WebServer] 127.0.0.1 - - [22/Sep/2026 21:24:18] "GET /images/blue-staffy-puppy-delivery-uk-240.webp HTTP/1.1" 200 -
[WebServer] 127.0.0.1 - - [22/Sep/2026 21:24:18] "GET /_astro/Roman2.C-A0j1ry_1uH9rQ.webp HTTP/1.1" 200 -
[WebServer] 127.0.0.1 - - [22/Sep/2026 21:24:18] "GET /_astro/search.BBlYNZ37.js HTTP/1.1" 200 -
[WebServer] 127.0.0.1 - - [22/Sep/2026 21:24:18] "GET /_astro/Ince1.CjowFAsd_Z8xVgY.webp HTTP/1.1" 200 -
[WebServer] 127.0.0.1 - - [22/Sep/2026 21:24:18] "GET /_astro/Byrd1.Dc5KZxb2_Z12dGBv.webp HTTP/1.1" 200 -
[WebServer] 127.0.0.1 - - [22/Sep/2026 21:24:18] "GET /_astro/Vennie.ke5yj4Fb_qwe4J.webp HTTP/1.1" 200 -
[WebServer] 127.0.0.1 - - [22/Sep/2026 21:24:18] "GET /_astro/Christa.DCD6hF9z_24FDMC.webp HTTP/1.1" 200 -
[WebServer] 127.0.0.1 - - [22/Sep/2026 21:24:18] "GET /_astro/Cheryl1.BA5--lqv_1QWN42.webp HTTP/1.1" 200 -
[WebServer] 127.0.0.1 - - [22/Sep/2026 21:24:18] "GET /images/uk-blue-staffy-breeders-trust-760.webp HTTP/1.1" 200 -
[WebServer] 127.0.0.1 - - [22/Sep/2026 21:24:18] "GET /images/blue-staffy-puppy-delivery-uk-760.webp HTTP/1.1" 200 -
[WebServer] 127.0.0.1 - - [22/Sep/2026 21:24:18] "GET /images/buy-staffordshire-bull-terrier-uk-now-760.webp HTTP/1.1" 200 -
[WebServer] 127.0.0.1 - - [22/Sep/2026 21:24:18] "GET /images/blue-staffy-pups-near-you-760.webp HTTP/1.1" 200 -
[WebServer] 127.0.0.1 - - [22/Sep/2026 21:24:18] "GET /images/blue-staffy-testimonial-london-happy-owner.webp HTTP/1.1" 200 -
[WebServer] 127.0.0.1 - - [22/Sep/2026 21:24:18] "GET /images/blue-staffy-puppy-testimonial-cardiff-daniel.webp HTTP/1.1" 200 -
  ✓   3 [vp768] › tests/render/pages.spec.ts:109:3 › buy-blue-staffy-puppies-uk (13.3s)
[WebServer] 127.0.0.1 - - [22/Sep/2026 21:24:29] "GET /blue-staffy-pup-sale-uk/ HTTP/1.1" 200 -
[WebServer] 127.0.0.1 - - [22/Sep/2026 21:24:29] "GET /_astro/SiteHeaderKit.astro_astro_type_script_index_0_lang.oN0o2SoY.js HTTP/1.1" 200 -
[WebServer] 127.0.0.1 - - [22/Sep/2026 21:24:29] "GET /images/buy-staffordshire-bull-terrier-uk-now-760.webp HTTP/1.1" 200 -
[WebServer] 127.0.0.1 - - [22/Sep/2026 21:24:29] "GET /_astro/search.BBlYNZ37.js HTTP/1.1" 200 -
[WebServer] 127.0.0.1 - - [22/Sep/2026 21:24:29] "GET /images/maggie-blue-staffy-dam-with-pups.webp HTTP/1.1" 200 -
[WebServer] 127.0.0.1 - - [22/Sep/2026 21:24:30] code 404, message File not found
[WebServer] 127.0.0.1 - - [22/Sep/2026 21:24:30] "GET /__bsuk_pending_image__/0.webp HTTP/1.1" 404 -
[WebServer] 127.0.0.1 - - [22/Sep/2026 21:24:30] "GET /_astro/Ince1.CjowFAsd_Z8xVgY.webp HTTP/1.1" 200 -
[WebServer] 127.0.0.1 - - [22/Sep/2026 21:24:30] "GET /_astro/Roman2.C-A0j1ry_1uH9rQ.webp HTTP/1.1" 200 -
[WebServer] 127.0.0.1 - - [22/Sep/2026 21:24:30] "GET /images/bluestaffyuk-nationwide-delivery.webp HTTP/1.1" 200 -
[WebServer] 127.0.0.1 - - [22/Sep/2026 21:24:30] "GET /_astro/Byrd1.Dc5KZxb2_Z12dGBv.webp HTTP/1.1" 200 -
[WebServer] 127.0.0.1 - - [22/Sep/2026 21:24:30] "GET /_astro/Vennie.ke5yj4Fb_qwe4J.webp HTTP/1.1" 200 -
[WebServer] 127.0.0.1 - - [22/Sep/2026 21:24:30] "GET /_astro/Christa.DCD6hF9z_24FDMC.webp HTTP/1.1" 200 -
[WebServer] 127.0.0.1 - - [22/Sep/2026 21:24:30] "GET /images/blue-staffy-testimonial-london-happy-owner.webp HTTP/1.1" 200 -
[WebServer] 127.0.0.1 - - [22/Sep/2026 21:24:30] "GET /_astro/Cheryl1.BA5--lqv_1QWN42.webp HTTP/1.1" 200 -
[WebServer] 127.0.0.1 - - [22/Sep/2026 21:24:30] "GET /images/mark-blue-staffy-london.webp HTTP/1.1" 200 -
  ✓   4 [vp375] › tests/render/pages.spec.ts:109:3 › buy-blue-staffy-puppies-uk (14.7s)
[WebServer] 127.0.0.1 - - [22/Sep/2026 21:24:32] "GET /blue-staffy-pup-sale-uk/ HTTP/1.1" 200 -
[WebServer] 127.0.0.1 - - [22/Sep/2026 21:24:32] "GET /_astro/SiteHeaderKit.astro_astro_type_script_index_0_lang.oN0o2SoY.js HTTP/1.1" 200 -
[WebServer] 127.0.0.1 - - [22/Sep/2026 21:24:32] "GET /images/buy-staffordshire-bull-terrier-uk-now-760.webp HTTP/1.1" 200 -
[WebServer] 127.0.0.1 - - [22/Sep/2026 21:24:32] "GET /_astro/search.BBlYNZ37.js HTTP/1.1" 200 -
[WebServer] 127.0.0.1 - - [22/Sep/2026 21:24:33] code 404, message File not found
[WebServer] 127.0.0.1 - - [22/Sep/2026 21:24:33] "GET /__bsuk_pending_image__/0.webp HTTP/1.1" 404 -
[WebServer] 127.0.0.1 - - [22/Sep/2026 21:24:33] "GET /images/blue-staffy-testimonial-london-happy-owner.webp HTTP/1.1" 200 -
[WebServer] 127.0.0.1 - - [22/Sep/2026 21:24:33] "GET /images/bluestaffyuk-nationwide-delivery-760.webp HTTP/1.1" 200 -
[WebServer] 127.0.0.1 - - [22/Sep/2026 21:24:33] "GET /_astro/Roman2.C-A0j1ry_1uH9rQ.webp HTTP/1.1" 200 -
[WebServer] 127.0.0.1 - - [22/Sep/2026 21:24:33] "GET /_astro/Ince1.CjowFAsd_Z8xVgY.webp HTTP/1.1" 200 -
[WebServer] 127.0.0.1 - - [22/Sep/2026 21:24:33] "GET /_astro/Byrd1.Dc5KZxb2_Z12dGBv.webp HTTP/1.1" 200 -
[WebServer] 127.0.0.1 - - [22/Sep/2026 21:24:33] "GET /images/maggie-blue-staffy-dam-with-pups-760.webp HTTP/1.1" 200 -
[WebServer] 127.0.0.1 - - [22/Sep/2026 21:24:33] "GET /_astro/Vennie.ke5yj4Fb_qwe4J.webp HTTP/1.1" 200 -
[WebServer] 127.0.0.1 - - [22/Sep/2026 21:24:33] "GET /_astro/Christa.DCD6hF9z_24FDMC.webp HTTP/1.1" 200 -
[WebServer] 127.0.0.1 - - [22/Sep/2026 21:24:33] "GET /_astro/Cheryl1.BA5--lqv_1QWN42.webp HTTP/1.1" 200 -
[WebServer] 127.0.0.1 - - [22/Sep/2026 21:24:33] "GET /images/mark-blue-staffy-london.webp HTTP/1.1" 200 -
  ✓   5 [vp768] › tests/render/pages.spec.ts:109:3 › blue-staffy-pup-sale-uk (12.0s)
[WebServer] 127.0.0.1 - - [22/Sep/2026 21:24:41] "GET /buy-staffy-puppies-for-sale-uk/ HTTP/1.1" 200 -
[WebServer] 127.0.0.1 - - [22/Sep/2026 21:24:41] "GET /_astro/SiteHeaderKit.astro_astro_type_script_index_0_lang.oN0o2SoY.js HTTP/1.1" 200 -
[WebServer] 127.0.0.1 - - [22/Sep/2026 21:24:41] "GET /images/buy-staffy-puppies-for-sale-uk-bluestaffyuk.webp HTTP/1.1" 200 -
[WebServer] 127.0.0.1 - - [22/Sep/2026 21:24:41] "GET /_astro/search.BBlYNZ37.js HTTP/1.1" 200 -
[WebServer] 127.0.0.1 - - [22/Sep/2026 21:24:41] "GET /images/staffy-puppies-norwich-for-sale-uk.webp HTTP/1.1" 200 -
[WebServer] 127.0.0.1 - - [22/Sep/2026 21:24:42] code 404, message File not found
[WebServer] 127.0.0.1 - - [22/Sep/2026 21:24:42] "GET /__bsuk_pending_image__/0.webp HTTP/1.1" 404 -
[WebServer] 127.0.0.1 - - [22/Sep/2026 21:24:42] "GET /images/english-blue-staffy-for-sale-puppy.webp HTTP/1.1" 200 -
[WebServer] 127.0.0.1 - - [22/Sep/2026 21:24:42] "GET /images/vet-checked-blue-staffy-puppy-near-me.webp HTTP/1.1" 200 -
[WebServer] 127.0.0.1 - - [22/Sep/2026 21:24:42] "GET /images/healthy-staffy-puppy-for-sale-uk.webp HTTP/1.1" 200 -
[WebServer] 127.0.0.1 - - [22/Sep/2026 21:24:42] "GET /images/avoid-staffordshire-bull-terrier-temperament-problems-bluestaffyuk.webp HTTP/1.1" 200 -
[WebServer] 127.0.0.1 - - [22/Sep/2026 21:24:42] "GET /images/blue-staffy-bully-puppies-for-sale-uk-kc-certified.webp HTTP/1.1" 200 -
[WebServer] 127.0.0.1 - - [22/Sep/2026 21:24:42] "GET /images/kennel-club-assured-breeder-vs-others-bluestaffyuk.webp HTTP/1.1" 200 -
[WebServer] 127.0.0.1 - - [22/Sep/2026 21:24:42] "GET /images/affordable-vs-premium-blue-staffy-breeders-comparison.webp HTTP/1.1" 200 -
[WebServer] 127.0.0.1 - - [22/Sep/2026 21:24:42] "GET /_astro/Byrd1.Dc5KZxb2_Z12dGBv.webp HTTP/1.1" 200 -
[WebServer] 127.0.0.1 - - [22/Sep/2026 21:24:42] "GET /images/best-blue-staffy-breeder-reviews-puppy-for-sale-uk.webp HTTP/1.1" 200 -
[WebServer] 127.0.0.1 - - [22/Sep/2026 21:24:42] "GET /images/trusted-blue-staffy-breeder-reviews-satisfied-owners.webp HTTP/1.1" 200 -
[WebServer] 127.0.0.1 - - [22/Sep/2026 21:24:42] "GET /_astro/Roman2.C-A0j1ry_1uH9rQ.webp HTTP/1.1" 200 -
[WebServer] 127.0.0.1 - - [22/Sep/2026 21:24:42] "GET /_astro/Ince1.CjowFAsd_Z8xVgY.webp HTTP/1.1" 200 -
[WebServer] 127.0.0.1 - - [22/Sep/2026 21:24:42] "GET /_astro/Vennie.ke5yj4Fb_qwe4J.webp HTTP/1.1" 200 -
[WebServer] 127.0.0.1 - - [22/Sep/2026 21:24:42] "GET /_astro/Christa.DCD6hF9z_24FDMC.webp HTTP/1.1" 200 -
[WebServer] 127.0.0.1 - - [22/Sep/2026 21:24:42] "GET /_astro/Cheryl1.BA5--lqv_1QWN42.webp HTTP/1.1" 200 -
[WebServer] 127.0.0.1 - - [22/Sep/2026 21:24:42] "GET /images/premium-staffy-puppy-for-sale-in-the-uk-ready-now.webp HTTP/1.1" 200 -
[WebServer] 127.0.0.1 - - [22/Sep/2026 21:24:42] "GET /images/local-blue-staffy-breeders-near-me-uk.webp HTTP/1.1" 200 -
  ✓   6 [vp375] › tests/render/pages.spec.ts:109:3 › blue-staffy-pup-sale-uk (13.6s)
[WebServer] 127.0.0.1 - - [22/Sep/2026 21:24:46] "GET /buy-staffy-puppies-for-sale-uk/ HTTP/1.1" 200 -
[WebServer] 127.0.0.1 - - [22/Sep/2026 21:24:46] "GET /images/buy-staffy-puppies-for-sale-uk-bluestaffyuk.webp HTTP/1.1" 200 -
[WebServer] 127.0.0.1 - - [22/Sep/2026 21:24:46] "GET /_astro/SiteHeaderKit.astro_astro_type_script_index_0_lang.oN0o2SoY.js HTTP/1.1" 200 -
[WebServer] 127.0.0.1 - - [22/Sep/2026 21:24:46] "GET /_astro/search.BBlYNZ37.js HTTP/1.1" 200 -
[WebServer] 127.0.0.1 - - [22/Sep/2026 21:24:47] "GET /images/english-blue-staffy-for-sale-puppy.webp HTTP/1.1" 200 -
[WebServer] 127.0.0.1 - - [22/Sep/2026 21:24:47] "GET /images/vet-checked-blue-staffy-puppy-near-me.webp HTTP/1.1" 200 -
[WebServer] 127.0.0.1 - - [22/Sep/2026 21:24:47] "GET /images/staffy-puppies-norwich-for-sale-uk.webp HTTP/1.1" 200 -
[WebServer] 127.0.0.1 - - [22/Sep/2026 21:24:47] "GET /images/avoid-staffordshire-bull-terrier-temperament-problems-bluestaffyuk.webp HTTP/1.1" 200 -
[WebServer] 127.0.0.1 - - [22/Sep/2026 21:24:47] "GET /images/kennel-club-assured-breeder-vs-others-bluestaffyuk.webp HTTP/1.1" 200 -
[WebServer] 127.0.0.1 - - [22/Sep/2026 21:24:47] "GET /images/blue-staffy-bully-puppies-for-sale-uk-kc-certified.webp HTTP/1.1" 200 -
[WebServer] 127.0.0.1 - - [22/Sep/2026 21:24:47] "GET /images/healthy-staffy-puppy-for-sale-uk.webp HTTP/1.1" 200 -
[WebServer] 127.0.0.1 - - [22/Sep/2026 21:24:47] "GET /images/affordable-vs-premium-blue-staffy-breeders-comparison.webp HTTP/1.1" 200 -
[WebServer] 127.0.0.1 - - [22/Sep/2026 21:24:47] "GET /images/best-blue-staffy-breeder-reviews-puppy-for-sale-uk.webp HTTP/1.1" 200 -
[WebServer] 127.0.0.1 - - [22/Sep/2026 21:24:47] "GET /_astro/Roman2.C-A0j1ry_1uH9rQ.webp HTTP/1.1" 200 -
[WebServer] 127.0.0.1 - - [22/Sep/2026 21:24:47] "GET /images/trusted-blue-staffy-breeder-reviews-satisfied-owners.webp HTTP/1.1" 200 -
[WebServer] 127.0.0.1 - - [22/Sep/2026 21:24:47] "GET /_astro/Ince1.CjowFAsd_Z8xVgY.webp HTTP/1.1" 200 -
[WebServer] 127.0.0.1 - - [22/Sep/2026 21:24:47] "GET /_astro/Byrd1.Dc5KZxb2_Z12dGBv.webp HTTP/1.1" 200 -
[WebServer] 127.0.0.1 - - [22/Sep/2026 21:24:47] "GET /_astro/Vennie.ke5yj4Fb_qwe4J.webp HTTP/1.1" 200 -
[WebServer] 127.0.0.1 - - [22/Sep/2026 21:24:47] "GET /_astro/Cheryl1.BA5--lqv_1QWN42.webp HTTP/1.1" 200 -
[WebServer] 127.0.0.1 - - [22/Sep/2026 21:24:47] "GET /_astro/Christa.DCD6hF9z_24FDMC.webp HTTP/1.1" 200 -
[WebServer] 127.0.0.1 - - [22/Sep/2026 21:24:47] "GET /images/premium-staffy-puppy-for-sale-in-the-uk-ready-now.webp HTTP/1.1" 200 -
[WebServer] 127.0.0.1 - - [22/Sep/2026 21:24:47] "GET /images/local-blue-staffy-breeders-near-me-uk.webp HTTP/1.1" 200 -
  ✓   7 [vp768] › tests/render/pages.spec.ts:109:3 › buy-staffy-puppies-for-sale-uk (15.7s)
[WebServer] 127.0.0.1 - - [22/Sep/2026 21:24:57] "GET /available-puppies/roman/ HTTP/1.1" 200 -
[WebServer] 127.0.0.1 - - [22/Sep/2026 21:24:57] "GET /_astro/SiteHeaderKit.astro_astro_type_script_index_0_lang.oN0o2SoY.js HTTP/1.1" 200 -
[WebServer] 127.0.0.1 - - [22/Sep/2026 21:24:57] "GET /_astro/Roman2.C-A0j1ry_Z2h5Yfu.webp HTTP/1.1" 200 -
[WebServer] 127.0.0.1 - - [22/Sep/2026 21:24:57] "GET /_astro/Roman1.DKvYvyvM_2bjowu.webp HTTP/1.1" 200 -
[WebServer] 127.0.0.1 - - [22/Sep/2026 21:24:57] "GET /_astro/search.BBlYNZ37.js HTTP/1.1" 200 -
[WebServer] 127.0.0.1 - - [22/Sep/2026 21:24:57] code 404, message File not found
[WebServer] 127.0.0.1 - - [22/Sep/2026 21:24:57] "GET /__bsuk_pending_image__/0.webp HTTP/1.1" 404 -
[WebServer] 127.0.0.1 - - [22/Sep/2026 21:24:57] code 404, message File not found
[WebServer] 127.0.0.1 - - [22/Sep/2026 21:24:57] "GET /__bsuk_pending_image__/1.webp HTTP/1.1" 404 -
  ✓   9 [vp768] › tests/render/pages.spec.ts:109:3 › available-puppies/roman (3.8s)
[WebServer] 127.0.0.1 - - [22/Sep/2026 21:25:01] "GET /available-puppies/ HTTP/1.1" 200 -
[WebServer] 127.0.0.1 - - [22/Sep/2026 21:25:01] "GET /_astro/Byrd1.Dc5KZxb2_Z2rts2K.webp HTTP/1.1" 200 -
[WebServer] 127.0.0.1 - - [22/Sep/2026 21:25:01] "GET /_astro/Roman2.C-A0j1ry_2oY8o4.webp HTTP/1.1" 200 -
[WebServer] 127.0.0.1 - - [22/Sep/2026 21:25:01] "GET /_astro/SiteHeaderKit.astro_astro_type_script_index_0_lang.oN0o2SoY.js HTTP/1.1" 200 -
[WebServer] 127.0.0.1 - - [22/Sep/2026 21:25:01] "GET /_astro/Ince1.CjowFAsd_Z1xNGHe.webp HTTP/1.1" 200 -
[WebServer] 127.0.0.1 - - [22/Sep/2026 21:25:01] "GET /_astro/Vennie.ke5yj4Fb_24EeX6.webp HTTP/1.1" 200 -
[WebServer] 127.0.0.1 - - [22/Sep/2026 21:25:01] "GET /_astro/Christa.DCD6hF9z_15fV8S.webp HTTP/1.1" 200 -
[WebServer] 127.0.0.1 - - [22/Sep/2026 21:25:01] "GET /_astro/search.BBlYNZ37.js HTTP/1.1" 200 -
[WebServer] 127.0.0.1 - - [22/Sep/2026 21:25:01] "GET /_astro/Cheryl1.BA5--lqv_1BX5wb.webp HTTP/1.1" 200 -
[WebServer] 127.0.0.1 - - [22/Sep/2026 21:25:01] code 404, message File not found
[WebServer] 127.0.0.1 - - [22/Sep/2026 21:25:01] "GET /__bsuk_pending_image__/0.webp HTTP/1.1" 404 -
[WebServer] 127.0.0.1 - - [22/Sep/2026 21:25:01] code 404, message File not found
[WebServer] 127.0.0.1 - - [22/Sep/2026 21:25:01] "GET /__bsuk_pending_image__/1.webp HTTP/1.1" 404 -
[WebServer] 127.0.0.1 - - [22/Sep/2026 21:25:01] code 404, message File not found
[WebServer] 127.0.0.1 - - [22/Sep/2026 21:25:01] "GET /__bsuk_pending_image__/2.webp HTTP/1.1" 404 -
[WebServer] 127.0.0.1 - - [22/Sep/2026 21:25:01] code 404, message File not found
[WebServer] 127.0.0.1 - - [22/Sep/2026 21:25:01] "GET /__bsuk_pending_image__/3.webp HTTP/1.1" 404 -
  ✓   8 [vp375] › tests/render/pages.spec.ts:109:3 › buy-staffy-puppies-for-sale-uk (17.6s)
[WebServer] 127.0.0.1 - - [22/Sep/2026 21:25:04] "GET /available-puppies/roman/ HTTP/1.1" 200 -
[WebServer] 127.0.0.1 - - [22/Sep/2026 21:25:04] "GET /_astro/SiteHeaderKit.astro_astro_type_script_index_0_lang.oN0o2SoY.js HTTP/1.1" 200 -
[WebServer] 127.0.0.1 - - [22/Sep/2026 21:25:04] "GET /_astro/Roman2.C-A0j1ry_1uH9rQ.webp HTTP/1.1" 200 -
[WebServer] 127.0.0.1 - - [22/Sep/2026 21:25:04] "GET /_astro/search.BBlYNZ37.js HTTP/1.1" 200 -
[WebServer] 127.0.0.1 - - [22/Sep/2026 21:25:04] "GET /_astro/Roman1.DKvYvyvM_2bjowu.webp HTTP/1.1" 200 -
[WebServer] 127.0.0.1 - - [22/Sep/2026 21:25:04] code 404, message File not found
[WebServer] 127.0.0.1 - - [22/Sep/2026 21:25:04] "GET /__bsuk_pending_image__/0.webp HTTP/1.1" 404 -
[WebServer] 127.0.0.1 - - [22/Sep/2026 21:25:04] code 404, message File not found
[WebServer] 127.0.0.1 - - [22/Sep/2026 21:25:04] "GET /__bsuk_pending_image__/1.webp HTTP/1.1" 404 -
  ✘  10 [vp768] › tests/render/pages.spec.ts:109:3 › available-puppies (4.2s)
[freshness] dist/ is current (newest: dist/search-index.json)
[WebServer] 127.0.0.1 - - [22/Sep/2026 21:25:06] "GET /uk-blue-staffy-puppy-buying-guide/ HTTP/1.1" 200 -
[WebServer] 127.0.0.1 - - [22/Sep/2026 21:25:06] "GET /_astro/SiteHeaderKit.astro_astro_type_script_index_0_lang.oN0o2SoY.js HTTP/1.1" 200 -
[WebServer] 127.0.0.1 - - [22/Sep/2026 21:25:06] "GET /images/how-to-buy-blue-staffy-puppy-uk-steps1.webp HTTP/1.1" 200 -
[WebServer] 127.0.0.1 - - [22/Sep/2026 21:25:06] "GET /_astro/search.BBlYNZ37.js HTTP/1.1" 200 -
[WebServer] 127.0.0.1 - - [22/Sep/2026 21:25:07] code 404, message File not found
[WebServer] 127.0.0.1 - - [22/Sep/2026 21:25:07] "GET /__bsuk_pending_image__/0.webp HTTP/1.1" 404 -
[WebServer] 127.0.0.1 - - [22/Sep/2026 21:25:07] "GET /images/blue-staffy-research.webp HTTP/1.1" 200 -
[WebServer] 127.0.0.1 - - [22/Sep/2026 21:25:07] "GET /images/defra-pet-transport-process.webp HTTP/1.1" 200 -
[WebServer] 127.0.0.1 - - [22/Sep/2026 21:25:07] "GET /images/1blue-staffy-family-breeder.webp HTTP/1.1" 200 -
[WebServer] 127.0.0.1 - - [22/Sep/2026 21:25:07] "GET /images/purebred-blue-male-staffy-available-for-rehoming.webp HTTP/1.1" 200 -
[WebServer] 127.0.0.1 - - [22/Sep/2026 21:25:07] "GET /images/blue-staffy-health-prioritising-wellbeing.webp HTTP/1.1" 200 -
[WebServer] 127.0.0.1 - - [22/Sep/2026 21:25:07] "GET /images/pros-and-cons-of-owning-a-blue-staffy-uk.webp HTTP/1.1" 200 -
[WebServer] 127.0.0.1 - - [22/Sep/2026 21:25:07] "GET /images/blue-staffy-vet-check.webp HTTP/1.1" 200 -
[WebServer] 127.0.0.1 - - [22/Sep/2026 21:25:07] "GET /images/healthy-blue-staffy-pups-for-sale-certified.webp HTTP/1.1" 200 -
[WebServer] 127.0.0.1 - - [22/Sep/2026 21:25:07] "GET /images/ready-to-welcome-blue-staffy-infographic.webp HTTP/1.1" 200 -
[WebServer] 127.0.0.1 - - [22/Sep/2026 21:25:07] "GET /images/blue-staffy-puppy-preparation.webp HTTP/1.1" 200 -
[WebServer] 127.0.0.1 - - [22/Sep/2026 21:25:07] "GET /images/blue-staffy-training-socialisation.webp HTTP/1.1" 200 -
[WebServer] 127.0.0.1 - - [22/Sep/2026 21:25:07] "GET /images/1blue-staffy-socialisation-checklist.webp HTTP/1.1" 200 -
[WebServer] 127.0.0.1 - - [22/Sep/2026 21:25:07] "GET /images/bluestaffyuk-nationwide-infographic.webp HTTP/1.1" 200 -
[WebServer] 127.0.0.1 - - [22/Sep/2026 21:25:07] "GET /images/blue-staffy-adoption-vs-buying-infographic.webp HTTP/1.1" 200 -
[WebServer] 127.0.0.1 - - [22/Sep/2026 21:25:07] "GET /images/uk-family-blue-staffy.webp HTTP/1.1" 200 -
[WebServer] 127.0.0.1 - - [22/Sep/2026 21:25:07] "GET /_astro/Roman2.C-A0j1ry_1uH9rQ.webp HTTP/1.1" 200 -
[WebServer] 127.0.0.1 - - [22/Sep/2026 21:25:07] "GET /images/blue-staffy-uk-reviews-owner-testimonials.webp HTTP/1.1" 200 -
[WebServer] 127.0.0.1 - - [22/Sep/2026 21:25:07] "GET /_astro/Byrd1.Dc5KZxb2_Z12dGBv.webp HTTP/1.1" 200 -
[WebServer] 127.0.0.1 - - [22/Sep/2026 21:25:07] "GET /_astro/Ince1.CjowFAsd_Z8xVgY.webp HTTP/1.1" 200 -
[WebServer] 127.0.0.1 - - [22/Sep/2026 21:25:07] "GET /_astro/Vennie.ke5yj4Fb_qwe4J.webp HTTP/1.1" 200 -
[WebServer] 127.0.0.1 - - [22/Sep/2026 21:25:07] "GET /_astro/Christa.DCD6hF9z_24FDMC.webp HTTP/1.1" 200 -
[WebServer] 127.0.0.1 - - [22/Sep/2026 21:25:07] "GET /_astro/Cheryl1.BA5--lqv_1QWN42.webp HTTP/1.1" 200 -
  ✓  11 [vp375] › tests/render/pages.spec.ts:109:3 › available-puppies/roman (4.2s)
[WebServer] 127.0.0.1 - - [22/Sep/2026 21:25:08] "GET /available-puppies/ HTTP/1.1" 200 -
[WebServer] 127.0.0.1 - - [22/Sep/2026 21:25:08] "GET /_astro/SiteHeaderKit.astro_astro_type_script_index_0_lang.oN0o2SoY.js HTTP/1.1" 200 -
[WebServer] 127.0.0.1 - - [22/Sep/2026 21:25:08] "GET /_astro/Roman2.C-A0j1ry_2iWGRt.webp HTTP/1.1" 200 -
[WebServer] 127.0.0.1 - - [22/Sep/2026 21:25:08] "GET /_astro/Byrd1.Dc5KZxb2_13r1px.webp HTTP/1.1" 200 -
[WebServer] 127.0.0.1 - - [22/Sep/2026 21:25:08] "GET /_astro/Ince1.CjowFAsd_1W6LK4.webp HTTP/1.1" 200 -
[WebServer] 127.0.0.1 - - [22/Sep/2026 21:25:08] "GET /_astro/Vennie.ke5yj4Fb_24zx1C.webp HTTP/1.1" 200 -
[WebServer] 127.0.0.1 - - [22/Sep/2026 21:25:08] "GET /_astro/Christa.DCD6hF9z_ZXFfKX.webp HTTP/1.1" 200 -
[WebServer] 127.0.0.1 - - [22/Sep/2026 21:25:08] "GET /_astro/search.BBlYNZ37.js HTTP/1.1" 200 -
[WebServer] 127.0.0.1 - - [22/Sep/2026 21:25:08] "GET /_astro/Cheryl1.BA5--lqv_2leFTW.webp HTTP/1.1" 200 -
[WebServer] 127.0.0.1 - - [22/Sep/2026 21:25:08] code 404, message File not found
[WebServer] 127.0.0.1 - - [22/Sep/2026 21:25:08] "GET /__bsuk_pending_image__/0.webp HTTP/1.1" 404 -
[WebServer] 127.0.0.1 - - [22/Sep/2026 21:25:08] code 404, message File not found
[WebServer] 127.0.0.1 - - [22/Sep/2026 21:25:08] "GET /__bsuk_pending_image__/1.webp HTTP/1.1" 404 -
  ✘  13 [vp375] › tests/render/pages.spec.ts:109:3 › available-puppies (4.9s)
[freshness] dist/ is current (newest: dist/search-index.json)
[WebServer] 127.0.0.1 - - [22/Sep/2026 21:25:14] "GET /uk-blue-staffy-puppy-buying-guide/ HTTP/1.1" 200 -
[WebServer] 127.0.0.1 - - [22/Sep/2026 21:25:14] "GET /_astro/SiteHeaderKit.astro_astro_type_script_index_0_lang.oN0o2SoY.js HTTP/1.1" 200 -
[WebServer] 127.0.0.1 - - [22/Sep/2026 21:25:14] "GET /images/how-to-buy-blue-staffy-puppy-uk-steps1-400.webp HTTP/1.1" 200 -
[WebServer] 127.0.0.1 - - [22/Sep/2026 21:25:14] "GET /_astro/search.BBlYNZ37.js HTTP/1.1" 200 -
[WebServer] 127.0.0.1 - - [22/Sep/2026 21:25:14] code 404, message File not found
[WebServer] 127.0.0.1 - - [22/Sep/2026 21:25:14] "GET /__bsuk_pending_image__/0.webp HTTP/1.1" 404 -
[WebServer] 127.0.0.1 - - [22/Sep/2026 21:25:15] "GET /images/blue-staffy-research.webp HTTP/1.1" 200 -
[WebServer] 127.0.0.1 - - [22/Sep/2026 21:25:15] "GET /images/defra-pet-transport-process.webp HTTP/1.1" 200 -
[WebServer] 127.0.0.1 - - [22/Sep/2026 21:25:15] "GET /images/purebred-blue-male-staffy-available-for-rehoming.webp HTTP/1.1" 200 -
[WebServer] 127.0.0.1 - - [22/Sep/2026 21:25:15] "GET /images/1blue-staffy-family-breeder.webp HTTP/1.1" 200 -
[WebServer] 127.0.0.1 - - [22/Sep/2026 21:25:15] "GET /images/pros-and-cons-of-owning-a-blue-staffy-uk.webp HTTP/1.1" 200 -
[WebServer] 127.0.0.1 - - [22/Sep/2026 21:25:15] "GET /images/blue-staffy-health-prioritising-wellbeing.webp HTTP/1.1" 200 -
[WebServer] 127.0.0.1 - - [22/Sep/2026 21:25:15] "GET /images/blue-staffy-vet-check.webp HTTP/1.1" 200 -
[WebServer] 127.0.0.1 - - [22/Sep/2026 21:25:15] "GET /images/blue-staffy-puppy-preparation.webp HTTP/1.1" 200 -
[WebServer] 127.0.0.1 - - [22/Sep/2026 21:25:15] "GET /images/healthy-blue-staffy-pups-for-sale-certified.webp HTTP/1.1" 200 -
[WebServer] 127.0.0.1 - - [22/Sep/2026 21:25:15] "GET /images/ready-to-welcome-blue-staffy-infographic.webp HTTP/1.1" 200 -
[WebServer] 127.0.0.1 - - [22/Sep/2026 21:25:15] "GET /images/1blue-staffy-socialisation-checklist.webp HTTP/1.1" 200 -
[WebServer] 127.0.0.1 - - [22/Sep/2026 21:25:15] "GET /images/blue-staffy-training-socialisation.webp HTTP/1.1" 200 -
[WebServer] 127.0.0.1 - - [22/Sep/2026 21:25:15] "GET /images/bluestaffyuk-nationwide-infographic.webp HTTP/1.1" 200 -
[WebServer] 127.0.0.1 - - [22/Sep/2026 21:25:15] "GET /images/uk-family-blue-staffy.webp HTTP/1.1" 200 -
[WebServer] 127.0.0.1 - - [22/Sep/2026 21:25:15] "GET /images/blue-staffy-adoption-vs-buying-infographic.webp HTTP/1.1" 200 -
[WebServer] 127.0.0.1 - - [22/Sep/2026 21:25:15] "GET /_astro/Roman2.C-A0j1ry_1uH9rQ.webp HTTP/1.1" 200 -
[WebServer] 127.0.0.1 - - [22/Sep/2026 21:25:15] "GET /images/blue-staffy-uk-reviews-owner-testimonials.webp HTTP/1.1" 200 -
[WebServer] 127.0.0.1 - - [22/Sep/2026 21:25:15] "GET /_astro/Byrd1.Dc5KZxb2_Z12dGBv.webp HTTP/1.1" 200 -
[WebServer] 127.0.0.1 - - [22/Sep/2026 21:25:15] "GET /_astro/Ince1.CjowFAsd_Z8xVgY.webp HTTP/1.1" 200 -
[WebServer] 127.0.0.1 - - [22/Sep/2026 21:25:15] "GET /_astro/Vennie.ke5yj4Fb_qwe4J.webp HTTP/1.1" 200 -
[WebServer] 127.0.0.1 - - [22/Sep/2026 21:25:15] "GET /_astro/Christa.DCD6hF9z_24FDMC.webp HTTP/1.1" 200 -
[WebServer] 127.0.0.1 - - [22/Sep/2026 21:25:15] "GET /_astro/Cheryl1.BA5--lqv_1QWN42.webp HTTP/1.1" 200 -
  ✓  12 [vp768] › tests/render/pages.spec.ts:109:3 › uk-blue-staffy-puppy-buying-guide (19.1s)
[WebServer] 127.0.0.1 - - [22/Sep/2026 21:25:25] "GET /uk-staffordshire-bull-terrier-guide/ HTTP/1.1" 200 -
[WebServer] 127.0.0.1 - - [22/Sep/2026 21:25:25] "GET /_astro/SiteHeaderKit.astro_astro_type_script_index_0_lang.oN0o2SoY.js HTTP/1.1" 200 -
[WebServer] 127.0.0.1 - - [22/Sep/2026 21:25:25] "GET /images/blue-staffy-puppy-for-sale-uk.webp HTTP/1.1" 200 -
[WebServer] 127.0.0.1 - - [22/Sep/2026 21:25:25] "GET /_astro/search.BBlYNZ37.js HTTP/1.1" 200 -
[WebServer] 127.0.0.1 - - [22/Sep/2026 21:25:26] code 404, message File not found
[WebServer] 127.0.0.1 - - [22/Sep/2026 21:25:26] "GET /__bsuk_pending_image__/0.webp HTTP/1.1" 404 -
[WebServer] 127.0.0.1 - - [22/Sep/2026 21:25:26] "GET /images/sbt-uk-legal-status-public-perception.webp HTTP/1.1" 200 -
[WebServer] 127.0.0.1 - - [22/Sep/2026 21:25:26] "GET /images/sbt-history-heritage-from-pit-to-pet.webp HTTP/1.1" 200 -
[WebServer] 127.0.0.1 - - [22/Sep/2026 21:25:27] "GET /images/dedicated-blue-staffy-pup-care-glasgow.webp HTTP/1.1" 200 -
[WebServer] 127.0.0.1 - - [22/Sep/2026 21:25:27] "GET /images/comprehensive-uk-staffordshire-bull-terrier-guide-book.webp HTTP/1.1" 200 -
[WebServer] 127.0.0.1 - - [22/Sep/2026 21:25:27] "GET /images/busting-common-staffy-myths-loving-family-dog.webp HTTP/1.1" 200 -
[WebServer] 127.0.0.1 - - [22/Sep/2026 21:25:27] "GET /images/find-health-certified-staffy-breeders-uk.webp HTTP/1.1" 200 -
[WebServer] 127.0.0.1 - - [22/Sep/2026 21:25:27] "GET /images/kc-registered-staffy-puppies.webp HTTP/1.1" 200 -
[WebServer] 127.0.0.1 - - [22/Sep/2026 21:25:27] "GET /images/staffordshire-bull-terrier-vs-american-bully-comparison.webp HTTP/1.1" 200 -
[WebServer] 127.0.0.1 - - [22/Sep/2026 21:25:27] "GET /_astro/Roman2.C-A0j1ry_1uH9rQ.webp HTTP/1.1" 200 -
[WebServer] 127.0.0.1 - - [22/Sep/2026 21:25:27] "GET /_astro/Byrd1.Dc5KZxb2_Z12dGBv.webp HTTP/1.1" 200 -
[WebServer] 127.0.0.1 - - [22/Sep/2026 21:25:27] "GET /_astro/Ince1.CjowFAsd_Z8xVgY.webp HTTP/1.1" 200 -
[WebServer] 127.0.0.1 - - [22/Sep/2026 21:25:27] "GET /_astro/Vennie.ke5yj4Fb_qwe4J.webp HTTP/1.1" 200 -
[WebServer] 127.0.0.1 - - [22/Sep/2026 21:25:27] "GET /_astro/Christa.DCD6hF9z_24FDMC.webp HTTP/1.1" 200 -
[WebServer] 127.0.0.1 - - [22/Sep/2026 21:25:27] "GET /_astro/Cheryl1.BA5--lqv_1QWN42.webp HTTP/1.1" 200 -
[WebServer] 127.0.0.1 - - [22/Sep/2026 21:25:27] "GET /images/true-cost-of-a-staffy-lifetime-budget-planning.webp HTTP/1.1" 200 -
  ✓  14 [vp375] › tests/render/pages.spec.ts:109:3 › uk-blue-staffy-puppy-buying-guide (21.4s)
[WebServer] 127.0.0.1 - - [22/Sep/2026 21:25:35] "GET /uk-staffordshire-bull-terrier-guide/ HTTP/1.1" 200 -
[WebServer] 127.0.0.1 - - [22/Sep/2026 21:25:35] "GET /_astro/SiteHeaderKit.astro_astro_type_script_index_0_lang.oN0o2SoY.js HTTP/1.1" 200 -
[WebServer] 127.0.0.1 - - [22/Sep/2026 21:25:35] "GET /images/blue-staffy-puppy-for-sale-uk-440.webp HTTP/1.1" 200 -
[WebServer] 127.0.0.1 - - [22/Sep/2026 21:25:35] "GET /_astro/search.BBlYNZ37.js HTTP/1.1" 200 -
[WebServer] 127.0.0.1 - - [22/Sep/2026 21:25:36] code 404, message File not found
[WebServer] 127.0.0.1 - - [22/Sep/2026 21:25:36] "GET /__bsuk_pending_image__/0.webp HTTP/1.1" 404 -
[WebServer] 127.0.0.1 - - [22/Sep/2026 21:25:37] "GET /images/comprehensive-uk-staffordshire-bull-terrier-guide-book.webp HTTP/1.1" 200 -
[WebServer] 127.0.0.1 - - [22/Sep/2026 21:25:37] "GET /images/sbt-history-heritage-from-pit-to-pet.webp HTTP/1.1" 200 -
[WebServer] 127.0.0.1 - - [22/Sep/2026 21:25:37] "GET /images/busting-common-staffy-myths-loving-family-dog.webp HTTP/1.1" 200 -
[WebServer] 127.0.0.1 - - [22/Sep/2026 21:25:37] "GET /images/find-health-certified-staffy-breeders-uk.webp HTTP/1.1" 200 -
[WebServer] 127.0.0.1 - - [22/Sep/2026 21:25:37] "GET /images/dedicated-blue-staffy-pup-care-glasgow.webp HTTP/1.1" 200 -
[WebServer] 127.0.0.1 - - [22/Sep/2026 21:25:37] "GET /images/sbt-uk-legal-status-public-perception.webp HTTP/1.1" 200 -
[WebServer] 127.0.0.1 - - [22/Sep/2026 21:25:37] "GET /images/kc-registered-staffy-puppies.webp HTTP/1.1" 200 -
[WebServer] 127.0.0.1 - - [22/Sep/2026 21:25:37] "GET /images/staffordshire-bull-terrier-vs-american-bully-comparison.webp HTTP/1.1" 200 -
[WebServer] 127.0.0.1 - - [22/Sep/2026 21:25:37] "GET /_astro/Roman2.C-A0j1ry_1uH9rQ.webp HTTP/1.1" 200 -
[WebServer] 127.0.0.1 - - [22/Sep/2026 21:25:37] "GET /_astro/Byrd1.Dc5KZxb2_Z12dGBv.webp HTTP/1.1" 200 -
[WebServer] 127.0.0.1 - - [22/Sep/2026 21:25:37] "GET /_astro/Ince1.CjowFAsd_Z8xVgY.webp HTTP/1.1" 200 -
[WebServer] 127.0.0.1 - - [22/Sep/2026 21:25:37] "GET /_astro/Christa.DCD6hF9z_24FDMC.webp HTTP/1.1" 200 -
[WebServer] 127.0.0.1 - - [22/Sep/2026 21:25:37] "GET /_astro/Vennie.ke5yj4Fb_qwe4J.webp HTTP/1.1" 200 -
[WebServer] 127.0.0.1 - - [22/Sep/2026 21:25:37] "GET /_astro/Cheryl1.BA5--lqv_1QWN42.webp HTTP/1.1" 200 -
[WebServer] 127.0.0.1 - - [22/Sep/2026 21:25:37] "GET /images/true-cost-of-a-staffy-lifetime-budget-planning.webp HTTP/1.1" 200 -
  ✓  15 [vp768] › tests/render/pages.spec.ts:109:3 › uk-staffordshire-bull-terrier-guide (15.9s)
[WebServer] 127.0.0.1 - - [22/Sep/2026 21:25:41] "GET /blue-staffy-health-uk/ HTTP/1.1" 200 -
[WebServer] 127.0.0.1 - - [22/Sep/2026 21:25:41] "GET /_astro/SiteHeaderKit.astro_astro_type_script_index_0_lang.oN0o2SoY.js HTTP/1.1" 200 -
[WebServer] 127.0.0.1 - - [22/Sep/2026 21:25:41] "GET /images/blue-staffy-puppies-uk-litter1.webp HTTP/1.1" 200 -
[WebServer] 127.0.0.1 - - [22/Sep/2026 21:25:41] "GET /images/what-health-tests-blue-staffies-need.webp HTTP/1.1" 200 -
[WebServer] 127.0.0.1 - - [22/Sep/2026 21:25:41] "GET /_astro/search.BBlYNZ37.js HTTP/1.1" 200 -
[WebServer] 127.0.0.1 - - [22/Sep/2026 21:25:42] code 404, message File not found
[WebServer] 127.0.0.1 - - [22/Sep/2026 21:25:42] "GET /__bsuk_pending_image__/0.webp HTTP/1.1" 404 -
[WebServer] 127.0.0.1 - - [22/Sep/2026 21:25:42] "GET /images/blue-staffy-puppy-vet-check-uk-760.webp HTTP/1.1" 200 -
[WebServer] 127.0.0.1 - - [22/Sep/2026 21:25:42] "GET /images/puppy-vaccinations-uk.webp HTTP/1.1" 200 -
[WebServer] 127.0.0.1 - - [22/Sep/2026 21:25:42] "GET /images/what-to-feed-new-blue-staffy-puppy.webp HTTP/1.1" 200 -
[WebServer] 127.0.0.1 - - [22/Sep/2026 21:25:42] "GET /images/find-health-certified-staffy-breeders-uk.webp HTTP/1.1" 200 -
[WebServer] 127.0.0.1 - - [22/Sep/2026 21:25:42] "GET /images/kc-registered-staffy-puppies.webp HTTP/1.1" 200 -
[WebServer] 127.0.0.1 - - [22/Sep/2026 21:25:42] "GET /images/maggie-blue-staffy-dam-with-pups-760.webp HTTP/1.1" 200 -
  ✓  16 [vp375] › tests/render/pages.spec.ts:109:3 › uk-staffordshire-bull-terrier-guide (18.2s)
[WebServer] 127.0.0.1 - - [22/Sep/2026 21:25:53] "GET /blue-staffy-health-uk/ HTTP/1.1" 200 -
[WebServer] 127.0.0.1 - - [22/Sep/2026 21:25:53] "GET /_astro/SiteHeaderKit.astro_astro_type_script_index_0_lang.oN0o2SoY.js HTTP/1.1" 200 -
[WebServer] 127.0.0.1 - - [22/Sep/2026 21:25:53] "GET /images/blue-staffy-puppies-uk-litter1-400.webp HTTP/1.1" 200 -
[WebServer] 127.0.0.1 - - [22/Sep/2026 21:25:53] "GET /_astro/search.BBlYNZ37.js HTTP/1.1" 200 -
[WebServer] 127.0.0.1 - - [22/Sep/2026 21:25:54] code 404, message File not found
[WebServer] 127.0.0.1 - - [22/Sep/2026 21:25:54] "GET /__bsuk_pending_image__/0.webp HTTP/1.1" 404 -
[WebServer] 127.0.0.1 - - [22/Sep/2026 21:25:54] "GET /images/puppy-vaccinations-uk.webp HTTP/1.1" 200 -
[WebServer] 127.0.0.1 - - [22/Sep/2026 21:25:54] "GET /images/maggie-blue-staffy-dam-with-pups-400.webp HTTP/1.1" 200 -
[WebServer] 127.0.0.1 - - [22/Sep/2026 21:25:54] "GET /images/what-health-tests-blue-staffies-need.webp HTTP/1.1" 200 -
[WebServer] 127.0.0.1 - - [22/Sep/2026 21:25:54] "GET /images/blue-staffy-puppy-vet-check-uk-400.webp HTTP/1.1" 200 -
[WebServer] 127.0.0.1 - - [22/Sep/2026 21:25:54] "GET /images/what-to-feed-new-blue-staffy-puppy.webp HTTP/1.1" 200 -
[WebServer] 127.0.0.1 - - [22/Sep/2026 21:25:54] "GET /images/find-health-certified-staffy-breeders-uk.webp HTTP/1.1" 200 -
[WebServer] 127.0.0.1 - - [22/Sep/2026 21:25:54] "GET /images/kc-registered-staffy-puppies.webp HTTP/1.1" 200 -
  ✓  17 [vp768] › tests/render/pages.spec.ts:109:3 › blue-staffy-health-uk (14.2s)
[WebServer] 127.0.0.1 - - [22/Sep/2026 21:25:55] "GET /blue-staffy-uk-breeders/ HTTP/1.1" 200 -
[WebServer] 127.0.0.1 - - [22/Sep/2026 21:25:55] "GET /images/blue-staffy-family-dog-uk-400.webp HTTP/1.1" 200 -
[WebServer] 127.0.0.1 - - [22/Sep/2026 21:25:55] "GET /_astro/SiteHeaderKit.astro_astro_type_script_index_0_lang.oN0o2SoY.js HTTP/1.1" 200 -
[WebServer] 127.0.0.1 - - [22/Sep/2026 21:25:55] "GET /_astro/search.BBlYNZ37.js HTTP/1.1" 200 -
[WebServer] 127.0.0.1 - - [22/Sep/2026 21:25:55] "GET /images/breeder-sitting-blue-staffy-puppy-home-400.webp HTTP/1.1" 200 -
[WebServer] 127.0.0.1 - - [22/Sep/2026 21:25:55] "GET /images/playful-blue-staffy-lawn-uk-400.webp HTTP/1.1" 200 -
[WebServer] 127.0.0.1 - - [22/Sep/2026 21:25:55] "GET /images/playful-blue-staffy-lawn-uk-760.webp HTTP/1.1" 200 -
[WebServer] 127.0.0.1 - - [22/Sep/2026 21:25:55] "GET /images/breeder-sitting-blue-staffy-puppy-home.webp HTTP/1.1" 200 -
[WebServer] 127.0.0.1 - - [22/Sep/2026 21:25:56] code 404, message File not found
[WebServer] 127.0.0.1 - - [22/Sep/2026 21:25:56] "GET /__bsuk_pending_image__/1.webp HTTP/1.1" 404 -
[WebServer] 127.0.0.1 - - [22/Sep/2026 21:25:56] code 404, message File not found
[WebServer] 127.0.0.1 - - [22/Sep/2026 21:25:56] "GET /__bsuk_pending_image__/0.webp HTTP/1.1" 404 -
[WebServer] 127.0.0.1 - - [22/Sep/2026 21:25:56] code 404, message File not found
[WebServer] 127.0.0.1 - - [22/Sep/2026 21:25:56] "GET /__bsuk_pending_image__/2.webp HTTP/1.1" 404 -
[WebServer] 127.0.0.1 - - [22/Sep/2026 21:25:56] "GET /images/family-friendly-blue-staffy-glasgow.webp HTTP/1.1" 200 -
[WebServer] 127.0.0.1 - - [22/Sep/2026 21:25:56] "GET /_astro/Roman2.C-A0j1ry_1uH9rQ.webp HTTP/1.1" 200 -
[WebServer] 127.0.0.1 - - [22/Sep/2026 21:25:56] "GET /images/bluestaffyuk-nationwide-delivery-760.webp HTTP/1.1" 200 -
[WebServer] 127.0.0.1 - - [22/Sep/2026 21:25:56] "GET /_astro/Byrd1.Dc5KZxb2_Z12dGBv.webp HTTP/1.1" 200 -
[WebServer] 127.0.0.1 - - [22/Sep/2026 21:25:56] "GET /images/testimonial-david-southampton-staffy-pup.webp HTTP/1.1" 200 -
[WebServer] 127.0.0.1 - - [22/Sep/2026 21:25:56] "GET /images/trusted-uk-breeders-blue-staffy-family.webp HTTP/1.1" 200 -
[WebServer] 127.0.0.1 - - [22/Sep/2026 21:25:56] "GET /_astro/Ince1.CjowFAsd_Z8xVgY.webp HTTP/1.1" 200 -
[WebServer] 127.0.0.1 - - [22/Sep/2026 21:25:56] "GET /_astro/Vennie.ke5yj4Fb_qwe4J.webp HTTP/1.1" 200 -
[WebServer] 127.0.0.1 - - [22/Sep/2026 21:25:56] "GET /_astro/Christa.DCD6hF9z_24FDMC.webp HTTP/1.1" 200 -
[WebServer] 127.0.0.1 - - [22/Sep/2026 21:25:56] "GET /_astro/Cheryl1.BA5--lqv_1QWN42.webp HTTP/1.1" 200 -
  ✓  19 [vp768] › tests/render/pages.spec.ts:109:3 › blue-staffy-uk-breeders (13.0s)
[WebServer] 127.0.0.1 - - [22/Sep/2026 21:26:08] "GET /uk-blue-staffy-breeders-contact/ HTTP/1.1" 200 -
[WebServer] 127.0.0.1 - - [22/Sep/2026 21:26:08] "GET /_astro/SiteHeaderKit.astro_astro_type_script_index_0_lang.oN0o2SoY.js HTTP/1.1" 200 -
[WebServer] 127.0.0.1 - - [22/Sep/2026 21:26:08] "GET /images/uk-blue-staffy-breeders-contact-form-support.webp HTTP/1.1" 200 -
[WebServer] 127.0.0.1 - - [22/Sep/2026 21:26:08] "GET /_astro/search.BBlYNZ37.js HTTP/1.1" 200 -
[WebServer] 127.0.0.1 - - [22/Sep/2026 21:26:09] code 404, message File not found
[WebServer] 127.0.0.1 - - [22/Sep/2026 21:26:09] "GET /__bsuk_pending_image__/0.webp HTTP/1.1" 404 -
  ✓  18 [vp375] › tests/render/pages.spec.ts:109:3 › blue-staffy-health-uk (15.7s)
[WebServer] 127.0.0.1 - - [22/Sep/2026 21:26:09] "GET /blue-staffy-uk-breeders/ HTTP/1.1" 200 -
[WebServer] 127.0.0.1 - - [22/Sep/2026 21:26:09] "GET /_astro/SiteHeaderKit.astro_astro_type_script_index_0_lang.oN0o2SoY.js HTTP/1.1" 200 -
[WebServer] 127.0.0.1 - - [22/Sep/2026 21:26:09] "GET /images/blue-staffy-family-dog-uk-240.webp HTTP/1.1" 200 -
[WebServer] 127.0.0.1 - - [22/Sep/2026 21:26:09] "GET /images/breeder-sitting-blue-staffy-puppy-home-240.webp HTTP/1.1" 200 -
[WebServer] 127.0.0.1 - - [22/Sep/2026 21:26:09] "GET /images/playful-blue-staffy-lawn-uk-240.webp HTTP/1.1" 200 -
[WebServer] 127.0.0.1 - - [22/Sep/2026 21:26:09] "GET /images/breeder-sitting-blue-staffy-puppy-home-400.webp HTTP/1.1" 200 -
[WebServer] 127.0.0.1 - - [22/Sep/2026 21:26:09] "GET /_astro/search.BBlYNZ37.js HTTP/1.1" 200 -
[WebServer] 127.0.0.1 - - [22/Sep/2026 21:26:10] code 404, message File not found
[WebServer] 127.0.0.1 - - [22/Sep/2026 21:26:10] "GET /__bsuk_pending_image__/0.webp HTTP/1.1" 404 -
[WebServer] 127.0.0.1 - - [22/Sep/2026 21:26:10] code 404, message File not found
[WebServer] 127.0.0.1 - - [22/Sep/2026 21:26:10] "GET /__bsuk_pending_image__/2.webp HTTP/1.1" 404 -
[WebServer] 127.0.0.1 - - [22/Sep/2026 21:26:10] code 404, message File not found
[WebServer] 127.0.0.1 - - [22/Sep/2026 21:26:10] "GET /__bsuk_pending_image__/1.webp HTTP/1.1" 404 -
[WebServer] 127.0.0.1 - - [22/Sep/2026 21:26:10] "GET /images/testimonial-david-southampton-staffy-pup.webp HTTP/1.1" 200 -
[WebServer] 127.0.0.1 - - [22/Sep/2026 21:26:10] "GET /images/playful-blue-staffy-lawn-uk-400.webp HTTP/1.1" 200 -
[WebServer] 127.0.0.1 - - [22/Sep/2026 21:26:10] "GET /images/bluestaffyuk-nationwide-delivery-400.webp HTTP/1.1" 200 -
[WebServer] 127.0.0.1 - - [22/Sep/2026 21:26:10] "GET /_astro/Byrd1.Dc5KZxb2_Z12dGBv.webp HTTP/1.1" 200 -
[WebServer] 127.0.0.1 - - [22/Sep/2026 21:26:10] "GET /images/family-friendly-blue-staffy-glasgow-400.webp HTTP/1.1" 200 -
[WebServer] 127.0.0.1 - - [22/Sep/2026 21:26:10] "GET /_astro/Roman2.C-A0j1ry_1uH9rQ.webp HTTP/1.1" 200 -
[WebServer] 127.0.0.1 - - [22/Sep/2026 21:26:10] "GET /images/trusted-uk-breeders-blue-staffy-family.webp HTTP/1.1" 200 -
[WebServer] 127.0.0.1 - - [22/Sep/2026 21:26:10] "GET /_astro/Vennie.ke5yj4Fb_qwe4J.webp HTTP/1.1" 200 -
[WebServer] 127.0.0.1 - - [22/Sep/2026 21:26:10] "GET /_astro/Ince1.CjowFAsd_Z8xVgY.webp HTTP/1.1" 200 -
[WebServer] 127.0.0.1 - - [22/Sep/2026 21:26:10] "GET /_astro/Christa.DCD6hF9z_24FDMC.webp HTTP/1.1" 200 -
[WebServer] 127.0.0.1 - - [22/Sep/2026 21:26:10] "GET /_astro/Cheryl1.BA5--lqv_1QWN42.webp HTTP/1.1" 200 -
  ✓  20 [vp768] › tests/render/pages.spec.ts:109:3 › uk-blue-staffy-breeders-contact (9.3s)
[WebServer] 127.0.0.1 - - [22/Sep/2026 21:26:18] "GET /thank-you-blue-staffy-puppies-journey/ HTTP/1.1" 200 -
[WebServer] 127.0.0.1 - - [22/Sep/2026 21:26:18] "GET /images/thank-you-from-bluestaffyuk-happy-family-blue-staffy.webp HTTP/1.1" 200 -
[WebServer] 127.0.0.1 - - [22/Sep/2026 21:26:18] "GET /_astro/SiteHeaderKit.astro_astro_type_script_index_0_lang.oN0o2SoY.js HTTP/1.1" 200 -
[WebServer] 127.0.0.1 - - [22/Sep/2026 21:26:18] "GET /_astro/search.BBlYNZ37.js HTTP/1.1" 200 -
[WebServer] 127.0.0.1 - - [22/Sep/2026 21:26:18] code 404, message File not found
[WebServer] 127.0.0.1 - - [22/Sep/2026 21:26:18] "GET /__bsuk_pending_image__/0.webp HTTP/1.1" 404 -
[WebServer] 127.0.0.1 - - [22/Sep/2026 21:26:18] "GET /_astro/Byrd1.Dc5KZxb2_Z12dGBv.webp HTTP/1.1" 200 -
[WebServer] 127.0.0.1 - - [22/Sep/2026 21:26:18] "GET /_astro/Roman2.C-A0j1ry_1uH9rQ.webp HTTP/1.1" 200 -
[WebServer] 127.0.0.1 - - [22/Sep/2026 21:26:18] "GET /_astro/Ince1.CjowFAsd_Z8xVgY.webp HTTP/1.1" 200 -
[WebServer] 127.0.0.1 - - [22/Sep/2026 21:26:18] "GET /_astro/Vennie.ke5yj4Fb_qwe4J.webp HTTP/1.1" 200 -
[WebServer] 127.0.0.1 - - [22/Sep/2026 21:26:18] "GET /_astro/Christa.DCD6hF9z_24FDMC.webp HTTP/1.1" 200 -
[WebServer] 127.0.0.1 - - [22/Sep/2026 21:26:18] "GET /_astro/Cheryl1.BA5--lqv_1QWN42.webp HTTP/1.1" 200 -
  ✓  21 [vp375] › tests/render/pages.spec.ts:109:3 › blue-staffy-uk-breeders (14.5s)
[WebServer] 127.0.0.1 - - [22/Sep/2026 21:26:24] "GET /uk-blue-staffy-breeders-contact/ HTTP/1.1" 200 -
[WebServer] 127.0.0.1 - - [22/Sep/2026 21:26:24] "GET /_astro/SiteHeaderKit.astro_astro_type_script_index_0_lang.oN0o2SoY.js HTTP/1.1" 200 -
[WebServer] 127.0.0.1 - - [22/Sep/2026 21:26:24] "GET /images/uk-blue-staffy-breeders-contact-form-support.webp HTTP/1.1" 200 -
[WebServer] 127.0.0.1 - - [22/Sep/2026 21:26:24] "GET /_astro/search.BBlYNZ37.js HTTP/1.1" 200 -
[WebServer] 127.0.0.1 - - [22/Sep/2026 21:26:24] code 404, message File not found
[WebServer] 127.0.0.1 - - [22/Sep/2026 21:26:24] "GET /__bsuk_pending_image__/0.webp HTTP/1.1" 404 -
  ✓  22 [vp768] › tests/render/pages.spec.ts:109:3 › thank-you-blue-staffy-puppies-journey (8.9s)
[WebServer] 127.0.0.1 - - [22/Sep/2026 21:26:26] "GET /privacy-policy-uk/ HTTP/1.1" 200 -
[WebServer] 127.0.0.1 - - [22/Sep/2026 21:26:26] "GET /_astro/SiteHeaderKit.astro_astro_type_script_index_0_lang.oN0o2SoY.js HTTP/1.1" 200 -
[WebServer] 127.0.0.1 - - [22/Sep/2026 21:26:26] "GET /images/privacy-policy-staffy-silhouette-bluestaffyuk.webp HTTP/1.1" 200 -
[WebServer] 127.0.0.1 - - [22/Sep/2026 21:26:27] "GET /_astro/search.BBlYNZ37.js HTTP/1.1" 200 -
[WebServer] 127.0.0.1 - - [22/Sep/2026 21:26:27] code 404, message File not found
[WebServer] 127.0.0.1 - - [22/Sep/2026 21:26:27] "GET /__bsuk_pending_image__/0.webp HTTP/1.1" 404 -
  ✓  23 [vp375] › tests/render/pages.spec.ts:109:3 › uk-blue-staffy-breeders-contact (9.7s)
[WebServer] 127.0.0.1 - - [22/Sep/2026 21:26:33] "GET /thank-you-blue-staffy-puppies-journey/ HTTP/1.1" 200 -
[WebServer] 127.0.0.1 - - [22/Sep/2026 21:26:33] "GET /images/thank-you-from-bluestaffyuk-happy-family-blue-staffy.webp HTTP/1.1" 200 -
[WebServer] 127.0.0.1 - - [22/Sep/2026 21:26:33] "GET /_astro/SiteHeaderKit.astro_astro_type_script_index_0_lang.oN0o2SoY.js HTTP/1.1" 200 -
[WebServer] 127.0.0.1 - - [22/Sep/2026 21:26:33] "GET /_astro/search.BBlYNZ37.js HTTP/1.1" 200 -
[WebServer] 127.0.0.1 - - [22/Sep/2026 21:26:34] code 404, message File not found
[WebServer] 127.0.0.1 - - [22/Sep/2026 21:26:34] "GET /__bsuk_pending_image__/0.webp HTTP/1.1" 404 -
[WebServer] 127.0.0.1 - - [22/Sep/2026 21:26:34] "GET /_astro/Vennie.ke5yj4Fb_qwe4J.webp HTTP/1.1" 200 -
[WebServer] 127.0.0.1 - - [22/Sep/2026 21:26:34] "GET /_astro/Roman2.C-A0j1ry_1uH9rQ.webp HTTP/1.1" 200 -
[WebServer] 127.0.0.1 - - [22/Sep/2026 21:26:34] "GET /_astro/Byrd1.Dc5KZxb2_Z12dGBv.webp HTTP/1.1" 200 -
[WebServer] 127.0.0.1 - - [22/Sep/2026 21:26:34] "GET /_astro/Ince1.CjowFAsd_Z8xVgY.webp HTTP/1.1" 200 -
[WebServer] 127.0.0.1 - - [22/Sep/2026 21:26:34] "GET /_astro/Christa.DCD6hF9z_24FDMC.webp HTTP/1.1" 200 -
[WebServer] 127.0.0.1 - - [22/Sep/2026 21:26:34] "GET /_astro/Cheryl1.BA5--lqv_1QWN42.webp HTTP/1.1" 200 -
  ✓  24 [vp768] › tests/render/pages.spec.ts:109:3 › privacy-policy-uk (9.9s)
[WebServer] 127.0.0.1 - - [22/Sep/2026 21:26:36] "GET /uk-locations/ HTTP/1.1" 200 -
[WebServer] 127.0.0.1 - - [22/Sep/2026 21:26:36] "GET /_astro/SiteHeaderKit.astro_astro_type_script_index_0_lang.oN0o2SoY.js HTTP/1.1" 200 -
[WebServer] 127.0.0.1 - - [22/Sep/2026 21:26:36] "GET /_astro/search.BBlYNZ37.js HTTP/1.1" 200 -
  ✓  26 [vp768] › tests/render/pages.spec.ts:109:3 › uk-locations (3.9s)
[WebServer] 127.0.0.1 - - [22/Sep/2026 21:26:40] "GET /uk-locations/blue-staffy-puppies-birmingham/ HTTP/1.1" 200 -
  ✓  25 [vp375] › tests/render/pages.spec.ts:109:3 › thank-you-blue-staffy-puppies-journey (9.8s)
[WebServer] 127.0.0.1 - - [22/Sep/2026 21:26:43] "GET /privacy-policy-uk/ HTTP/1.1" 200 -
[WebServer] 127.0.0.1 - - [22/Sep/2026 21:26:43] "GET /_astro/SiteHeaderKit.astro_astro_type_script_index_0_lang.oN0o2SoY.js HTTP/1.1" 200 -
[WebServer] 127.0.0.1 - - [22/Sep/2026 21:26:43] "GET /images/privacy-policy-staffy-silhouette-bluestaffyuk.webp HTTP/1.1" 200 -
[WebServer] 127.0.0.1 - - [22/Sep/2026 21:26:43] "GET /_astro/search.BBlYNZ37.js HTTP/1.1" 200 -
[WebServer] 127.0.0.1 - - [22/Sep/2026 21:26:44] code 404, message File not found
[WebServer] 127.0.0.1 - - [22/Sep/2026 21:26:44] "GET /__bsuk_pending_image__/0.webp HTTP/1.1" 404 -
  ✓  27 [vp768] › tests/render/pages.spec.ts:109:3 › uk-locations/blue-staffy-puppies-birmingham (3.7s)
[WebServer] 127.0.0.1 - - [22/Sep/2026 21:26:44] "GET /uk-locations/blue-staffy-puppies-uk/ HTTP/1.1" 200 -
[WebServer] 127.0.0.1 - - [22/Sep/2026 21:26:44] "GET /images/blue-staffy-puppies-near-me-uk-available.webp HTTP/1.1" 200 -
[WebServer] 127.0.0.1 - - [22/Sep/2026 21:26:44] "GET /images/bluestaffyuk-nationwide-delivery.webp HTTP/1.1" 200 -
[WebServer] 127.0.0.1 - - [22/Sep/2026 21:26:44] code 404, message File not found
[WebServer] 127.0.0.1 - - [22/Sep/2026 21:26:44] "GET /__bsuk_pending_image__/0.webp HTTP/1.1" 404 -
[WebServer] 127.0.0.1 - - [22/Sep/2026 21:26:45] "GET /images/buy-blue-staffy-puppy-uk-ethical-purchase.webp HTTP/1.1" 200 -
[WebServer] 127.0.0.1 - - [22/Sep/2026 21:26:45] "GET /images/blue-staffy-uk-map-city-overview-1.webp HTTP/1.1" 200 -
[WebServer] 127.0.0.1 - - [22/Sep/2026 21:26:45] "GET /images/family-friendly-blue-staffy-glasgow.webp HTTP/1.1" 200 -
[WebServer] 127.0.0.1 - - [22/Sep/2026 21:26:45] "GET /images/dedicated-blue-staffy-pup-care-glasgow.webp HTTP/1.1" 200 -
[WebServer] 127.0.0.1 - - [22/Sep/2026 21:26:45] "GET /images/blue-staffy-puppy-delivery-uk.webp HTTP/1.1" 200 -
[WebServer] 127.0.0.1 - - [22/Sep/2026 21:26:45] "GET /images/maggie-blue-staffy-dam-with-pups.webp HTTP/1.1" 200 -
[WebServer] 127.0.0.1 - - [22/Sep/2026 21:26:45] "GET /images/bluestaffyuk-puppy-delivery-cornwall.webp HTTP/1.1" 200 -
[WebServer] 127.0.0.1 - - [22/Sep/2026 21:26:45] "GET /images/reputable-blue-staffy-breeder-manchester-pup.webp HTTP/1.1" 200 -
[WebServer] 127.0.0.1 - - [22/Sep/2026 21:26:45] "GET /images/ethical-staffy-puppy-london-delivery.webp HTTP/1.1" 200 -
  ✓  28 [vp375] › tests/render/pages.spec.ts:109:3 › privacy-policy-uk (11.0s)
[WebServer] 127.0.0.1 - - [22/Sep/2026 21:26:54] "GET /uk-locations/ HTTP/1.1" 200 -
[WebServer] 127.0.0.1 - - [22/Sep/2026 21:26:54] "GET /_astro/SiteHeaderKit.astro_astro_type_script_index_0_lang.oN0o2SoY.js HTTP/1.1" 200 -
[WebServer] 127.0.0.1 - - [22/Sep/2026 21:26:54] "GET /_astro/search.BBlYNZ37.js HTTP/1.1" 200 -
  ✘  29 [vp768] › tests/render/pages.spec.ts:109:3 › uk-locations/blue-staffy-puppies-uk (11.5s)
[freshness] dist/ is current (newest: dist/search-index.json)
[WebServer] 127.0.0.1 - - [22/Sep/2026 21:26:57] "GET /blue-staffy-blog-guides/ HTTP/1.1" 200 -
[WebServer] 127.0.0.1 - - [22/Sep/2026 21:26:57] "GET /_astro/SiteHeaderKit.astro_astro_type_script_index_0_lang.oN0o2SoY.js HTTP/1.1" 200 -
[WebServer] 127.0.0.1 - - [22/Sep/2026 21:26:57] "GET /images/blue-staffy-puppies-near-me-uk-available.webp HTTP/1.1" 200 -
[WebServer] 127.0.0.1 - - [22/Sep/2026 21:26:57] "GET /_astro/search.BBlYNZ37.js HTTP/1.1" 200 -
[WebServer] 127.0.0.1 - - [22/Sep/2026 21:26:58] code 404, message File not found
[WebServer] 127.0.0.1 - - [22/Sep/2026 21:26:58] "GET /__bsuk_pending_image__/0.webp HTTP/1.1" 404 -
  ✓  30 [vp375] › tests/render/pages.spec.ts:109:3 › uk-locations (4.8s)
[WebServer] 127.0.0.1 - - [22/Sep/2026 21:26:59] "GET /uk-locations/blue-staffy-puppies-birmingham/ HTTP/1.1" 200 -
  ✓  32 [vp375] › tests/render/pages.spec.ts:109:3 › uk-locations/blue-staffy-puppies-birmingham (4.0s)
[WebServer] 127.0.0.1 - - [22/Sep/2026 21:27:03] "GET /uk-locations/blue-staffy-puppies-uk/ HTTP/1.1" 200 -
[WebServer] 127.0.0.1 - - [22/Sep/2026 21:27:03] "GET /images/blue-staffy-puppies-near-me-uk-available.webp HTTP/1.1" 200 -
[WebServer] 127.0.0.1 - - [22/Sep/2026 21:27:03] "GET /images/bluestaffyuk-nationwide-delivery-760.webp HTTP/1.1" 200 -
[WebServer] 127.0.0.1 - - [22/Sep/2026 21:27:03] "GET /images/blue-staffy-uk-map-city-overview-1.webp HTTP/1.1" 200 -
[WebServer] 127.0.0.1 - - [22/Sep/2026 21:27:03] code 404, message File not found
[WebServer] 127.0.0.1 - - [22/Sep/2026 21:27:03] "GET /__bsuk_pending_image__/0.webp HTTP/1.1" 404 -
[WebServer] 127.0.0.1 - - [22/Sep/2026 21:27:04] "GET /images/family-friendly-blue-staffy-glasgow.webp HTTP/1.1" 200 -
[WebServer] 127.0.0.1 - - [22/Sep/2026 21:27:04] "GET /images/buy-blue-staffy-puppy-uk-ethical-purchase-760.webp HTTP/1.1" 200 -
[WebServer] 127.0.0.1 - - [22/Sep/2026 21:27:04] "GET /images/maggie-blue-staffy-dam-with-pups-760.webp HTTP/1.1" 200 -
[WebServer] 127.0.0.1 - - [22/Sep/2026 21:27:04] "GET /images/bluestaffyuk-puppy-delivery-cornwall.webp HTTP/1.1" 200 -
[WebServer] 127.0.0.1 - - [22/Sep/2026 21:27:04] "GET /images/dedicated-blue-staffy-pup-care-glasgow.webp HTTP/1.1" 200 -
[WebServer] 127.0.0.1 - - [22/Sep/2026 21:27:04] "GET /images/blue-staffy-puppy-delivery-uk-760.webp HTTP/1.1" 200 -
[WebServer] 127.0.0.1 - - [22/Sep/2026 21:27:04] "GET /images/reputable-blue-staffy-breeder-manchester-pup.webp HTTP/1.1" 200 -
[WebServer] 127.0.0.1 - - [22/Sep/2026 21:27:04] "GET /images/ethical-staffy-puppy-london-delivery.webp HTTP/1.1" 200 -
  ✓  31 [vp768] › tests/render/pages.spec.ts:109:3 › blue-staffy-blog-guides (9.8s)
[WebServer] 127.0.0.1 - - [22/Sep/2026 21:27:07] "GET /how-to-choose-the-right-blue-staffy-puppy-for-your-family/ HTTP/1.1" 200 -
[WebServer] 127.0.0.1 - - [22/Sep/2026 21:27:07] "GET /_astro/SiteHeaderKit.astro_astro_type_script_index_0_lang.oN0o2SoY.js HTTP/1.1" 200 -
[WebServer] 127.0.0.1 - - [22/Sep/2026 21:27:07] "GET /_astro/search.BBlYNZ37.js HTTP/1.1" 200 -
  ✓  34 [vp768] › tests/render/pages.spec.ts:109:3 › how-to-choose-the-right-blue-staffy-puppy-for-your-family (5.1s)
[WebServer] 127.0.0.1 - - [22/Sep/2026 21:27:12] "GET /blog/ HTTP/1.1" 200 -
[WebServer] 127.0.0.1 - - [22/Sep/2026 21:27:12] "GET /_astro/SiteHeaderKit.astro_astro_type_script_index_0_lang.oN0o2SoY.js HTTP/1.1" 200 -
[WebServer] 127.0.0.1 - - [22/Sep/2026 21:27:12] "GET /_astro/search.BBlYNZ37.js HTTP/1.1" 200 -
  ✘  33 [vp375] › tests/render/pages.spec.ts:109:3 › uk-locations/blue-staffy-puppies-uk (10.0s)
[freshness] dist/ is current (newest: dist/search-index.json)
[WebServer] 127.0.0.1 - - [22/Sep/2026 21:27:14] "GET /blue-staffy-blog-guides/ HTTP/1.1" 200 -
[WebServer] 127.0.0.1 - - [22/Sep/2026 21:27:14] "GET /images/blue-staffy-puppies-near-me-uk-available.webp HTTP/1.1" 200 -
[WebServer] 127.0.0.1 - - [22/Sep/2026 21:27:14] "GET /_astro/SiteHeaderKit.astro_astro_type_script_index_0_lang.oN0o2SoY.js HTTP/1.1" 200 -
[WebServer] 127.0.0.1 - - [22/Sep/2026 21:27:14] "GET /_astro/search.BBlYNZ37.js HTTP/1.1" 200 -
[WebServer] 127.0.0.1 - - [22/Sep/2026 21:27:15] code 404, message File not found
[WebServer] 127.0.0.1 - - [22/Sep/2026 21:27:15] "GET /__bsuk_pending_image__/0.webp HTTP/1.1" 404 -
  ✓  35 [vp768] › tests/render/pages.spec.ts:109:3 › blog (4.1s)
[WebServer] 127.0.0.1 - - [22/Sep/2026 21:27:16] "GET /kit-preview/ HTTP/1.1" 200 -
[WebServer] 127.0.0.1 - - [22/Sep/2026 21:27:16] "GET /_astro/SiteHeaderKit.astro_astro_type_script_index_0_lang.oN0o2SoY.js HTTP/1.1" 200 -
[WebServer] 127.0.0.1 - - [22/Sep/2026 21:27:16] "GET /_astro/Cheryl1.BA5--lqv_Z1P5ulo.webp HTTP/1.1" 200 -
[WebServer] 127.0.0.1 - - [22/Sep/2026 21:27:16] "GET /_astro/Roman2.C-A0j1ry_1uH9rQ.webp HTTP/1.1" 200 -
[WebServer] 127.0.0.1 - - [22/Sep/2026 21:27:16] "GET /_astro/Christa.DCD6hF9z_24FDMC.webp HTTP/1.1" 200 -
[WebServer] 127.0.0.1 - - [22/Sep/2026 21:27:16] "GET /_astro/search.BBlYNZ37.js HTTP/1.1" 200 -
[WebServer] 127.0.0.1 - - [22/Sep/2026 21:27:17] "GET /_astro/Ince1.CjowFAsd_1ydgJK.webp HTTP/1.1" 200 -
  ✓  36 [vp375] › tests/render/pages.spec.ts:109:3 › blue-staffy-blog-guides (10.5s)
[WebServer] 127.0.0.1 - - [22/Sep/2026 21:27:25] "GET /how-to-choose-the-right-blue-staffy-puppy-for-your-family/ HTTP/1.1" 200 -
[WebServer] 127.0.0.1 - - [22/Sep/2026 21:27:25] "GET /_astro/SiteHeaderKit.astro_astro_type_script_index_0_lang.oN0o2SoY.js HTTP/1.1" 200 -
[WebServer] 127.0.0.1 - - [22/Sep/2026 21:27:25] "GET /_astro/search.BBlYNZ37.js HTTP/1.1" 200 -
  ✓  37 [vp768] › tests/render/pages.spec.ts:109:3 › kit-preview (11.6s)
[freshness] dist/ is current (newest: dist/search-index.json)
[WebServer] 127.0.0.1 - - [22/Sep/2026 21:27:29] "GET / HTTP/1.1" 200 -
[WebServer] 127.0.0.1 - - [22/Sep/2026 21:27:29] "GET /_astro/SiteHeaderKit.astro_astro_type_script_index_0_lang.oN0o2SoY.js HTTP/1.1" 200 -
[WebServer] 127.0.0.1 - - [22/Sep/2026 21:27:29] "GET /images/blue-staffy-puppy-for-sale-uk-440.webp HTTP/1.1" 200 -
[WebServer] 127.0.0.1 - - [22/Sep/2026 21:27:29] "GET /_astro/search.BBlYNZ37.js HTTP/1.1" 200 -
[WebServer] 127.0.0.1 - - [22/Sep/2026 21:27:29] "GET /images/buy-staffy-health-guarantee-uk-760.webp HTTP/1.1" 200 -
[WebServer] 127.0.0.1 - - [22/Sep/2026 21:27:29] code 404, message File not found
[WebServer] 127.0.0.1 - - [22/Sep/2026 21:27:29] "GET /__bsuk_pending_image__/0.webp HTTP/1.1" 404 -
[WebServer] 127.0.0.1 - - [22/Sep/2026 21:27:29] "GET /images/victoria-family-blue-staffy-manchester-440.webp HTTP/1.1" 200 -
[WebServer] 127.0.0.1 - - [22/Sep/2026 21:27:30] "GET /_astro/Roman2.C-A0j1ry_1uH9rQ.webp HTTP/1.1" 200 -
[WebServer] 127.0.0.1 - - [22/Sep/2026 21:27:30] "GET /_astro/Byrd1.Dc5KZxb2_Z12dGBv.webp HTTP/1.1" 200 -
[WebServer] 127.0.0.1 - - [22/Sep/2026 21:27:30] "GET /_astro/Ince1.CjowFAsd_Z8xVgY.webp HTTP/1.1" 200 -
[WebServer] 127.0.0.1 - - [22/Sep/2026 21:27:30] "GET /_astro/Vennie.ke5yj4Fb_qwe4J.webp HTTP/1.1" 200 -
[WebServer] 127.0.0.1 - - [22/Sep/2026 21:27:30] "GET /_astro/Christa.DCD6hF9z_24FDMC.webp HTTP/1.1" 200 -
[WebServer] 127.0.0.1 - - [22/Sep/2026 21:27:30] "GET /_astro/Cheryl1.BA5--lqv_1QWN42.webp HTTP/1.1" 200 -
[WebServer] 127.0.0.1 - - [22/Sep/2026 21:27:30] "GET /images/kc-staffy-puppies-for-rehoming-uk.webp HTTP/1.1" 200 -
[WebServer] 127.0.0.1 - - [22/Sep/2026 21:27:30] "GET /images/playful-staffy-puppies-uk-sale.webp HTTP/1.1" 200 -
[WebServer] 127.0.0.1 - - [22/Sep/2026 21:27:30] "GET /images/kc-registered-blue-staffy-pups-london.webp HTTP/1.1" 200 -
[WebServer] 127.0.0.1 - - [22/Sep/2026 21:27:30] "GET /images/playful-blue-staffy-lawn-uk-760.webp HTTP/1.1" 200 -
[WebServer] 127.0.0.1 - - [22/Sep/2026 21:27:30] "GET /images/maggie-blue-staffy-dam-with-pups-760.webp HTTP/1.1" 200 -
[WebServer] 127.0.0.1 - - [22/Sep/2026 21:27:30] "GET /images/blue-staffy-family-dog-uk.webp HTTP/1.1" 200 -
[WebServer] 127.0.0.1 - - [22/Sep/2026 21:27:30] "GET /images/blue-staffy-puppy-vet-check-uk-760.webp HTTP/1.1" 200 -
[WebServer] 127.0.0.1 - - [22/Sep/2026 21:27:30] "GET /images/healthy-staffy-breed-guide-1.webp HTTP/1.1" 200 -
[WebServer] 127.0.0.1 - - [22/Sep/2026 21:27:30] "GET /images/bluestaffyuk-nationwide-delivery-760.webp HTTP/1.1" 200 -
[WebServer] 127.0.0.1 - - [22/Sep/2026 21:27:30] "GET /images/blue-staffy-puppy-delivery-uk-760.webp HTTP/1.1" 200 -
[WebServer] 127.0.0.1 - - [22/Sep/2026 21:27:30] "GET /images/mark-blue-staffy-london.webp HTTP/1.1" 200 -
  ✓  38 [vp375] › tests/render/pages.spec.ts:109:3 › how-to-choose-the-right-blue-staffy-puppy-for-your-family (5.6s)
[WebServer] 127.0.0.1 - - [22/Sep/2026 21:27:30] "GET /blog/ HTTP/1.1" 200 -
[WebServer] 127.0.0.1 - - [22/Sep/2026 21:27:30] "GET /_astro/SiteHeaderKit.astro_astro_type_script_index_0_lang.oN0o2SoY.js HTTP/1.1" 200 -
[WebServer] 127.0.0.1 - - [22/Sep/2026 21:27:30] "GET /_astro/search.BBlYNZ37.js HTTP/1.1" 200 -
  ✓  40 [vp375] › tests/render/pages.spec.ts:109:3 › blog (4.0s)
[WebServer] 127.0.0.1 - - [22/Sep/2026 21:27:34] "GET /kit-preview/ HTTP/1.1" 200 -
[WebServer] 127.0.0.1 - - [22/Sep/2026 21:27:34] "GET /_astro/SiteHeaderKit.astro_astro_type_script_index_0_lang.oN0o2SoY.js HTTP/1.1" 200 -
[WebServer] 127.0.0.1 - - [22/Sep/2026 21:27:34] "GET /_astro/Cheryl1.BA5--lqv_2leFTW.webp HTTP/1.1" 200 -
[WebServer] 127.0.0.1 - - [22/Sep/2026 21:27:34] "GET /_astro/Roman2.C-A0j1ry_1uH9rQ.webp HTTP/1.1" 200 -
[WebServer] 127.0.0.1 - - [22/Sep/2026 21:27:34] "GET /_astro/Christa.DCD6hF9z_24FDMC.webp HTTP/1.1" 200 -
[WebServer] 127.0.0.1 - - [22/Sep/2026 21:27:34] "GET /_astro/search.BBlYNZ37.js HTTP/1.1" 200 -
[WebServer] 127.0.0.1 - - [22/Sep/2026 21:27:35] "GET /_astro/Ince1.CjowFAsd_1W6LK4.webp HTTP/1.1" 200 -
  ✓  41 [vp375] › tests/render/pages.spec.ts:109:3 › kit-preview (13.3s)
  ✓  39 [vp1280] › tests/render/pages.spec.ts:109:3 › index (20.2s)
[WebServer] 127.0.0.1 - - [22/Sep/2026 21:27:49] "GET /buy-blue-staffy-puppies-uk/ HTTP/1.1" 200 -
[WebServer] 127.0.0.1 - - [22/Sep/2026 21:27:49] "GET /_astro/SiteHeaderKit.astro_astro_type_script_index_0_lang.oN0o2SoY.js HTTP/1.1" 200 -
[WebServer] 127.0.0.1 - - [22/Sep/2026 21:27:49] "GET /images/staffordshire-bull-terrier-for-sale-uk-ready-240.webp HTTP/1.1" 200 -
[WebServer] 127.0.0.1 - - [22/Sep/2026 21:27:49] "GET /images/blue-staffy-pups-near-you-240.webp HTTP/1.1" 200 -
[WebServer] 127.0.0.1 - - [22/Sep/2026 21:27:49] "GET /images/blue-staffy-puppy-delivery-uk-240.webp HTTP/1.1" 200 -
[WebServer] 127.0.0.1 - - [22/Sep/2026 21:27:49] "GET /_astro/Byrd1.Dc5KZxb2_Z12dGBv.webp HTTP/1.1" 200 -
[WebServer] 127.0.0.1 - - [22/Sep/2026 21:27:49] "GET /_astro/Roman2.C-A0j1ry_1uH9rQ.webp HTTP/1.1" 200 -
[WebServer] 127.0.0.1 - - [22/Sep/2026 21:27:49] "GET /_astro/Ince1.CjowFAsd_Z8xVgY.webp HTTP/1.1" 200 -
[WebServer] 127.0.0.1 - - [22/Sep/2026 21:27:49] "GET /_astro/Christa.DCD6hF9z_24FDMC.webp HTTP/1.1" 200 -
[WebServer] 127.0.0.1 - - [22/Sep/2026 21:27:49] "GET /_astro/Vennie.ke5yj4Fb_qwe4J.webp HTTP/1.1" 200 -
[WebServer] 127.0.0.1 - - [22/Sep/2026 21:27:49] "GET /_astro/Cheryl1.BA5--lqv_1QWN42.webp HTTP/1.1" 200 -
[WebServer] 127.0.0.1 - - [22/Sep/2026 21:27:49] "GET /images/buy-staffordshire-bull-terrier-uk-now-760.webp HTTP/1.1" 200 -
[WebServer] 127.0.0.1 - - [22/Sep/2026 21:27:49] "GET /_astro/search.BBlYNZ37.js HTTP/1.1" 200 -
[WebServer] 127.0.0.1 - - [22/Sep/2026 21:27:49] code 404, message File not found
[WebServer] 127.0.0.1 - - [22/Sep/2026 21:27:49] "GET /__bsuk_pending_image__/1.webp HTTP/1.1" 404 -
[WebServer] 127.0.0.1 - - [22/Sep/2026 21:27:49] code 404, message File not found
[WebServer] 127.0.0.1 - - [22/Sep/2026 21:27:49] "GET /__bsuk_pending_image__/0.webp HTTP/1.1" 404 -
[WebServer] 127.0.0.1 - - [22/Sep/2026 21:27:49] code 404, message File not found
[WebServer] 127.0.0.1 - - [22/Sep/2026 21:27:49] "GET /__bsuk_pending_image__/2.webp HTTP/1.1" 404 -
[WebServer] 127.0.0.1 - - [22/Sep/2026 21:27:50] "GET /images/blue-staffy-puppy-testimonial-cardiff-daniel.webp HTTP/1.1" 200 -
[WebServer] 127.0.0.1 - - [22/Sep/2026 21:27:50] "GET /images/uk-blue-staffy-breeders-trust-760.webp HTTP/1.1" 200 -
[WebServer] 127.0.0.1 - - [22/Sep/2026 21:27:50] "GET /images/blue-staffy-puppy-delivery-uk-760.webp HTTP/1.1" 200 -
[WebServer] 127.0.0.1 - - [22/Sep/2026 21:27:50] "GET /images/blue-staffy-pups-near-you-760.webp HTTP/1.1" 200 -
[WebServer] 127.0.0.1 - - [22/Sep/2026 21:27:50] "GET /images/blue-staffy-testimonial-london-happy-owner.webp HTTP/1.1" 200 -
  ✓  42 [vp1280] › tests/render/pages.spec.ts:109:3 › buy-blue-staffy-puppies-uk (13.2s)
[WebServer] 127.0.0.1 - - [22/Sep/2026 21:28:02] "GET /blue-staffy-pup-sale-uk/ HTTP/1.1" 200 -
[WebServer] 127.0.0.1 - - [22/Sep/2026 21:28:02] "GET /_astro/SiteHeaderKit.astro_astro_type_script_index_0_lang.oN0o2SoY.js HTTP/1.1" 200 -
[WebServer] 127.0.0.1 - - [22/Sep/2026 21:28:02] "GET /images/buy-staffordshire-bull-terrier-uk-now.webp HTTP/1.1" 200 -
[WebServer] 127.0.0.1 - - [22/Sep/2026 21:28:02] "GET /images/maggie-blue-staffy-dam-with-pups-760.webp HTTP/1.1" 200 -
[WebServer] 127.0.0.1 - - [22/Sep/2026 21:28:02] "GET /_astro/search.BBlYNZ37.js HTTP/1.1" 200 -
[WebServer] 127.0.0.1 - - [22/Sep/2026 21:28:03] code 404, message File not found
[WebServer] 127.0.0.1 - - [22/Sep/2026 21:28:03] "GET /__bsuk_pending_image__/0.webp HTTP/1.1" 404 -
[WebServer] 127.0.0.1 - - [22/Sep/2026 21:28:03] "GET /images/bluestaffyuk-nationwide-delivery-760.webp HTTP/1.1" 200 -
[WebServer] 127.0.0.1 - - [22/Sep/2026 21:28:03] "GET /_astro/Roman2.C-A0j1ry_1uH9rQ.webp HTTP/1.1" 200 -
[WebServer] 127.0.0.1 - - [22/Sep/2026 21:28:03] "GET /images/blue-staffy-testimonial-london-happy-owner.webp HTTP/1.1" 200 -
[WebServer] 127.0.0.1 - - [22/Sep/2026 21:28:03] "GET /_astro/Christa.DCD6hF9z_24FDMC.webp HTTP/1.1" 200 -
[WebServer] 127.0.0.1 - - [22/Sep/2026 21:28:03] "GET /_astro/Ince1.CjowFAsd_Z8xVgY.webp HTTP/1.1" 200 -
[WebServer] 127.0.0.1 - - [22/Sep/2026 21:28:03] "GET /_astro/Vennie.ke5yj4Fb_qwe4J.webp HTTP/1.1" 200 -
[WebServer] 127.0.0.1 - - [22/Sep/2026 21:28:03] "GET /_astro/Cheryl1.BA5--lqv_1QWN42.webp HTTP/1.1" 200 -
[WebServer] 127.0.0.1 - - [22/Sep/2026 21:28:03] "GET /_astro/Byrd1.Dc5KZxb2_Z12dGBv.webp HTTP/1.1" 200 -
[WebServer] 127.0.0.1 - - [22/Sep/2026 21:28:03] "GET /images/mark-blue-staffy-london.webp HTTP/1.1" 200 -
  ✓  43 [vp1280] › tests/render/pages.spec.ts:109:3 › blue-staffy-pup-sale-uk (12.5s)
[WebServer] 127.0.0.1 - - [22/Sep/2026 21:28:15] "GET /buy-staffy-puppies-for-sale-uk/ HTTP/1.1" 200 -
[WebServer] 127.0.0.1 - - [22/Sep/2026 21:28:15] "GET /_astro/SiteHeaderKit.astro_astro_type_script_index_0_lang.oN0o2SoY.js HTTP/1.1" 200 -
[WebServer] 127.0.0.1 - - [22/Sep/2026 21:28:15] "GET /images/buy-staffy-puppies-for-sale-uk-bluestaffyuk.webp HTTP/1.1" 200 -
[WebServer] 127.0.0.1 - - [22/Sep/2026 21:28:15] "GET /images/staffy-puppies-norwich-for-sale-uk.webp HTTP/1.1" 200 -
[WebServer] 127.0.0.1 - - [22/Sep/2026 21:28:15] "GET /_astro/search.BBlYNZ37.js HTTP/1.1" 200 -
[WebServer] 127.0.0.1 - - [22/Sep/2026 21:28:15] code 404, message File not found
[WebServer] 127.0.0.1 - - [22/Sep/2026 21:28:15] "GET /__bsuk_pending_image__/0.webp HTTP/1.1" 404 -
[WebServer] 127.0.0.1 - - [22/Sep/2026 21:28:15] "GET /images/english-blue-staffy-for-sale-puppy.webp HTTP/1.1" 200 -
[WebServer] 127.0.0.1 - - [22/Sep/2026 21:28:15] "GET /images/vet-checked-blue-staffy-puppy-near-me.webp HTTP/1.1" 200 -
[WebServer] 127.0.0.1 - - [22/Sep/2026 21:28:15] "GET /images/healthy-staffy-puppy-for-sale-uk.webp HTTP/1.1" 200 -
[WebServer] 127.0.0.1 - - [22/Sep/2026 21:28:15] "GET /images/avoid-staffordshire-bull-terrier-temperament-problems-bluestaffyuk.webp HTTP/1.1" 200 -
[WebServer] 127.0.0.1 - - [22/Sep/2026 21:28:15] "GET /images/affordable-vs-premium-blue-staffy-breeders-comparison.webp HTTP/1.1" 200 -
[WebServer] 127.0.0.1 - - [22/Sep/2026 21:28:15] "GET /images/blue-staffy-bully-puppies-for-sale-uk-kc-certified.webp HTTP/1.1" 200 -
[WebServer] 127.0.0.1 - - [22/Sep/2026 21:28:15] "GET /images/kennel-club-assured-breeder-vs-others-bluestaffyuk.webp HTTP/1.1" 200 -
[WebServer] 127.0.0.1 - - [22/Sep/2026 21:28:15] "GET /images/best-blue-staffy-breeder-reviews-puppy-for-sale-uk.webp HTTP/1.1" 200 -
[WebServer] 127.0.0.1 - - [22/Sep/2026 21:28:15] "GET /images/trusted-blue-staffy-breeder-reviews-satisfied-owners.webp HTTP/1.1" 200 -
[WebServer] 127.0.0.1 - - [22/Sep/2026 21:28:15] "GET /_astro/Roman2.C-A0j1ry_1uH9rQ.webp HTTP/1.1" 200 -
[WebServer] 127.0.0.1 - - [22/Sep/2026 21:28:15] "GET /_astro/Ince1.CjowFAsd_Z8xVgY.webp HTTP/1.1" 200 -
[WebServer] 127.0.0.1 - - [22/Sep/2026 21:28:15] "GET /_astro/Vennie.ke5yj4Fb_qwe4J.webp HTTP/1.1" 200 -
[WebServer] 127.0.0.1 - - [22/Sep/2026 21:28:15] "GET /_astro/Byrd1.Dc5KZxb2_Z12dGBv.webp HTTP/1.1" 200 -
[WebServer] 127.0.0.1 - - [22/Sep/2026 21:28:15] "GET /_astro/Christa.DCD6hF9z_24FDMC.webp HTTP/1.1" 200 -
[WebServer] 127.0.0.1 - - [22/Sep/2026 21:28:15] "GET /images/local-blue-staffy-breeders-near-me-uk.webp HTTP/1.1" 200 -
[WebServer] 127.0.0.1 - - [22/Sep/2026 21:28:15] "GET /_astro/Cheryl1.BA5--lqv_1QWN42.webp HTTP/1.1" 200 -
[WebServer] 127.0.0.1 - - [22/Sep/2026 21:28:15] "GET /images/premium-staffy-puppy-for-sale-in-the-uk-ready-now.webp HTTP/1.1" 200 -
  ✓  44 [vp1280] › tests/render/pages.spec.ts:109:3 › buy-staffy-puppies-for-sale-uk (16.3s)
[WebServer] 127.0.0.1 - - [22/Sep/2026 21:28:31] "GET /available-puppies/roman/ HTTP/1.1" 200 -
[WebServer] 127.0.0.1 - - [22/Sep/2026 21:28:31] "GET /_astro/SiteHeaderKit.astro_astro_type_script_index_0_lang.oN0o2SoY.js HTTP/1.1" 200 -
[WebServer] 127.0.0.1 - - [22/Sep/2026 21:28:31] "GET /_astro/Roman2.C-A0j1ry_Z2h5Yfu.webp HTTP/1.1" 200 -
[WebServer] 127.0.0.1 - - [22/Sep/2026 21:28:31] "GET /_astro/search.BBlYNZ37.js HTTP/1.1" 200 -
[WebServer] 127.0.0.1 - - [22/Sep/2026 21:28:31] "GET /_astro/Roman1.DKvYvyvM_2bjowu.webp HTTP/1.1" 200 -
[WebServer] 127.0.0.1 - - [22/Sep/2026 21:28:31] code 404, message File not found
[WebServer] 127.0.0.1 - - [22/Sep/2026 21:28:31] "GET /__bsuk_pending_image__/0.webp HTTP/1.1" 404 -
  ✓  45 [vp1280] › tests/render/pages.spec.ts:109:3 › available-puppies/roman (4.0s)
[WebServer] 127.0.0.1 - - [22/Sep/2026 21:28:35] "GET /available-puppies/ HTTP/1.1" 200 -
[WebServer] 127.0.0.1 - - [22/Sep/2026 21:28:35] "GET /_astro/SiteHeaderKit.astro_astro_type_script_index_0_lang.oN0o2SoY.js HTTP/1.1" 200 -
[WebServer] 127.0.0.1 - - [22/Sep/2026 21:28:35] "GET /_astro/Roman2.C-A0j1ry_2oY8o4.webp HTTP/1.1" 200 -
[WebServer] 127.0.0.1 - - [22/Sep/2026 21:28:35] "GET /_astro/Byrd1.Dc5KZxb2_Z2rts2K.webp HTTP/1.1" 200 -
[WebServer] 127.0.0.1 - - [22/Sep/2026 21:28:35] "GET /_astro/Ince1.CjowFAsd_Z1xNGHe.webp HTTP/1.1" 200 -
[WebServer] 127.0.0.1 - - [22/Sep/2026 21:28:35] "GET /_astro/Vennie.ke5yj4Fb_24EeX6.webp HTTP/1.1" 200 -
[WebServer] 127.0.0.1 - - [22/Sep/2026 21:28:35] "GET /_astro/Cheryl1.BA5--lqv_1BX5wb.webp HTTP/1.1" 200 -
[WebServer] 127.0.0.1 - - [22/Sep/2026 21:28:35] "GET /_astro/search.BBlYNZ37.js HTTP/1.1" 200 -
[WebServer] 127.0.0.1 - - [22/Sep/2026 21:28:35] "GET /_astro/Christa.DCD6hF9z_15fV8S.webp HTTP/1.1" 200 -
[WebServer] 127.0.0.1 - - [22/Sep/2026 21:28:35] code 404, message File not found
[WebServer] 127.0.0.1 - - [22/Sep/2026 21:28:35] "GET /__bsuk_pending_image__/0.webp HTTP/1.1" 404 -
[WebServer] 127.0.0.1 - - [22/Sep/2026 21:28:35] code 404, message File not found
[WebServer] 127.0.0.1 - - [22/Sep/2026 21:28:35] "GET /__bsuk_pending_image__/1.webp HTTP/1.1" 404 -
[WebServer] 127.0.0.1 - - [22/Sep/2026 21:28:35] code 404, message File not found
[WebServer] 127.0.0.1 - - [22/Sep/2026 21:28:35] "GET /__bsuk_pending_image__/2.webp HTTP/1.1" 404 -
[WebServer] 127.0.0.1 - - [22/Sep/2026 21:28:35] code 404, message File not found
[WebServer] 127.0.0.1 - - [22/Sep/2026 21:28:35] "GET /__bsuk_pending_image__/3.webp HTTP/1.1" 404 -
[WebServer] 127.0.0.1 - - [22/Sep/2026 21:28:35] code 404, message File not found
[WebServer] 127.0.0.1 - - [22/Sep/2026 21:28:35] "GET /__bsuk_pending_image__/4.webp HTTP/1.1" 404 -
[WebServer] 127.0.0.1 - - [22/Sep/2026 21:28:35] code 404, message File not found
[WebServer] 127.0.0.1 - - [22/Sep/2026 21:28:35] "GET /__bsuk_pending_image__/5.webp HTTP/1.1" 404 -
  ✘  46 [vp1280] › tests/render/pages.spec.ts:109:3 › available-puppies (4.1s)
[freshness] dist/ is current (newest: dist/search-index.json)
[WebServer] 127.0.0.1 - - [22/Sep/2026 21:28:40] "GET /uk-blue-staffy-puppy-buying-guide/ HTTP/1.1" 200 -
[WebServer] 127.0.0.1 - - [22/Sep/2026 21:28:40] "GET /_astro/SiteHeaderKit.astro_astro_type_script_index_0_lang.oN0o2SoY.js HTTP/1.1" 200 -
[WebServer] 127.0.0.1 - - [22/Sep/2026 21:28:40] "GET /images/how-to-buy-blue-staffy-puppy-uk-steps1-240.webp HTTP/1.1" 200 -
[WebServer] 127.0.0.1 - - [22/Sep/2026 21:28:40] "GET /images/blue-staffy-research.webp HTTP/1.1" 200 -
[WebServer] 127.0.0.1 - - [22/Sep/2026 21:28:40] "GET /_astro/search.BBlYNZ37.js HTTP/1.1" 200 -
[WebServer] 127.0.0.1 - - [22/Sep/2026 21:28:41] code 404, message File not found
[WebServer] 127.0.0.1 - - [22/Sep/2026 21:28:41] "GET /__bsuk_pending_image__/0.webp HTTP/1.1" 404 -
[WebServer] 127.0.0.1 - - [22/Sep/2026 21:28:41] "GET /images/1blue-staffy-family-breeder.webp HTTP/1.1" 200 -
[WebServer] 127.0.0.1 - - [22/Sep/2026 21:28:41] "GET /images/defra-pet-transport-process.webp HTTP/1.1" 200 -
[WebServer] 127.0.0.1 - - [22/Sep/2026 21:28:41] "GET /images/purebred-blue-male-staffy-available-for-rehoming.webp HTTP/1.1" 200 -
[WebServer] 127.0.0.1 - - [22/Sep/2026 21:28:41] "GET /images/pros-and-cons-of-owning-a-blue-staffy-uk.webp HTTP/1.1" 200 -
[WebServer] 127.0.0.1 - - [22/Sep/2026 21:28:41] "GET /images/blue-staffy-health-prioritising-wellbeing.webp HTTP/1.1" 200 -
[WebServer] 127.0.0.1 - - [22/Sep/2026 21:28:41] "GET /images/blue-staffy-vet-check.webp HTTP/1.1" 200 -
[WebServer] 127.0.0.1 - - [22/Sep/2026 21:28:41] "GET /images/healthy-blue-staffy-pups-for-sale-certified.webp HTTP/1.1" 200 -
[WebServer] 127.0.0.1 - - [22/Sep/2026 21:28:41] "GET /images/blue-staffy-puppy-preparation.webp HTTP/1.1" 200 -
[WebServer] 127.0.0.1 - - [22/Sep/2026 21:28:41] "GET /images/ready-to-welcome-blue-staffy-infographic.webp HTTP/1.1" 200 -
[WebServer] 127.0.0.1 - - [22/Sep/2026 21:28:41] "GET /images/1blue-staffy-socialisation-checklist.webp HTTP/1.1" 200 -
[WebServer] 127.0.0.1 - - [22/Sep/2026 21:28:41] "GET /images/blue-staffy-training-socialisation.webp HTTP/1.1" 200 -
[WebServer] 127.0.0.1 - - [22/Sep/2026 21:28:41] "GET /images/bluestaffyuk-nationwide-infographic.webp HTTP/1.1" 200 -
[WebServer] 127.0.0.1 - - [22/Sep/2026 21:28:41] "GET /images/uk-family-blue-staffy.webp HTTP/1.1" 200 -
[WebServer] 127.0.0.1 - - [22/Sep/2026 21:28:41] "GET /images/blue-staffy-adoption-vs-buying-infographic.webp HTTP/1.1" 200 -
[WebServer] 127.0.0.1 - - [22/Sep/2026 21:28:41] "GET /images/blue-staffy-uk-reviews-owner-testimonials.webp HTTP/1.1" 200 -
[WebServer] 127.0.0.1 - - [22/Sep/2026 21:28:41] "GET /_astro/Roman2.C-A0j1ry_1uH9rQ.webp HTTP/1.1" 200 -
[WebServer] 127.0.0.1 - - [22/Sep/2026 21:28:41] "GET /_astro/Byrd1.Dc5KZxb2_Z12dGBv.webp HTTP/1.1" 200 -
[WebServer] 127.0.0.1 - - [22/Sep/2026 21:28:41] "GET /_astro/Ince1.CjowFAsd_Z8xVgY.webp HTTP/1.1" 200 -
[WebServer] 127.0.0.1 - - [22/Sep/2026 21:28:41] "GET /_astro/Christa.DCD6hF9z_24FDMC.webp HTTP/1.1" 200 -
[WebServer] 127.0.0.1 - - [22/Sep/2026 21:28:41] "GET /_astro/Vennie.ke5yj4Fb_qwe4J.webp HTTP/1.1" 200 -
[WebServer] 127.0.0.1 - - [22/Sep/2026 21:28:41] "GET /_astro/Cheryl1.BA5--lqv_1QWN42.webp HTTP/1.1" 200 -
  ✓  47 [vp1280] › tests/render/pages.spec.ts:109:3 › uk-blue-staffy-puppy-buying-guide (20.8s)
[WebServer] 127.0.0.1 - - [22/Sep/2026 21:29:01] "GET /uk-staffordshire-bull-terrier-guide/ HTTP/1.1" 200 -
[WebServer] 127.0.0.1 - - [22/Sep/2026 21:29:01] "GET /_astro/SiteHeaderKit.astro_astro_type_script_index_0_lang.oN0o2SoY.js HTTP/1.1" 200 -
[WebServer] 127.0.0.1 - - [22/Sep/2026 21:29:01] "GET /images/blue-staffy-puppy-for-sale-uk-440.webp HTTP/1.1" 200 -
[WebServer] 127.0.0.1 - - [22/Sep/2026 21:29:01] "GET /_astro/search.BBlYNZ37.js HTTP/1.1" 200 -
[WebServer] 127.0.0.1 - - [22/Sep/2026 21:29:02] code 404, message File not found
[WebServer] 127.0.0.1 - - [22/Sep/2026 21:29:02] "GET /__bsuk_pending_image__/0.webp HTTP/1.1" 404 -
[WebServer] 127.0.0.1 - - [22/Sep/2026 21:29:02] "GET /images/comprehensive-uk-staffordshire-bull-terrier-guide-book.webp HTTP/1.1" 200 -
[WebServer] 127.0.0.1 - - [22/Sep/2026 21:29:02] "GET /images/sbt-history-heritage-from-pit-to-pet.webp HTTP/1.1" 200 -
[WebServer] 127.0.0.1 - - [22/Sep/2026 21:29:02] "GET /images/find-health-certified-staffy-breeders-uk.webp HTTP/1.1" 200 -
[WebServer] 127.0.0.1 - - [22/Sep/2026 21:29:02] "GET /images/dedicated-blue-staffy-pup-care-glasgow.webp HTTP/1.1" 200 -
[WebServer] 127.0.0.1 - - [22/Sep/2026 21:29:02] "GET /images/sbt-uk-legal-status-public-perception.webp HTTP/1.1" 200 -
[WebServer] 127.0.0.1 - - [22/Sep/2026 21:29:02] "GET /images/busting-common-staffy-myths-loving-family-dog.webp HTTP/1.1" 200 -
[WebServer] 127.0.0.1 - - [22/Sep/2026 21:29:02] "GET /images/kc-registered-staffy-puppies.webp HTTP/1.1" 200 -
[WebServer] 127.0.0.1 - - [22/Sep/2026 21:29:02] "GET /images/staffordshire-bull-terrier-vs-american-bully-comparison.webp HTTP/1.1" 200 -
[WebServer] 127.0.0.1 - - [22/Sep/2026 21:29:02] "GET /_astro/Byrd1.Dc5KZxb2_Z12dGBv.webp HTTP/1.1" 200 -
[WebServer] 127.0.0.1 - - [22/Sep/2026 21:29:02] "GET /_astro/Roman2.C-A0j1ry_1uH9rQ.webp HTTP/1.1" 200 -
[WebServer] 127.0.0.1 - - [22/Sep/2026 21:29:02] "GET /_astro/Ince1.CjowFAsd_Z8xVgY.webp HTTP/1.1" 200 -
[WebServer] 127.0.0.1 - - [22/Sep/2026 21:29:02] "GET /_astro/Vennie.ke5yj4Fb_qwe4J.webp HTTP/1.1" 200 -
[WebServer] 127.0.0.1 - - [22/Sep/2026 21:29:02] "GET /_astro/Cheryl1.BA5--lqv_1QWN42.webp HTTP/1.1" 200 -
[WebServer] 127.0.0.1 - - [22/Sep/2026 21:29:02] "GET /_astro/Christa.DCD6hF9z_24FDMC.webp HTTP/1.1" 200 -
[WebServer] 127.0.0.1 - - [22/Sep/2026 21:29:02] "GET /images/true-cost-of-a-staffy-lifetime-budget-planning.webp HTTP/1.1" 200 -
  ✓  48 [vp1280] › tests/render/pages.spec.ts:109:3 › uk-staffordshire-bull-terrier-guide (17.0s)
[WebServer] 127.0.0.1 - - [22/Sep/2026 21:29:18] "GET /blue-staffy-health-uk/ HTTP/1.1" 200 -
[WebServer] 127.0.0.1 - - [22/Sep/2026 21:29:18] "GET /_astro/SiteHeaderKit.astro_astro_type_script_index_0_lang.oN0o2SoY.js HTTP/1.1" 200 -
[WebServer] 127.0.0.1 - - [22/Sep/2026 21:29:18] "GET /images/blue-staffy-puppies-uk-litter1-240.webp HTTP/1.1" 200 -
[WebServer] 127.0.0.1 - - [22/Sep/2026 21:29:18] "GET /_astro/search.BBlYNZ37.js HTTP/1.1" 200 -
[WebServer] 127.0.0.1 - - [22/Sep/2026 21:29:18] "GET /images/what-health-tests-blue-staffies-need.webp HTTP/1.1" 200 -
[WebServer] 127.0.0.1 - - [22/Sep/2026 21:29:18] code 404, message File not found
[WebServer] 127.0.0.1 - - [22/Sep/2026 21:29:18] "GET /__bsuk_pending_image__/0.webp HTTP/1.1" 404 -
[WebServer] 127.0.0.1 - - [22/Sep/2026 21:29:18] "GET /images/puppy-vaccinations-uk.webp HTTP/1.1" 200 -
[WebServer] 127.0.0.1 - - [22/Sep/2026 21:29:18] "GET /images/what-to-feed-new-blue-staffy-puppy.webp HTTP/1.1" 200 -
[WebServer] 127.0.0.1 - - [22/Sep/2026 21:29:18] "GET /images/maggie-blue-staffy-dam-with-pups-760.webp HTTP/1.1" 200 -
[WebServer] 127.0.0.1 - - [22/Sep/2026 21:29:18] "GET /images/blue-staffy-puppy-vet-check-uk-760.webp HTTP/1.1" 200 -
[WebServer] 127.0.0.1 - - [22/Sep/2026 21:29:18] "GET /images/find-health-certified-staffy-breeders-uk.webp HTTP/1.1" 200 -
[WebServer] 127.0.0.1 - - [22/Sep/2026 21:29:18] "GET /images/kc-registered-staffy-puppies.webp HTTP/1.1" 200 -
  ✓  49 [vp1280] › tests/render/pages.spec.ts:109:3 › blue-staffy-health-uk (15.1s)
[WebServer] 127.0.0.1 - - [22/Sep/2026 21:29:33] "GET /blue-staffy-uk-breeders/ HTTP/1.1" 200 -
[WebServer] 127.0.0.1 - - [22/Sep/2026 21:29:33] "GET /_astro/SiteHeaderKit.astro_astro_type_script_index_0_lang.oN0o2SoY.js HTTP/1.1" 200 -
[WebServer] 127.0.0.1 - - [22/Sep/2026 21:29:33] "GET /images/blue-staffy-family-dog-uk-240.webp HTTP/1.1" 200 -
[WebServer] 127.0.0.1 - - [22/Sep/2026 21:29:33] "GET /images/breeder-sitting-blue-staffy-puppy-home-240.webp HTTP/1.1" 200 -
[WebServer] 127.0.0.1 - - [22/Sep/2026 21:29:33] "GET /images/playful-blue-staffy-lawn-uk-240.webp HTTP/1.1" 200 -
[WebServer] 127.0.0.1 - - [22/Sep/2026 21:29:33] "GET /images/playful-blue-staffy-lawn-uk-760.webp HTTP/1.1" 200 -
[WebServer] 127.0.0.1 - - [22/Sep/2026 21:29:33] "GET /images/breeder-sitting-blue-staffy-puppy-home.webp HTTP/1.1" 200 -
[WebServer] 127.0.0.1 - - [22/Sep/2026 21:29:33] "GET /_astro/search.BBlYNZ37.js HTTP/1.1" 200 -
[WebServer] 127.0.0.1 - - [22/Sep/2026 21:29:33] code 404, message File not found
[WebServer] 127.0.0.1 - - [22/Sep/2026 21:29:33] "GET /__bsuk_pending_image__/0.webp HTTP/1.1" 404 -
[WebServer] 127.0.0.1 - - [22/Sep/2026 21:29:33] code 404, message File not found
[WebServer] 127.0.0.1 - - [22/Sep/2026 21:29:33] "GET /__bsuk_pending_image__/1.webp HTTP/1.1" 404 -
[WebServer] 127.0.0.1 - - [22/Sep/2026 21:29:33] code 404, message File not found
[WebServer] 127.0.0.1 - - [22/Sep/2026 21:29:33] "GET /__bsuk_pending_image__/2.webp HTTP/1.1" 404 -
[WebServer] 127.0.0.1 - - [22/Sep/2026 21:29:34] "GET /images/bluestaffyuk-nationwide-delivery-760.webp HTTP/1.1" 200 -
[WebServer] 127.0.0.1 - - [22/Sep/2026 21:29:34] "GET /_astro/Byrd1.Dc5KZxb2_Z12dGBv.webp HTTP/1.1" 200 -
[WebServer] 127.0.0.1 - - [22/Sep/2026 21:29:34] "GET /images/family-friendly-blue-staffy-glasgow.webp HTTP/1.1" 200 -
[WebServer] 127.0.0.1 - - [22/Sep/2026 21:29:34] "GET /images/trusted-uk-breeders-blue-staffy-family.webp HTTP/1.1" 200 -
[WebServer] 127.0.0.1 - - [22/Sep/2026 21:29:34] "GET /images/testimonial-david-southampton-staffy-pup.webp HTTP/1.1" 200 -
[WebServer] 127.0.0.1 - - [22/Sep/2026 21:29:34] "GET /_astro/Roman2.C-A0j1ry_1uH9rQ.webp HTTP/1.1" 200 -
[WebServer] 127.0.0.1 - - [22/Sep/2026 21:29:34] "GET /_astro/Ince1.CjowFAsd_Z8xVgY.webp HTTP/1.1" 200 -
[WebServer] 127.0.0.1 - - [22/Sep/2026 21:29:34] "GET /_astro/Vennie.ke5yj4Fb_qwe4J.webp HTTP/1.1" 200 -
[WebServer] 127.0.0.1 - - [22/Sep/2026 21:29:34] "GET /_astro/Christa.DCD6hF9z_24FDMC.webp HTTP/1.1" 200 -
[WebServer] 127.0.0.1 - - [22/Sep/2026 21:29:34] "GET /_astro/Cheryl1.BA5--lqv_1QWN42.webp HTTP/1.1" 200 -
  ✓  50 [vp1280] › tests/render/pages.spec.ts:109:3 › blue-staffy-uk-breeders (13.6s)
[WebServer] 127.0.0.1 - - [22/Sep/2026 21:29:46] "GET /uk-blue-staffy-breeders-contact/ HTTP/1.1" 200 -
[WebServer] 127.0.0.1 - - [22/Sep/2026 21:29:46] "GET /_astro/SiteHeaderKit.astro_astro_type_script_index_0_lang.oN0o2SoY.js HTTP/1.1" 200 -
[WebServer] 127.0.0.1 - - [22/Sep/2026 21:29:46] "GET /images/uk-blue-staffy-breeders-contact-form-support.webp HTTP/1.1" 200 -
[WebServer] 127.0.0.1 - - [22/Sep/2026 21:29:47] "GET /_astro/search.BBlYNZ37.js HTTP/1.1" 200 -
[WebServer] 127.0.0.1 - - [22/Sep/2026 21:29:47] code 404, message File not found
[WebServer] 127.0.0.1 - - [22/Sep/2026 21:29:47] "GET /__bsuk_pending_image__/0.webp HTTP/1.1" 404 -
  ✓  51 [vp1280] › tests/render/pages.spec.ts:109:3 › uk-blue-staffy-breeders-contact (9.1s)
[WebServer] 127.0.0.1 - - [22/Sep/2026 21:29:56] "GET /thank-you-blue-staffy-puppies-journey/ HTTP/1.1" 200 -
[WebServer] 127.0.0.1 - - [22/Sep/2026 21:29:56] "GET /_astro/SiteHeaderKit.astro_astro_type_script_index_0_lang.oN0o2SoY.js HTTP/1.1" 200 -
[WebServer] 127.0.0.1 - - [22/Sep/2026 21:29:56] "GET /images/thank-you-from-bluestaffyuk-happy-family-blue-staffy.webp HTTP/1.1" 200 -
[WebServer] 127.0.0.1 - - [22/Sep/2026 21:29:56] "GET /_astro/Roman2.C-A0j1ry_1uH9rQ.webp HTTP/1.1" 200 -
[WebServer] 127.0.0.1 - - [22/Sep/2026 21:29:56] "GET /_astro/Byrd1.Dc5KZxb2_Z12dGBv.webp HTTP/1.1" 200 -
[WebServer] 127.0.0.1 - - [22/Sep/2026 21:29:56] "GET /_astro/Ince1.CjowFAsd_Z8xVgY.webp HTTP/1.1" 200 -
[WebServer] 127.0.0.1 - - [22/Sep/2026 21:29:56] "GET /_astro/Vennie.ke5yj4Fb_qwe4J.webp HTTP/1.1" 200 -
[WebServer] 127.0.0.1 - - [22/Sep/2026 21:29:56] "GET /_astro/Christa.DCD6hF9z_24FDMC.webp HTTP/1.1" 200 -
[WebServer] 127.0.0.1 - - [22/Sep/2026 21:29:56] "GET /_astro/search.BBlYNZ37.js HTTP/1.1" 200 -
[WebServer] 127.0.0.1 - - [22/Sep/2026 21:29:56] "GET /_astro/Cheryl1.BA5--lqv_1QWN42.webp HTTP/1.1" 200 -
[WebServer] 127.0.0.1 - - [22/Sep/2026 21:29:56] code 404, message File not found
[WebServer] 127.0.0.1 - - [22/Sep/2026 21:29:56] "GET /__bsuk_pending_image__/0.webp HTTP/1.1" 404 -
  ✓  52 [vp1280] › tests/render/pages.spec.ts:109:3 › thank-you-blue-staffy-puppies-journey (8.8s)
[WebServer] 127.0.0.1 - - [22/Sep/2026 21:30:04] "GET /privacy-policy-uk/ HTTP/1.1" 200 -
[WebServer] 127.0.0.1 - - [22/Sep/2026 21:30:04] "GET /_astro/SiteHeaderKit.astro_astro_type_script_index_0_lang.oN0o2SoY.js HTTP/1.1" 200 -
[WebServer] 127.0.0.1 - - [22/Sep/2026 21:30:04] "GET /images/privacy-policy-staffy-silhouette-bluestaffyuk.webp HTTP/1.1" 200 -
[WebServer] 127.0.0.1 - - [22/Sep/2026 21:30:04] "GET /_astro/search.BBlYNZ37.js HTTP/1.1" 200 -
[WebServer] 127.0.0.1 - - [22/Sep/2026 21:30:05] code 404, message File not found
[WebServer] 127.0.0.1 - - [22/Sep/2026 21:30:05] "GET /__bsuk_pending_image__/0.webp HTTP/1.1" 404 -
  ✓  53 [vp1280] › tests/render/pages.spec.ts:109:3 › privacy-policy-uk (9.9s)
[WebServer] 127.0.0.1 - - [22/Sep/2026 21:30:14] "GET /uk-locations/ HTTP/1.1" 200 -
[WebServer] 127.0.0.1 - - [22/Sep/2026 21:30:14] "GET /_astro/SiteHeaderKit.astro_astro_type_script_index_0_lang.oN0o2SoY.js HTTP/1.1" 200 -
[WebServer] 127.0.0.1 - - [22/Sep/2026 21:30:14] "GET /_astro/search.BBlYNZ37.js HTTP/1.1" 200 -
  ✓  54 [vp1280] › tests/render/pages.spec.ts:109:3 › uk-locations (4.0s)
[WebServer] 127.0.0.1 - - [22/Sep/2026 21:30:18] "GET /uk-locations/blue-staffy-puppies-birmingham/ HTTP/1.1" 200 -
  ✓  55 [vp1280] › tests/render/pages.spec.ts:109:3 › uk-locations/blue-staffy-puppies-birmingham (3.5s)
[WebServer] 127.0.0.1 - - [22/Sep/2026 21:30:22] "GET /uk-locations/blue-staffy-puppies-uk/ HTTP/1.1" 200 -
[WebServer] 127.0.0.1 - - [22/Sep/2026 21:30:22] "GET /images/blue-staffy-puppies-near-me-uk-available.webp HTTP/1.1" 200 -
[WebServer] 127.0.0.1 - - [22/Sep/2026 21:30:22] "GET /images/bluestaffyuk-nationwide-delivery-760.webp HTTP/1.1" 200 -
[WebServer] 127.0.0.1 - - [22/Sep/2026 21:30:22] code 404, message File not found
[WebServer] 127.0.0.1 - - [22/Sep/2026 21:30:22] "GET /__bsuk_pending_image__/0.webp HTTP/1.1" 404 -
[WebServer] 127.0.0.1 - - [22/Sep/2026 21:30:22] "GET /images/blue-staffy-puppy-delivery-uk-760.webp HTTP/1.1" 200 -
[WebServer] 127.0.0.1 - - [22/Sep/2026 21:30:22] "GET /images/blue-staffy-uk-map-city-overview-1.webp HTTP/1.1" 200 -
[WebServer] 127.0.0.1 - - [22/Sep/2026 21:30:22] "GET /images/family-friendly-blue-staffy-glasgow.webp HTTP/1.1" 200 -
[WebServer] 127.0.0.1 - - [22/Sep/2026 21:30:22] "GET /images/dedicated-blue-staffy-pup-care-glasgow.webp HTTP/1.1" 200 -
[WebServer] 127.0.0.1 - - [22/Sep/2026 21:30:22] "GET /images/maggie-blue-staffy-dam-with-pups-760.webp HTTP/1.1" 200 -
[WebServer] 127.0.0.1 - - [22/Sep/2026 21:30:22] "GET /images/buy-blue-staffy-puppy-uk-ethical-purchase-760.webp HTTP/1.1" 200 -
[WebServer] 127.0.0.1 - - [22/Sep/2026 21:30:22] "GET /images/bluestaffyuk-puppy-delivery-cornwall.webp HTTP/1.1" 200 -
[WebServer] 127.0.0.1 - - [22/Sep/2026 21:30:22] "GET /images/reputable-blue-staffy-breeder-manchester-pup.webp HTTP/1.1" 200 -
[WebServer] 127.0.0.1 - - [22/Sep/2026 21:30:22] "GET /images/ethical-staffy-puppy-london-delivery.webp HTTP/1.1" 200 -
  ✘  56 [vp1280] › tests/render/pages.spec.ts:109:3 › uk-locations/blue-staffy-puppies-uk (13.0s)
[freshness] dist/ is current (newest: dist/search-index.json)
[WebServer] 127.0.0.1 - - [22/Sep/2026 21:30:36] "GET /blue-staffy-blog-guides/ HTTP/1.1" 200 -
[WebServer] 127.0.0.1 - - [22/Sep/2026 21:30:36] "GET /images/blue-staffy-puppies-near-me-uk-available.webp HTTP/1.1" 200 -
[WebServer] 127.0.0.1 - - [22/Sep/2026 21:30:36] "GET /_astro/SiteHeaderKit.astro_astro_type_script_index_0_lang.oN0o2SoY.js HTTP/1.1" 200 -
[WebServer] 127.0.0.1 - - [22/Sep/2026 21:30:36] "GET /_astro/search.BBlYNZ37.js HTTP/1.1" 200 -
[WebServer] 127.0.0.1 - - [22/Sep/2026 21:30:37] code 404, message File not found
[WebServer] 127.0.0.1 - - [22/Sep/2026 21:30:37] "GET /__bsuk_pending_image__/0.webp HTTP/1.1" 404 -
  ✓  57 [vp1280] › tests/render/pages.spec.ts:109:3 › blue-staffy-blog-guides (9.7s)
[WebServer] 127.0.0.1 - - [22/Sep/2026 21:30:46] "GET /how-to-choose-the-right-blue-staffy-puppy-for-your-family/ HTTP/1.1" 200 -
[WebServer] 127.0.0.1 - - [22/Sep/2026 21:30:46] "GET /_astro/SiteHeaderKit.astro_astro_type_script_index_0_lang.oN0o2SoY.js HTTP/1.1" 200 -
[WebServer] 127.0.0.1 - - [22/Sep/2026 21:30:46] "GET /_astro/search.BBlYNZ37.js HTTP/1.1" 200 -
  ✓  58 [vp1280] › tests/render/pages.spec.ts:109:3 › how-to-choose-the-right-blue-staffy-puppy-for-your-family (5.0s)
[WebServer] 127.0.0.1 - - [22/Sep/2026 21:30:51] "GET /blog/ HTTP/1.1" 200 -
[WebServer] 127.0.0.1 - - [22/Sep/2026 21:30:51] "GET /_astro/SiteHeaderKit.astro_astro_type_script_index_0_lang.oN0o2SoY.js HTTP/1.1" 200 -
[WebServer] 127.0.0.1 - - [22/Sep/2026 21:30:51] "GET /_astro/search.BBlYNZ37.js HTTP/1.1" 200 -
  ✓  59 [vp1280] › tests/render/pages.spec.ts:109:3 › blog (3.8s)
[WebServer] 127.0.0.1 - - [22/Sep/2026 21:30:54] "GET /kit-preview/ HTTP/1.1" 200 -
[WebServer] 127.0.0.1 - - [22/Sep/2026 21:30:54] "GET /_astro/SiteHeaderKit.astro_astro_type_script_index_0_lang.oN0o2SoY.js HTTP/1.1" 200 -
[WebServer] 127.0.0.1 - - [22/Sep/2026 21:30:54] "GET /_astro/Cheryl1.BA5--lqv_Z1P5ulo.webp HTTP/1.1" 200 -
[WebServer] 127.0.0.1 - - [22/Sep/2026 21:30:54] "GET /_astro/search.BBlYNZ37.js HTTP/1.1" 200 -
[WebServer] 127.0.0.1 - - [22/Sep/2026 21:30:54] "GET /_astro/Roman2.C-A0j1ry_1uH9rQ.webp HTTP/1.1" 200 -
[WebServer] 127.0.0.1 - - [22/Sep/2026 21:30:54] "GET /_astro/Christa.DCD6hF9z_24FDMC.webp HTTP/1.1" 200 -
[WebServer] 127.0.0.1 - - [22/Sep/2026 21:30:55] "GET /_astro/Ince1.CjowFAsd_1ydgJK.webp HTTP/1.1" 200 -
  ✓  60 [vp1280] › tests/render/pages.spec.ts:109:3 › kit-preview (11.7s)


  1) [vp375] › tests/render/pages.spec.ts:109:3 › available-puppies ────────────────────────────────

    Error: available-puppies @ 375px

    [2mexpect([22m[31mreceived[39m[2m).[22mtoEqual[2m([22m[32mexpected[39m[2m) // deep equality[22m

    [32m- Expected  - 1[39m
    [31m+ Received  + 3[39m

    [32m- Array [][39m
    [31m+ Array [[39m
    [31m+   "[SEM] 1 skipped heading level(s): H1→H3 at \"Roman\"",[39m
    [31m+ ][39m

      168 |       blocking.map((d) => `[${d.family}] ${d.message}`),
      169 |       `${target.slug} @ ${viewport}px`,
    > 170 |     ).toEqual([]);
          |       ^
      171 |   });
      172 | }
      173 |
        at /Users/apple/Downloads/BSUK/tests/render/pages.spec.ts:170:7

    Error Context: test-results/pages-available-puppies-vp375/error-context.md

  2) [vp375] › tests/render/pages.spec.ts:109:3 › uk-locations/blue-staffy-puppies-uk ──────────────

    Error: uk-locations/blue-staffy-puppies-uk @ 375px

    [2mexpect([22m[31mreceived[39m[2m).[22mtoEqual[2m([22m[32mexpected[39m[2m) // deep equality[22m

    [32m- Expected  - 1[39m
    [31m+ Received  + 3[39m

    [32m- Array [][39m
    [31m+ Array [[39m
    [31m+   "[NAV] 1 of 2 in-page links land outside 251-319px (measured chrome 259px = header:259) — no single page-level cause identified; first: #Staffy-adoption@2903px",[39m
    [31m+ ][39m

      168 |       blocking.map((d) => `[${d.family}] ${d.message}`),
      169 |       `${target.slug} @ ${viewport}px`,
    > 170 |     ).toEqual([]);
          |       ^
      171 |   });
      172 | }
      173 |
        at /Users/apple/Downloads/BSUK/tests/render/pages.spec.ts:170:7

    Error Context: test-results/pages-uk-locations-blue-staffy-puppies-uk-vp375/error-context.md

  3) [vp768] › tests/render/pages.spec.ts:109:3 › available-puppies ────────────────────────────────

    Error: available-puppies @ 768px

    [2mexpect([22m[31mreceived[39m[2m).[22mtoEqual[2m([22m[32mexpected[39m[2m) // deep equality[22m

    [32m- Expected  - 1[39m
    [31m+ Received  + 3[39m

    [32m- Array [][39m
    [31m+ Array [[39m
    [31m+   "[SEM] 1 skipped heading level(s): H1→H3 at \"Roman\"",[39m
    [31m+ ][39m

      168 |       blocking.map((d) => `[${d.family}] ${d.message}`),
      169 |       `${target.slug} @ ${viewport}px`,
    > 170 |     ).toEqual([]);
          |       ^
      171 |   });
      172 | }
      173 |
        at /Users/apple/Downloads/BSUK/tests/render/pages.spec.ts:170:7

    Error Context: test-results/pages-available-puppies-vp768/error-context.md

  4) [vp768] › tests/render/pages.spec.ts:109:3 › uk-locations/blue-staffy-puppies-uk ──────────────

    Error: uk-locations/blue-staffy-puppies-uk @ 768px

    [2mexpect([22m[31mreceived[39m[2m).[22mtoEqual[2m([22m[32mexpected[39m[2m) // deep equality[22m

    [32m- Expected  - 1[39m
    [31m+ Received  + 3[39m

    [32m- Array [][39m
    [31m+ Array [[39m
    [31m+   "[NAV] 1 of 2 in-page links land outside 67-135px (measured chrome 75px = header:75) — no single page-level cause identified; first: #Staffy-adoption@3439px",[39m
    [31m+ ][39m

      168 |       blocking.map((d) => `[${d.family}] ${d.message}`),
      169 |       `${target.slug} @ ${viewport}px`,
    > 170 |     ).toEqual([]);
          |       ^
      171 |   });
      172 | }
      173 |
        at /Users/apple/Downloads/BSUK/tests/render/pages.spec.ts:170:7

    Error Context: test-results/pages-uk-locations-blue-staffy-puppies-uk-vp768/error-context.md

  5) [vp1280] › tests/render/pages.spec.ts:109:3 › available-puppies ───────────────────────────────

    Error: available-puppies @ 1280px

    [2mexpect([22m[31mreceived[39m[2m).[22mtoEqual[2m([22m[32mexpected[39m[2m) // deep equality[22m

    [32m- Expected  - 1[39m
    [31m+ Received  + 3[39m

    [32m- Array [][39m
    [31m+ Array [[39m
    [31m+   "[SEM] 1 skipped heading level(s): H1→H3 at \"Roman\"",[39m
    [31m+ ][39m

      168 |       blocking.map((d) => `[${d.family}] ${d.message}`),
      169 |       `${target.slug} @ ${viewport}px`,
    > 170 |     ).toEqual([]);
          |       ^
      171 |   });
      172 | }
      173 |
        at /Users/apple/Downloads/BSUK/tests/render/pages.spec.ts:170:7

    Error Context: test-results/pages-available-puppies-vp1280/error-context.md

  6) [vp1280] › tests/render/pages.spec.ts:109:3 › uk-locations/blue-staffy-puppies-uk ─────────────

    Error: uk-locations/blue-staffy-puppies-uk @ 1280px

    [2mexpect([22m[31mreceived[39m[2m).[22mtoEqual[2m([22m[32mexpected[39m[2m) // deep equality[22m

    [32m- Expected  - 1[39m
    [31m+ Received  + 3[39m

    [32m- Array [][39m
    [31m+ Array [[39m
    [31m+   "[NAV] 1 of 2 in-page links land outside 65-133px (measured chrome 73px = header:73) — no single page-level cause identified; first: #Staffy-adoption@3436px",[39m
    [31m+ ][39m

      168 |       blocking.map((d) => `[${d.family}] ${d.message}`),
      169 |       `${target.slug} @ ${viewport}px`,
    > 170 |     ).toEqual([]);
          |       ^
      171 |   });
      172 | }
      173 |
        at /Users/apple/Downloads/BSUK/tests/render/pages.spec.ts:170:7

    Error Context: test-results/pages-uk-locations-blue-staffy-puppies-uk-vp1280/error-context.md

  6 failed
    [vp375] › tests/render/pages.spec.ts:109:3 › available-puppies ─────────────────────────────────
    [vp375] › tests/render/pages.spec.ts:109:3 › uk-locations/blue-staffy-puppies-uk ───────────────
    [vp768] › tests/render/pages.spec.ts:109:3 › available-puppies ─────────────────────────────────
    [vp768] › tests/render/pages.spec.ts:109:3 › uk-locations/blue-staffy-puppies-uk ───────────────
    [vp1280] › tests/render/pages.spec.ts:109:3 › available-puppies ────────────────────────────────
    [vp1280] › tests/render/pages.spec.ts:109:3 › uk-locations/blue-staffy-puppies-uk ──────────────
  54 passed (7.2m)
### EXIT 1 : npm run test:render:pages
### STEP: node scripts/build_scorecard.mjs --run first
  9 rows  222 inst  available-puppies
  9 rows  225 inst  available-puppies/roman
  6 rows  219 inst  blog
  9 rows  225 inst  blue-staffy-blog-guides
  9 rows  189 inst  blue-staffy-health-uk
  9 rows  222 inst  blue-staffy-pup-sale-uk
  9 rows  174 inst  blue-staffy-uk-breeders
  9 rows  204 inst  buy-blue-staffy-puppies-uk
  9 rows  240 inst  buy-staffy-puppies-for-sale-uk
  9 rows  444 inst  how-to-choose-the-right-blue-staffy-puppy-for-your-family
  9 rows  325 inst  index
 20 rows  296 inst  kit-preview
  9 rows  207 inst  privacy-policy-uk
 11 rows  235 inst  thank-you-blue-staffy-puppies-journey
 11 rows  230 inst  uk-blue-staffy-breeders-contact
  9 rows  189 inst  uk-blue-staffy-puppy-buying-guide
  6 rows  222 inst  uk-locations
  6 rows   21 inst  uk-locations/blue-staffy-puppies-birmingham
 15 rows  681 inst  uk-locations/blue-staffy-puppies-uk
  6 rows  195 inst  uk-staffordshire-bull-terrier-guide
---
189 defect ROWS across 20 pages (run=first, harness 2.0.0). Rows are comparable across families; instances are not.
### EXIT 0 : node scripts/build_scorecard.mjs --run first
### STEP: python3 scripts/render_baseline.py --out docs/reports/render-baseline-project4.md
wrote the generated block in docs/reports/render-baseline-project4.md
### EXIT 0 : python3 scripts/render_baseline.py --out docs/reports/render-baseline-project4.md
### STEP: python3 scripts/render_baseline.py --check --out docs/reports/render-baseline-project4.md
examined render-baseline-project4.md; 0 problems
### EXIT 0 : python3 scripts/render_baseline.py --check --out docs/reports/render-baseline-project4.md
### STEP: python3 scripts/board_gate.py privacy-policy-uk
board-gate privacy-policy-uk [build] — 10 sections, 34 headings, 51 live pages, 0 entity refs, 11 ledger siblings, 1 assets examined
  WARN image-coverage           section questions plans no image slot — the brief puts one under every H2 (§15b)
0 FAIL · 1 WARN
### EXIT 0 : python3 scripts/board_gate.py privacy-policy-uk
### STEP: python3 scripts/board_gate.py thank-you-blue-staffy-puppies-journey
board-gate thank-you-blue-staffy-puppies-journey [build] — 8 sections, 16 headings, 51 live pages, 0 entity refs, 11 ledger siblings, 1 assets examined
  WARN words-out-of-band        section owners: 105 prose words against the record's 30-40
  WARN words-out-of-band        section puppies: 97 prose words against the record's 35-50
  WARN words-out-of-band        page: 599 prose words against 365-525 (the section bands summed; the H4-H6 ladder and the FAQ answers are outside both)
  WARN image-coverage           section stats plans no image slot — the brief puts one under every H2 (§15b)
  WARN image-coverage           section next-steps plans no image slot — the brief puts one under every H2 (§15b)
  WARN image-coverage           section owners plans no image slot — the brief puts one under every H2 (§15b)
  WARN image-coverage           section puppies plans no image slot — the brief puts one under every H2 (§15b)
  WARN image-coverage           section questions plans no image slot — the brief puts one under every H2 (§15b)
  WARN cta-cadence              1 CTA(s) across ~444 words is one per ~444 — the plan allows at most 300
  WARN cta-gap                  sections welcome, stats, next-steps, while-you-wait, owners, puppies run ~352 words with no CTA — the plan allows at most 300
0 FAIL · 10 WARN
### EXIT 0 : python3 scripts/board_gate.py thank-you-blue-staffy-puppies-journey
### STEP: python3 scripts/board_gate.py uk-blue-staffy-breeders-contact
board-gate uk-blue-staffy-breeders-contact [build] — 11 sections, 24 headings, 51 live pages, 0 entity refs, 11 ledger siblings, 1 assets examined
  WARN words-out-of-band        section why-write: 63 prose words against the record's 20-30
  WARN words-out-of-band        section owners: 57 prose words against the record's 30-40
  WARN words-out-of-band        section questions: 21 prose words against the record's 40-55
  WARN words-out-of-band        section desktop-dial is not on the built page — its 0-0 band examined nothing
  WARN words-out-of-band        section mobile-sections is not on the built page — its 0-0 band examined nothing
  WARN words-out-of-band        section mobile-strip is not on the built page — its 0-0 band examined nothing
  WARN image-coverage           section stats plans no image slot — the brief puts one under every H2 (§15b)
  WARN image-coverage           section why-write plans no image slot — the brief puts one under every H2 (§15b)
  WARN image-coverage           section enquiry plans no image slot — the brief puts one under every H2 (§15b)
  WARN image-coverage           section owners plans no image slot — the brief puts one under every H2 (§15b)
  WARN image-coverage           section questions plans no image slot — the brief puts one under every H2 (§15b)
  WARN image-coverage           section desktop-dial plans no image slot — the brief puts one under every H2 (§15b)
  WARN image-coverage           section mobile-sections plans no image slot — the brief puts one under every H2 (§15b)
  WARN image-coverage           section mobile-strip plans no image slot — the brief puts one under every H2 (§15b)
  WARN cta-cadence              1 CTA(s) across ~414 words is one per ~414 — the plan allows at most 250
0 FAIL · 15 WARN
### EXIT 0 : python3 scripts/board_gate.py uk-blue-staffy-breeders-contact
### STEP: python3 scripts/board_gate.py index
board-gate index [build] — 21 sections, 57 headings, 51 live pages, 20 entity refs, 11 ledger siblings, 14 assets examined
  WARN words-out-of-band        section trust: 111 prose words against the record's 45-60
  WARN words-out-of-band        section owners-top: 143 prose words against the record's 60-75
  WARN words-out-of-band        section available-blue-staffy-puppies: 196 prose words against the record's 110-140
  WARN words-out-of-band        section the-breed: 241 prose words against the record's 130-170
  WARN words-out-of-band        section whats-included: 213 prose words against the record's 95-120
  WARN words-out-of-band        section delivery: 163 prose words against the record's 105-135
  WARN words-out-of-band        section uk-locations: 135 prose words against the record's 95-125
  WARN words-out-of-band        section our-happy-blue-staffy-owners-speak: 218 prose words against the record's 70-90
  WARN words-out-of-band        section your-questions-about-blue-staffies-answered: 63 prose words against the record's 80-105
  WARN words-out-of-band        section talk-to-us: 151 prose words against the record's 110-140
  WARN words-out-of-band        page: 2740 prose words against 1800-2390 (the section bands summed; the H4-H6 ladder and the FAQ answers are outside both)
  WARN image-coverage           section at-a-glance plans no image slot — the brief puts one under every H2 (§15b)
  WARN image-coverage           section video-litter plans no image slot — the brief puts one under every H2 (§15b)
  WARN image-coverage           section video-our-home plans no image slot — the brief puts one under every H2 (§15b)
  WARN image-coverage           section video-breed plans no image slot — the brief puts one under every H2 (§15b)
  WARN image-coverage           section whats-included plans no image slot — the brief puts one under every H2 (§15b)
  WARN image-coverage           section first-steps plans no image slot — the brief puts one under every H2 (§15b)
  WARN image-coverage           section your-questions-about-blue-staffies-answered plans no image slot — the brief puts one under every H2 (§15b)
0 FAIL · 18 WARN
### EXIT 0 : python3 scripts/board_gate.py index
### STEP: python3 scripts/board_gate.py blue-staffy-pup-sale-uk
board-gate blue-staffy-pup-sale-uk [build] — 12 sections, 31 headings, 51 live pages, 13 entity refs, 11 ledger siblings, 7 assets examined
  WARN words-out-of-band        section top: 109 prose words against the record's 110-140
  WARN words-out-of-band        section puppies: 95 prose words against the record's 55-70
  WARN image-coverage           section at-a-glance plans no image slot — the brief puts one under every H2 (§15b)
  WARN image-coverage           section prices plans no image slot — the brief puts one under every H2 (§15b)
  WARN image-coverage           section questions plans no image slot — the brief puts one under every H2 (§15b)
  WARN image-coverage           section enquiry plans no image slot — the brief puts one under every H2 (§15b)
0 FAIL · 6 WARN
### EXIT 0 : python3 scripts/board_gate.py blue-staffy-pup-sale-uk
### STEP: python3 scripts/board_gate.py buy-blue-staffy-puppies-uk
board-gate buy-blue-staffy-puppies-uk [build] — 13 sections, 40 headings, 51 live pages, 14 entity refs, 11 ledger siblings, 9 assets examined
  WARN words-out-of-band        section at-a-glance: 77 prose words against the record's 55-70
  WARN words-out-of-band        section whats-included: 144 prose words against the record's 75-95
  WARN words-out-of-band        section why-choose: 113 prose words against the record's 85-110
  WARN words-out-of-band        section delivery: 266 prose words against the record's 140-170
  WARN words-out-of-band        section owners: 81 prose words against the record's 65-80
  WARN words-out-of-band        section enquiry: 83 prose words against the record's 55-70
  WARN words-out-of-band        page: 1702 prose words against 1285-1610 (the section bands summed; the H4-H6 ladder and the FAQ answers are outside both)
  WARN image-coverage           section at-a-glance plans no image slot — the brief puts one under every H2 (§15b)
  WARN image-coverage           section questions plans no image slot — the brief puts one under every H2 (§15b)
  WARN image-coverage           section enquiry plans no image slot — the brief puts one under every H2 (§15b)
0 FAIL · 10 WARN
### EXIT 0 : python3 scripts/board_gate.py buy-blue-staffy-puppies-uk
### STEP: python3 scripts/board_gate.py buy-staffy-puppies-for-sale-uk
board-gate buy-staffy-puppies-for-sale-uk [build] — 16 sections, 63 headings, 51 live pages, 15 entity refs, 11 ledger siblings, 15 assets examined
  WARN words-out-of-band        section top: 211 prose words against the record's 150-185
  WARN words-out-of-band        section promises: 127 prose words against the record's 70-90
  WARN words-out-of-band        section home-raised: 279 prose words against the record's 210-250
  WARN words-out-of-band        section kennel-club: 177 prose words against the record's 140-175
  WARN words-out-of-band        section compared: 213 prose words against the record's 175-210
  WARN words-out-of-band        section puppies: 176 prose words against the record's 120-150
  WARN words-out-of-band        section getting-home: 151 prose words against the record's 120-150
  WARN words-out-of-band        section enquiry: 111 prose words against the record's 80-100
  WARN words-out-of-band        section talk-to-us: 168 prose words against the record's 130-160
  WARN words-out-of-band        page: 2615 prose words against 2001-2517 (the section bands summed; the H4-H6 ladder and the FAQ answers are outside both)
  WARN image-coverage           section video-why-us plans no image slot — the brief puts one under every H2 (§15b)
  WARN image-coverage           section stats plans no image slot — the brief puts one under every H2 (§15b)
  WARN image-coverage           section questions plans no image slot — the brief puts one under every H2 (§15b)
  WARN image-coverage           section enquiry plans no image slot — the brief puts one under every H2 (§15b)
  WARN cta-gap                  sections compared, owners run ~376 words with no CTA — the plan allows at most 350
0 FAIL · 15 WARN
### EXIT 0 : python3 scripts/board_gate.py buy-staffy-puppies-for-sale-uk
### STEP: python3 scripts/board_gate.py blue-staffy-uk-breeders
board-gate blue-staffy-uk-breeders [build] — 13 sections, 39 headings, 51 live pages, 12 entity refs, 11 ledger siblings, 9 assets examined
  WARN words-out-of-band        section top: 236 prose words against the record's 130-165
  WARN words-out-of-band        section health-testing: 230 prose words against the record's 175-215
  WARN words-out-of-band        section paperwork-proof: 109 prose words against the record's 35-50
  WARN words-out-of-band        section delivery: 171 prose words against the record's 130-165
  WARN words-out-of-band        section families: 212 prose words against the record's 45-60
  WARN words-out-of-band        section puppies: 147 prose words against the record's 95-120
  WARN words-out-of-band        section welcome: 136 prose words against the record's 85-110
  WARN words-out-of-band        page: 1944 prose words against 1215-1605 (the section bands summed; the H4-H6 ladder and the FAQ answers are outside both)
  WARN image-coverage           section stats plans no image slot — the brief puts one under every H2 (§15b)
  WARN image-coverage           section puppies plans no image slot — the brief puts one under every H2 (§15b)
  WARN image-coverage           section questions plans no image slot — the brief puts one under every H2 (§15b)
  WARN image-coverage           section video-our-home plans no image slot — the brief puts one under every H2 (§15b)
0 FAIL · 12 WARN
### EXIT 0 : python3 scripts/board_gate.py blue-staffy-uk-breeders
### STEP: python3 scripts/board_gate.py blue-staffy-health-uk
board-gate blue-staffy-health-uk [build] — 15 sections, 63 headings, 51 live pages, 17 entity refs, 11 ledger siblings, 8 assets examined
  WARN image-coverage           section takeaways plans no image slot — the brief puts one under every H2 (§15b)
  WARN image-coverage           section stats plans no image slot — the brief puts one under every H2 (§15b)
  WARN image-coverage           section paperwork-review plans no image slot — the brief puts one under every H2 (§15b)
  WARN image-coverage           section questions plans no image slot — the brief puts one under every H2 (§15b)
0 FAIL · 4 WARN
### EXIT 0 : python3 scripts/board_gate.py blue-staffy-health-uk
### STEP: python3 scripts/board_gate.py uk-staffordshire-bull-terrier-guide
board-gate uk-staffordshire-bull-terrier-guide [build] — 16 sections, 73 headings, 51 live pages, 16 entity refs, 11 ledger siblings, 10 assets examined
  WARN words-out-of-band        section owner-review: 99 prose words against the record's 40-55
  WARN image-coverage           section video-breed-guide plans no image slot — the brief puts one under every H2 (§15b)
  WARN image-coverage           section takeaways plans no image slot — the brief puts one under every H2 (§15b)
  WARN image-coverage           section stats plans no image slot — the brief puts one under every H2 (§15b)
  WARN image-coverage           section owner-review plans no image slot — the brief puts one under every H2 (§15b)
  WARN image-coverage           section puppies plans no image slot — the brief puts one under every H2 (§15b)
  WARN image-coverage           section questions plans no image slot — the brief puts one under every H2 (§15b)
0 FAIL · 7 WARN
### EXIT 0 : python3 scripts/board_gate.py uk-staffordshire-bull-terrier-guide
### STEP: python3 scripts/board_gate.py uk-blue-staffy-puppy-buying-guide
board-gate uk-blue-staffy-puppy-buying-guide [build] — 20 sections, 77 headings, 51 live pages, 19 entity refs, 11 ledger siblings, 17 assets examined
  WARN words-out-of-band        section puppies: 79 prose words against the record's 55-67
  WARN image-coverage           section takeaways plans no image slot — the brief puts one under every H2 (§15b)
  WARN image-coverage           section stats plans no image slot — the brief puts one under every H2 (§15b)
  WARN image-coverage           section red-flags plans no image slot — the brief puts one under every H2 (§15b)
  WARN image-coverage           section costs plans no image slot — the brief puts one under every H2 (§15b)
  WARN image-coverage           section puppies plans no image slot — the brief puts one under every H2 (§15b)
  WARN image-coverage           section questions plans no image slot — the brief puts one under every H2 (§15b)
  WARN image-coverage           section video-what-to-expect plans no image slot — the brief puts one under every H2 (§15b)
  WARN cta-cadence              10 CTA(s) across ~4540 words is one per ~454 — the plan allows at most 450
0 FAIL · 9 WARN
### EXIT 0 : python3 scripts/board_gate.py uk-blue-staffy-puppy-buying-guide
### STEP: python3 scripts/board_gate.py blue-staffy-blog-guides
board-gate blue-staffy-blog-guides [build] — 8 sections, 24 headings, 51 live pages, 7 entity refs, 11 ledger siblings, 1 assets examined
  WARN words-out-of-band        section latest-guides: 77 prose words against the record's 55-75
  WARN image-coverage           section takeaways plans no image slot — the brief puts one under every H2 (§15b)
  WARN image-coverage           section stats plans no image slot — the brief puts one under every H2 (§15b)
  WARN image-coverage           section owner-review plans no image slot — the brief puts one under every H2 (§15b)
  WARN image-coverage           section questions plans no image slot — the brief puts one under every H2 (§15b)
0 FAIL · 5 WARN
### EXIT 0 : python3 scripts/board_gate.py blue-staffy-blog-guides
### STEP: python3 scripts/board_gate.py _demo
board-gate _demo [build] — 5 sections, 11 headings, 51 live pages, 0 entity refs, 12 ledger siblings, 4 assets examined
  FAIL approval-hash            no approval, or the record changed after it was approved — board it again
  FAIL min-h5-h6                H5 0 / H6 0 (record tree) — floor is 5 each
  WARN meta-no-pick             meta title has no pick — the recommendation is a draft, not a choice
  WARN meta-no-pick             meta description has no pick — the recommendation is a draft, not a choice
  WARN image-coverage           section at-a-glance plans no image slot — the brief puts one under every H2 (§15b)
  WARN image-coverage           section owners plans no image slot — the brief puts one under every H2 (§15b)
  WARN image-coverage           section questions plans no image slot — the brief puts one under every H2 (§15b)
  FAIL signature-no-pick        section opening (hero) has no component pick
  FAIL signature-no-pick        section at-a-glance (stats) has no component pick
  FAIL signature-no-pick        section owners (reviews) has no component pick
  FAIL signature-no-pick        section questions (faq) has no component pick
6 FAIL · 5 WARN
### EXIT 1 : python3 scripts/board_gate.py _demo
### STEP: python3 scripts/final_page_audit.py

=== BSUK FINAL PAGE PASS ===  (verdict per page)

[PASS] blue-staffy-health-uk   H1:1 H2:18 H3:49 H4:11 H5:11 H6:11 | FAQPage×1 | schema:Answer,BreadcrumbList,FAQPage,ListItem,LocalBusiness,PostalAddress,Question,WebPage,WebSite
    EXEMPT → newsletter_present — the rebuild ships no newsletter band by decision: this page's approved record has an empty `tuple.newsletter`, so no sign-up band was boarded and the breeder approved the page without one — the enquiry form is its one closer
    EXEMPT → phone_in_footer — Known Issue 7: data/settings.json carries the phone stand-in until project 6 supplies the number, so no footer can print one; the exemption lapses by itself when a real number lands
[PASS-WITH-WARNINGS] blue-staffy-pup-sale-uk   H1:1 H2:15 H3:24 H4:6 H5:6 H6:6 | FAQPage×1 | schema:AggregateOffer,Answer,Brand,BreadcrumbList,FAQPage,ListItem,LocalBusiness,PostalAddress,Product,Question,WebPage,WebSite
    EXEMPT → phone_in_footer — Known Issue 7: data/settings.json carries the phone stand-in until project 6 supplies the number, so no footer can print one; the exemption lapses by itself when a real number lands
    WARN → cites_credentials_early, lifespan_12_14
[PASS] blue-staffy-uk-breeders   H1:1 H2:16 H3:31 H4:7 H5:7 H6:7 | FAQPage×1 | schema:AboutPage,Answer,BreadcrumbList,FAQPage,ListItem,LocalBusiness,PostalAddress,Question,VideoObject,WebPage,WebSite
    EXEMPT → cites_credentials_early — the first 300 words of <main> carry 'KC registered' (the hero's credential line) and 'DEFRA' (the opening paragraph), but not 'microchipped' or 'vet checked': the approved record gives this hero three chips, none of them a microchip claim, and the band is at its 450px ceiling at 1024 (Known Issues 28, 30), so an eyebrow claim would be both unapproved and unmeasured. ~100 of the 300 words are the page's own section dial, which is where the check spends its window
    EXEMPT → lifespan_12_14 — an about page: the breed's 12–14 years is owned by /blue-staffy-health-uk/ and /uk-staffordshire-bull-terrier-guide/, and repeating it here would be a third copy of one fact on a page whose subject is the kennel, not the breed
    EXEMPT → newsletter_present — the rebuild ships no newsletter band by decision: this page's approved record has an empty `tuple.newsletter`, so no sign-up band was boarded and the breeder approved the page without one — the enquiry form is its one closer
    EXEMPT → phone_in_footer — Known Issue 7: data/settings.json carries the phone stand-in until project 6 supplies the number, so no footer can print one; the exemption lapses by itself when a real number lands
[PASS] buy-blue-staffy-puppies-uk   H1:1 H2:16 H3:33 H4:6 H5:6 H6:6 | FAQPage×1 | schema:Answer,Brand,BreadcrumbList,FAQPage,ItemList,ListItem,LocalBusiness,Offer,PostalAddress,Product,Question,WebPage,WebSite
    EXEMPT → shipping_line — the listing links the delivery band rather than printing it: /blue-staffy-pup-sale-uk/ owns the £200–£350 table (spec §5, one page per figure) and its approved board gives the listing a link to it, not a second copy
    EXEMPT → phone_in_footer — Known Issue 7: data/settings.json carries the phone stand-in until project 6 supplies the number, so no footer can print one; the exemption lapses by itself when a real number lands
[PASS-WITH-WARNINGS] buy-staffy-puppies-for-sale-uk   H1:1 H2:20 H3:53 H4:7 H5:7 H6:7 | FAQPage×1 | schema:Answer,BreadcrumbList,FAQPage,ListItem,LocalBusiness,PostalAddress,Question,VideoObject,WebPage,WebSite
    EXEMPT → img_alt_le190 — /images/vet-checked-blue-staffy-puppy-near-me.webp — verbatim migrated alt (working rules 11 and 15): carried word for word against its original src, and proven on the page by verbatim_set_check.py
    EXEMPT → img_alt_le190 — /images/healthy-staffy-puppy-for-sale-uk.webp — verbatim migrated alt (working rules 11 and 15): carried word for word against its original src, and proven on the page by verbatim_set_check.py
    EXEMPT → phone_in_footer — Known Issue 7: data/settings.json carries the phone stand-in until project 6 supplies the number, so no footer can print one; the exemption lapses by itself when a real number lands
    WARN → wordcount_in_band, lifespan_12_14
[PASS]    H1:1 H2:23 H3:43 H4:14 H5:14 H6:14 | FAQPage×1 | schema:Answer,FAQPage,LocalBusiness,PostalAddress,Question,VideoObject,WebPage,WebSite
    EXEMPT → newsletter_present — the rebuild ships no newsletter band by decision: this page's approved record has an empty `tuple.newsletter`, so no sign-up band was boarded and the breeder approved the page without one — the enquiry form is its one closer
    EXEMPT → phone_in_footer — Known Issue 7: data/settings.json carries the phone stand-in until project 6 supplies the number, so no footer can print one; the exemption lapses by itself when a real number lands
    EXEMPT → has_breadcrumb — root page: a trail on / would be one item, Home, linking to itself — the layout renders no breadcrumb there, so there is no BreadcrumbList to find
[PASS] privacy-policy-uk   H1:1 H2:12 H3:23 H4:5 H5:5 H6:5 | FAQPage×0 | schema:BreadcrumbList,ListItem,LocalBusiness,PostalAddress,WebPage,WebSite
    EXEMPT → cites_credentials_early, lifespan_12_14, newsletter_present — legal page: the copy is a data-protection notice, and a credentials line, a lifespan figure or a newsletter band in it would be a sales page in a policy's clothes
    EXEMPT → phone_in_footer — Known Issue 7: data/settings.json carries the phone stand-in until project 6 supplies the number, so no footer can print one; the exemption lapses by itself when a real number lands
[PASS] thank-you-blue-staffy-puppies-journey   H1:1 H2:10 H3:18 H4:5 H5:5 H6:5 | FAQPage×0 | schema:BreadcrumbList,ListItem,LocalBusiness,PostalAddress,WebPage,WebSite
    EXEMPT → cites_credentials_early, lifespan_12_14, newsletter_present — post-enquiry confirmation: the reader has already written to us, so the page owes them a reply window rather than credentials, a lifespan figure or a sign-up band
    EXEMPT → phone_in_footer — Known Issue 7: data/settings.json carries the phone stand-in until project 6 supplies the number, so no footer can print one; the exemption lapses by itself when a real number lands
[PASS] uk-blue-staffy-breeders-contact   H1:1 H2:11 H3:15 H4:5 H5:5 H6:5 | FAQPage×1 | schema:Answer,BreadcrumbList,ContactPage,FAQPage,ListItem,LocalBusiness,PostalAddress,Question,WebPage,WebSite
    EXEMPT → cites_credentials_early, lifespan_12_14, newsletter_present — contact utility page: it is one enquiry form and the channels around it, and `cites_credentials_early` asks for 'microchipped' or 'vet checked' in its first 300 words — a contact page that opened on a puppy's worming record would be a sales page wearing a form; the KC and DEFRA claims it does make sit in the trust strip
    EXEMPT → phone_in_footer — Known Issue 7: data/settings.json carries the phone stand-in until project 6 supplies the number, so no footer can print one; the exemption lapses by itself when a real number lands
[PASS] uk-blue-staffy-puppy-buying-guide   H1:1 H2:23 H3:62 H4:6 H5:6 H6:6 | FAQPage×1 | schema:Answer,Article,BreadcrumbList,FAQPage,ListItem,LocalBusiness,PostalAddress,Question,VideoObject,WebPage,WebSite
    EXEMPT → cites_credentials_early — a buyer's guide, whose opening teaches the reader what to ask ANY breeder; its hero is the approved H1, one-line lede and a four-item checklist, and the first 300 words are that hero plus the page's twenty-item section dial. The puppy 'eight weeks or later, microchipped, vet checked' line is in the buying-process section where the approved outline puts it
    EXEMPT → img_alt_le190 — /images/how-to-buy-blue-staffy-puppy-uk-steps1.webp — verbatim migrated alt (working rules 11 and 15): carried word for word against its original src, and proven on the page by verbatim_set_check.py
    EXEMPT → img_alt_le190 — /images/pros-and-cons-of-owning-a-blue-staffy-uk.webp — verbatim migrated alt (working rules 11 and 15): carried word for word against its original src, and proven on the page by verbatim_set_check.py
    EXEMPT → img_alt_le190 — /images/blue-staffy-training-socialisation.webp — verbatim migrated alt (working rules 11 and 15): carried word for word against its original src, and proven on the page by verbatim_set_check.py
    EXEMPT → img_alt_le190 — /images/blue-staffy-adoption-vs-buying-infographic.webp — verbatim migrated alt (working rules 11 and 15): carried word for word against its original src, and proven on the page by verbatim_set_check.py
    EXEMPT → newsletter_present — the rebuild ships no newsletter band by decision: this page's approved record has an empty `tuple.newsletter`, so no sign-up band was boarded and the breeder approved the page without one — the enquiry form is its one closer
    EXEMPT → phone_in_footer — Known Issue 7: data/settings.json carries the phone stand-in until project 6 supplies the number, so no footer can print one; the exemption lapses by itself when a real number lands
[PASS] uk-staffordshire-bull-terrier-guide   H1:1 H2:19 H3:57 H4:14 H5:10 H6:10 | FAQPage×1 | schema:Answer,Article,BreadcrumbList,FAQPage,ListItem,LocalBusiness,PostalAddress,Question,VideoObject,WebPage,WebSite
    EXEMPT → img_alt_le190 — /images/sbt-history-heritage-from-pit-to-pet.webp — verbatim migrated alt (working rules 11 and 15): carried word for word against its original src, and proven on the page by verbatim_set_check.py
    EXEMPT → img_alt_le190 — /images/sbt-uk-legal-status-public-perception.webp — verbatim migrated alt (working rules 11 and 15): carried word for word against its original src, and proven on the page by verbatim_set_check.py
    EXEMPT → newsletter_present — the rebuild ships no newsletter band by decision: this page's approved record has an empty `tuple.newsletter`, so no sign-up band was boarded and the breeder approved the page without one — the enquiry form is its one closer
    EXEMPT → phone_in_footer — Known Issue 7: data/settings.json carries the phone stand-in until project 6 supplies the number, so no footer can print one; the exemption lapses by itself when a real number lands
[PASS] blog   H1:1 H2:4 H3:0 H4:0 H5:0 H6:0 | FAQPage×0 | schema:BreadcrumbList,ListItem,LocalBusiness,PostalAddress,WebPage,WebSite
    EXEMPT → all_six_levels, min_h5_5, min_h6_5, faqpage_present — legacy archive: the page is noindex, nofollow with its canonical on /blue-staffy-blog-guides/, and it is kept only because public/_redirects sends /category/* to it with a 301. The six-level outline, the 5xH5 / 5xH6 floor and the FAQ block are rich-page rules, and a de-indexed redirect target could satisfy them only by inventing headings and questions it does not have. Project 5 may retire the route once its two new posts land
    EXEMPT → phone_in_footer — Known Issue 7: data/settings.json carries the phone stand-in until project 6 supplies the number, so no footer can print one; the exemption lapses by itself when a real number lands
[PASS] blue-staffy-blog-guides   H1:1 H2:10 H3:16 H4:5 H5:5 H6:5 | FAQPage×1 | schema:Answer,BreadcrumbList,CollectionPage,FAQPage,ItemList,ListItem,LocalBusiness,PostalAddress,Question,WebPage,WebSite
    EXEMPT → newsletter_present — the rebuild ships no newsletter band by decision: this page's approved record has an empty `tuple.newsletter`, so no sign-up band was boarded and the breeder approved the page without one — the enquiry form is its one closer
    EXEMPT → phone_in_footer — Known Issue 7: data/settings.json carries the phone stand-in until project 6 supplies the number, so no footer can print one; the exemption lapses by itself when a real number lands
[PASS] how-to-choose-the-right-blue-staffy-puppy-for-your-family   H1:1 H2:5 H3:0 H4:0 H5:0 H6:0 | FAQPage×0 | schema:BlogPosting,BreadcrumbList,ListItem,LocalBusiness,Organization,PostalAddress,WebSite
    EXEMPT → all_six_levels, min_h5_5, min_h6_5, faqpage_present — collection post: the six-level outline, the 5xH5 / 5xH6 floor and the FAQ block are rich-page rules. A post that met them would carry headings written for a checker and questions nobody asked; a post's length rule is its own word band and its FAQ is its own `faqs` frontmatter, both of which build 5 writes
    EXEMPT → no_visible_date — the visible date is sourced (the post's own frontmatter, or the git-derived data/page-dates.json that its schema and PageDate read); the check fires on a post showing a date no file on disk backs
    EXEMPT → phone_in_footer — Known Issue 7: data/settings.json carries the phone stand-in until project 6 supplies the number, so no footer can print one; the exemption lapses by itself when a real number lands

examined 14 pages; 0 problems  (12 PASS · 2 PASS-WITH-WARNINGS · 0 FAIL)
baseline-only FAIL pages: 0  (failing only all_six_levels, min_h5_5, min_h6_5 — the migration baseline)

Subjective (voice/humour/readability/tone) = manual spot-check.
### EXIT 0 : python3 scripts/final_page_audit.py
### STEP: python3 scripts/final_page_audit.py --blog

=== BSUK FINAL PAGE PASS ===  (verdict per page)

[PASS] blog   H1:1 H2:4 H3:0 H4:0 H5:0 H6:0 | FAQPage×0 | schema:BreadcrumbList,ListItem,LocalBusiness,PostalAddress,WebPage,WebSite
    EXEMPT → all_six_levels, min_h5_5, min_h6_5, faqpage_present — legacy archive: the page is noindex, nofollow with its canonical on /blue-staffy-blog-guides/, and it is kept only because public/_redirects sends /category/* to it with a 301. The six-level outline, the 5xH5 / 5xH6 floor and the FAQ block are rich-page rules, and a de-indexed redirect target could satisfy them only by inventing headings and questions it does not have. Project 5 may retire the route once its two new posts land
    EXEMPT → phone_in_footer — Known Issue 7: data/settings.json carries the phone stand-in until project 6 supplies the number, so no footer can print one; the exemption lapses by itself when a real number lands
[PASS] blue-staffy-blog-guides   H1:1 H2:10 H3:16 H4:5 H5:5 H6:5 | FAQPage×1 | schema:Answer,BreadcrumbList,CollectionPage,FAQPage,ItemList,ListItem,LocalBusiness,PostalAddress,Question,WebPage,WebSite
    EXEMPT → newsletter_present — the rebuild ships no newsletter band by decision: this page's approved record has an empty `tuple.newsletter`, so no sign-up band was boarded and the breeder approved the page without one — the enquiry form is its one closer
    EXEMPT → phone_in_footer — Known Issue 7: data/settings.json carries the phone stand-in until project 6 supplies the number, so no footer can print one; the exemption lapses by itself when a real number lands
[PASS] how-to-choose-the-right-blue-staffy-puppy-for-your-family   H1:1 H2:5 H3:0 H4:0 H5:0 H6:0 | FAQPage×0 | schema:BlogPosting,BreadcrumbList,ListItem,LocalBusiness,Organization,PostalAddress,WebSite
    EXEMPT → all_six_levels, min_h5_5, min_h6_5, faqpage_present — collection post: the six-level outline, the 5xH5 / 5xH6 floor and the FAQ block are rich-page rules. A post that met them would carry headings written for a checker and questions nobody asked; a post's length rule is its own word band and its FAQ is its own `faqs` frontmatter, both of which build 5 writes
    EXEMPT → no_visible_date — the visible date is sourced (the post's own frontmatter, or the git-derived data/page-dates.json that its schema and PageDate read); the check fires on a post showing a date no file on disk backs
    EXEMPT → phone_in_footer — Known Issue 7: data/settings.json carries the phone stand-in until project 6 supplies the number, so no footer can print one; the exemption lapses by itself when a real number lands

examined 3 pages; 0 problems  (3 PASS · 0 PASS-WITH-WARNINGS · 0 FAIL)
baseline-only FAIL pages: 0  (failing only all_six_levels, min_h5_5, min_h6_5 — the migration baseline)

Subjective (voice/humour/readability/tone) = manual spot-check.
### EXIT 0 : python3 scripts/final_page_audit.py --blog
### STEP: python3 scripts/evidence_audit.py --all

== available-puppies/byrd  [puppy]  0 ERROR / 0 WARN

== available-puppies/cheryl  [puppy]  0 ERROR / 0 WARN

== available-puppies/christa  [puppy]  0 ERROR / 0 WARN

== available-puppies/ince  [puppy]  0 ERROR / 0 WARN

== available-puppies  [hub]  0 ERROR / 0 WARN

== available-puppies/roman  [puppy]  0 ERROR / 0 WARN

== available-puppies/vennie  [puppy]  0 ERROR / 0 WARN

== blog  [hub]  0 ERROR / 0 WARN

== blue-staffy-blog-guides  [blog]  0 ERROR / 0 WARN

== blue-staffy-health-uk  [interior]  0 ERROR / 6 WARN
  WARN  section #top carries species/health facts with no statement label (PROXY — read it)
  WARN  section #stats carries species/health facts with no statement label (PROXY — read it)
  WARN  section #dna-tests carries species/health facts with no statement label (PROXY — read it)
  WARN  section #screening carries species/health facts with no statement label (PROXY — read it)
  WARN  section #lifespan carries species/health facts with no statement label (PROXY — read it)
  WARN  section #questions carries species/health facts with no statement label (PROXY — read it)

== blue-staffy-pup-sale-uk  [for-sale]  0 ERROR / 3 WARN
  WARN  section #top carries species/health facts with no statement label (PROXY — read it)
  WARN  section #why-choose carries species/health facts with no statement label (PROXY — read it)
  WARN  section #questions carries species/health facts with no statement label (PROXY — read it)

== blue-staffy-uk-breeders  [interior]  0 ERROR / 4 WARN
  WARN  section #top carries species/health facts with no statement label (PROXY — read it)
  WARN  section #health-testing carries species/health facts with no statement label (PROXY — read it)
  WARN  section #delivery carries species/health facts with no statement label (PROXY — read it)
  WARN  section #questions carries species/health facts with no statement label (PROXY — read it)

== board-preview/_demo  [interior]  1 ERROR / 0 WARN
  ERROR term budget: uk x21 in <main>, ceiling 6 for interior

== board-preview/index  [interior]  4 ERROR / 0 WARN
  ERROR term budget: blue staffy x67 in <main>, ceiling 12 for interior
  ERROR term budget: staffy puppies x30 in <main>, ceiling 8 for interior
  ERROR term budget: staffordshire bull terrier x18 in <main>, ceiling 6 for interior
  ERROR term budget: uk x77 in <main>, ceiling 6 for interior

== board-preview  [interior]  0 ERROR / 0 WARN

== board-preview/privacy-policy-uk  [interior]  1 ERROR / 0 WARN
  ERROR term budget: uk x11 in <main>, ceiling 6 for interior

== board-preview/thank-you-blue-staffy-puppies-journey  [interior]  1 ERROR / 0 WARN
  ERROR term budget: uk x25 in <main>, ceiling 6 for interior

== board-preview/uk-blue-staffy-breeders-contact  [interior]  2 ERROR / 0 WARN
  ERROR term budget: blue staffy x13 in <main>, ceiling 12 for interior
  ERROR term budget: uk x31 in <main>, ceiling 6 for interior

== buy-blue-staffy-puppies-uk  [for-sale]  0 ERROR / 3 WARN
  WARN  section #top carries species/health facts with no statement label (PROXY — read it)
  WARN  section #parents carries species/health facts with no statement label (PROXY — read it)
  WARN  section #questions carries species/health facts with no statement label (PROXY — read it)

== buy-staffy-puppies-for-sale-uk  [for-sale]  0 ERROR / 7 WARN
  WARN  section #top carries species/health facts with no statement label (PROXY — read it)
  WARN  section #promises carries species/health facts with no statement label (PROXY — read it)
  WARN  section #health-testing carries species/health facts with no statement label (PROXY — read it)
  WARN  section #kennel-club carries species/health facts with no statement label (PROXY — read it)
  WARN  section #puppies carries species/health facts with no statement label (PROXY — read it)
  WARN  section #questions carries species/health facts with no statement label (PROXY — read it)
  WARN  section #talk-to-us carries species/health facts with no statement label (PROXY — read it)

== how-to-choose-the-right-blue-staffy-puppy-for-your-family  [blog]  2 ERROR / 0 WARN
  ERROR term budget: uk x11 in <main>, ceiling 5 for blog
  ERROR <title> is 83 chars, ceiling 70

== index  [home]  0 ERROR / 5 WARN
  WARN  section #top carries species/health facts with no statement label (PROXY — read it)
  WARN  section #trust carries species/health facts with no statement label (PROXY — read it)
  WARN  section #health carries species/health facts with no statement label (PROXY — read it)
  WARN  section #the-breed carries species/health facts with no statement label (PROXY — read it)
  WARN  section #your-questions-about-blue-staffies-answered carries species/health facts with no statement label (PROXY — read it)

== kit-preview  [preview]  0 ERROR / 3 WARN
  WARN  section #kit-hero carries species/health facts with no statement label (PROXY — read it)
  WARN  section #kit-trust-strip carries species/health facts with no statement label (PROXY — read it)
  WARN  section #kit-faq carries species/health facts with no statement label (PROXY — read it)

== privacy-policy-uk  [interior]  0 ERROR / 0 WARN

== search  [interior]  0 ERROR / 0 WARN

== thank-you-blue-staffy-puppies-journey  [interior]  0 ERROR / 0 WARN

== uk-blue-staffy-breeders-contact  [interior]  0 ERROR / 1 WARN
  WARN  section #why-write carries species/health facts with no statement label (PROXY — read it)

== uk-blue-staffy-puppy-buying-guide  [interior]  0 ERROR / 7 WARN
  WARN  section #breeder-questions carries species/health facts with no statement label (PROXY — read it)
  WARN  section #red-flags carries species/health facts with no statement label (PROXY — read it)
  WARN  section #temperament-fit carries species/health facts with no statement label (PROXY — read it)
  WARN  section #health-checks carries species/health facts with no statement label (PROXY — read it)
  WARN  section #delivery carries species/health facts with no statement label (PROXY — read it)
  WARN  section #questions carries species/health facts with no statement label (PROXY — read it)
  WARN  section #talk-to-us carries species/health facts with no statement label (PROXY — read it)

== uk-locations/blue-staffies-newcastle-under-lyme  [location]  0 ERROR / 0 WARN

== uk-locations/blue-staffy-puppies-aberdeen  [location]  0 ERROR / 0 WARN

== uk-locations/blue-staffy-puppies-birmingham  [location]  0 ERROR / 0 WARN

== uk-locations/blue-staffy-puppies-bristol-uk  [location]  0 ERROR / 0 WARN

== uk-locations/blue-staffy-puppies-dundee  [location]  0 ERROR / 0 WARN

== uk-locations/blue-staffy-puppies-edinburgh  [location]  0 ERROR / 0 WARN

== uk-locations/blue-staffy-puppies-for-sale-in-leicester  [location]  0 ERROR / 0 WARN

== uk-locations/blue-staffy-puppies-for-sale-leeds  [location]  0 ERROR / 0 WARN

== uk-locations/blue-staffy-puppies-hull  [location]  0 ERROR / 0 WARN

== uk-locations/blue-staffy-puppies-inverness  [location]  0 ERROR / 0 WARN

== uk-locations/blue-staffy-puppies-london  [location]  0 ERROR / 0 WARN

== uk-locations/blue-staffy-puppies-manchester-uk  [location]  0 ERROR / 0 WARN

== uk-locations/blue-staffy-puppies-middlesbrough  [location]  0 ERROR / 0 WARN

== uk-locations/blue-staffy-puppies-oxford  [location]  0 ERROR / 1 WARN
  WARN  unsourced superlative: 'uk's most trusted' (source it in the same sentence or cut it)

== uk-locations/blue-staffy-puppies-south-yorkshire  [location]  0 ERROR / 0 WARN

== uk-locations/blue-staffy-puppies-sunderland  [location]  0 ERROR / 0 WARN

== uk-locations/blue-staffy-puppies-uk  [location]  4 ERROR / 0 WARN
  ERROR term budget: blue staffy x40 in <main>, ceiling 10 for location
  ERROR term budget: staffy puppies x38 in <main>, ceiling 8 for location
  ERROR term budget: staffordshire bull terrier x11 in <main>, ceiling 5 for location
  ERROR term budget: uk x30 in <main>, ceiling 8 for location

== uk-locations/blue-staffy-puppies-york  [location]  0 ERROR / 1 WARN
  WARN  unsourced superlative: 'uk's most trusted' (source it in the same sentence or cut it)

== uk-locations/buy-blue-staffy-puppy-coventry-area  [location]  0 ERROR / 0 WARN

== uk-locations  [hub]  3 ERROR / 0 WARN
  ERROR term budget: blue staffy x20 in <main>, ceiling 10 for hub
  ERROR term budget: staffy puppies x26 in <main>, ceiling 8 for hub
  ERROR term budget: puppies for sale x16 in <main>, ceiling 5 for hub

== uk-locations/staffy-breeding-dogs-glasgow  [location]  3 ERROR / 0 WARN
  ERROR term budget: blue staffy x27 in <main>, ceiling 10 for location
  ERROR term budget: staffy puppies x11 in <main>, ceiling 8 for location
  ERROR term budget: staffordshire bull terrier x9 in <main>, ceiling 5 for location

== uk-locations/staffy-puppies-cardiff-wales  [location]  0 ERROR / 0 WARN

== uk-locations/staffy-puppies-for-sale-cornwall  [location]  0 ERROR / 0 WARN

== uk-locations/staffy-puppies-for-sale-essex  [location]  0 ERROR / 0 WARN

== uk-locations/staffy-puppies-for-sale-glasgow  [location]  0 ERROR / 0 WARN

== uk-locations/staffy-puppies-for-sale-liverpool  [location]  0 ERROR / 0 WARN

== uk-locations/staffy-puppies-for-sale-nottingham  [location]  0 ERROR / 0 WARN

== uk-locations/staffy-puppies-wolverhampton  [location]  0 ERROR / 0 WARN

== uk-locations/uk-staffordshire-bull-terrier-breeder  [location]  0 ERROR / 0 WARN

== uk-staffordshire-bull-terrier-guide  [interior]  0 ERROR / 4 WARN
  WARN  section #stats carries species/health facts with no statement label (PROXY — read it)
  WARN  section #breed-facts carries species/health facts with no statement label (PROXY — read it)
  WARN  section #health carries species/health facts with no statement label (PROXY — read it)
  WARN  section #choosing-breeder carries species/health facts with no statement label (PROXY — read it)

examined 58 pages; 21 problems (45 WARN)
### EXIT 1 : python3 scripts/evidence_audit.py --all
### STEP: python3 scripts/aeo_audit.py --all
AEO audit — 58 pages examined

── available-puppies/byrd
   entities: binomial=0 breeder=0 place=1 credential=1 · tables=0 lists=7 · avg sentence 47.8w, 3 over 30w
   [WARN] no binomial (Canis familiaris) anywhere
   [WARN] breeder-name entity absent — 'we' instead of 'Lisa Bright'
   [WARN] no stat-bearing header — nothing for an AI to cite as a figure
── available-puppies/cheryl
   entities: binomial=0 breeder=0 place=1 credential=1 · tables=0 lists=7 · avg sentence 49.2w, 3 over 30w
   [WARN] no binomial (Canis familiaris) anywhere
   [WARN] breeder-name entity absent — 'we' instead of 'Lisa Bright'
   [WARN] no stat-bearing header — nothing for an AI to cite as a figure
── available-puppies/christa
   entities: binomial=0 breeder=0 place=1 credential=1 · tables=0 lists=7 · avg sentence 47.8w, 3 over 30w
   [WARN] no binomial (Canis familiaris) anywhere
   [WARN] breeder-name entity absent — 'we' instead of 'Lisa Bright'
   [WARN] no stat-bearing header — nothing for an AI to cite as a figure
── available-puppies/ince
   entities: binomial=0 breeder=0 place=1 credential=1 · tables=0 lists=7 · avg sentence 47.8w, 3 over 30w
   [WARN] no binomial (Canis familiaris) anywhere
   [WARN] breeder-name entity absent — 'we' instead of 'Lisa Bright'
   [WARN] no stat-bearing header — nothing for an AI to cite as a figure
── available-puppies
   entities: binomial=0 breeder=0 place=0 credential=0 · tables=0 lists=8 · avg sentence 42.6w, 4 over 30w
   [WARN] no binomial (Canis familiaris) anywhere
   [WARN] breeder-name entity absent — 'we' instead of 'Lisa Bright'
   [WARN] no stat-bearing header — nothing for an AI to cite as a figure
── available-puppies/roman
   entities: binomial=0 breeder=0 place=1 credential=1 · tables=0 lists=8 · avg sentence 48.8w, 3 over 30w
   [WARN] no binomial (Canis familiaris) anywhere
   [WARN] breeder-name entity absent — 'we' instead of 'Lisa Bright'
   [WARN] no stat-bearing header — nothing for an AI to cite as a figure
── available-puppies/vennie
   entities: binomial=0 breeder=0 place=1 credential=1 · tables=0 lists=7 · avg sentence 48.8w, 3 over 30w
   [WARN] no binomial (Canis familiaris) anywhere
   [WARN] breeder-name entity absent — 'we' instead of 'Lisa Bright'
   [WARN] no stat-bearing header — nothing for an AI to cite as a figure
── blog
   entities: binomial=0 breeder=0 place=0 credential=0 · tables=0 lists=8 · avg sentence 31.7w, 3 over 30w
   [WARN] no binomial (Canis familiaris) anywhere
   [WARN] breeder-name entity absent — 'we' instead of 'Lisa Bright'
   [WARN] no stat-bearing header — nothing for an AI to cite as a figure
── blue-staffy-blog-guides
   entities: binomial=0 breeder=4 place=0 credential=0 · tables=0 lists=13 · avg sentence 25.0w, 12 over 30w
   [WARN] no binomial (Canis familiaris) anywhere
   [WARN] pronoun-heavy: we/our/us outnumber named entities
   [WARN] 2 section(s) bury the answer (PROXY — read them): The Health Page; Puppy Buying Guide UK
   [WARN] no stat-bearing header — nothing for an AI to cite as a figure
── blue-staffy-health-uk
   entities: binomial=0 breeder=1 place=0 credential=18 · tables=1 lists=13 · avg sentence 23.3w, 36 over 30w
   [WARN] no binomial (Canis familiaris) anywhere
   [WARN] 3 section(s) bury the answer (PROXY — read them): FAQs: Blue Staffy Health & Care; What Vaccinations Do Your Puppies Have Before I Take Them Home?; How Can I Avoid Buying From a Puppy Farm?
   [WARN] no stat-bearing header — nothing for an AI to cite as a figure
── blue-staffy-pup-sale-uk
   entities: binomial=0 breeder=1 place=0 credential=12 · tables=2 lists=14 · avg sentence 20.7w, 17 over 30w
   [WARN] no binomial (Canis familiaris) anywhere
   [WARN] pronoun-heavy: we/our/us outnumber named entities
   [WARN] 1 section(s) bury the answer (PROXY — read them): Why the Two Prices Differ
   [WARN] no stat-bearing header — nothing for an AI to cite as a figure
── blue-staffy-uk-breeders
   entities: binomial=0 breeder=2 place=0 credential=17 · tables=0 lists=14 · avg sentence 23.7w, 25 over 30w
   [WARN] no binomial (Canis familiaris) anywhere
   [WARN] pronoun-heavy: we/our/us outnumber named entities
   [WARN] 3 section(s) bury the answer (PROXY — read them): Collection in Carlisle; Cheryl; Frequently Asked Questions: Your Peace of Mind With BlueStaffyUK
   [WARN] no stat-bearing header — nothing for an AI to cite as a figure
── board-preview/_demo
   entities: binomial=0 breeder=0 place=1 credential=3 · tables=0 lists=12 · avg sentence 16.6w, 5 over 30w
   [WARN] no binomial (Canis familiaris) anywhere
   [WARN] breeder-name entity absent — 'we' instead of 'Lisa Bright'
   [WARN] pronoun-heavy: we/our/us outnumber named entities
   [WARN] no stat-bearing header — nothing for an AI to cite as a figure
── board-preview
   entities: binomial=0 breeder=0 place=1 credential=0 · tables=0 lists=5 · avg sentence 37.5w, 2 over 30w
   [WARN] no binomial (Canis familiaris) anywhere
   [WARN] breeder-name entity absent — 'we' instead of 'Lisa Bright'
   [WARN] no stat-bearing header — nothing for an AI to cite as a figure
── board-preview/index
   entities: binomial=0 breeder=10 place=1 credential=23 · tables=3 lists=11 · avg sentence 22.5w, 77 over 30w
   [WARN] no binomial (Canis familiaris) anywhere
   [WARN] pronoun-heavy: we/our/us outnumber named entities
   [WARN] 36 section(s) bury the answer (PROXY — read them): Blue Staffy Puppies, Raised At Home In Carlisle; Blue Staffy Puppies, Raised At Home In Carlisle; Blue Staffy Puppies, Raised At Home In Carlisle…
   [WARN] no stat-bearing header — nothing for an AI to cite as a figure
── board-preview/privacy-policy-uk
   entities: binomial=0 breeder=0 place=1 credential=21 · tables=0 lists=5 · avg sentence 20.1w, 20 over 30w
   [WARN] no binomial (Canis familiaris) anywhere
   [WARN] breeder-name entity absent — 'we' instead of 'Lisa Bright'
   [WARN] pronoun-heavy: we/our/us outnumber named entities
   [WARN] 4 section(s) bury the answer (PROXY — read them): Cookies, and changes to this policy; Cookies, and changes to this policy; Cookies, and changes to this policy…
   [WARN] no stat-bearing header — nothing for an AI to cite as a figure
── board-preview/thank-you-blue-staffy-puppies-journey
   entities: binomial=0 breeder=0 place=1 credential=3 · tables=0 lists=8 · avg sentence 22.4w, 26 over 30w
   [WARN] no binomial (Canis familiaris) anywhere
   [WARN] breeder-name entity absent — 'we' instead of 'Lisa Bright'
   [WARN] pronoun-heavy: we/our/us outnumber named entities
   [WARN] 6 section(s) bury the answer (PROXY — read them): Where Your Enquiry Stands; Where Your Enquiry Stands; Where Your Enquiry Stands…
   [WARN] no stat-bearing header — nothing for an AI to cite as a figure
── board-preview/uk-blue-staffy-breeders-contact
   entities: binomial=0 breeder=3 place=1 credential=9 · tables=0 lists=20 · avg sentence 23.2w, 51 over 30w
   [WARN] no binomial (Canis familiaris) anywhere
   [WARN] pronoun-heavy: we/our/us outnumber named entities
   [WARN] 13 section(s) bury the answer (PROXY — read them): Contact Blue Staffy UK; Contact Blue Staffy UK; Contact Blue Staffy UK…
   [WARN] no stat-bearing header — nothing for an AI to cite as a figure
── buy-blue-staffy-puppies-uk
   entities: binomial=0 breeder=1 place=0 credential=10 · tables=0 lists=14 · avg sentence 23.4w, 26 over 30w
   [WARN] no binomial (Canis familiaris) anywhere
   [WARN] pronoun-heavy: we/our/us outnumber named entities
   [WARN] 3 section(s) bury the answer (PROXY — read them): What Your Blue Staffy Puppy Comes With; How Long Do Staffies Sleep at Night?; Ask About A Particular Puppy
   [WARN] no stat-bearing header — nothing for an AI to cite as a figure
── buy-staffy-puppies-for-sale-uk
   entities: binomial=0 breeder=1 place=0 credential=45 · tables=0 lists=14 · avg sentence 20.4w, 32 over 30w
   [WARN] no binomial (Canis familiaris) anywhere
   [WARN] pronoun-heavy: we/our/us outnumber named entities
   [WARN] 2 section(s) bury the answer (PROXY — read them): Ask Us Anything Before You Decide; How Do I Buy or Reserve a Staffordshire Bull Terrier Puppy in the UK Safely?
   [WARN] no stat-bearing header — nothing for an AI to cite as a figure
── how-to-choose-the-right-blue-staffy-puppy-for-your-family
   entities: binomial=0 breeder=0 place=0 credential=0 · tables=0 lists=8 · avg sentence 37.0w, 4 over 30w
   [WARN] no binomial (Canis familiaris) anywhere
   [WARN] breeder-name entity absent — 'we' instead of 'Lisa Bright'
   [WARN] no stat-bearing header — nothing for an AI to cite as a figure
── index
   entities: binomial=0 breeder=2 place=0 credential=13 · tables=1 lists=14 · avg sentence 22.9w, 29 over 30w
   [WARN] no binomial (Canis familiaris) anywhere
   [WARN] pronoun-heavy: we/our/us outnumber named entities
   [WARN] 3 section(s) bury the answer (PROXY — read them): Temperament: The Loving Heart of the Blue Staffy; Care and Exercise for Your Blue Staffy; Then the Evidence
   [WARN] no stat-bearing header — nothing for an AI to cite as a figure
── kit-preview
   entities: binomial=0 breeder=1 place=1 credential=24 · tables=1 lists=18 · avg sentence 17.5w, 21 over 30w
   [WARN] no binomial (Canis familiaris) anywhere
   [WARN] pronoun-heavy: we/our/us outnumber named entities
   [WARN] 5 section(s) bury the answer (PROXY — read them): What Should I Ask a Blue Staffy Breeder Before I Buy?; How Long Do Staffies Sleep at Night?; What Vaccinations Do Your Puppies Have Before I Take Them Home?…
── privacy-policy-uk
   entities: binomial=0 breeder=1 place=0 credential=3 · tables=0 lists=11 · avg sentence 21.8w, 13 over 30w
   [WARN] no binomial (Canis familiaris) anywhere
   [WARN] pronoun-heavy: we/our/us outnumber named entities
   [WARN] no stat-bearing header — nothing for an AI to cite as a figure
── search
   entities: binomial=0 breeder=0 place=1 credential=0 · tables=0 lists=5 · avg sentence 33.0w, 2 over 30w
   [WARN] no binomial (Canis familiaris) anywhere
   [WARN] breeder-name entity absent — 'we' instead of 'Lisa Bright'
   [WARN] no stat-bearing header — nothing for an AI to cite as a figure
── thank-you-blue-staffy-puppies-journey
   entities: binomial=0 breeder=1 place=0 credential=2 · tables=0 lists=13 · avg sentence 23.4w, 8 over 30w
   [WARN] no binomial (Canis familiaris) anywhere
   [WARN] pronoun-heavy: we/our/us outnumber named entities
   [WARN] no stat-bearing header — nothing for an AI to cite as a figure
── uk-blue-staffy-breeders-contact
   entities: binomial=0 breeder=1 place=0 credential=4 · tables=0 lists=14 · avg sentence 19.6w, 6 over 30w
   [WARN] no binomial (Canis familiaris) anywhere
   [WARN] pronoun-heavy: we/our/us outnumber named entities
   [WARN] no stat-bearing header — nothing for an AI to cite as a figure
── uk-blue-staffy-puppy-buying-guide
   entities: binomial=0 breeder=1 place=0 credential=21 · tables=3 lists=13 · avg sentence 20.3w, 43 over 30w
   [WARN] no binomial (Canis familiaris) anywhere
   [WARN] 6 section(s) bury the answer (PROXY — read them): How to Buy Your Blue Staffy Puppy From Us; Understanding the Blue Staffordshire Bull Terrier: Temperament & Lifestyle; What Health Tests Should a Blue Staffy Puppy Breeder Provide? What Are the L-2-HGA and the HC-HSF4 Tests in Staffies?…
── uk-locations/blue-staffies-newcastle-under-lyme
   entities: binomial=0 breeder=0 place=1 credential=0 · tables=0 lists=4 · avg sentence 44.0w, 1 over 30w
   [WARN] no binomial (Canis familiaris) anywhere
   [WARN] breeder-name entity absent — 'we' instead of 'Lisa Bright'
   [WARN] no stat-bearing header — nothing for an AI to cite as a figure
── uk-locations/blue-staffy-puppies-aberdeen
   entities: binomial=0 breeder=0 place=5 credential=6 · tables=0 lists=5 · avg sentence 20.2w, 4 over 30w
   [WARN] no binomial (Canis familiaris) anywhere
   [WARN] breeder-name entity absent — 'we' instead of 'Lisa Bright'
   [WARN] pronoun-heavy: we/our/us outnumber named entities
   [WARN] 1 section(s) bury the answer (PROXY — read them): 🚚 Delivery Options to Aberdeen
   [WARN] no stat-bearing header — nothing for an AI to cite as a figure
── uk-locations/blue-staffy-puppies-birmingham
   entities: binomial=0 breeder=0 place=1 credential=0 · tables=0 lists=4 · avg sentence 58.0w, 1 over 30w
   [WARN] no binomial (Canis familiaris) anywhere
   [WARN] breeder-name entity absent — 'we' instead of 'Lisa Bright'
   [WARN] no stat-bearing header — nothing for an AI to cite as a figure
── uk-locations/blue-staffy-puppies-bristol-uk
   entities: binomial=0 breeder=0 place=1 credential=0 · tables=0 lists=4 · avg sentence 58.5w, 1 over 30w
   [WARN] no binomial (Canis familiaris) anywhere
   [WARN] breeder-name entity absent — 'we' instead of 'Lisa Bright'
   [WARN] no stat-bearing header — nothing for an AI to cite as a figure
── uk-locations/blue-staffy-puppies-dundee
   entities: binomial=0 breeder=0 place=5 credential=6 · tables=0 lists=5 · avg sentence 24.0w, 4 over 30w
   [WARN] no binomial (Canis familiaris) anywhere
   [WARN] breeder-name entity absent — 'we' instead of 'Lisa Bright'
   [WARN] pronoun-heavy: we/our/us outnumber named entities
   [WARN] 1 section(s) bury the answer (PROXY — read them): 🚚 Delivery Options to Dundee
   [WARN] no stat-bearing header — nothing for an AI to cite as a figure
── uk-locations/blue-staffy-puppies-edinburgh
   entities: binomial=0 breeder=0 place=5 credential=5 · tables=0 lists=5 · avg sentence 22.1w, 4 over 30w
   [WARN] no binomial (Canis familiaris) anywhere
   [WARN] breeder-name entity absent — 'we' instead of 'Lisa Bright'
   [WARN] pronoun-heavy: we/our/us outnumber named entities
   [WARN] 1 section(s) bury the answer (PROXY — read them): 🚚 Delivery Options to Edinburgh
   [WARN] no stat-bearing header — nothing for an AI to cite as a figure
── uk-locations/blue-staffy-puppies-for-sale-in-leicester
   entities: binomial=0 breeder=0 place=1 credential=0 · tables=0 lists=4 · avg sentence 64.0w, 1 over 30w
   [WARN] no binomial (Canis familiaris) anywhere
   [WARN] breeder-name entity absent — 'we' instead of 'Lisa Bright'
   [WARN] no stat-bearing header — nothing for an AI to cite as a figure
── uk-locations/blue-staffy-puppies-for-sale-leeds
   entities: binomial=0 breeder=0 place=1 credential=0 · tables=0 lists=4 · avg sentence 59.5w, 1 over 30w
   [WARN] no binomial (Canis familiaris) anywhere
   [WARN] breeder-name entity absent — 'we' instead of 'Lisa Bright'
   [WARN] no stat-bearing header — nothing for an AI to cite as a figure
── uk-locations/blue-staffy-puppies-hull
   entities: binomial=0 breeder=0 place=1 credential=6 · tables=0 lists=5 · avg sentence 21.6w, 4 over 30w
   [WARN] no binomial (Canis familiaris) anywhere
   [WARN] breeder-name entity absent — 'we' instead of 'Lisa Bright'
   [WARN] pronoun-heavy: we/our/us outnumber named entities
   [WARN] 1 section(s) bury the answer (PROXY — read them): 🚚 Delivery Options to Hull
   [WARN] no stat-bearing header — nothing for an AI to cite as a figure
── uk-locations/blue-staffy-puppies-inverness
   entities: binomial=0 breeder=0 place=3 credential=5 · tables=0 lists=5 · avg sentence 20.8w, 4 over 30w
   [WARN] no binomial (Canis familiaris) anywhere
   [WARN] breeder-name entity absent — 'we' instead of 'Lisa Bright'
   [WARN] pronoun-heavy: we/our/us outnumber named entities
   [WARN] 1 section(s) bury the answer (PROXY — read them): 🚚 Delivery Options to Inverness
   [WARN] no stat-bearing header — nothing for an AI to cite as a figure
── uk-locations/blue-staffy-puppies-london
   entities: binomial=0 breeder=0 place=1 credential=0 · tables=0 lists=4 · avg sentence 58.0w, 1 over 30w
   [WARN] no binomial (Canis familiaris) anywhere
   [WARN] breeder-name entity absent — 'we' instead of 'Lisa Bright'
   [WARN] no stat-bearing header — nothing for an AI to cite as a figure
── uk-locations/blue-staffy-puppies-manchester-uk
   entities: binomial=0 breeder=0 place=1 credential=0 · tables=0 lists=4 · avg sentence 61.0w, 1 over 30w
   [WARN] no binomial (Canis familiaris) anywhere
   [WARN] breeder-name entity absent — 'we' instead of 'Lisa Bright'
   [WARN] no stat-bearing header — nothing for an AI to cite as a figure
── uk-locations/blue-staffy-puppies-middlesbrough
   entities: binomial=0 breeder=0 place=1 credential=7 · tables=0 lists=5 · avg sentence 22.5w, 4 over 30w
   [WARN] no binomial (Canis familiaris) anywhere
   [WARN] breeder-name entity absent — 'we' instead of 'Lisa Bright'
   [WARN] pronoun-heavy: we/our/us outnumber named entities
   [WARN] 1 section(s) bury the answer (PROXY — read them): 🚚 Delivery Options to Middlesbrough
   [WARN] no stat-bearing header — nothing for an AI to cite as a figure
── uk-locations/blue-staffy-puppies-oxford
   entities: binomial=0 breeder=0 place=1 credential=4 · tables=0 lists=5 · avg sentence 20.9w, 4 over 30w
   [WARN] no binomial (Canis familiaris) anywhere
   [WARN] breeder-name entity absent — 'we' instead of 'Lisa Bright'
   [WARN] pronoun-heavy: we/our/us outnumber named entities
   [WARN] 1 section(s) bury the answer (PROXY — read them): 🚚 Delivery Options to Oxford
   [WARN] no stat-bearing header — nothing for an AI to cite as a figure
── uk-locations/blue-staffy-puppies-south-yorkshire
   entities: binomial=0 breeder=0 place=1 credential=0 · tables=0 lists=4 · avg sentence 57.0w, 1 over 30w
   [WARN] no binomial (Canis familiaris) anywhere
   [WARN] breeder-name entity absent — 'we' instead of 'Lisa Bright'
   [WARN] no stat-bearing header — nothing for an AI to cite as a figure
── uk-locations/blue-staffy-puppies-sunderland
   entities: binomial=0 breeder=0 place=1 credential=4 · tables=0 lists=5 · avg sentence 23.2w, 4 over 30w
   [WARN] no binomial (Canis familiaris) anywhere
   [WARN] breeder-name entity absent — 'we' instead of 'Lisa Bright'
   [WARN] pronoun-heavy: we/our/us outnumber named entities
   [WARN] 1 section(s) bury the answer (PROXY — read them): 🚚 Delivery Options to Sunderland
   [WARN] no stat-bearing header — nothing for an AI to cite as a figure
── uk-locations/blue-staffy-puppies-uk
   entities: binomial=0 breeder=0 place=11 credential=12 · tables=0 lists=4 · avg sentence 23.1w, 18 over 30w
   [WARN] no binomial (Canis familiaris) anywhere
   [WARN] breeder-name entity absent — 'we' instead of 'Lisa Bright'
   [WARN] pronoun-heavy: we/our/us outnumber named entities
   [WARN] 4 section(s) bury the answer (PROXY — read them): Connecting Families Nationwide: Blue Staffy Puppies Delivered Across the UK; Reservation & Preparation; Food & Water Bowls…
── uk-locations/blue-staffy-puppies-york
   entities: binomial=0 breeder=0 place=1 credential=4 · tables=0 lists=5 · avg sentence 22.6w, 4 over 30w
   [WARN] no binomial (Canis familiaris) anywhere
   [WARN] breeder-name entity absent — 'we' instead of 'Lisa Bright'
   [WARN] pronoun-heavy: we/our/us outnumber named entities
   [WARN] 1 section(s) bury the answer (PROXY — read them): 🚚 Delivery Options to York
   [WARN] no stat-bearing header — nothing for an AI to cite as a figure
── uk-locations/buy-blue-staffy-puppy-coventry-area
   entities: binomial=0 breeder=0 place=1 credential=0 · tables=0 lists=4 · avg sentence 57.0w, 1 over 30w
   [WARN] no binomial (Canis familiaris) anywhere
   [WARN] breeder-name entity absent — 'we' instead of 'Lisa Bright'
   [WARN] no stat-bearing header — nothing for an AI to cite as a figure
── uk-locations
   entities: binomial=0 breeder=0 place=7 credential=1 · tables=0 lists=8 · avg sentence 53.7w, 4 over 30w
   [WARN] no binomial (Canis familiaris) anywhere
   [WARN] breeder-name entity absent — 'we' instead of 'Lisa Bright'
   [WARN] no stat-bearing header — nothing for an AI to cite as a figure
── uk-locations/staffy-breeding-dogs-glasgow
   entities: binomial=0 breeder=0 place=13 credential=9 · tables=0 lists=4 · avg sentence 23.1w, 14 over 30w
   [WARN] no binomial (Canis familiaris) anywhere
   [WARN] breeder-name entity absent — 'we' instead of 'Lisa Bright'
   [WARN] pronoun-heavy: we/our/us outnumber named entities
   [WARN] 1 section(s) bury the answer (PROXY — read them): Meet Our Healthy Staffy Breeding Dogs Glasgow: Maggie & Jones
   [WARN] no stat-bearing header — nothing for an AI to cite as a figure
── uk-locations/staffy-puppies-cardiff-wales
   entities: binomial=0 breeder=0 place=1 credential=0 · tables=0 lists=4 · avg sentence 59.5w, 1 over 30w
   [WARN] no binomial (Canis familiaris) anywhere
   [WARN] breeder-name entity absent — 'we' instead of 'Lisa Bright'
   [WARN] no stat-bearing header — nothing for an AI to cite as a figure
── uk-locations/staffy-puppies-for-sale-cornwall
   entities: binomial=0 breeder=0 place=1 credential=0 · tables=0 lists=4 · avg sentence 58.5w, 1 over 30w
   [WARN] no binomial (Canis familiaris) anywhere
   [WARN] breeder-name entity absent — 'we' instead of 'Lisa Bright'
   [WARN] no stat-bearing header — nothing for an AI to cite as a figure
── uk-locations/staffy-puppies-for-sale-essex
   entities: binomial=0 breeder=0 place=1 credential=0 · tables=0 lists=4 · avg sentence 56.5w, 1 over 30w
   [WARN] no binomial (Canis familiaris) anywhere
   [WARN] breeder-name entity absent — 'we' instead of 'Lisa Bright'
   [WARN] no stat-bearing header — nothing for an AI to cite as a figure
── uk-locations/staffy-puppies-for-sale-glasgow
   entities: binomial=0 breeder=0 place=4 credential=0 · tables=1 lists=4 · avg sentence 44.0w, 1 over 30w
   [WARN] no binomial (Canis familiaris) anywhere
   [WARN] breeder-name entity absent — 'we' instead of 'Lisa Bright'
   [WARN] no stat-bearing header — nothing for an AI to cite as a figure
── uk-locations/staffy-puppies-for-sale-liverpool
   entities: binomial=0 breeder=0 place=1 credential=0 · tables=0 lists=4 · avg sentence 59.0w, 1 over 30w
   [WARN] no binomial (Canis familiaris) anywhere
   [WARN] breeder-name entity absent — 'we' instead of 'Lisa Bright'
   [WARN] no stat-bearing header — nothing for an AI to cite as a figure
── uk-locations/staffy-puppies-for-sale-nottingham
   entities: binomial=0 breeder=0 place=1 credential=0 · tables=0 lists=4 · avg sentence 59.0w, 1 over 30w
   [WARN] no binomial (Canis familiaris) anywhere
   [WARN] breeder-name entity absent — 'we' instead of 'Lisa Bright'
   [WARN] no stat-bearing header — nothing for an AI to cite as a figure
── uk-locations/staffy-puppies-wolverhampton
   entities: binomial=0 breeder=0 place=1 credential=0 · tables=0 lists=4 · avg sentence 57.0w, 1 over 30w
   [WARN] no binomial (Canis familiaris) anywhere
   [WARN] breeder-name entity absent — 'we' instead of 'Lisa Bright'
   [WARN] no stat-bearing header — nothing for an AI to cite as a figure
── uk-locations/uk-staffordshire-bull-terrier-breeder
   entities: binomial=0 breeder=0 place=1 credential=0 · tables=0 lists=4 · avg sentence 56.5w, 1 over 30w
   [WARN] no binomial (Canis familiaris) anywhere
   [WARN] breeder-name entity absent — 'we' instead of 'Lisa Bright'
   [WARN] no stat-bearing header — nothing for an AI to cite as a figure
── uk-staffordshire-bull-terrier-guide
   entities: binomial=0 breeder=1 place=0 credential=10 · tables=1 lists=13 · avg sentence 23.1w, 58 over 30w
   [WARN] no binomial (Canis familiaris) anywhere
   [WARN] 3 section(s) bury the answer (PROXY — read them): Bred in the Industrial Midlands; Eyes and Knees, Under the BVA/KC Schemes; Write to Us

examined 58 pages; 0 problems (206 WARN)
baseline-only FAIL pages: 0  (failing only freshness — the migration baseline, excluded from the exit code); pages with a real ERROR: 0
### EXIT 0 : python3 scripts/aeo_audit.py --all
### STEP: python3 scripts/dup_content_audit.py
DUPLICATE (12 words) between /index/ and /blue-staffy-pup-sale-uk/:
  "is the heart of our family the victoria family manchester uk mj"

DUPLICATE (13 words) between /index/ and /blue-staffy-uk-breeders/:
  "passion for the staffordshire bull terrier breed drives every aspect of our work"

DUPLICATE (12 words) between /index/ and /blue-staffy-uk-breeders/:
  "is the heart of our family the victoria family manchester uk mj"

DUPLICATE (29 words) between /index/ and /blue-staffy-uk-breeders/:
  "a comprehensive puppy package the first vaccinations a microchip a full veterinary health check deworming and defleaing the relevant paperwork and a puppy pack to help them settle in"

DUPLICATE (13 words) between /index/ and /buy-staffy-puppies-for-sale-uk/:
  "both parents are dna tested clear of l 2 hga and hc hsf4"

DUPLICATE (12 words) between /index/ and /buy-staffy-puppies-for-sale-uk/:
  "is the heart of our family the victoria family manchester uk mj"

DUPLICATE (29 words) between /index/ and /buy-staffy-puppies-for-sale-uk/:
  "a comprehensive puppy package the first vaccinations a microchip a full veterinary health check deworming and defleaing the relevant paperwork and a puppy pack to help them settle in"

DUPLICATE (13 words) between /index/ and /blue-staffy-health-uk/:
  "the health and well being of our blue staffordshire bull terrier puppies are"

DUPLICATE (29 words) between /index/ and /blue-staffy-health-uk/:
  "a comprehensive puppy package the first vaccinations a microchip a full veterinary health check deworming and defleaing the relevant paperwork and a puppy pack to help them settle in"

DUPLICATE (35 words) between /how-to-choose-the-right-blue-staffy-puppy-for-your-family/ and /uk-blue-staffy-puppy-buying-guide/:
  "uk embarking on the journey to welcome a blue staffordshire bull terrier puppy into your uk home is an exciting and rewarding experience the key to a smooth and responsible process lies in thorough preparation"

DUPLICATE (12 words) between /blue-staffy-pup-sale-uk/ and /buy-blue-staffy-puppies-uk/:
  "no answer here sets a price of its own the one that"

DUPLICATE (12 words) between /blue-staffy-pup-sale-uk/ and /uk-locations/staffy-breeding-dogs-glasgow/:
  "blue staffy puppies are healthy vaccinated and ready to join your home"

DUPLICATE (12 words) between /blue-staffy-pup-sale-uk/ and /uk-locations/blue-staffy-puppies-uk/:
  "blue staffy puppies are healthy vaccinated and ready to join your home"

DUPLICATE (46 words) between /blue-staffy-uk-breeders/ and /buy-staffy-puppies-for-sale-uk/:
  "are the puppies raised in a family home or in kennels in our home not in kennels every litter grows up indoors with the family with constant interaction early socialisation and everyday household sights and sounds and me…"

DUPLICATE (34 words) between /blue-staffy-uk-breeders/ and /buy-staffy-puppies-for-sale-uk/:
  "what comes with a puppy a comprehensive puppy package the first vaccinations a microchip a full veterinary health check deworming and defleaing the relevant paperwork and a puppy pack to help them settle in"

DUPLICATE (34 words) between /blue-staffy-uk-breeders/ and /blue-staffy-health-uk/:
  "what comes with a puppy a comprehensive puppy package the first vaccinations a microchip a full veterinary health check deworming and defleaing the relevant paperwork and a puppy pack to help them settle in"

DUPLICATE (34 words) between /buy-staffy-puppies-for-sale-uk/ and /blue-staffy-health-uk/:
  "what comes with a puppy a comprehensive puppy package the first vaccinations a microchip a full veterinary health check deworming and defleaing the relevant paperwork and a puppy pack to help them settle in"

DUPLICATE (58 words) between /uk-locations/blue-staffy-puppies-dundee/ and /uk-locations/blue-staffy-puppies-sunderland/:
  "puppy at bluestaffyuk uk we are passionate about breeding staffordshire bull terriers the right way every puppy in our litter is raised in our family home never in a kennel or puppy farm we focus on temperament health an…"

DUPLICATE (42 words) between /uk-locations/blue-staffy-puppies-dundee/ and /uk-locations/blue-staffy-puppies-sunderland/:
  "our breeding dogs undergo full health testing for l 2 hga and hc hsf4 the two hereditary conditions specific to the staffordshire bull terrier every puppy leaves us microchipped vet checked vaccinated and with a comprehe…"

DUPLICATE (18 words) between /uk-locations/blue-staffy-puppies-dundee/ and /uk-locations/blue-staffy-puppies-sunderland/:
  "you are we can get your new puppy to you safely frequently asked questions blue staffy puppies in"

DUPLICATE (58 words) between /uk-locations/blue-staffy-puppies-dundee/ and /uk-locations/blue-staffy-puppies-aberdeen/:
  "puppy at bluestaffyuk uk we are passionate about breeding staffordshire bull terriers the right way every puppy in our litter is raised in our family home never in a kennel or puppy farm we focus on temperament health an…"

DUPLICATE (42 words) between /uk-locations/blue-staffy-puppies-dundee/ and /uk-locations/blue-staffy-puppies-aberdeen/:
  "our breeding dogs undergo full health testing for l 2 hga and hc hsf4 the two hereditary conditions specific to the staffordshire bull terrier every puppy leaves us microchipped vet checked vaccinated and with a comprehe…"

DUPLICATE (28 words) between /uk-locations/blue-staffy-puppies-dundee/ and /uk-locations/blue-staffy-puppies-aberdeen/:
  "and all surrounding areas so no matter where in scotland you are we can get your new puppy to you safely frequently asked questions blue staffy puppies in"

DUPLICATE (58 words) between /uk-locations/blue-staffy-puppies-dundee/ and /uk-locations/blue-staffy-puppies-hull/:
  "puppy at bluestaffyuk uk we are passionate about breeding staffordshire bull terriers the right way every puppy in our litter is raised in our family home never in a kennel or puppy farm we focus on temperament health an…"

DUPLICATE (42 words) between /uk-locations/blue-staffy-puppies-dundee/ and /uk-locations/blue-staffy-puppies-hull/:
  "our breeding dogs undergo full health testing for l 2 hga and hc hsf4 the two hereditary conditions specific to the staffordshire bull terrier every puppy leaves us microchipped vet checked vaccinated and with a comprehe…"

DUPLICATE (18 words) between /uk-locations/blue-staffy-puppies-dundee/ and /uk-locations/blue-staffy-puppies-hull/:
  "you are we can get your new puppy to you safely frequently asked questions blue staffy puppies in"

DUPLICATE (58 words) between /uk-locations/blue-staffy-puppies-dundee/ and /uk-locations/blue-staffy-puppies-oxford/:
  "puppy at bluestaffyuk uk we are passionate about breeding staffordshire bull terriers the right way every puppy in our litter is raised in our family home never in a kennel or puppy farm we focus on temperament health an…"

DUPLICATE (42 words) between /uk-locations/blue-staffy-puppies-dundee/ and /uk-locations/blue-staffy-puppies-oxford/:
  "our breeding dogs undergo full health testing for l 2 hga and hc hsf4 the two hereditary conditions specific to the staffordshire bull terrier every puppy leaves us microchipped vet checked vaccinated and with a comprehe…"

DUPLICATE (18 words) between /uk-locations/blue-staffy-puppies-dundee/ and /uk-locations/blue-staffy-puppies-oxford/:
  "you are we can get your new puppy to you safely frequently asked questions blue staffy puppies in"

DUPLICATE (15 words) between /uk-locations/blue-staffy-puppies-dundee/ and /uk-locations/blue-staffy-puppies-oxford/:
  "beth kane alis or kobe and we'll confirm availability and next steps within 24 hours"

DUPLICATE (58 words) between /uk-locations/blue-staffy-puppies-dundee/ and /uk-locations/blue-staffy-puppies-edinburgh/:
  "puppy at bluestaffyuk uk we are passionate about breeding staffordshire bull terriers the right way every puppy in our litter is raised in our family home never in a kennel or puppy farm we focus on temperament health an…"

DUPLICATE (42 words) between /uk-locations/blue-staffy-puppies-dundee/ and /uk-locations/blue-staffy-puppies-edinburgh/:
  "our breeding dogs undergo full health testing for l 2 hga and hc hsf4 the two hereditary conditions specific to the staffordshire bull terrier every puppy leaves us microchipped vet checked vaccinated and with a comprehe…"

DUPLICATE (28 words) between /uk-locations/blue-staffy-puppies-dundee/ and /uk-locations/blue-staffy-puppies-edinburgh/:
  "and all surrounding areas so no matter where in scotland you are we can get your new puppy to you safely frequently asked questions blue staffy puppies in"

DUPLICATE (58 words) between /uk-locations/blue-staffy-puppies-dundee/ and /uk-locations/blue-staffy-puppies-york/:
  "puppy at bluestaffyuk uk we are passionate about breeding staffordshire bull terriers the right way every puppy in our litter is raised in our family home never in a kennel or puppy farm we focus on temperament health an…"

DUPLICATE (42 words) between /uk-locations/blue-staffy-puppies-dundee/ and /uk-locations/blue-staffy-puppies-york/:
  "our breeding dogs undergo full health testing for l 2 hga and hc hsf4 the two hereditary conditions specific to the staffordshire bull terrier every puppy leaves us microchipped vet checked vaccinated and with a comprehe…"

DUPLICATE (18 words) between /uk-locations/blue-staffy-puppies-dundee/ and /uk-locations/blue-staffy-puppies-york/:
  "you are we can get your new puppy to you safely frequently asked questions blue staffy puppies in"

DUPLICATE (58 words) between /uk-locations/blue-staffy-puppies-dundee/ and /uk-locations/blue-staffy-puppies-middlesbrough/:
  "puppy at bluestaffyuk uk we are passionate about breeding staffordshire bull terriers the right way every puppy in our litter is raised in our family home never in a kennel or puppy farm we focus on temperament health an…"

DUPLICATE (42 words) between /uk-locations/blue-staffy-puppies-dundee/ and /uk-locations/blue-staffy-puppies-middlesbrough/:
  "our breeding dogs undergo full health testing for l 2 hga and hc hsf4 the two hereditary conditions specific to the staffordshire bull terrier every puppy leaves us microchipped vet checked vaccinated and with a comprehe…"

DUPLICATE (18 words) between /uk-locations/blue-staffy-puppies-dundee/ and /uk-locations/blue-staffy-puppies-middlesbrough/:
  "you are we can get your new puppy to you safely frequently asked questions blue staffy puppies in"

DUPLICATE (58 words) between /uk-locations/blue-staffy-puppies-dundee/ and /uk-locations/blue-staffy-puppies-inverness/:
  "puppy at bluestaffyuk uk we are passionate about breeding staffordshire bull terriers the right way every puppy in our litter is raised in our family home never in a kennel or puppy farm we focus on temperament health an…"

DUPLICATE (42 words) between /uk-locations/blue-staffy-puppies-dundee/ and /uk-locations/blue-staffy-puppies-inverness/:
  "our breeding dogs undergo full health testing for l 2 hga and hc hsf4 the two hereditary conditions specific to the staffordshire bull terrier every puppy leaves us microchipped vet checked vaccinated and with a comprehe…"

DUPLICATE (28 words) between /uk-locations/blue-staffy-puppies-dundee/ and /uk-locations/blue-staffy-puppies-inverness/:
  "and all surrounding areas so no matter where in scotland you are we can get your new puppy to you safely frequently asked questions blue staffy puppies in"

DUPLICATE (58 words) between /uk-locations/blue-staffy-puppies-sunderland/ and /uk-locations/blue-staffy-puppies-aberdeen/:
  "puppy at bluestaffyuk uk we are passionate about breeding staffordshire bull terriers the right way every puppy in our litter is raised in our family home never in a kennel or puppy farm we focus on temperament health an…"

DUPLICATE (42 words) between /uk-locations/blue-staffy-puppies-sunderland/ and /uk-locations/blue-staffy-puppies-aberdeen/:
  "our breeding dogs undergo full health testing for l 2 hga and hc hsf4 the two hereditary conditions specific to the staffordshire bull terrier every puppy leaves us microchipped vet checked vaccinated and with a comprehe…"

DUPLICATE (18 words) between /uk-locations/blue-staffy-puppies-sunderland/ and /uk-locations/blue-staffy-puppies-aberdeen/:
  "you are we can get your new puppy to you safely frequently asked questions blue staffy puppies in"

DUPLICATE (58 words) between /uk-locations/blue-staffy-puppies-sunderland/ and /uk-locations/blue-staffy-puppies-hull/:
  "puppy at bluestaffyuk uk we are passionate about breeding staffordshire bull terriers the right way every puppy in our litter is raised in our family home never in a kennel or puppy farm we focus on temperament health an…"

DUPLICATE (42 words) between /uk-locations/blue-staffy-puppies-sunderland/ and /uk-locations/blue-staffy-puppies-hull/:
  "our breeding dogs undergo full health testing for l 2 hga and hc hsf4 the two hereditary conditions specific to the staffordshire bull terrier every puppy leaves us microchipped vet checked vaccinated and with a comprehe…"

DUPLICATE (18 words) between /uk-locations/blue-staffy-puppies-sunderland/ and /uk-locations/blue-staffy-puppies-hull/:
  "you are we can get your new puppy to you safely frequently asked questions blue staffy puppies in"

DUPLICATE (58 words) between /uk-locations/blue-staffy-puppies-sunderland/ and /uk-locations/blue-staffy-puppies-oxford/:
  "puppy at bluestaffyuk uk we are passionate about breeding staffordshire bull terriers the right way every puppy in our litter is raised in our family home never in a kennel or puppy farm we focus on temperament health an…"

DUPLICATE (42 words) between /uk-locations/blue-staffy-puppies-sunderland/ and /uk-locations/blue-staffy-puppies-oxford/:
  "our breeding dogs undergo full health testing for l 2 hga and hc hsf4 the two hereditary conditions specific to the staffordshire bull terrier every puppy leaves us microchipped vet checked vaccinated and with a comprehe…"

DUPLICATE (18 words) between /uk-locations/blue-staffy-puppies-sunderland/ and /uk-locations/blue-staffy-puppies-oxford/:
  "you are we can get your new puppy to you safely frequently asked questions blue staffy puppies in"

DUPLICATE (58 words) between /uk-locations/blue-staffy-puppies-sunderland/ and /uk-locations/blue-staffy-puppies-edinburgh/:
  "puppy at bluestaffyuk uk we are passionate about breeding staffordshire bull terriers the right way every puppy in our litter is raised in our family home never in a kennel or puppy farm we focus on temperament health an…"

DUPLICATE (42 words) between /uk-locations/blue-staffy-puppies-sunderland/ and /uk-locations/blue-staffy-puppies-edinburgh/:
  "our breeding dogs undergo full health testing for l 2 hga and hc hsf4 the two hereditary conditions specific to the staffordshire bull terrier every puppy leaves us microchipped vet checked vaccinated and with a comprehe…"

DUPLICATE (18 words) between /uk-locations/blue-staffy-puppies-sunderland/ and /uk-locations/blue-staffy-puppies-edinburgh/:
  "you are we can get your new puppy to you safely frequently asked questions blue staffy puppies in"

DUPLICATE (58 words) between /uk-locations/blue-staffy-puppies-sunderland/ and /uk-locations/blue-staffy-puppies-york/:
  "puppy at bluestaffyuk uk we are passionate about breeding staffordshire bull terriers the right way every puppy in our litter is raised in our family home never in a kennel or puppy farm we focus on temperament health an…"

DUPLICATE (42 words) between /uk-locations/blue-staffy-puppies-sunderland/ and /uk-locations/blue-staffy-puppies-york/:
  "our breeding dogs undergo full health testing for l 2 hga and hc hsf4 the two hereditary conditions specific to the staffordshire bull terrier every puppy leaves us microchipped vet checked vaccinated and with a comprehe…"

DUPLICATE (18 words) between /uk-locations/blue-staffy-puppies-sunderland/ and /uk-locations/blue-staffy-puppies-york/:
  "you are we can get your new puppy to you safely frequently asked questions blue staffy puppies in"

DUPLICATE (58 words) between /uk-locations/blue-staffy-puppies-sunderland/ and /uk-locations/blue-staffy-puppies-middlesbrough/:
  "puppy at bluestaffyuk uk we are passionate about breeding staffordshire bull terriers the right way every puppy in our litter is raised in our family home never in a kennel or puppy farm we focus on temperament health an…"

DUPLICATE (42 words) between /uk-locations/blue-staffy-puppies-sunderland/ and /uk-locations/blue-staffy-puppies-middlesbrough/:
  "our breeding dogs undergo full health testing for l 2 hga and hc hsf4 the two hereditary conditions specific to the staffordshire bull terrier every puppy leaves us microchipped vet checked vaccinated and with a comprehe…"

DUPLICATE (18 words) between /uk-locations/blue-staffy-puppies-sunderland/ and /uk-locations/blue-staffy-puppies-middlesbrough/:
  "you are we can get your new puppy to you safely frequently asked questions blue staffy puppies in"

DUPLICATE (58 words) between /uk-locations/blue-staffy-puppies-sunderland/ and /uk-locations/blue-staffy-puppies-inverness/:
  "puppy at bluestaffyuk uk we are passionate about breeding staffordshire bull terriers the right way every puppy in our litter is raised in our family home never in a kennel or puppy farm we focus on temperament health an…"

DUPLICATE (42 words) between /uk-locations/blue-staffy-puppies-sunderland/ and /uk-locations/blue-staffy-puppies-inverness/:
  "our breeding dogs undergo full health testing for l 2 hga and hc hsf4 the two hereditary conditions specific to the staffordshire bull terrier every puppy leaves us microchipped vet checked vaccinated and with a comprehe…"

DUPLICATE (18 words) between /uk-locations/blue-staffy-puppies-sunderland/ and /uk-locations/blue-staffy-puppies-inverness/:
  "you are we can get your new puppy to you safely frequently asked questions blue staffy puppies in"

DUPLICATE (12 words) between /uk-locations/staffy-puppies-for-sale-glasgow/ and /uk-locations/blue-staffies-newcastle-under-lyme/:
  "blue staffy uk your trusted uk blue staffy breeders skip to content"

DUPLICATE (58 words) between /uk-locations/blue-staffy-puppies-aberdeen/ and /uk-locations/blue-staffy-puppies-hull/:
  "puppy at bluestaffyuk uk we are passionate about breeding staffordshire bull terriers the right way every puppy in our litter is raised in our family home never in a kennel or puppy farm we focus on temperament health an…"

DUPLICATE (42 words) between /uk-locations/blue-staffy-puppies-aberdeen/ and /uk-locations/blue-staffy-puppies-hull/:
  "our breeding dogs undergo full health testing for l 2 hga and hc hsf4 the two hereditary conditions specific to the staffordshire bull terrier every puppy leaves us microchipped vet checked vaccinated and with a comprehe…"

DUPLICATE (18 words) between /uk-locations/blue-staffy-puppies-aberdeen/ and /uk-locations/blue-staffy-puppies-hull/:
  "you are we can get your new puppy to you safely frequently asked questions blue staffy puppies in"

DUPLICATE (58 words) between /uk-locations/blue-staffy-puppies-aberdeen/ and /uk-locations/blue-staffy-puppies-oxford/:
  "puppy at bluestaffyuk uk we are passionate about breeding staffordshire bull terriers the right way every puppy in our litter is raised in our family home never in a kennel or puppy farm we focus on temperament health an…"

DUPLICATE (42 words) between /uk-locations/blue-staffy-puppies-aberdeen/ and /uk-locations/blue-staffy-puppies-oxford/:
  "our breeding dogs undergo full health testing for l 2 hga and hc hsf4 the two hereditary conditions specific to the staffordshire bull terrier every puppy leaves us microchipped vet checked vaccinated and with a comprehe…"

DUPLICATE (18 words) between /uk-locations/blue-staffy-puppies-aberdeen/ and /uk-locations/blue-staffy-puppies-oxford/:
  "you are we can get your new puppy to you safely frequently asked questions blue staffy puppies in"

DUPLICATE (58 words) between /uk-locations/blue-staffy-puppies-aberdeen/ and /uk-locations/blue-staffy-puppies-edinburgh/:
  "puppy at bluestaffyuk uk we are passionate about breeding staffordshire bull terriers the right way every puppy in our litter is raised in our family home never in a kennel or puppy farm we focus on temperament health an…"

DUPLICATE (42 words) between /uk-locations/blue-staffy-puppies-aberdeen/ and /uk-locations/blue-staffy-puppies-edinburgh/:
  "our breeding dogs undergo full health testing for l 2 hga and hc hsf4 the two hereditary conditions specific to the staffordshire bull terrier every puppy leaves us microchipped vet checked vaccinated and with a comprehe…"

DUPLICATE (28 words) between /uk-locations/blue-staffy-puppies-aberdeen/ and /uk-locations/blue-staffy-puppies-edinburgh/:
  "and all surrounding areas so no matter where in scotland you are we can get your new puppy to you safely frequently asked questions blue staffy puppies in"

DUPLICATE (31 words) between /uk-locations/blue-staffy-puppies-aberdeen/ and /uk-locations/blue-staffy-puppies-edinburgh/:
  "our blue staffy puppies are priced between 850 1 200 depending on the puppy kobe is 850 kane is 1 000 beth is 1 100 and alis is 1 200 we"

DUPLICATE (58 words) between /uk-locations/blue-staffy-puppies-aberdeen/ and /uk-locations/blue-staffy-puppies-york/:
  "puppy at bluestaffyuk uk we are passionate about breeding staffordshire bull terriers the right way every puppy in our litter is raised in our family home never in a kennel or puppy farm we focus on temperament health an…"

DUPLICATE (42 words) between /uk-locations/blue-staffy-puppies-aberdeen/ and /uk-locations/blue-staffy-puppies-york/:
  "our breeding dogs undergo full health testing for l 2 hga and hc hsf4 the two hereditary conditions specific to the staffordshire bull terrier every puppy leaves us microchipped vet checked vaccinated and with a comprehe…"

DUPLICATE (18 words) between /uk-locations/blue-staffy-puppies-aberdeen/ and /uk-locations/blue-staffy-puppies-york/:
  "you are we can get your new puppy to you safely frequently asked questions blue staffy puppies in"

DUPLICATE (58 words) between /uk-locations/blue-staffy-puppies-aberdeen/ and /uk-locations/blue-staffy-puppies-middlesbrough/:
  "puppy at bluestaffyuk uk we are passionate about breeding staffordshire bull terriers the right way every puppy in our litter is raised in our family home never in a kennel or puppy farm we focus on temperament health an…"

DUPLICATE (42 words) between /uk-locations/blue-staffy-puppies-aberdeen/ and /uk-locations/blue-staffy-puppies-middlesbrough/:
  "our breeding dogs undergo full health testing for l 2 hga and hc hsf4 the two hereditary conditions specific to the staffordshire bull terrier every puppy leaves us microchipped vet checked vaccinated and with a comprehe…"

DUPLICATE (18 words) between /uk-locations/blue-staffy-puppies-aberdeen/ and /uk-locations/blue-staffy-puppies-middlesbrough/:
  "you are we can get your new puppy to you safely frequently asked questions blue staffy puppies in"

DUPLICATE (12 words) between /uk-locations/blue-staffy-puppies-aberdeen/ and /uk-locations/blue-staffy-puppies-middlesbrough/:
  "for l 2 hga and hc hsf4 puppies are vet checked microchipped"

DUPLICATE (58 words) between /uk-locations/blue-staffy-puppies-aberdeen/ and /uk-locations/blue-staffy-puppies-inverness/:
  "puppy at bluestaffyuk uk we are passionate about breeding staffordshire bull terriers the right way every puppy in our litter is raised in our family home never in a kennel or puppy farm we focus on temperament health an…"

DUPLICATE (42 words) between /uk-locations/blue-staffy-puppies-aberdeen/ and /uk-locations/blue-staffy-puppies-inverness/:
  "our breeding dogs undergo full health testing for l 2 hga and hc hsf4 the two hereditary conditions specific to the staffordshire bull terrier every puppy leaves us microchipped vet checked vaccinated and with a comprehe…"

DUPLICATE (28 words) between /uk-locations/blue-staffy-puppies-aberdeen/ and /uk-locations/blue-staffy-puppies-inverness/:
  "and all surrounding areas so no matter where in scotland you are we can get your new puppy to you safely frequently asked questions blue staffy puppies in"

DUPLICATE (98 words) between /uk-locations/staffy-breeding-dogs-glasgow/ and /uk-locations/blue-staffy-puppies-uk/:
  "buy your blue staffy pup today only 850 to 1 200 current litter 12 week old blue staffy puppies for sale uk wide looking to purchase staffordshire bull terriers in the uk our 12 week old blue staffy puppies are healthy v…"

DUPLICATE (36 words) between /uk-locations/staffy-breeding-dogs-glasgow/ and /uk-locations/blue-staffy-puppies-uk/:
  "reserve your blue staffy puppy fill in your details below and we'll be in touch within 24 hours delivery note delivery begins 24 48 hours after payment confirmation train station pickup is our default method free"

DUPLICATE (58 words) between /uk-locations/blue-staffy-puppies-hull/ and /uk-locations/blue-staffy-puppies-oxford/:
  "puppy at bluestaffyuk uk we are passionate about breeding staffordshire bull terriers the right way every puppy in our litter is raised in our family home never in a kennel or puppy farm we focus on temperament health an…"

DUPLICATE (42 words) between /uk-locations/blue-staffy-puppies-hull/ and /uk-locations/blue-staffy-puppies-oxford/:
  "our breeding dogs undergo full health testing for l 2 hga and hc hsf4 the two hereditary conditions specific to the staffordshire bull terrier every puppy leaves us microchipped vet checked vaccinated and with a comprehe…"

DUPLICATE (18 words) between /uk-locations/blue-staffy-puppies-hull/ and /uk-locations/blue-staffy-puppies-oxford/:
  "you are we can get your new puppy to you safely frequently asked questions blue staffy puppies in"

DUPLICATE (58 words) between /uk-locations/blue-staffy-puppies-hull/ and /uk-locations/blue-staffy-puppies-edinburgh/:
  "puppy at bluestaffyuk uk we are passionate about breeding staffordshire bull terriers the right way every puppy in our litter is raised in our family home never in a kennel or puppy farm we focus on temperament health an…"

DUPLICATE (42 words) between /uk-locations/blue-staffy-puppies-hull/ and /uk-locations/blue-staffy-puppies-edinburgh/:
  "our breeding dogs undergo full health testing for l 2 hga and hc hsf4 the two hereditary conditions specific to the staffordshire bull terrier every puppy leaves us microchipped vet checked vaccinated and with a comprehe…"

DUPLICATE (18 words) between /uk-locations/blue-staffy-puppies-hull/ and /uk-locations/blue-staffy-puppies-edinburgh/:
  "you are we can get your new puppy to you safely frequently asked questions blue staffy puppies in"

DUPLICATE (58 words) between /uk-locations/blue-staffy-puppies-hull/ and /uk-locations/blue-staffy-puppies-york/:
  "puppy at bluestaffyuk uk we are passionate about breeding staffordshire bull terriers the right way every puppy in our litter is raised in our family home never in a kennel or puppy farm we focus on temperament health an…"

DUPLICATE (42 words) between /uk-locations/blue-staffy-puppies-hull/ and /uk-locations/blue-staffy-puppies-york/:
  "our breeding dogs undergo full health testing for l 2 hga and hc hsf4 the two hereditary conditions specific to the staffordshire bull terrier every puppy leaves us microchipped vet checked vaccinated and with a comprehe…"

DUPLICATE (19 words) between /uk-locations/blue-staffy-puppies-hull/ and /uk-locations/blue-staffy-puppies-york/:
  "yorkshire you are we can get your new puppy to you safely frequently asked questions blue staffy puppies in"

DUPLICATE (58 words) between /uk-locations/blue-staffy-puppies-hull/ and /uk-locations/blue-staffy-puppies-middlesbrough/:
  "puppy at bluestaffyuk uk we are passionate about breeding staffordshire bull terriers the right way every puppy in our litter is raised in our family home never in a kennel or puppy farm we focus on temperament health an…"

DUPLICATE (42 words) between /uk-locations/blue-staffy-puppies-hull/ and /uk-locations/blue-staffy-puppies-middlesbrough/:
  "our breeding dogs undergo full health testing for l 2 hga and hc hsf4 the two hereditary conditions specific to the staffordshire bull terrier every puppy leaves us microchipped vet checked vaccinated and with a comprehe…"

DUPLICATE (18 words) between /uk-locations/blue-staffy-puppies-hull/ and /uk-locations/blue-staffy-puppies-middlesbrough/:
  "you are we can get your new puppy to you safely frequently asked questions blue staffy puppies in"

DUPLICATE (58 words) between /uk-locations/blue-staffy-puppies-hull/ and /uk-locations/blue-staffy-puppies-inverness/:
  "puppy at bluestaffyuk uk we are passionate about breeding staffordshire bull terriers the right way every puppy in our litter is raised in our family home never in a kennel or puppy farm we focus on temperament health an…"

DUPLICATE (42 words) between /uk-locations/blue-staffy-puppies-hull/ and /uk-locations/blue-staffy-puppies-inverness/:
  "our breeding dogs undergo full health testing for l 2 hga and hc hsf4 the two hereditary conditions specific to the staffordshire bull terrier every puppy leaves us microchipped vet checked vaccinated and with a comprehe…"

DUPLICATE (18 words) between /uk-locations/blue-staffy-puppies-hull/ and /uk-locations/blue-staffy-puppies-inverness/:
  "you are we can get your new puppy to you safely frequently asked questions blue staffy puppies in"

DUPLICATE (58 words) between /uk-locations/blue-staffy-puppies-oxford/ and /uk-locations/blue-staffy-puppies-edinburgh/:
  "puppy at bluestaffyuk uk we are passionate about breeding staffordshire bull terriers the right way every puppy in our litter is raised in our family home never in a kennel or puppy farm we focus on temperament health an…"

DUPLICATE (42 words) between /uk-locations/blue-staffy-puppies-oxford/ and /uk-locations/blue-staffy-puppies-edinburgh/:
  "our breeding dogs undergo full health testing for l 2 hga and hc hsf4 the two hereditary conditions specific to the staffordshire bull terrier every puppy leaves us microchipped vet checked vaccinated and with a comprehe…"

DUPLICATE (18 words) between /uk-locations/blue-staffy-puppies-oxford/ and /uk-locations/blue-staffy-puppies-edinburgh/:
  "you are we can get your new puppy to you safely frequently asked questions blue staffy puppies in"

DUPLICATE (58 words) between /uk-locations/blue-staffy-puppies-oxford/ and /uk-locations/blue-staffy-puppies-york/:
  "puppy at bluestaffyuk uk we are passionate about breeding staffordshire bull terriers the right way every puppy in our litter is raised in our family home never in a kennel or puppy farm we focus on temperament health an…"

DUPLICATE (42 words) between /uk-locations/blue-staffy-puppies-oxford/ and /uk-locations/blue-staffy-puppies-york/:
  "our breeding dogs undergo full health testing for l 2 hga and hc hsf4 the two hereditary conditions specific to the staffordshire bull terrier every puppy leaves us microchipped vet checked vaccinated and with a comprehe…"

DUPLICATE (18 words) between /uk-locations/blue-staffy-puppies-oxford/ and /uk-locations/blue-staffy-puppies-york/:
  "you are we can get your new puppy to you safely frequently asked questions blue staffy puppies in"

DUPLICATE (58 words) between /uk-locations/blue-staffy-puppies-oxford/ and /uk-locations/blue-staffy-puppies-middlesbrough/:
  "puppy at bluestaffyuk uk we are passionate about breeding staffordshire bull terriers the right way every puppy in our litter is raised in our family home never in a kennel or puppy farm we focus on temperament health an…"

DUPLICATE (42 words) between /uk-locations/blue-staffy-puppies-oxford/ and /uk-locations/blue-staffy-puppies-middlesbrough/:
  "our breeding dogs undergo full health testing for l 2 hga and hc hsf4 the two hereditary conditions specific to the staffordshire bull terrier every puppy leaves us microchipped vet checked vaccinated and with a comprehe…"

DUPLICATE (18 words) between /uk-locations/blue-staffy-puppies-oxford/ and /uk-locations/blue-staffy-puppies-middlesbrough/:
  "you are we can get your new puppy to you safely frequently asked questions blue staffy puppies in"

DUPLICATE (58 words) between /uk-locations/blue-staffy-puppies-oxford/ and /uk-locations/blue-staffy-puppies-inverness/:
  "puppy at bluestaffyuk uk we are passionate about breeding staffordshire bull terriers the right way every puppy in our litter is raised in our family home never in a kennel or puppy farm we focus on temperament health an…"

DUPLICATE (42 words) between /uk-locations/blue-staffy-puppies-oxford/ and /uk-locations/blue-staffy-puppies-inverness/:
  "our breeding dogs undergo full health testing for l 2 hga and hc hsf4 the two hereditary conditions specific to the staffordshire bull terrier every puppy leaves us microchipped vet checked vaccinated and with a comprehe…"

DUPLICATE (18 words) between /uk-locations/blue-staffy-puppies-oxford/ and /uk-locations/blue-staffy-puppies-inverness/:
  "you are we can get your new puppy to you safely frequently asked questions blue staffy puppies in"

DUPLICATE (58 words) between /uk-locations/blue-staffy-puppies-edinburgh/ and /uk-locations/blue-staffy-puppies-york/:
  "puppy at bluestaffyuk uk we are passionate about breeding staffordshire bull terriers the right way every puppy in our litter is raised in our family home never in a kennel or puppy farm we focus on temperament health an…"

DUPLICATE (42 words) between /uk-locations/blue-staffy-puppies-edinburgh/ and /uk-locations/blue-staffy-puppies-york/:
  "our breeding dogs undergo full health testing for l 2 hga and hc hsf4 the two hereditary conditions specific to the staffordshire bull terrier every puppy leaves us microchipped vet checked vaccinated and with a comprehe…"

DUPLICATE (18 words) between /uk-locations/blue-staffy-puppies-edinburgh/ and /uk-locations/blue-staffy-puppies-york/:
  "you are we can get your new puppy to you safely frequently asked questions blue staffy puppies in"

DUPLICATE (58 words) between /uk-locations/blue-staffy-puppies-edinburgh/ and /uk-locations/blue-staffy-puppies-middlesbrough/:
  "puppy at bluestaffyuk uk we are passionate about breeding staffordshire bull terriers the right way every puppy in our litter is raised in our family home never in a kennel or puppy farm we focus on temperament health an…"

DUPLICATE (42 words) between /uk-locations/blue-staffy-puppies-edinburgh/ and /uk-locations/blue-staffy-puppies-middlesbrough/:
  "our breeding dogs undergo full health testing for l 2 hga and hc hsf4 the two hereditary conditions specific to the staffordshire bull terrier every puppy leaves us microchipped vet checked vaccinated and with a comprehe…"

DUPLICATE (18 words) between /uk-locations/blue-staffy-puppies-edinburgh/ and /uk-locations/blue-staffy-puppies-middlesbrough/:
  "you are we can get your new puppy to you safely frequently asked questions blue staffy puppies in"

DUPLICATE (58 words) between /uk-locations/blue-staffy-puppies-edinburgh/ and /uk-locations/blue-staffy-puppies-inverness/:
  "puppy at bluestaffyuk uk we are passionate about breeding staffordshire bull terriers the right way every puppy in our litter is raised in our family home never in a kennel or puppy farm we focus on temperament health an…"

DUPLICATE (42 words) between /uk-locations/blue-staffy-puppies-edinburgh/ and /uk-locations/blue-staffy-puppies-inverness/:
  "our breeding dogs undergo full health testing for l 2 hga and hc hsf4 the two hereditary conditions specific to the staffordshire bull terrier every puppy leaves us microchipped vet checked vaccinated and with a comprehe…"

DUPLICATE (28 words) between /uk-locations/blue-staffy-puppies-edinburgh/ and /uk-locations/blue-staffy-puppies-inverness/:
  "and all surrounding areas so no matter where in scotland you are we can get your new puppy to you safely frequently asked questions blue staffy puppies in"

DUPLICATE (58 words) between /uk-locations/blue-staffy-puppies-york/ and /uk-locations/blue-staffy-puppies-middlesbrough/:
  "puppy at bluestaffyuk uk we are passionate about breeding staffordshire bull terriers the right way every puppy in our litter is raised in our family home never in a kennel or puppy farm we focus on temperament health an…"

DUPLICATE (42 words) between /uk-locations/blue-staffy-puppies-york/ and /uk-locations/blue-staffy-puppies-middlesbrough/:
  "our breeding dogs undergo full health testing for l 2 hga and hc hsf4 the two hereditary conditions specific to the staffordshire bull terrier every puppy leaves us microchipped vet checked vaccinated and with a comprehe…"

DUPLICATE (18 words) between /uk-locations/blue-staffy-puppies-york/ and /uk-locations/blue-staffy-puppies-middlesbrough/:
  "you are we can get your new puppy to you safely frequently asked questions blue staffy puppies in"

DUPLICATE (58 words) between /uk-locations/blue-staffy-puppies-york/ and /uk-locations/blue-staffy-puppies-inverness/:
  "puppy at bluestaffyuk uk we are passionate about breeding staffordshire bull terriers the right way every puppy in our litter is raised in our family home never in a kennel or puppy farm we focus on temperament health an…"

DUPLICATE (42 words) between /uk-locations/blue-staffy-puppies-york/ and /uk-locations/blue-staffy-puppies-inverness/:
  "our breeding dogs undergo full health testing for l 2 hga and hc hsf4 the two hereditary conditions specific to the staffordshire bull terrier every puppy leaves us microchipped vet checked vaccinated and with a comprehe…"

DUPLICATE (18 words) between /uk-locations/blue-staffy-puppies-york/ and /uk-locations/blue-staffy-puppies-inverness/:
  "you are we can get your new puppy to you safely frequently asked questions blue staffy puppies in"

DUPLICATE (58 words) between /uk-locations/blue-staffy-puppies-middlesbrough/ and /uk-locations/blue-staffy-puppies-inverness/:
  "puppy at bluestaffyuk uk we are passionate about breeding staffordshire bull terriers the right way every puppy in our litter is raised in our family home never in a kennel or puppy farm we focus on temperament health an…"

DUPLICATE (42 words) between /uk-locations/blue-staffy-puppies-middlesbrough/ and /uk-locations/blue-staffy-puppies-inverness/:
  "our breeding dogs undergo full health testing for l 2 hga and hc hsf4 the two hereditary conditions specific to the staffordshire bull terrier every puppy leaves us microchipped vet checked vaccinated and with a comprehe…"

DUPLICATE (18 words) between /uk-locations/blue-staffy-puppies-middlesbrough/ and /uk-locations/blue-staffy-puppies-inverness/:
  "you are we can get your new puppy to you safely frequently asked questions blue staffy puppies in"

FAIL — 131 duplicated passages ≥12 words.
### EXIT 1 : python3 scripts/dup_content_audit.py
### STEP: python3 scripts/page_hardening_scan.py
BSUK page-hardening scan — 35 source files, 58 built pages

── ERROR (310) ────────────────────────────────────────
  [header-not-title-case] available-puppies/cheryl/
      H1 is not Title Case ("with" in "Cheryl: Blue with white blaze Female Blue Staffy Puppy")
      fix: AP-style Title Case: capitalise 4+ letter words and all nouns/verbs/adjectives; lowercase only mid-title a/an/the/and/or/for/at/by/in/of/on/to/as/vs

  [header-not-title-case] available-puppies/roman/
      H1 is not Title Case ("white" in "Roman: Blue and white Male Blue Staffy Puppy")
      fix: AP-style Title Case: capitalise 4+ letter words and all nouns/verbs/adjectives; lowercase only mid-title a/an/the/and/or/for/at/by/in/of/on/to/as/vs

  [header-not-title-case] available-puppies/vennie/
      H1 is not Title Case ("white" in "Vennie: Blue and white Female Blue Staffy Puppy")
      fix: AP-style Title Case: capitalise 4+ letter words and all nouns/verbs/adjectives; lowercase only mid-title a/an/the/and/or/for/at/by/in/of/on/to/as/vs

  [header-not-title-case] board-preview/_demo/
      H1 is not Title Case ("preview" in "Board preview fixture")
      fix: AP-style Title Case: capitalise 4+ letter words and all nouns/verbs/adjectives; lowercase only mid-title a/an/the/and/or/for/at/by/in/of/on/to/as/vs

  [header-not-title-case] board-preview/_demo/
      H2 is not Title Case ("our" in "How our puppies are raised")
      fix: AP-style Title Case: capitalise 4+ letter words and all nouns/verbs/adjectives; lowercase only mid-title a/an/the/and/or/for/at/by/in/of/on/to/as/vs

  [header-not-title-case] board-preview/_demo/
      H2 is not Title Case ("our" in "How our puppies are raised")
      fix: AP-style Title Case: capitalise 4+ letter words and all nouns/verbs/adjectives; lowercase only mid-title a/an/the/and/or/for/at/by/in/of/on/to/as/vs

  [header-not-title-case] board-preview/_demo/
      H2 is not Title Case ("our" in "How our puppies are raised")
      fix: AP-style Title Case: capitalise 4+ letter words and all nouns/verbs/adjectives; lowercase only mid-title a/an/the/and/or/for/at/by/in/of/on/to/as/vs

  [header-not-title-case] board-preview/_demo/
      H2 is not Title Case ("our" in "What our owners say")
      fix: AP-style Title Case: capitalise 4+ letter words and all nouns/verbs/adjectives; lowercase only mid-title a/an/the/and/or/for/at/by/in/of/on/to/as/vs

  [header-not-title-case] board-preview/_demo/
      H2 is not Title Case ("our" in "What our owners say")
      fix: AP-style Title Case: capitalise 4+ letter words and all nouns/verbs/adjectives; lowercase only mid-title a/an/the/and/or/for/at/by/in/of/on/to/as/vs

  [header-not-title-case] board-preview/_demo/
      H2 is not Title Case ("our" in "What our owners say")
      fix: AP-style Title Case: capitalise 4+ letter words and all nouns/verbs/adjectives; lowercase only mid-title a/an/the/and/or/for/at/by/in/of/on/to/as/vs

  [header-not-title-case] board-preview/_demo/
      H2 is not Title Case ("we" in "Questions we are asked")
      fix: AP-style Title Case: capitalise 4+ letter words and all nouns/verbs/adjectives; lowercase only mid-title a/an/the/and/or/for/at/by/in/of/on/to/as/vs

  [header-not-title-case] board-preview/_demo/
      H2 is not Title Case ("we" in "Questions we are asked")
      fix: AP-style Title Case: capitalise 4+ letter words and all nouns/verbs/adjectives; lowercase only mid-title a/an/the/and/or/for/at/by/in/of/on/to/as/vs

  [header-not-title-case] board-preview/_demo/
      H2 is not Title Case ("we" in "Questions we are asked")
      fix: AP-style Title Case: capitalise 4+ letter words and all nouns/verbs/adjectives; lowercase only mid-title a/an/the/and/or/for/at/by/in/of/on/to/as/vs

  [header-not-title-case] board-preview/_demo/
      H3 is not Title Case ("first" in "The first eight weeks")
      fix: AP-style Title Case: capitalise 4+ letter words and all nouns/verbs/adjectives; lowercase only mid-title a/an/the/and/or/for/at/by/in/of/on/to/as/vs

  [header-not-title-case] board-preview/_demo/
      H3 is not Title Case ("checks" in "Health checks")
      fix: AP-style Title Case: capitalise 4+ letter words and all nouns/verbs/adjectives; lowercase only mid-title a/an/the/and/or/for/at/by/in/of/on/to/as/vs

  [header-not-title-case] board-preview/_demo/
      H3 is not Title Case ("first" in "The first eight weeks")
      fix: AP-style Title Case: capitalise 4+ letter words and all nouns/verbs/adjectives; lowercase only mid-title a/an/the/and/or/for/at/by/in/of/on/to/as/vs

  [header-not-title-case] board-preview/_demo/
      H3 is not Title Case ("checks" in "Health checks")
      fix: AP-style Title Case: capitalise 4+ letter words and all nouns/verbs/adjectives; lowercase only mid-title a/an/the/and/or/for/at/by/in/of/on/to/as/vs

  [header-not-title-case] board-preview/_demo/
      H3 is not Title Case ("first" in "The first eight weeks")
      fix: AP-style Title Case: capitalise 4+ letter words and all nouns/verbs/adjectives; lowercase only mid-title a/an/the/and/or/for/at/by/in/of/on/to/as/vs

  [header-not-title-case] board-preview/_demo/
      H3 is not Title Case ("checks" in "Health checks")
      fix: AP-style Title Case: capitalise 4+ letter words and all nouns/verbs/adjectives; lowercase only mid-title a/an/the/and/or/for/at/by/in/of/on/to/as/vs

  [header-not-title-case] board-preview/_demo/
      H3 is not Title Case ("our" in "How our puppies are raised")
      fix: AP-style Title Case: capitalise 4+ letter words and all nouns/verbs/adjectives; lowercase only mid-title a/an/the/and/or/for/at/by/in/of/on/to/as/vs

  [header-not-title-case] board-preview/
      H1 is not Title Case ("previews" in "Board previews")
      fix: AP-style Title Case: capitalise 4+ letter words and all nouns/verbs/adjectives; lowercase only mid-title a/an/the/and/or/for/at/by/in/of/on/to/as/vs

  [header-not-title-case] board-preview/index/
      H1 is not Title Case ("blue" in "Secure Your blue Staffy puppies for sale UK: Safe Delivery")
      fix: AP-style Title Case: capitalise 4+ letter words and all nouns/verbs/adjectives; lowercase only mid-title a/an/the/and/or/for/at/by/in/of/on/to/as/vs

  [header-not-title-case] board-preview/index/
      H2 is not Title Case ("from" in "Why Choose a Pure-bred Staffy Pup for Sale from BlueStaffy")
      fix: AP-style Title Case: capitalise 4+ letter words and all nouns/verbs/adjectives; lowercase only mid-title a/an/the/and/or/for/at/by/in/of/on/to/as/vs

  [header-not-title-case] board-preview/index/
      H2 is not Title Case ("from" in "Why Choose a Pure-bred Staffy Pup for Sale from BlueStaffy")
      fix: AP-style Title Case: capitalise 4+ letter words and all nouns/verbs/adjectives; lowercase only mid-title a/an/the/and/or/for/at/by/in/of/on/to/as/vs

  [header-not-title-case] board-preview/index/
      H2 is not Title Case ("from" in "Why Choose a Pure-bred Staffy Pup for Sale from BlueStaffy")
      fix: AP-style Title Case: capitalise 4+ letter words and all nouns/verbs/adjectives; lowercase only mid-title a/an/the/and/or/for/at/by/in/of/on/to/as/vs

  [header-not-title-case] board-preview/index/
      H3 is not Title Case ("from" in "Why Choose a Pure-bred Staffy Pup for Sale from BlueStaffy")
      fix: AP-style Title Case: capitalise 4+ letter words and all nouns/verbs/adjectives; lowercase only mid-title a/an/the/and/or/for/at/by/in/of/on/to/as/vs

  [header-not-title-case] board-preview/index/
      H3 is not Title Case ("adding" in "Considering adding a blue staffy to your family?")
      fix: AP-style Title Case: capitalise 4+ letter words and all nouns/verbs/adjectives; lowercase only mid-title a/an/the/and/or/for/at/by/in/of/on/to/as/vs

  [header-not-title-case] board-preview/index/
      H3 is not Title Case ("adding" in "Considering adding a blue staffy to your family?")
      fix: AP-style Title Case: capitalise 4+ letter words and all nouns/verbs/adjectives; lowercase only mid-title a/an/the/and/or/for/at/by/in/of/on/to/as/vs

  [header-not-title-case] board-preview/index/
      H3 is not Title Case ("adding" in "Considering adding a blue staffy to your family?")
      fix: AP-style Title Case: capitalise 4+ letter words and all nouns/verbs/adjectives; lowercase only mid-title a/an/the/and/or/for/at/by/in/of/on/to/as/vs

  [header-not-title-case] board-preview/privacy-policy-uk/
      H2 is not Title Case ("we" in "How we look after your information")
      fix: AP-style Title Case: capitalise 4+ letter words and all nouns/verbs/adjectives; lowercase only mid-title a/an/the/and/or/for/at/by/in/of/on/to/as/vs

  [header-not-title-case] board-preview/privacy-policy-uk/
      H2 is not Title Case ("we" in "How we look after your information")
      fix: AP-style Title Case: capitalise 4+ letter words and all nouns/verbs/adjectives; lowercase only mid-title a/an/the/and/or/for/at/by/in/of/on/to/as/vs

  [header-not-title-case] board-preview/privacy-policy-uk/
      H2 is not Title Case ("we" in "How we look after your information")
      fix: AP-style Title Case: capitalise 4+ letter words and all nouns/verbs/adjectives; lowercase only mid-title a/an/the/and/or/for/at/by/in/of/on/to/as/vs

  [header-not-title-case] board-preview/privacy-policy-uk/
      H2 is not Title Case ("information" in "What information we collect")
      fix: AP-style Title Case: capitalise 4+ letter words and all nouns/verbs/adjectives; lowercase only mid-title a/an/the/and/or/for/at/by/in/of/on/to/as/vs

  [header-not-title-case] board-preview/privacy-policy-uk/
      H2 is not Title Case ("information" in "What information we collect")
      fix: AP-style Title Case: capitalise 4+ letter words and all nouns/verbs/adjectives; lowercase only mid-title a/an/the/and/or/for/at/by/in/of/on/to/as/vs

  [header-not-title-case] board-preview/privacy-policy-uk/
      H2 is not Title Case ("information" in "What information we collect")
      fix: AP-style Title Case: capitalise 4+ letter words and all nouns/verbs/adjectives; lowercase only mid-title a/an/the/and/or/for/at/by/in/of/on/to/as/vs

  [header-not-title-case] board-preview/privacy-policy-uk/
      H2 is not Title Case ("we" in "How we use your information")
      fix: AP-style Title Case: capitalise 4+ letter words and all nouns/verbs/adjectives; lowercase only mid-title a/an/the/and/or/for/at/by/in/of/on/to/as/vs

  [header-not-title-case] board-preview/privacy-policy-uk/
      H2 is not Title Case ("we" in "How we use your information")
      fix: AP-style Title Case: capitalise 4+ letter words and all nouns/verbs/adjectives; lowercase only mid-title a/an/the/and/or/for/at/by/in/of/on/to/as/vs

  [header-not-title-case] board-preview/privacy-policy-uk/
      H2 is not Title Case ("we" in "How we use your information")
      fix: AP-style Title Case: capitalise 4+ letter words and all nouns/verbs/adjectives; lowercase only mid-title a/an/the/and/or/for/at/by/in/of/on/to/as/vs

  [header-not-title-case] board-preview/privacy-policy-uk/
      H2 is not Title Case ("we" in "When we share your information")
      fix: AP-style Title Case: capitalise 4+ letter words and all nouns/verbs/adjectives; lowercase only mid-title a/an/the/and/or/for/at/by/in/of/on/to/as/vs

  [header-not-title-case] board-preview/privacy-policy-uk/
      H2 is not Title Case ("we" in "When we share your information")
      fix: AP-style Title Case: capitalise 4+ letter words and all nouns/verbs/adjectives; lowercase only mid-title a/an/the/and/or/for/at/by/in/of/on/to/as/vs

  [header-not-title-case] board-preview/privacy-policy-uk/
      H2 is not Title Case ("we" in "When we share your information")
      fix: AP-style Title Case: capitalise 4+ letter words and all nouns/verbs/adjectives; lowercase only mid-title a/an/the/and/or/for/at/by/in/of/on/to/as/vs

  [header-not-title-case] board-preview/privacy-policy-uk/
      H2 is not Title Case ("third-party" in "The third-party services we use")
      fix: AP-style Title Case: capitalise 4+ letter words and all nouns/verbs/adjectives; lowercase only mid-title a/an/the/and/or/for/at/by/in/of/on/to/as/vs

  [header-not-title-case] board-preview/privacy-policy-uk/
      H2 is not Title Case ("third-party" in "The third-party services we use")
      fix: AP-style Title Case: capitalise 4+ letter words and all nouns/verbs/adjectives; lowercase only mid-title a/an/the/and/or/for/at/by/in/of/on/to/as/vs

  [header-not-title-case] board-preview/privacy-policy-uk/
      H2 is not Title Case ("third-party" in "The third-party services we use")
      fix: AP-style Title Case: capitalise 4+ letter words and all nouns/verbs/adjectives; lowercase only mid-title a/an/the/and/or/for/at/by/in/of/on/to/as/vs

  [header-not-title-case] board-preview/privacy-policy-uk/
      H2 is not Title Case ("your" in "How your data is kept safe")
      fix: AP-style Title Case: capitalise 4+ letter words and all nouns/verbs/adjectives; lowercase only mid-title a/an/the/and/or/for/at/by/in/of/on/to/as/vs

  [header-not-title-case] board-preview/privacy-policy-uk/
      H2 is not Title Case ("your" in "How your data is kept safe")
      fix: AP-style Title Case: capitalise 4+ letter words and all nouns/verbs/adjectives; lowercase only mid-title a/an/the/and/or/for/at/by/in/of/on/to/as/vs

  [header-not-title-case] board-preview/privacy-policy-uk/
      H2 is not Title Case ("your" in "How your data is kept safe")
      fix: AP-style Title Case: capitalise 4+ letter words and all nouns/verbs/adjectives; lowercase only mid-title a/an/the/and/or/for/at/by/in/of/on/to/as/vs

  [header-not-title-case] board-preview/privacy-policy-uk/
      H2 is not Title Case ("rights" in "Your rights over your data")
      fix: AP-style Title Case: capitalise 4+ letter words and all nouns/verbs/adjectives; lowercase only mid-title a/an/the/and/or/for/at/by/in/of/on/to/as/vs

  [header-not-title-case] board-preview/privacy-policy-uk/
      H2 is not Title Case ("rights" in "Your rights over your data")
      fix: AP-style Title Case: capitalise 4+ letter words and all nouns/verbs/adjectives; lowercase only mid-title a/an/the/and/or/for/at/by/in/of/on/to/as/vs

  [header-not-title-case] board-preview/privacy-policy-uk/
      H2 is not Title Case ("rights" in "Your rights over your data")
      fix: AP-style Title Case: capitalise 4+ letter words and all nouns/verbs/adjectives; lowercase only mid-title a/an/the/and/or/for/at/by/in/of/on/to/as/vs

  [header-not-title-case] board-preview/privacy-policy-uk/
      H2 is not Title Case ("changes" in "Cookies, and changes to this policy")
      fix: AP-style Title Case: capitalise 4+ letter words and all nouns/verbs/adjectives; lowercase only mid-title a/an/the/and/or/for/at/by/in/of/on/to/as/vs

  [header-not-title-case] board-preview/privacy-policy-uk/
      H2 is not Title Case ("changes" in "Cookies, and changes to this policy")
      fix: AP-style Title Case: capitalise 4+ letter words and all nouns/verbs/adjectives; lowercase only mid-title a/an/the/and/or/for/at/by/in/of/on/to/as/vs

  [header-not-title-case] board-preview/privacy-policy-uk/
      H2 is not Title Case ("changes" in "Cookies, and changes to this policy")
      fix: AP-style Title Case: capitalise 4+ letter words and all nouns/verbs/adjectives; lowercase only mid-title a/an/the/and/or/for/at/by/in/of/on/to/as/vs

  [header-not-title-case] board-preview/privacy-policy-uk/
      H2 is not Title Case ("us" in "Asking us about your privacy")
      fix: AP-style Title Case: capitalise 4+ letter words and all nouns/verbs/adjectives; lowercase only mid-title a/an/the/and/or/for/at/by/in/of/on/to/as/vs

  [header-not-title-case] board-preview/privacy-policy-uk/
      H2 is not Title Case ("us" in "Asking us about your privacy")
      fix: AP-style Title Case: capitalise 4+ letter words and all nouns/verbs/adjectives; lowercase only mid-title a/an/the/and/or/for/at/by/in/of/on/to/as/vs

  [header-not-title-case] board-preview/privacy-policy-uk/
      H2 is not Title Case ("us" in "Asking us about your privacy")
      fix: AP-style Title Case: capitalise 4+ letter words and all nouns/verbs/adjectives; lowercase only mid-title a/an/the/and/or/for/at/by/in/of/on/to/as/vs

  [header-not-title-case] board-preview/privacy-policy-uk/
      H2 is not Title Case ("we" in "Questions we are asked about privacy")
      fix: AP-style Title Case: capitalise 4+ letter words and all nouns/verbs/adjectives; lowercase only mid-title a/an/the/and/or/for/at/by/in/of/on/to/as/vs

  [header-not-title-case] board-preview/privacy-policy-uk/
      H2 is not Title Case ("we" in "Questions we are asked about privacy")
      fix: AP-style Title Case: capitalise 4+ letter words and all nouns/verbs/adjectives; lowercase only mid-title a/an/the/and/or/for/at/by/in/of/on/to/as/vs

  [header-not-title-case] board-preview/privacy-policy-uk/
      H2 is not Title Case ("we" in "Questions we are asked about privacy")
      fix: AP-style Title Case: capitalise 4+ letter words and all nouns/verbs/adjectives; lowercase only mid-title a/an/the/and/or/for/at/by/in/of/on/to/as/vs

  [header-not-title-case] board-preview/privacy-policy-uk/
      H3 is not Title Case ("you" in "What you give us when you enquire")
      fix: AP-style Title Case: capitalise 4+ letter words and all nouns/verbs/adjectives; lowercase only mid-title a/an/the/and/or/for/at/by/in/of/on/to/as/vs

  [header-not-title-case] board-preview/privacy-policy-uk/
      H3 is not Title Case ("website" in "What the website records automatically")
      fix: AP-style Title Case: capitalise 4+ letter words and all nouns/verbs/adjectives; lowercase only mid-title a/an/the/and/or/for/at/by/in/of/on/to/as/vs

  [header-not-title-case] board-preview/privacy-policy-uk/
      H3 is not Title Case ("you" in "What you give us when you enquire")
      fix: AP-style Title Case: capitalise 4+ letter words and all nouns/verbs/adjectives; lowercase only mid-title a/an/the/and/or/for/at/by/in/of/on/to/as/vs

  [header-not-title-case] board-preview/privacy-policy-uk/
      H3 is not Title Case ("website" in "What the website records automatically")
      fix: AP-style Title Case: capitalise 4+ letter words and all nouns/verbs/adjectives; lowercase only mid-title a/an/the/and/or/for/at/by/in/of/on/to/as/vs

  [header-not-title-case] board-preview/privacy-policy-uk/
      H3 is not Title Case ("you" in "What you give us when you enquire")
      fix: AP-style Title Case: capitalise 4+ letter words and all nouns/verbs/adjectives; lowercase only mid-title a/an/the/and/or/for/at/by/in/of/on/to/as/vs

  [header-not-title-case] board-preview/privacy-policy-uk/
      H3 is not Title Case ("website" in "What the website records automatically")
      fix: AP-style Title Case: capitalise 4+ letter words and all nouns/verbs/adjectives; lowercase only mid-title a/an/the/and/or/for/at/by/in/of/on/to/as/vs

  [header-not-title-case] board-preview/privacy-policy-uk/
      H3 is not Title Case ("information" in "What information we collect")
      fix: AP-style Title Case: capitalise 4+ letter words and all nouns/verbs/adjectives; lowercase only mid-title a/an/the/and/or/for/at/by/in/of/on/to/as/vs

  [header-not-title-case] board-preview/privacy-policy-uk/
      H3 is not Title Case ("your" in "Answering your enquiry")
      fix: AP-style Title Case: capitalise 4+ letter words and all nouns/verbs/adjectives; lowercase only mid-title a/an/the/and/or/for/at/by/in/of/on/to/as/vs

  [header-not-title-case] board-preview/privacy-policy-uk/
      H3 is not Title Case ("you" in "Telling you about our dogs and services")
      fix: AP-style Title Case: capitalise 4+ letter words and all nouns/verbs/adjectives; lowercase only mid-title a/an/the/and/or/for/at/by/in/of/on/to/as/vs

  [header-not-title-case] board-preview/privacy-policy-uk/
      H3 is not Title Case ("website" in "Improving the website")
      fix: AP-style Title Case: capitalise 4+ letter words and all nouns/verbs/adjectives; lowercase only mid-title a/an/the/and/or/for/at/by/in/of/on/to/as/vs

  [header-not-title-case] board-preview/privacy-policy-uk/
      H3 is not Title Case ("keeping" in "Record keeping and administration")
      fix: AP-style Title Case: capitalise 4+ letter words and all nouns/verbs/adjectives; lowercase only mid-title a/an/the/and/or/for/at/by/in/of/on/to/as/vs

  [header-not-title-case] board-preview/privacy-policy-uk/
      H3 is not Title Case ("legal" in "Meeting legal obligations")
      fix: AP-style Title Case: capitalise 4+ letter words and all nouns/verbs/adjectives; lowercase only mid-title a/an/the/and/or/for/at/by/in/of/on/to/as/vs

  [header-not-title-case] board-preview/privacy-policy-uk/
      H3 is not Title Case ("your" in "Answering your enquiry")
      fix: AP-style Title Case: capitalise 4+ letter words and all nouns/verbs/adjectives; lowercase only mid-title a/an/the/and/or/for/at/by/in/of/on/to/as/vs

  [header-not-title-case] board-preview/privacy-policy-uk/
      H3 is not Title Case ("you" in "Telling you about our dogs and services")
      fix: AP-style Title Case: capitalise 4+ letter words and all nouns/verbs/adjectives; lowercase only mid-title a/an/the/and/or/for/at/by/in/of/on/to/as/vs

  [header-not-title-case] board-preview/privacy-policy-uk/
      H3 is not Title Case ("website" in "Improving the website")
      fix: AP-style Title Case: capitalise 4+ letter words and all nouns/verbs/adjectives; lowercase only mid-title a/an/the/and/or/for/at/by/in/of/on/to/as/vs

  [header-not-title-case] board-preview/privacy-policy-uk/
      H3 is not Title Case ("keeping" in "Record keeping and administration")
      fix: AP-style Title Case: capitalise 4+ letter words and all nouns/verbs/adjectives; lowercase only mid-title a/an/the/and/or/for/at/by/in/of/on/to/as/vs

  [header-not-title-case] board-preview/privacy-policy-uk/
      H3 is not Title Case ("legal" in "Meeting legal obligations")
      fix: AP-style Title Case: capitalise 4+ letter words and all nouns/verbs/adjectives; lowercase only mid-title a/an/the/and/or/for/at/by/in/of/on/to/as/vs

  [header-not-title-case] board-preview/privacy-policy-uk/
      H3 is not Title Case ("your" in "Answering your enquiry")
      fix: AP-style Title Case: capitalise 4+ letter words and all nouns/verbs/adjectives; lowercase only mid-title a/an/the/and/or/for/at/by/in/of/on/to/as/vs

  [header-not-title-case] board-preview/privacy-policy-uk/
      H3 is not Title Case ("you" in "Telling you about our dogs and services")
      fix: AP-style Title Case: capitalise 4+ letter words and all nouns/verbs/adjectives; lowercase only mid-title a/an/the/and/or/for/at/by/in/of/on/to/as/vs

  [header-not-title-case] board-preview/privacy-policy-uk/
      H3 is not Title Case ("website" in "Improving the website")
      fix: AP-style Title Case: capitalise 4+ letter words and all nouns/verbs/adjectives; lowercase only mid-title a/an/the/and/or/for/at/by/in/of/on/to/as/vs

  [header-not-title-case] board-preview/privacy-policy-uk/
      H3 is not Title Case ("keeping" in "Record keeping and administration")
      fix: AP-style Title Case: capitalise 4+ letter words and all nouns/verbs/adjectives; lowercase only mid-title a/an/the/and/or/for/at/by/in/of/on/to/as/vs

  [header-not-title-case] board-preview/privacy-policy-uk/
      H3 is not Title Case ("legal" in "Meeting legal obligations")
      fix: AP-style Title Case: capitalise 4+ letter words and all nouns/verbs/adjectives; lowercase only mid-title a/an/the/and/or/for/at/by/in/of/on/to/as/vs

  [header-not-title-case] board-preview/privacy-policy-uk/
      H3 is not Title Case ("we" in "How we use your information")
      fix: AP-style Title Case: capitalise 4+ letter words and all nouns/verbs/adjectives; lowercase only mid-title a/an/the/and/or/for/at/by/in/of/on/to/as/vs

  [header-not-title-case] board-preview/privacy-policy-uk/
      H3 is not Title Case ("providers" in "Service providers who help us run the site")
      fix: AP-style Title Case: capitalise 4+ letter words and all nouns/verbs/adjectives; lowercase only mid-title a/an/the/and/or/for/at/by/in/of/on/to/as/vs

  [header-not-title-case] board-preview/privacy-policy-uk/
      H3 is not Title Case ("pet" in "DEFRA-approved pet transport")
      fix: AP-style Title Case: capitalise 4+ letter words and all nouns/verbs/adjectives; lowercase only mid-title a/an/the/and/or/for/at/by/in/of/on/to/as/vs

  [header-not-title-case] board-preview/privacy-policy-uk/
      H3 is not Title Case ("law" in "When the law requires it")
      fix: AP-style Title Case: capitalise 4+ letter words and all nouns/verbs/adjectives; lowercase only mid-title a/an/the/and/or/for/at/by/in/of/on/to/as/vs

  [header-not-title-case] board-preview/privacy-policy-uk/
      H3 is not Title Case ("providers" in "Service providers who help us run the site")
      fix: AP-style Title Case: capitalise 4+ letter words and all nouns/verbs/adjectives; lowercase only mid-title a/an/the/and/or/for/at/by/in/of/on/to/as/vs

  [header-not-title-case] board-preview/privacy-policy-uk/
      H3 is not Title Case ("pet" in "DEFRA-approved pet transport")
      fix: AP-style Title Case: capitalise 4+ letter words and all nouns/verbs/adjectives; lowercase only mid-title a/an/the/and/or/for/at/by/in/of/on/to/as/vs

  [header-not-title-case] board-preview/privacy-policy-uk/
      H3 is not Title Case ("law" in "When the law requires it")
      fix: AP-style Title Case: capitalise 4+ letter words and all nouns/verbs/adjectives; lowercase only mid-title a/an/the/and/or/for/at/by/in/of/on/to/as/vs

  [header-not-title-case] board-preview/privacy-policy-uk/
      H3 is not Title Case ("providers" in "Service providers who help us run the site")
      fix: AP-style Title Case: capitalise 4+ letter words and all nouns/verbs/adjectives; lowercase only mid-title a/an/the/and/or/for/at/by/in/of/on/to/as/vs

  [header-not-title-case] board-preview/privacy-policy-uk/
      H3 is not Title Case ("pet" in "DEFRA-approved pet transport")
      fix: AP-style Title Case: capitalise 4+ letter words and all nouns/verbs/adjectives; lowercase only mid-title a/an/the/and/or/for/at/by/in/of/on/to/as/vs

  [header-not-title-case] board-preview/privacy-policy-uk/
      H3 is not Title Case ("law" in "When the law requires it")
      fix: AP-style Title Case: capitalise 4+ letter words and all nouns/verbs/adjectives; lowercase only mid-title a/an/the/and/or/for/at/by/in/of/on/to/as/vs

  [header-not-title-case] board-preview/privacy-policy-uk/
      H3 is not Title Case ("we" in "When we share your information")
      fix: AP-style Title Case: capitalise 4+ letter words and all nouns/verbs/adjectives; lowercase only mid-title a/an/the/and/or/for/at/by/in/of/on/to/as/vs

  [header-not-title-case] board-preview/privacy-policy-uk/
      H3 is not Title Case ("third-party" in "The third-party services we use")
      fix: AP-style Title Case: capitalise 4+ letter words and all nouns/verbs/adjectives; lowercase only mid-title a/an/the/and/or/for/at/by/in/of/on/to/as/vs

  [header-not-title-case] board-preview/privacy-policy-uk/
      H3 is not Title Case ("your" in "How your data is kept safe")
      fix: AP-style Title Case: capitalise 4+ letter words and all nouns/verbs/adjectives; lowercase only mid-title a/an/the/and/or/for/at/by/in/of/on/to/as/vs

  [header-not-title-case] board-preview/privacy-policy-uk/
      H3 is not Title Case ("access" in "Right to access")
      fix: AP-style Title Case: capitalise 4+ letter words and all nouns/verbs/adjectives; lowercase only mid-title a/an/the/and/or/for/at/by/in/of/on/to/as/vs

  [header-not-title-case] board-preview/privacy-policy-uk/
      H3 is not Title Case ("erasure" in "Right to erasure")
      fix: AP-style Title Case: capitalise 4+ letter words and all nouns/verbs/adjectives; lowercase only mid-title a/an/the/and/or/for/at/by/in/of/on/to/as/vs

  [header-not-title-case] board-preview/privacy-policy-uk/
      H3 is not Title Case ("data" in "Right to data portability")
      fix: AP-style Title Case: capitalise 4+ letter words and all nouns/verbs/adjectives; lowercase only mid-title a/an/the/and/or/for/at/by/in/of/on/to/as/vs

  [header-not-title-case] board-preview/privacy-policy-uk/
      H3 is not Title Case ("rectification" in "Right to rectification")
      fix: AP-style Title Case: capitalise 4+ letter words and all nouns/verbs/adjectives; lowercase only mid-title a/an/the/and/or/for/at/by/in/of/on/to/as/vs

  [header-not-title-case] board-preview/privacy-policy-uk/
      H3 is not Title Case ("restrict" in "Right to restrict processing")
      fix: AP-style Title Case: capitalise 4+ letter words and all nouns/verbs/adjectives; lowercase only mid-title a/an/the/and/or/for/at/by/in/of/on/to/as/vs

  [header-not-title-case] board-preview/privacy-policy-uk/
      H3 is not Title Case ("object" in "Right to object")
      fix: AP-style Title Case: capitalise 4+ letter words and all nouns/verbs/adjectives; lowercase only mid-title a/an/the/and/or/for/at/by/in/of/on/to/as/vs

  [header-not-title-case] board-preview/privacy-policy-uk/
      H3 is not Title Case ("withdraw" in "Right to withdraw consent")
      fix: AP-style Title Case: capitalise 4+ letter words and all nouns/verbs/adjectives; lowercase only mid-title a/an/the/and/or/for/at/by/in/of/on/to/as/vs

  [header-not-title-case] board-preview/privacy-policy-uk/
      H3 is not Title Case ("access" in "Right to access")
      fix: AP-style Title Case: capitalise 4+ letter words and all nouns/verbs/adjectives; lowercase only mid-title a/an/the/and/or/for/at/by/in/of/on/to/as/vs

  [header-not-title-case] board-preview/privacy-policy-uk/
      H3 is not Title Case ("erasure" in "Right to erasure")
      fix: AP-style Title Case: capitalise 4+ letter words and all nouns/verbs/adjectives; lowercase only mid-title a/an/the/and/or/for/at/by/in/of/on/to/as/vs

  [header-not-title-case] board-preview/privacy-policy-uk/
      H3 is not Title Case ("data" in "Right to data portability")
      fix: AP-style Title Case: capitalise 4+ letter words and all nouns/verbs/adjectives; lowercase only mid-title a/an/the/and/or/for/at/by/in/of/on/to/as/vs

  [header-not-title-case] board-preview/privacy-policy-uk/
      H3 is not Title Case ("rectification" in "Right to rectification")
      fix: AP-style Title Case: capitalise 4+ letter words and all nouns/verbs/adjectives; lowercase only mid-title a/an/the/and/or/for/at/by/in/of/on/to/as/vs

  [header-not-title-case] board-preview/privacy-policy-uk/
      H3 is not Title Case ("restrict" in "Right to restrict processing")
      fix: AP-style Title Case: capitalise 4+ letter words and all nouns/verbs/adjectives; lowercase only mid-title a/an/the/and/or/for/at/by/in/of/on/to/as/vs

  [header-not-title-case] board-preview/privacy-policy-uk/
      H3 is not Title Case ("object" in "Right to object")
      fix: AP-style Title Case: capitalise 4+ letter words and all nouns/verbs/adjectives; lowercase only mid-title a/an/the/and/or/for/at/by/in/of/on/to/as/vs

  [header-not-title-case] board-preview/privacy-policy-uk/
      H3 is not Title Case ("withdraw" in "Right to withdraw consent")
      fix: AP-style Title Case: capitalise 4+ letter words and all nouns/verbs/adjectives; lowercase only mid-title a/an/the/and/or/for/at/by/in/of/on/to/as/vs

  [header-not-title-case] board-preview/privacy-policy-uk/
      H3 is not Title Case ("access" in "Right to access")
      fix: AP-style Title Case: capitalise 4+ letter words and all nouns/verbs/adjectives; lowercase only mid-title a/an/the/and/or/for/at/by/in/of/on/to/as/vs

  [header-not-title-case] board-preview/privacy-policy-uk/
      H3 is not Title Case ("erasure" in "Right to erasure")
      fix: AP-style Title Case: capitalise 4+ letter words and all nouns/verbs/adjectives; lowercase only mid-title a/an/the/and/or/for/at/by/in/of/on/to/as/vs

  [header-not-title-case] board-preview/privacy-policy-uk/
      H3 is not Title Case ("data" in "Right to data portability")
      fix: AP-style Title Case: capitalise 4+ letter words and all nouns/verbs/adjectives; lowercase only mid-title a/an/the/and/or/for/at/by/in/of/on/to/as/vs

  [header-not-title-case] board-preview/privacy-policy-uk/
      H3 is not Title Case ("rectification" in "Right to rectification")
      fix: AP-style Title Case: capitalise 4+ letter words and all nouns/verbs/adjectives; lowercase only mid-title a/an/the/and/or/for/at/by/in/of/on/to/as/vs

  [header-not-title-case] board-preview/privacy-policy-uk/
      H3 is not Title Case ("restrict" in "Right to restrict processing")
      fix: AP-style Title Case: capitalise 4+ letter words and all nouns/verbs/adjectives; lowercase only mid-title a/an/the/and/or/for/at/by/in/of/on/to/as/vs

  [header-not-title-case] board-preview/privacy-policy-uk/
      H3 is not Title Case ("object" in "Right to object")
      fix: AP-style Title Case: capitalise 4+ letter words and all nouns/verbs/adjectives; lowercase only mid-title a/an/the/and/or/for/at/by/in/of/on/to/as/vs

  [header-not-title-case] board-preview/privacy-policy-uk/
      H3 is not Title Case ("withdraw" in "Right to withdraw consent")
      fix: AP-style Title Case: capitalise 4+ letter words and all nouns/verbs/adjectives; lowercase only mid-title a/an/the/and/or/for/at/by/in/of/on/to/as/vs

  [header-not-title-case] board-preview/privacy-policy-uk/
      H3 is not Title Case ("rights" in "Your rights over your data")
      fix: AP-style Title Case: capitalise 4+ letter words and all nouns/verbs/adjectives; lowercase only mid-title a/an/the/and/or/for/at/by/in/of/on/to/as/vs

  [header-not-title-case] board-preview/privacy-policy-uk/
      H3 is not Title Case ("cookies" in "Essential cookies")
      fix: AP-style Title Case: capitalise 4+ letter words and all nouns/verbs/adjectives; lowercase only mid-title a/an/the/and/or/for/at/by/in/of/on/to/as/vs

  [header-not-title-case] board-preview/privacy-policy-uk/
      H3 is not Title Case ("cookies" in "Analytics cookies")
      fix: AP-style Title Case: capitalise 4+ letter words and all nouns/verbs/adjectives; lowercase only mid-title a/an/the/and/or/for/at/by/in/of/on/to/as/vs

  [header-not-title-case] board-preview/privacy-policy-uk/
      H3 is not Title Case ("this" in "Changes to this policy")
      fix: AP-style Title Case: capitalise 4+ letter words and all nouns/verbs/adjectives; lowercase only mid-title a/an/the/and/or/for/at/by/in/of/on/to/as/vs

  [header-not-title-case] board-preview/privacy-policy-uk/
      H3 is not Title Case ("cookies" in "Essential cookies")
      fix: AP-style Title Case: capitalise 4+ letter words and all nouns/verbs/adjectives; lowercase only mid-title a/an/the/and/or/for/at/by/in/of/on/to/as/vs

  [header-not-title-case] board-preview/privacy-policy-uk/
      H3 is not Title Case ("cookies" in "Analytics cookies")
      fix: AP-style Title Case: capitalise 4+ letter words and all nouns/verbs/adjectives; lowercase only mid-title a/an/the/and/or/for/at/by/in/of/on/to/as/vs

  [header-not-title-case] board-preview/privacy-policy-uk/
      H3 is not Title Case ("this" in "Changes to this policy")
      fix: AP-style Title Case: capitalise 4+ letter words and all nouns/verbs/adjectives; lowercase only mid-title a/an/the/and/or/for/at/by/in/of/on/to/as/vs

  [header-not-title-case] board-preview/privacy-policy-uk/
      H3 is not Title Case ("cookies" in "Essential cookies")
      fix: AP-style Title Case: capitalise 4+ letter words and all nouns/verbs/adjectives; lowercase only mid-title a/an/the/and/or/for/at/by/in/of/on/to/as/vs

  [header-not-title-case] board-preview/privacy-policy-uk/
      H3 is not Title Case ("cookies" in "Analytics cookies")
      fix: AP-style Title Case: capitalise 4+ letter words and all nouns/verbs/adjectives; lowercase only mid-title a/an/the/and/or/for/at/by/in/of/on/to/as/vs

  [header-not-title-case] board-preview/privacy-policy-uk/
      H3 is not Title Case ("this" in "Changes to this policy")
      fix: AP-style Title Case: capitalise 4+ letter words and all nouns/verbs/adjectives; lowercase only mid-title a/an/the/and/or/for/at/by/in/of/on/to/as/vs

  [header-not-title-case] board-preview/privacy-policy-uk/
      H3 is not Title Case ("changes" in "Cookies, and changes to this policy")
      fix: AP-style Title Case: capitalise 4+ letter words and all nouns/verbs/adjectives; lowercase only mid-title a/an/the/and/or/for/at/by/in/of/on/to/as/vs

  [header-not-title-case] board-preview/privacy-policy-uk/
      H3 is not Title Case ("us" in "Asking us about your privacy")
      fix: AP-style Title Case: capitalise 4+ letter words and all nouns/verbs/adjectives; lowercase only mid-title a/an/the/and/or/for/at/by/in/of/on/to/as/vs

  [header-not-title-case] board-preview/thank-you-blue-staffy-puppies-journey/
      H1 is not Title Case ("you" in "Thank you — we have your enquiry")
      fix: AP-style Title Case: capitalise 4+ letter words and all nouns/verbs/adjectives; lowercase only mid-title a/an/the/and/or/for/at/by/in/of/on/to/as/vs

  [header-not-title-case] board-preview/thank-you-blue-staffy-puppies-journey/
      H2 is not Title Case ("you" in "Thank you — we have your enquiry")
      fix: AP-style Title Case: capitalise 4+ letter words and all nouns/verbs/adjectives; lowercase only mid-title a/an/the/and/or/for/at/by/in/of/on/to/as/vs

  [header-not-title-case] board-preview/thank-you-blue-staffy-puppies-journey/
      H2 is not Title Case ("you" in "Thank you — we have your enquiry")
      fix: AP-style Title Case: capitalise 4+ letter words and all nouns/verbs/adjectives; lowercase only mid-title a/an/the/and/or/for/at/by/in/of/on/to/as/vs

  [header-not-title-case] board-preview/thank-you-blue-staffy-puppies-journey/
      H2 is not Title Case ("you" in "Thank you — we have your enquiry")
      fix: AP-style Title Case: capitalise 4+ letter words and all nouns/verbs/adjectives; lowercase only mid-title a/an/the/and/or/for/at/by/in/of/on/to/as/vs

  [header-not-title-case] board-preview/thank-you-blue-staffy-puppies-journey/
      H2 is not Title Case ("happens" in "What happens next")
      fix: AP-style Title Case: capitalise 4+ letter words and all nouns/verbs/adjectives; lowercase only mid-title a/an/the/and/or/for/at/by/in/of/on/to/as/vs

  [header-not-title-case] board-preview/thank-you-blue-staffy-puppies-journey/
      H2 is not Title Case ("happens" in "What happens next")
      fix: AP-style Title Case: capitalise 4+ letter words and all nouns/verbs/adjectives; lowercase only mid-title a/an/the/and/or/for/at/by/in/of/on/to/as/vs

  [header-not-title-case] board-preview/thank-you-blue-staffy-puppies-journey/
      H2 is not Title Case ("happens" in "What happens next")
      fix: AP-style Title Case: capitalise 4+ letter words and all nouns/verbs/adjectives; lowercase only mid-title a/an/the/and/or/for/at/by/in/of/on/to/as/vs

  [header-not-title-case] board-preview/thank-you-blue-staffy-puppies-journey/
      H2 is not Title Case ("you" in "While you wait")
      fix: AP-style Title Case: capitalise 4+ letter words and all nouns/verbs/adjectives; lowercase only mid-title a/an/the/and/or/for/at/by/in/of/on/to/as/vs

  [header-not-title-case] board-preview/thank-you-blue-staffy-puppies-journey/
      H2 is not Title Case ("you" in "While you wait")
      fix: AP-style Title Case: capitalise 4+ letter words and all nouns/verbs/adjectives; lowercase only mid-title a/an/the/and/or/for/at/by/in/of/on/to/as/vs

  [header-not-title-case] board-preview/thank-you-blue-staffy-puppies-journey/
      H2 is not Title Case ("you" in "While you wait")
      fix: AP-style Title Case: capitalise 4+ letter words and all nouns/verbs/adjectives; lowercase only mid-title a/an/the/and/or/for/at/by/in/of/on/to/as/vs

  [header-not-title-case] board-preview/thank-you-blue-staffy-puppies-journey/
      H2 is not Title Case ("family" in "From a family who waited too")
      fix: AP-style Title Case: capitalise 4+ letter words and all nouns/verbs/adjectives; lowercase only mid-title a/an/the/and/or/for/at/by/in/of/on/to/as/vs

  [header-not-title-case] board-preview/thank-you-blue-staffy-puppies-journey/
      H2 is not Title Case ("family" in "From a family who waited too")
      fix: AP-style Title Case: capitalise 4+ letter words and all nouns/verbs/adjectives; lowercase only mid-title a/an/the/and/or/for/at/by/in/of/on/to/as/vs

  [header-not-title-case] board-preview/thank-you-blue-staffy-puppies-journey/
      H2 is not Title Case ("family" in "From a family who waited too")
      fix: AP-style Title Case: capitalise 4+ letter words and all nouns/verbs/adjectives; lowercase only mid-title a/an/the/and/or/for/at/by/in/of/on/to/as/vs

  [header-not-title-case] board-preview/thank-you-blue-staffy-puppies-journey/
      H2 is not Title Case ("puppies" in "The puppies looking for a home")
      fix: AP-style Title Case: capitalise 4+ letter words and all nouns/verbs/adjectives; lowercase only mid-title a/an/the/and/or/for/at/by/in/of/on/to/as/vs

  [header-not-title-case] board-preview/thank-you-blue-staffy-puppies-journey/
      H2 is not Title Case ("puppies" in "The puppies looking for a home")
      fix: AP-style Title Case: capitalise 4+ letter words and all nouns/verbs/adjectives; lowercase only mid-title a/an/the/and/or/for/at/by/in/of/on/to/as/vs

  [header-not-title-case] board-preview/thank-you-blue-staffy-puppies-journey/
      H2 is not Title Case ("puppies" in "The puppies looking for a home")
      fix: AP-style Title Case: capitalise 4+ letter words and all nouns/verbs/adjectives; lowercase only mid-title a/an/the/and/or/for/at/by/in/of/on/to/as/vs

  [header-not-title-case] board-preview/thank-you-blue-staffy-puppies-journey/
      H2 is not Title Case ("you" in "If you need us sooner")
      fix: AP-style Title Case: capitalise 4+ letter words and all nouns/verbs/adjectives; lowercase only mid-title a/an/the/and/or/for/at/by/in/of/on/to/as/vs

  [header-not-title-case] board-preview/thank-you-blue-staffy-puppies-journey/
      H2 is not Title Case ("you" in "If you need us sooner")
      fix: AP-style Title Case: capitalise 4+ letter words and all nouns/verbs/adjectives; lowercase only mid-title a/an/the/and/or/for/at/by/in/of/on/to/as/vs

  [header-not-title-case] board-preview/thank-you-blue-staffy-puppies-journey/
      H2 is not Title Case ("you" in "If you need us sooner")
      fix: AP-style Title Case: capitalise 4+ letter words and all nouns/verbs/adjectives; lowercase only mid-title a/an/the/and/or/for/at/by/in/of/on/to/as/vs

  [header-not-title-case] board-preview/thank-you-blue-staffy-puppies-journey/
      H2 is not Title Case ("people" in "Questions people ask after writing to us")
      fix: AP-style Title Case: capitalise 4+ letter words and all nouns/verbs/adjectives; lowercase only mid-title a/an/the/and/or/for/at/by/in/of/on/to/as/vs

  [header-not-title-case] board-preview/thank-you-blue-staffy-puppies-journey/
      H2 is not Title Case ("people" in "Questions people ask after writing to us")
      fix: AP-style Title Case: capitalise 4+ letter words and all nouns/verbs/adjectives; lowercase only mid-title a/an/the/and/or/for/at/by/in/of/on/to/as/vs

  [header-not-title-case] board-preview/thank-you-blue-staffy-puppies-journey/
      H2 is not Title Case ("people" in "Questions people ask after writing to us")
      fix: AP-style Title Case: capitalise 4+ letter words and all nouns/verbs/adjectives; lowercase only mid-title a/an/the/and/or/for/at/by/in/of/on/to/as/vs

  [header-not-title-case] board-preview/thank-you-blue-staffy-puppies-journey/
      H3 is not Title Case ("read" in "We read and answer your message")
      fix: AP-style Title Case: capitalise 4+ letter words and all nouns/verbs/adjectives; lowercase only mid-title a/an/the/and/or/for/at/by/in/of/on/to/as/vs

  [header-not-title-case] board-preview/thank-you-blue-staffy-puppies-journey/
      H3 is not Title Case ("talk" in "We talk about your home")
      fix: AP-style Title Case: capitalise 4+ letter words and all nouns/verbs/adjectives; lowercase only mid-title a/an/the/and/or/for/at/by/in/of/on/to/as/vs

  [header-not-title-case] board-preview/thank-you-blue-staffy-puppies-journey/
      H3 is not Title Case ("deposit" in "A deposit reserves your puppy")
      fix: AP-style Title Case: capitalise 4+ letter words and all nouns/verbs/adjectives; lowercase only mid-title a/an/the/and/or/for/at/by/in/of/on/to/as/vs

  [header-not-title-case] board-preview/thank-you-blue-staffy-puppies-journey/
      H3 is not Title Case ("puppy" in "Your puppy comes home")
      fix: AP-style Title Case: capitalise 4+ letter words and all nouns/verbs/adjectives; lowercase only mid-title a/an/the/and/or/for/at/by/in/of/on/to/as/vs

  [header-not-title-case] board-preview/thank-you-blue-staffy-puppies-journey/
      H3 is not Title Case ("read" in "We read and answer your message")
      fix: AP-style Title Case: capitalise 4+ letter words and all nouns/verbs/adjectives; lowercase only mid-title a/an/the/and/or/for/at/by/in/of/on/to/as/vs

  [header-not-title-case] board-preview/thank-you-blue-staffy-puppies-journey/
      H3 is not Title Case ("talk" in "We talk about your home")
      fix: AP-style Title Case: capitalise 4+ letter words and all nouns/verbs/adjectives; lowercase only mid-title a/an/the/and/or/for/at/by/in/of/on/to/as/vs

  [header-not-title-case] board-preview/thank-you-blue-staffy-puppies-journey/
      H3 is not Title Case ("deposit" in "A deposit reserves your puppy")
      fix: AP-style Title Case: capitalise 4+ letter words and all nouns/verbs/adjectives; lowercase only mid-title a/an/the/and/or/for/at/by/in/of/on/to/as/vs

  [header-not-title-case] board-preview/thank-you-blue-staffy-puppies-journey/
      H3 is not Title Case ("puppy" in "Your puppy comes home")
      fix: AP-style Title Case: capitalise 4+ letter words and all nouns/verbs/adjectives; lowercase only mid-title a/an/the/and/or/for/at/by/in/of/on/to/as/vs

  [header-not-title-case] board-preview/thank-you-blue-staffy-puppies-journey/
      H3 is not Title Case ("read" in "We read and answer your message")
      fix: AP-style Title Case: capitalise 4+ letter words and all nouns/verbs/adjectives; lowercase only mid-title a/an/the/and/or/for/at/by/in/of/on/to/as/vs

  [header-not-title-case] board-preview/thank-you-blue-staffy-puppies-journey/
      H3 is not Title Case ("talk" in "We talk about your home")
      fix: AP-style Title Case: capitalise 4+ letter words and all nouns/verbs/adjectives; lowercase only mid-title a/an/the/and/or/for/at/by/in/of/on/to/as/vs

  [header-not-title-case] board-preview/thank-you-blue-staffy-puppies-journey/
      H3 is not Title Case ("deposit" in "A deposit reserves your puppy")
      fix: AP-style Title Case: capitalise 4+ letter words and all nouns/verbs/adjectives; lowercase only mid-title a/an/the/and/or/for/at/by/in/of/on/to/as/vs

  [header-not-title-case] board-preview/thank-you-blue-staffy-puppies-journey/
      H3 is not Title Case ("puppy" in "Your puppy comes home")
      fix: AP-style Title Case: capitalise 4+ letter words and all nouns/verbs/adjectives; lowercase only mid-title a/an/the/and/or/for/at/by/in/of/on/to/as/vs

  [header-not-title-case] board-preview/thank-you-blue-staffy-puppies-journey/
      H3 is not Title Case ("you" in "While you wait")
      fix: AP-style Title Case: capitalise 4+ letter words and all nouns/verbs/adjectives; lowercase only mid-title a/an/the/and/or/for/at/by/in/of/on/to/as/vs

  [header-not-title-case] board-preview/thank-you-blue-staffy-puppies-journey/
      H3 is not Title Case ("you" in "If you need us sooner")
      fix: AP-style Title Case: capitalise 4+ letter words and all nouns/verbs/adjectives; lowercase only mid-title a/an/the/and/or/for/at/by/in/of/on/to/as/vs

  [header-not-title-case] board-preview/uk-blue-staffy-breeders-contact/
      H2 is not Title Case ("we" in "What we can help with")
      fix: AP-style Title Case: capitalise 4+ letter words and all nouns/verbs/adjectives; lowercase only mid-title a/an/the/and/or/for/at/by/in/of/on/to/as/vs

  [header-not-title-case] board-preview/uk-blue-staffy-breeders-contact/
      H2 is not Title Case ("we" in "What we can help with")
      fix: AP-style Title Case: capitalise 4+ letter words and all nouns/verbs/adjectives; lowercase only mid-title a/an/the/and/or/for/at/by/in/of/on/to/as/vs

  [header-not-title-case] board-preview/uk-blue-staffy-breeders-contact/
      H2 is not Title Case ("we" in "What we can help with")
      fix: AP-style Title Case: capitalise 4+ letter words and all nouns/verbs/adjectives; lowercase only mid-title a/an/the/and/or/for/at/by/in/of/on/to/as/vs

  [header-not-title-case] board-preview/uk-blue-staffy-breeders-contact/
      H2 is not Title Case ("us" in "Send us a message")
      fix: AP-style Title Case: capitalise 4+ letter words and all nouns/verbs/adjectives; lowercase only mid-title a/an/the/and/or/for/at/by/in/of/on/to/as/vs

  [header-not-title-case] board-preview/uk-blue-staffy-breeders-contact/
      H2 is not Title Case ("us" in "Send us a message")
      fix: AP-style Title Case: capitalise 4+ letter words and all nouns/verbs/adjectives; lowercase only mid-title a/an/the/and/or/for/at/by/in/of/on/to/as/vs

  [header-not-title-case] board-preview/uk-blue-staffy-breeders-contact/
      H2 is not Title Case ("us" in "Send us a message")
      fix: AP-style Title Case: capitalise 4+ letter words and all nouns/verbs/adjectives; lowercase only mid-title a/an/the/and/or/for/at/by/in/of/on/to/as/vs

  [header-not-title-case] board-preview/uk-blue-staffy-breeders-contact/
      H2 is not Title Case ("reach" in "How to reach us")
      fix: AP-style Title Case: capitalise 4+ letter words and all nouns/verbs/adjectives; lowercase only mid-title a/an/the/and/or/for/at/by/in/of/on/to/as/vs

  [header-not-title-case] board-preview/uk-blue-staffy-breeders-contact/
      H2 is not Title Case ("reach" in "How to reach us")
      fix: AP-style Title Case: capitalise 4+ letter words and all nouns/verbs/adjectives; lowercase only mid-title a/an/the/and/or/for/at/by/in/of/on/to/as/vs

  [header-not-title-case] board-preview/uk-blue-staffy-breeders-contact/
      H2 is not Title Case ("reach" in "How to reach us")
      fix: AP-style Title Case: capitalise 4+ letter words and all nouns/verbs/adjectives; lowercase only mid-title a/an/the/and/or/for/at/by/in/of/on/to/as/vs

  [header-not-title-case] board-preview/uk-blue-staffy-breeders-contact/
      H2 is not Title Case ("tell" in "What to tell us")
      fix: AP-style Title Case: capitalise 4+ letter words and all nouns/verbs/adjectives; lowercase only mid-title a/an/the/and/or/for/at/by/in/of/on/to/as/vs

  [header-not-title-case] board-preview/uk-blue-staffy-breeders-contact/
      H2 is not Title Case ("tell" in "What to tell us")
      fix: AP-style Title Case: capitalise 4+ letter words and all nouns/verbs/adjectives; lowercase only mid-title a/an/the/and/or/for/at/by/in/of/on/to/as/vs

  [header-not-title-case] board-preview/uk-blue-staffy-breeders-contact/
      H2 is not Title Case ("tell" in "What to tell us")
      fix: AP-style Title Case: capitalise 4+ letter words and all nouns/verbs/adjectives; lowercase only mid-title a/an/the/and/or/for/at/by/in/of/on/to/as/vs

  [header-not-title-case] board-preview/uk-blue-staffy-breeders-contact/
      H2 is not Title Case ("it" in "What it is like to deal with us")
      fix: AP-style Title Case: capitalise 4+ letter words and all nouns/verbs/adjectives; lowercase only mid-title a/an/the/and/or/for/at/by/in/of/on/to/as/vs

  [header-not-title-case] board-preview/uk-blue-staffy-breeders-contact/
      H2 is not Title Case ("it" in "What it is like to deal with us")
      fix: AP-style Title Case: capitalise 4+ letter words and all nouns/verbs/adjectives; lowercase only mid-title a/an/the/and/or/for/at/by/in/of/on/to/as/vs

  [header-not-title-case] board-preview/uk-blue-staffy-breeders-contact/
      H2 is not Title Case ("it" in "What it is like to deal with us")
      fix: AP-style Title Case: capitalise 4+ letter words and all nouns/verbs/adjectives; lowercase only mid-title a/an/the/and/or/for/at/by/in/of/on/to/as/vs

  [header-not-title-case] board-preview/uk-blue-staffy-breeders-contact/
      H2 is not Title Case ("you" in "Before you write")
      fix: AP-style Title Case: capitalise 4+ letter words and all nouns/verbs/adjectives; lowercase only mid-title a/an/the/and/or/for/at/by/in/of/on/to/as/vs

  [header-not-title-case] board-preview/uk-blue-staffy-breeders-contact/
      H2 is not Title Case ("you" in "Before you write")
      fix: AP-style Title Case: capitalise 4+ letter words and all nouns/verbs/adjectives; lowercase only mid-title a/an/the/and/or/for/at/by/in/of/on/to/as/vs

  [header-not-title-case] board-preview/uk-blue-staffy-breeders-contact/
      H2 is not Title Case ("you" in "Before you write")
      fix: AP-style Title Case: capitalise 4+ letter words and all nouns/verbs/adjectives; lowercase only mid-title a/an/the/and/or/for/at/by/in/of/on/to/as/vs

  [header-not-title-case] board-preview/uk-blue-staffy-breeders-contact/
      H2 is not Title Case ("dial" in "Desktop dial")
      fix: AP-style Title Case: capitalise 4+ letter words and all nouns/verbs/adjectives; lowercase only mid-title a/an/the/and/or/for/at/by/in/of/on/to/as/vs

  [header-not-title-case] board-preview/uk-blue-staffy-breeders-contact/
      H2 is not Title Case ("dial" in "Desktop dial")
      fix: AP-style Title Case: capitalise 4+ letter words and all nouns/verbs/adjectives; lowercase only mid-title a/an/the/and/or/for/at/by/in/of/on/to/as/vs

  [header-not-title-case] board-preview/uk-blue-staffy-breeders-contact/
      H2 is not Title Case ("dial" in "Desktop dial")
      fix: AP-style Title Case: capitalise 4+ letter words and all nouns/verbs/adjectives; lowercase only mid-title a/an/the/and/or/for/at/by/in/of/on/to/as/vs

  [header-not-title-case] board-preview/uk-blue-staffy-breeders-contact/
      H2 is not Title Case ("sections" in "Mobile sections")
      fix: AP-style Title Case: capitalise 4+ letter words and all nouns/verbs/adjectives; lowercase only mid-title a/an/the/and/or/for/at/by/in/of/on/to/as/vs

  [header-not-title-case] board-preview/uk-blue-staffy-breeders-contact/
      H2 is not Title Case ("sections" in "Mobile sections")
      fix: AP-style Title Case: capitalise 4+ letter words and all nouns/verbs/adjectives; lowercase only mid-title a/an/the/and/or/for/at/by/in/of/on/to/as/vs

  [header-not-title-case] board-preview/uk-blue-staffy-breeders-contact/
      H2 is not Title Case ("sections" in "Mobile sections")
      fix: AP-style Title Case: capitalise 4+ letter words and all nouns/verbs/adjectives; lowercase only mid-title a/an/the/and/or/for/at/by/in/of/on/to/as/vs

  [header-not-title-case] board-preview/uk-blue-staffy-breeders-contact/
      H2 is not Title Case ("section" in "Mobile section strip")
      fix: AP-style Title Case: capitalise 4+ letter words and all nouns/verbs/adjectives; lowercase only mid-title a/an/the/and/or/for/at/by/in/of/on/to/as/vs

  [header-not-title-case] board-preview/uk-blue-staffy-breeders-contact/
      H2 is not Title Case ("section" in "Mobile section strip")
      fix: AP-style Title Case: capitalise 4+ letter words and all nouns/verbs/adjectives; lowercase only mid-title a/an/the/and/or/for/at/by/in/of/on/to/as/vs

  [header-not-title-case] board-preview/uk-blue-staffy-breeders-contact/
      H2 is not Title Case ("section" in "Mobile section strip")
      fix: AP-style Title Case: capitalise 4+ letter words and all nouns/verbs/adjectives; lowercase only mid-title a/an/the/and/or/for/at/by/in/of/on/to/as/vs

  [header-not-title-case] board-preview/uk-blue-staffy-breeders-contact/
      H3 is not Title Case ("us" in "Send us a message")
      fix: AP-style Title Case: capitalise 4+ letter words and all nouns/verbs/adjectives; lowercase only mid-title a/an/the/and/or/for/at/by/in/of/on/to/as/vs

  [header-not-title-case] board-preview/uk-blue-staffy-breeders-contact/
      H3 is not Title Case ("we" in "When we answer")
      fix: AP-style Title Case: capitalise 4+ letter words and all nouns/verbs/adjectives; lowercase only mid-title a/an/the/and/or/for/at/by/in/of/on/to/as/vs

  [header-not-title-case] board-preview/uk-blue-staffy-breeders-contact/
      H3 is not Title Case ("we" in "Where we are")
      fix: AP-style Title Case: capitalise 4+ letter words and all nouns/verbs/adjectives; lowercase only mid-title a/an/the/and/or/for/at/by/in/of/on/to/as/vs

  [header-not-title-case] board-preview/uk-blue-staffy-breeders-contact/
      H3 is not Title Case ("we" in "Where we post")
      fix: AP-style Title Case: capitalise 4+ letter words and all nouns/verbs/adjectives; lowercase only mid-title a/an/the/and/or/for/at/by/in/of/on/to/as/vs

  [header-not-title-case] board-preview/uk-blue-staffy-breeders-contact/
      H3 is not Title Case ("we" in "When we answer")
      fix: AP-style Title Case: capitalise 4+ letter words and all nouns/verbs/adjectives; lowercase only mid-title a/an/the/and/or/for/at/by/in/of/on/to/as/vs

  [header-not-title-case] board-preview/uk-blue-staffy-breeders-contact/
      H3 is not Title Case ("we" in "Where we are")
      fix: AP-style Title Case: capitalise 4+ letter words and all nouns/verbs/adjectives; lowercase only mid-title a/an/the/and/or/for/at/by/in/of/on/to/as/vs

  [header-not-title-case] board-preview/uk-blue-staffy-breeders-contact/
      H3 is not Title Case ("we" in "Where we post")
      fix: AP-style Title Case: capitalise 4+ letter words and all nouns/verbs/adjectives; lowercase only mid-title a/an/the/and/or/for/at/by/in/of/on/to/as/vs

  [header-not-title-case] board-preview/uk-blue-staffy-breeders-contact/
      H3 is not Title Case ("we" in "When we answer")
      fix: AP-style Title Case: capitalise 4+ letter words and all nouns/verbs/adjectives; lowercase only mid-title a/an/the/and/or/for/at/by/in/of/on/to/as/vs

  [header-not-title-case] board-preview/uk-blue-staffy-breeders-contact/
      H3 is not Title Case ("we" in "Where we are")
      fix: AP-style Title Case: capitalise 4+ letter words and all nouns/verbs/adjectives; lowercase only mid-title a/an/the/and/or/for/at/by/in/of/on/to/as/vs

  [header-not-title-case] board-preview/uk-blue-staffy-breeders-contact/
      H3 is not Title Case ("we" in "Where we post")
      fix: AP-style Title Case: capitalise 4+ letter words and all nouns/verbs/adjectives; lowercase only mid-title a/an/the/and/or/for/at/by/in/of/on/to/as/vs

  [header-not-title-case] board-preview/uk-blue-staffy-breeders-contact/
      H3 is not Title Case ("reach" in "How to reach us")
      fix: AP-style Title Case: capitalise 4+ letter words and all nouns/verbs/adjectives; lowercase only mid-title a/an/the/and/or/for/at/by/in/of/on/to/as/vs

  [header-not-title-case] board-preview/uk-blue-staffy-breeders-contact/
      H3 is not Title Case ("name" in "Your name and email")
      fix: AP-style Title Case: capitalise 4+ letter words and all nouns/verbs/adjectives; lowercase only mid-title a/an/the/and/or/for/at/by/in/of/on/to/as/vs

  [header-not-title-case] board-preview/uk-blue-staffy-breeders-contact/
      H3 is not Title Case ("your" in "Phone and your town or postcode")
      fix: AP-style Title Case: capitalise 4+ letter words and all nouns/verbs/adjectives; lowercase only mid-title a/an/the/and/or/for/at/by/in/of/on/to/as/vs

  [header-not-title-case] board-preview/uk-blue-staffy-breeders-contact/
      H3 is not Title Case ("puppy," in "Which puppy, or the waiting list")
      fix: AP-style Title Case: capitalise 4+ letter words and all nouns/verbs/adjectives; lowercase only mid-title a/an/the/and/or/for/at/by/in/of/on/to/as/vs

  [header-not-title-case] board-preview/uk-blue-staffy-breeders-contact/
      H3 is not Title Case ("message" in "Your message")
      fix: AP-style Title Case: capitalise 4+ letter words and all nouns/verbs/adjectives; lowercase only mid-title a/an/the/and/or/for/at/by/in/of/on/to/as/vs

  [header-not-title-case] board-preview/uk-blue-staffy-breeders-contact/
      H3 is not Title Case ("name" in "Your name and email")
      fix: AP-style Title Case: capitalise 4+ letter words and all nouns/verbs/adjectives; lowercase only mid-title a/an/the/and/or/for/at/by/in/of/on/to/as/vs

  [header-not-title-case] board-preview/uk-blue-staffy-breeders-contact/
      H3 is not Title Case ("your" in "Phone and your town or postcode")
      fix: AP-style Title Case: capitalise 4+ letter words and all nouns/verbs/adjectives; lowercase only mid-title a/an/the/and/or/for/at/by/in/of/on/to/as/vs

  [header-not-title-case] board-preview/uk-blue-staffy-breeders-contact/
      H3 is not Title Case ("puppy," in "Which puppy, or the waiting list")
      fix: AP-style Title Case: capitalise 4+ letter words and all nouns/verbs/adjectives; lowercase only mid-title a/an/the/and/or/for/at/by/in/of/on/to/as/vs

  [header-not-title-case] board-preview/uk-blue-staffy-breeders-contact/
      H3 is not Title Case ("message" in "Your message")
      fix: AP-style Title Case: capitalise 4+ letter words and all nouns/verbs/adjectives; lowercase only mid-title a/an/the/and/or/for/at/by/in/of/on/to/as/vs

  [header-not-title-case] board-preview/uk-blue-staffy-breeders-contact/
      H3 is not Title Case ("name" in "Your name and email")
      fix: AP-style Title Case: capitalise 4+ letter words and all nouns/verbs/adjectives; lowercase only mid-title a/an/the/and/or/for/at/by/in/of/on/to/as/vs

  [header-not-title-case] board-preview/uk-blue-staffy-breeders-contact/
      H3 is not Title Case ("your" in "Phone and your town or postcode")
      fix: AP-style Title Case: capitalise 4+ letter words and all nouns/verbs/adjectives; lowercase only mid-title a/an/the/and/or/for/at/by/in/of/on/to/as/vs

  [header-not-title-case] board-preview/uk-blue-staffy-breeders-contact/
      H3 is not Title Case ("puppy," in "Which puppy, or the waiting list")
      fix: AP-style Title Case: capitalise 4+ letter words and all nouns/verbs/adjectives; lowercase only mid-title a/an/the/and/or/for/at/by/in/of/on/to/as/vs

  [header-not-title-case] board-preview/uk-blue-staffy-breeders-contact/
      H3 is not Title Case ("message" in "Your message")
      fix: AP-style Title Case: capitalise 4+ letter words and all nouns/verbs/adjectives; lowercase only mid-title a/an/the/and/or/for/at/by/in/of/on/to/as/vs

  [header-not-title-case] board-preview/uk-blue-staffy-breeders-contact/
      H3 is not Title Case ("tell" in "What to tell us")
      fix: AP-style Title Case: capitalise 4+ letter words and all nouns/verbs/adjectives; lowercase only mid-title a/an/the/and/or/for/at/by/in/of/on/to/as/vs

  [header-not-title-case] board-preview/uk-blue-staffy-breeders-contact/
      H3 is not Title Case ("we" in "Where we are")
      fix: AP-style Title Case: capitalise 4+ letter words and all nouns/verbs/adjectives; lowercase only mid-title a/an/the/and/or/for/at/by/in/of/on/to/as/vs

  [header-not-title-case] board-preview/uk-blue-staffy-breeders-contact/
      H3 is not Title Case ("message" in "Send a message")
      fix: AP-style Title Case: capitalise 4+ letter words and all nouns/verbs/adjectives; lowercase only mid-title a/an/the/and/or/for/at/by/in/of/on/to/as/vs

  [header-not-title-case] board-preview/uk-blue-staffy-breeders-contact/
      H3 is not Title Case ("tell" in "What to tell us")
      fix: AP-style Title Case: capitalise 4+ letter words and all nouns/verbs/adjectives; lowercase only mid-title a/an/the/and/or/for/at/by/in/of/on/to/as/vs

  [header-not-title-case] board-preview/uk-blue-staffy-breeders-contact/
      H3 is not Title Case ("we" in "How we reply")
      fix: AP-style Title Case: capitalise 4+ letter words and all nouns/verbs/adjectives; lowercase only mid-title a/an/the/and/or/for/at/by/in/of/on/to/as/vs

  [header-not-title-case] board-preview/uk-blue-staffy-breeders-contact/
      H3 is not Title Case ("we" in "Where we are")
      fix: AP-style Title Case: capitalise 4+ letter words and all nouns/verbs/adjectives; lowercase only mid-title a/an/the/and/or/for/at/by/in/of/on/to/as/vs

  [header-not-title-case] board-preview/uk-blue-staffy-breeders-contact/
      H3 is not Title Case ("message" in "Send a message")
      fix: AP-style Title Case: capitalise 4+ letter words and all nouns/verbs/adjectives; lowercase only mid-title a/an/the/and/or/for/at/by/in/of/on/to/as/vs

  [header-not-title-case] board-preview/uk-blue-staffy-breeders-contact/
      H3 is not Title Case ("tell" in "What to tell us")
      fix: AP-style Title Case: capitalise 4+ letter words and all nouns/verbs/adjectives; lowercase only mid-title a/an/the/and/or/for/at/by/in/of/on/to/as/vs

  [header-not-title-case] board-preview/uk-blue-staffy-breeders-contact/
      H3 is not Title Case ("we" in "How we reply")
      fix: AP-style Title Case: capitalise 4+ letter words and all nouns/verbs/adjectives; lowercase only mid-title a/an/the/and/or/for/at/by/in/of/on/to/as/vs

  [header-not-title-case] board-preview/uk-blue-staffy-breeders-contact/
      H3 is not Title Case ("we" in "Where we are")
      fix: AP-style Title Case: capitalise 4+ letter words and all nouns/verbs/adjectives; lowercase only mid-title a/an/the/and/or/for/at/by/in/of/on/to/as/vs

  [header-not-title-case] board-preview/uk-blue-staffy-breeders-contact/
      H3 is not Title Case ("message" in "Send a message")
      fix: AP-style Title Case: capitalise 4+ letter words and all nouns/verbs/adjectives; lowercase only mid-title a/an/the/and/or/for/at/by/in/of/on/to/as/vs

  [header-not-title-case] board-preview/uk-blue-staffy-breeders-contact/
      H3 is not Title Case ("tell" in "What to tell us")
      fix: AP-style Title Case: capitalise 4+ letter words and all nouns/verbs/adjectives; lowercase only mid-title a/an/the/and/or/for/at/by/in/of/on/to/as/vs

  [header-not-title-case] board-preview/uk-blue-staffy-breeders-contact/
      H3 is not Title Case ("we" in "How we reply")
      fix: AP-style Title Case: capitalise 4+ letter words and all nouns/verbs/adjectives; lowercase only mid-title a/an/the/and/or/for/at/by/in/of/on/to/as/vs

  [header-not-title-case] board-preview/uk-blue-staffy-breeders-contact/
      H3 is not Title Case ("we" in "Where we are")
      fix: AP-style Title Case: capitalise 4+ letter words and all nouns/verbs/adjectives; lowercase only mid-title a/an/the/and/or/for/at/by/in/of/on/to/as/vs

  [header-not-title-case] board-preview/uk-blue-staffy-breeders-contact/
      H3 is not Title Case ("message" in "Send a message")
      fix: AP-style Title Case: capitalise 4+ letter words and all nouns/verbs/adjectives; lowercase only mid-title a/an/the/and/or/for/at/by/in/of/on/to/as/vs

  [header-not-title-case] board-preview/uk-blue-staffy-breeders-contact/
      H3 is not Title Case ("tell" in "What to tell us")
      fix: AP-style Title Case: capitalise 4+ letter words and all nouns/verbs/adjectives; lowercase only mid-title a/an/the/and/or/for/at/by/in/of/on/to/as/vs

  [header-not-title-case] board-preview/uk-blue-staffy-breeders-contact/
      H3 is not Title Case ("we" in "How we reply")
      fix: AP-style Title Case: capitalise 4+ letter words and all nouns/verbs/adjectives; lowercase only mid-title a/an/the/and/or/for/at/by/in/of/on/to/as/vs

  [header-not-title-case] board-preview/uk-blue-staffy-breeders-contact/
      H3 is not Title Case ("we" in "Where we are")
      fix: AP-style Title Case: capitalise 4+ letter words and all nouns/verbs/adjectives; lowercase only mid-title a/an/the/and/or/for/at/by/in/of/on/to/as/vs

  [header-not-title-case] board-preview/uk-blue-staffy-breeders-contact/
      H3 is not Title Case ("message" in "Send a message")
      fix: AP-style Title Case: capitalise 4+ letter words and all nouns/verbs/adjectives; lowercase only mid-title a/an/the/and/or/for/at/by/in/of/on/to/as/vs

  [header-not-title-case] board-preview/uk-blue-staffy-breeders-contact/
      H3 is not Title Case ("tell" in "What to tell us")
      fix: AP-style Title Case: capitalise 4+ letter words and all nouns/verbs/adjectives; lowercase only mid-title a/an/the/and/or/for/at/by/in/of/on/to/as/vs

  [header-not-title-case] board-preview/uk-blue-staffy-breeders-contact/
      H3 is not Title Case ("we" in "How we reply")
      fix: AP-style Title Case: capitalise 4+ letter words and all nouns/verbs/adjectives; lowercase only mid-title a/an/the/and/or/for/at/by/in/of/on/to/as/vs

  [header-not-title-case] board-preview/uk-blue-staffy-breeders-contact/
      H3 is not Title Case ("we" in "Where we are")
      fix: AP-style Title Case: capitalise 4+ letter words and all nouns/verbs/adjectives; lowercase only mid-title a/an/the/and/or/for/at/by/in/of/on/to/as/vs

  [header-not-title-case] board-preview/uk-blue-staffy-breeders-contact/
      H3 is not Title Case ("message" in "Send a message")
      fix: AP-style Title Case: capitalise 4+ letter words and all nouns/verbs/adjectives; lowercase only mid-title a/an/the/and/or/for/at/by/in/of/on/to/as/vs

  [header-not-title-case] board-preview/uk-blue-staffy-breeders-contact/
      H3 is not Title Case ("tell" in "What to tell us")
      fix: AP-style Title Case: capitalise 4+ letter words and all nouns/verbs/adjectives; lowercase only mid-title a/an/the/and/or/for/at/by/in/of/on/to/as/vs

  [header-not-title-case] board-preview/uk-blue-staffy-breeders-contact/
      H3 is not Title Case ("we" in "How we reply")
      fix: AP-style Title Case: capitalise 4+ letter words and all nouns/verbs/adjectives; lowercase only mid-title a/an/the/and/or/for/at/by/in/of/on/to/as/vs

  [header-not-title-case] board-preview/uk-blue-staffy-breeders-contact/
      H3 is not Title Case ("we" in "Where we are")
      fix: AP-style Title Case: capitalise 4+ letter words and all nouns/verbs/adjectives; lowercase only mid-title a/an/the/and/or/for/at/by/in/of/on/to/as/vs

  [header-not-title-case] board-preview/uk-blue-staffy-breeders-contact/
      H3 is not Title Case ("message" in "Send a message")
      fix: AP-style Title Case: capitalise 4+ letter words and all nouns/verbs/adjectives; lowercase only mid-title a/an/the/and/or/for/at/by/in/of/on/to/as/vs

  [header-not-title-case] board-preview/uk-blue-staffy-breeders-contact/
      H3 is not Title Case ("tell" in "What to tell us")
      fix: AP-style Title Case: capitalise 4+ letter words and all nouns/verbs/adjectives; lowercase only mid-title a/an/the/and/or/for/at/by/in/of/on/to/as/vs

  [header-not-title-case] board-preview/uk-blue-staffy-breeders-contact/
      H3 is not Title Case ("we" in "How we reply")
      fix: AP-style Title Case: capitalise 4+ letter words and all nouns/verbs/adjectives; lowercase only mid-title a/an/the/and/or/for/at/by/in/of/on/to/as/vs

  [header-not-title-case] board-preview/uk-blue-staffy-breeders-contact/
      H3 is not Title Case ("we" in "Where we are")
      fix: AP-style Title Case: capitalise 4+ letter words and all nouns/verbs/adjectives; lowercase only mid-title a/an/the/and/or/for/at/by/in/of/on/to/as/vs

  [header-not-title-case] board-preview/uk-blue-staffy-breeders-contact/
      H3 is not Title Case ("message" in "Send a message")
      fix: AP-style Title Case: capitalise 4+ letter words and all nouns/verbs/adjectives; lowercase only mid-title a/an/the/and/or/for/at/by/in/of/on/to/as/vs

  [header-not-title-case] board-preview/uk-blue-staffy-breeders-contact/
      H3 is not Title Case ("tell" in "What to tell us")
      fix: AP-style Title Case: capitalise 4+ letter words and all nouns/verbs/adjectives; lowercase only mid-title a/an/the/and/or/for/at/by/in/of/on/to/as/vs

  [header-not-title-case] board-preview/uk-blue-staffy-breeders-contact/
      H3 is not Title Case ("we" in "How we reply")
      fix: AP-style Title Case: capitalise 4+ letter words and all nouns/verbs/adjectives; lowercase only mid-title a/an/the/and/or/for/at/by/in/of/on/to/as/vs

  [header-not-title-case] board-preview/uk-blue-staffy-breeders-contact/
      H3 is not Title Case ("we" in "Where we are")
      fix: AP-style Title Case: capitalise 4+ letter words and all nouns/verbs/adjectives; lowercase only mid-title a/an/the/and/or/for/at/by/in/of/on/to/as/vs

  [header-not-title-case] board-preview/uk-blue-staffy-breeders-contact/
      H3 is not Title Case ("message" in "Send a message")
      fix: AP-style Title Case: capitalise 4+ letter words and all nouns/verbs/adjectives; lowercase only mid-title a/an/the/and/or/for/at/by/in/of/on/to/as/vs

  [header-not-title-case] board-preview/uk-blue-staffy-breeders-contact/
      H3 is not Title Case ("tell" in "What to tell us")
      fix: AP-style Title Case: capitalise 4+ letter words and all nouns/verbs/adjectives; lowercase only mid-title a/an/the/and/or/for/at/by/in/of/on/to/as/vs

  [header-not-title-case] board-preview/uk-blue-staffy-breeders-contact/
      H3 is not Title Case ("we" in "How we reply")
      fix: AP-style Title Case: capitalise 4+ letter words and all nouns/verbs/adjectives; lowercase only mid-title a/an/the/and/or/for/at/by/in/of/on/to/as/vs

  [header-not-title-case] kit-preview/
      H1 is not Title Case ("preview" in "Kit preview")
      fix: AP-style Title Case: capitalise 4+ letter words and all nouns/verbs/adjectives; lowercase only mid-title a/an/the/and/or/for/at/by/in/of/on/to/as/vs

  [header-not-title-case] kit-preview/
      H2 is not Title Case ("mark" in "0 · The mark")
      fix: AP-style Title Case: capitalise 4+ letter words and all nouns/verbs/adjectives; lowercase only mid-title a/an/the/and/or/for/at/by/in/of/on/to/as/vs

  [header-not-title-case] kit-preview/
      H2 is not Title Case ("puppies" in "Blue Staffy puppies raised in a family home")
      fix: AP-style Title Case: capitalise 4+ letter words and all nouns/verbs/adjectives; lowercase only mid-title a/an/the/and/or/for/at/by/in/of/on/to/as/vs

  [header-not-title-case] kit-preview/
      H3 is not Title Case ("header" in "1 · Site header + nav")
      fix: AP-style Title Case: capitalise 4+ letter words and all nouns/verbs/adjectives; lowercase only mid-title a/an/the/and/or/for/at/by/in/of/on/to/as/vs

  [header-not-title-case] kit-preview/
      H3 is not Title Case ("card" in "4 · Puppy card")
      fix: AP-style Title Case: capitalise 4+ letter words and all nouns/verbs/adjectives; lowercase only mid-title a/an/the/and/or/for/at/by/in/of/on/to/as/vs

  [header-not-title-case] kit-preview/
      H3 is not Title Case ("strip" in "5 · Trust strip")
      fix: AP-style Title Case: capitalise 4+ letter words and all nouns/verbs/adjectives; lowercase only mid-title a/an/the/and/or/for/at/by/in/of/on/to/as/vs

  [header-not-title-case] kit-preview/
      H3 is not Title Case ("counter" in "6 · Stat / counter strip")
      fix: AP-style Title Case: capitalise 4+ letter words and all nouns/verbs/adjectives; lowercase only mid-title a/an/the/and/or/for/at/by/in/of/on/to/as/vs

  [header-not-title-case] kit-preview/
      H3 is not Title Case ("info" in "7 · Content / info card")
      fix: AP-style Title Case: capitalise 4+ letter words and all nouns/verbs/adjectives; lowercase only mid-title a/an/the/and/or/for/at/by/in/of/on/to/as/vs

  [header-not-title-case] kit-preview/
      H3 is not Title Case ("health-tested" in "What a health-tested litter means")
      fix: AP-style Title Case: capitalise 4+ letter words and all nouns/verbs/adjectives; lowercase only mid-title a/an/the/and/or/for/at/by/in/of/on/to/as/vs

  [header-not-title-case] kit-preview/
      H3 is not Title Case ("see" in "Ask to see the paperwork")
      fix: AP-style Title Case: capitalise 4+ letter words and all nouns/verbs/adjectives; lowercase only mid-title a/an/the/and/or/for/at/by/in/of/on/to/as/vs

  [header-not-title-case] kit-preview/
      H3 is not Title Case ("accordion" in "9 · FAQ accordion")
      fix: AP-style Title Case: capitalise 4+ letter words and all nouns/verbs/adjectives; lowercase only mid-title a/an/the/and/or/for/at/by/in/of/on/to/as/vs

  [header-not-title-case] kit-preview/
      H3 is not Title Case ("form" in "10 · Contact form")
      fix: AP-style Title Case: capitalise 4+ letter words and all nouns/verbs/adjectives; lowercase only mid-title a/an/the/and/or/for/at/by/in/of/on/to/as/vs

  [header-not-title-case] kit-preview/
      H3 is not Title Case ("in-page" in "11 · Breadcrumb + in-page nav")
      fix: AP-style Title Case: capitalise 4+ letter words and all nouns/verbs/adjectives; lowercase only mid-title a/an/the/and/or/for/at/by/in/of/on/to/as/vs

  [header-not-title-case] kit-preview/
      H3 is not Title Case ("divider" in "13 · Section divider")
      fix: AP-style Title Case: capitalise 4+ letter words and all nouns/verbs/adjectives; lowercase only mid-title a/an/the/and/or/for/at/by/in/of/on/to/as/vs

  [header-not-title-case] kit-preview/
      H3 is not Title Case ("dial" in "14 · Page dial (desktop)")
      fix: AP-style Title Case: capitalise 4+ letter words and all nouns/verbs/adjectives; lowercase only mid-title a/an/the/and/or/for/at/by/in/of/on/to/as/vs

  [header-not-title-case] kit-preview/
      H3 is not Title Case ("sheet" in "15 · Section sheet (mobile)")
      fix: AP-style Title Case: capitalise 4+ letter words and all nouns/verbs/adjectives; lowercase only mid-title a/an/the/and/or/for/at/by/in/of/on/to/as/vs

  [header-not-title-case] kit-preview/
      H3 is not Title Case ("strip" in "16 · Section strip (mobile)")
      fix: AP-style Title Case: capitalise 4+ letter words and all nouns/verbs/adjectives; lowercase only mid-title a/an/the/and/or/for/at/by/in/of/on/to/as/vs

  [header-not-title-case] kit-preview/
      H3 is not Title Case ("table" in "17 · Data table")
      fix: AP-style Title Case: capitalise 4+ letter words and all nouns/verbs/adjectives; lowercase only mid-title a/an/the/and/or/for/at/by/in/of/on/to/as/vs

  [header-not-title-case] kit-preview/
      H3 is not Title Case ("embed" in "18 · Video embed")
      fix: AP-style Title Case: capitalise 4+ letter words and all nouns/verbs/adjectives; lowercase only mid-title a/an/the/and/or/for/at/by/in/of/on/to/as/vs

  [header-not-title-case] uk-locations/blue-staffy-puppies-aberdeen/
      H3 is not Title Case ("you" in "🐾 Do you deliver Blue Staffy puppies to Aberdeen?")
      fix: AP-style Title Case: capitalise 4+ letter words and all nouns/verbs/adjectives; lowercase only mid-title a/an/the/and/or/for/at/by/in/of/on/to/as/vs

  [header-not-title-case] uk-locations/blue-staffy-puppies-aberdeen/
      H3 is not Title Case ("health" in "🐾 What health tests do your Blue Staffies have?")
      fix: AP-style Title Case: capitalise 4+ letter words and all nouns/verbs/adjectives; lowercase only mid-title a/an/the/and/or/for/at/by/in/of/on/to/as/vs

  [header-not-title-case] uk-locations/blue-staffy-puppies-aberdeen/
      H3 is not Title Case ("is" in "🐾 What is the price of a Blue Staffy puppy in Aberdeen?")
      fix: AP-style Title Case: capitalise 4+ letter words and all nouns/verbs/adjectives; lowercase only mid-title a/an/the/and/or/for/at/by/in/of/on/to/as/vs

  [header-not-title-case] uk-locations/blue-staffy-puppies-aberdeen/
      H3 is not Title Case ("we" in "🐾 Can we visit the puppies before buying?")
      fix: AP-style Title Case: capitalise 4+ letter words and all nouns/verbs/adjectives; lowercase only mid-title a/an/the/and/or/for/at/by/in/of/on/to/as/vs

  [header-not-title-case] uk-locations/blue-staffy-puppies-dundee/
      H3 is not Title Case ("you" in "🐾 Can you deliver a Blue Staffy to Dundee?")
      fix: AP-style Title Case: capitalise 4+ letter words and all nouns/verbs/adjectives; lowercase only mid-title a/an/the/and/or/for/at/by/in/of/on/to/as/vs

  [header-not-title-case] uk-locations/blue-staffy-puppies-dundee/
      H3 is not Title Case ("age" in "🐾 What age do your puppies leave for their new homes?")
      fix: AP-style Title Case: capitalise 4+ letter words and all nouns/verbs/adjectives; lowercase only mid-title a/an/the/and/or/for/at/by/in/of/on/to/as/vs

  [header-not-title-case] uk-locations/blue-staffy-puppies-dundee/
      H3 is not Title Case ("good" in "🐾 Are Blue Staffies good for families in Dundee?")
      fix: AP-style Title Case: capitalise 4+ letter words and all nouns/verbs/adjectives; lowercase only mid-title a/an/the/and/or/for/at/by/in/of/on/to/as/vs

  [header-not-title-case] uk-locations/blue-staffy-puppies-dundee/
      H3 is not Title Case ("do" in "🐾 How do I reserve a Blue Staffy puppy?")
      fix: AP-style Title Case: capitalise 4+ letter words and all nouns/verbs/adjectives; lowercase only mid-title a/an/the/and/or/for/at/by/in/of/on/to/as/vs

  [header-not-title-case] uk-locations/blue-staffy-puppies-edinburgh/
      H3 is not Title Case ("you" in "🐾 Can you deliver a Blue Staffy puppy to Edinburgh?")
      fix: AP-style Title Case: capitalise 4+ letter words and all nouns/verbs/adjectives; lowercase only mid-title a/an/the/and/or/for/at/by/in/of/on/to/as/vs

  [header-not-title-case] uk-locations/blue-staffy-puppies-edinburgh/
      H3 is not Title Case ("your" in "🐾 Are your Blue Staffy puppies health tested?")
      fix: AP-style Title Case: capitalise 4+ letter words and all nouns/verbs/adjectives; lowercase only mid-title a/an/the/and/or/for/at/by/in/of/on/to/as/vs

  [header-not-title-case] uk-locations/blue-staffy-puppies-edinburgh/
      H3 is not Title Case ("much" in "🐾 How much does a Blue Staffy puppy cost in Edinburgh?")
      fix: AP-style Title Case: capitalise 4+ letter words and all nouns/verbs/adjectives; lowercase only mid-title a/an/the/and/or/for/at/by/in/of/on/to/as/vs

  [header-not-title-case] uk-locations/blue-staffy-puppies-edinburgh/
      H3 is not Title Case ("you" in "🐾 Do you offer a health guarantee?")
      fix: AP-style Title Case: capitalise 4+ letter words and all nouns/verbs/adjectives; lowercase only mid-title a/an/the/and/or/for/at/by/in/of/on/to/as/vs

  [header-not-title-case] uk-locations/blue-staffy-puppies-hull/
      H3 is not Title Case ("you" in "🐾 Do you deliver Blue Staffy puppies to Hull?")
      fix: AP-style Title Case: capitalise 4+ letter words and all nouns/verbs/adjectives; lowercase only mid-title a/an/the/and/or/for/at/by/in/of/on/to/as/vs

  [header-not-title-case] uk-locations/blue-staffy-puppies-hull/
      H3 is not Title Case ("your" in "🐾 Are your Staffy puppies KC registered?")
      fix: AP-style Title Case: capitalise 4+ letter words and all nouns/verbs/adjectives; lowercase only mid-title a/an/the/and/or/for/at/by/in/of/on/to/as/vs

  [header-not-title-case] uk-locations/blue-staffy-puppies-hull/
      H3 is not Title Case ("health" in "🐾 What health guarantees do you offer?")
      fix: AP-style Title Case: capitalise 4+ letter words and all nouns/verbs/adjectives; lowercase only mid-title a/an/the/and/or/for/at/by/in/of/on/to/as/vs

  [header-not-title-case] uk-locations/blue-staffy-puppies-hull/
      H3 is not Title Case ("do" in "🐾 How do I put down a deposit?")
      fix: AP-style Title Case: capitalise 4+ letter words and all nouns/verbs/adjectives; lowercase only mid-title a/an/the/and/or/for/at/by/in/of/on/to/as/vs

  [header-not-title-case] uk-locations/blue-staffy-puppies-inverness/
      H3 is not Title Case ("you" in "🐾 Do you deliver Blue Staffy puppies to Inverness?")
      fix: AP-style Title Case: capitalise 4+ letter words and all nouns/verbs/adjectives; lowercase only mid-title a/an/the/and/or/for/at/by/in/of/on/to/as/vs

  [header-not-title-case] uk-locations/blue-staffy-puppies-inverness/
      H3 is not Title Case ("there" in "🐾 Are there Blue Staffy breeders in the Highlands?")
      fix: AP-style Title Case: capitalise 4+ letter words and all nouns/verbs/adjectives; lowercase only mid-title a/an/the/and/or/for/at/by/in/of/on/to/as/vs

  [header-not-title-case] uk-locations/blue-staffy-puppies-inverness/
      H3 is not Title Case ("long" in "🐾 How long does transport to Inverness take?")
      fix: AP-style Title Case: capitalise 4+ letter words and all nouns/verbs/adjectives; lowercase only mid-title a/an/the/and/or/for/at/by/in/of/on/to/as/vs

  [header-not-title-case] uk-locations/blue-staffy-puppies-inverness/
      H3 is not Title Case ("puppies" in "🐾 What puppies do you have available?")
      fix: AP-style Title Case: capitalise 4+ letter words and all nouns/verbs/adjectives; lowercase only mid-title a/an/the/and/or/for/at/by/in/of/on/to/as/vs

  [header-not-title-case] uk-locations/blue-staffy-puppies-middlesbrough/
      H3 is not Title Case ("you" in "🐾 Do you deliver Blue Staffy puppies to Middlesbrough?")
      fix: AP-style Title Case: capitalise 4+ letter words and all nouns/verbs/adjectives; lowercase only mid-title a/an/the/and/or/for/at/by/in/of/on/to/as/vs

  [header-not-title-case] uk-locations/blue-staffy-puppies-middlesbrough/
      H3 is not Title Case ("is" in "🐾 What is the temperament of a Blue Staffy?")
      fix: AP-style Title Case: capitalise 4+ letter words and all nouns/verbs/adjectives; lowercase only mid-title a/an/the/and/or/for/at/by/in/of/on/to/as/vs

  [header-not-title-case] uk-locations/blue-staffy-puppies-middlesbrough/
      H3 is not Title Case ("your" in "🐾 Are your puppies health tested?")
      fix: AP-style Title Case: capitalise 4+ letter words and all nouns/verbs/adjectives; lowercase only mid-title a/an/the/and/or/for/at/by/in/of/on/to/as/vs

  [header-not-title-case] uk-locations/blue-staffy-puppies-middlesbrough/
      H3 is not Title Case ("do" in "🐾 How do I start the process?")
      fix: AP-style Title Case: capitalise 4+ letter words and all nouns/verbs/adjectives; lowercase only mid-title a/an/the/and/or/for/at/by/in/of/on/to/as/vs

  [header-not-title-case] uk-locations/blue-staffy-puppies-oxford/
      H3 is not Title Case ("you" in "🐾 Do you deliver Blue Staffy puppies to Oxford?")
      fix: AP-style Title Case: capitalise 4+ letter words and all nouns/verbs/adjectives; lowercase only mid-title a/an/the/and/or/for/at/by/in/of/on/to/as/vs

  [header-not-title-case] uk-locations/blue-staffy-puppies-oxford/
      H3 is not Title Case ("allowed" in "🐾 Are Blue Staffies allowed in rented properties in Oxford")
      fix: AP-style Title Case: capitalise 4+ letter words and all nouns/verbs/adjectives; lowercase only mid-title a/an/the/and/or/for/at/by/in/of/on/to/as/vs

  [header-not-title-case] uk-locations/blue-staffy-puppies-oxford/
      H3 is not Title Case ("is" in "🐾 What is the difference between a Blue Staffy and a Blue ")
      fix: AP-style Title Case: capitalise 4+ letter words and all nouns/verbs/adjectives; lowercase only mid-title a/an/the/and/or/for/at/by/in/of/on/to/as/vs

  [header-not-title-case] uk-locations/blue-staffy-puppies-oxford/
      H3 is not Title Case ("do" in "🐾 How do I reserve a puppy in Oxford?")
      fix: AP-style Title Case: capitalise 4+ letter words and all nouns/verbs/adjectives; lowercase only mid-title a/an/the/and/or/for/at/by/in/of/on/to/as/vs

  [header-not-title-case] uk-locations/blue-staffy-puppies-sunderland/
      H3 is not Title Case ("you" in "🐾 Do you deliver Blue Staffy puppies to Sunderland?")
      fix: AP-style Title Case: capitalise 4+ letter words and all nouns/verbs/adjectives; lowercase only mid-title a/an/the/and/or/for/at/by/in/of/on/to/as/vs

  [header-not-title-case] uk-locations/blue-staffy-puppies-sunderland/
      H3 is not Title Case ("popular" in "🐾 Are Blue Staffies popular in the North East?")
      fix: AP-style Title Case: capitalise 4+ letter words and all nouns/verbs/adjectives; lowercase only mid-title a/an/the/and/or/for/at/by/in/of/on/to/as/vs

  [header-not-title-case] uk-locations/blue-staffy-puppies-sunderland/
      H3 is not Title Case ("much" in "🐾 How much does a Blue Staffy puppy cost in Sunderland?")
      fix: AP-style Title Case: capitalise 4+ letter words and all nouns/verbs/adjectives; lowercase only mid-title a/an/the/and/or/for/at/by/in/of/on/to/as/vs

  [header-not-title-case] uk-locations/blue-staffy-puppies-sunderland/
      H3 is not Title Case ("does" in "🐾 What does a puppy package include?")
      fix: AP-style Title Case: capitalise 4+ letter words and all nouns/verbs/adjectives; lowercase only mid-title a/an/the/and/or/for/at/by/in/of/on/to/as/vs

  [header-not-title-case] uk-locations/blue-staffy-puppies-uk/
      H1 is not Title Case ("with" in "Your Local Guide: Finding Blue Staffy Puppies UK with Nati")
      fix: AP-style Title Case: capitalise 4+ letter words and all nouns/verbs/adjectives; lowercase only mid-title a/an/the/and/or/for/at/by/in/of/on/to/as/vs

  [header-not-title-case] uk-locations/blue-staffy-puppies-uk/
      H2 is not Title Case ("from" in "Your Peace of Mind: Secure Staffy Puppy Delivery UK from O")
      fix: AP-style Title Case: capitalise 4+ letter words and all nouns/verbs/adjectives; lowercase only mid-title a/an/the/and/or/for/at/by/in/of/on/to/as/vs

  [header-not-title-case] uk-locations/blue-staffy-puppies-uk/
      H2 is not Title Case ("‘s" in "Puppy Travel Preparation Checklist for Blue Staffy Puppies")
      fix: AP-style Title Case: capitalise 4+ letter words and all nouns/verbs/adjectives; lowercase only mid-title a/an/the/and/or/for/at/by/in/of/on/to/as/vs

  [header-not-title-case] uk-locations/blue-staffy-puppies-york/
      H3 is not Title Case ("you" in "🐾 Do you deliver Blue Staffy puppies to York?")
      fix: AP-style Title Case: capitalise 4+ letter words and all nouns/verbs/adjectives; lowercase only mid-title a/an/the/and/or/for/at/by/in/of/on/to/as/vs

  [header-not-title-case] uk-locations/blue-staffy-puppies-york/
      H3 is not Title Case ("makes" in "🐾 What makes BlueStaffyUK different from other breeders?")
      fix: AP-style Title Case: capitalise 4+ letter words and all nouns/verbs/adjectives; lowercase only mid-title a/an/the/and/or/for/at/by/in/of/on/to/as/vs

  [header-not-title-case] uk-locations/blue-staffy-puppies-york/
      H3 is not Title Case ("good" in "🐾 Are Blue Staffies good with children in York?")
      fix: AP-style Title Case: capitalise 4+ letter words and all nouns/verbs/adjectives; lowercase only mid-title a/an/the/and/or/for/at/by/in/of/on/to/as/vs

  [header-not-title-case] uk-locations/blue-staffy-puppies-york/
      H3 is not Title Case ("do" in "🐾 How do I enquire about a puppy?")
      fix: AP-style Title Case: capitalise 4+ letter words and all nouns/verbs/adjectives; lowercase only mid-title a/an/the/and/or/for/at/by/in/of/on/to/as/vs

  [header-not-title-case] uk-locations/staffy-breeding-dogs-glasgow/
      H2 is not Title Case ("into" in "Ready to Welcome a Blue Staffy Puppy into Your Home?")
      fix: AP-style Title Case: capitalise 4+ letter words and all nouns/verbs/adjectives; lowercase only mid-title a/an/the/and/or/for/at/by/in/of/on/to/as/vs

  [header-not-title-case] uk-locations/staffy-breeding-dogs-glasgow/
      H3 is not Title Case ("‘s" in "Jones ‘s Health Clearances & Veterinary Care")
      fix: AP-style Title Case: capitalise 4+ letter words and all nouns/verbs/adjectives; lowercase only mid-title a/an/the/and/or/for/at/by/in/of/on/to/as/vs

── WARN (24) ────────────────────────────────────────
  [opacity-dims-text-contrast] src/components/SiteFooter.astro:49
      opacity:.85 applied to a text rule — dims the foreground and can drop it under AA
      fix: drop the opacity and pick an explicit colour that measures >= 4.5:1

  [markup-css-drift] src/components/ContactForm.astro
      1 class(es) styled but never rendered: req
      fix: Triage each: a variant this page does not ship -> delete; a component the spec mandates -> render it. Never bulk-delete this list.

  [markup-css-orphan] src/components/ContactForm.astro
      1 class(es) in markup with no CSS rule: container-text
      fix: Either the component name is misspelled (adoption-cost put FAQ text in `.faqC-x`, a 16x16 icon box) or the rule lives in a global sheet — confirm which before editing.

  [markup-css-drift] src/layouts/PageShell.astro
      1 class(es) styled but never rendered: page-shell
      fix: Triage each: a variant this page does not ship -> delete; a component the spec mandates -> render it. Never bulk-delete this list.

  [markup-css-orphan] src/pages/[...post].astro
      1 class(es) in markup with no CSS rule: container-text
      fix: Either the component name is misspelled (adoption-cost put FAQ text in `.faqC-x`, a 16x16 icon box) or the rule lives in a global sheet — confirm which before editing.

  [markup-css-orphan] src/pages/board-preview/[slug].astro
      5 class(es) in markup with no CSS rule: aside-items, aside-quote, aside-rows, aside-title, bp-group
      fix: Either the component name is misspelled (adoption-cost put FAQ text in `.faqC-x`, a 16x16 icon box) or the rule lives in a global sheet — confirm which before editing.

  [markup-css-drift] src/styles/board-styles.css
      21 class(es) styled but never rendered: bl-aside, bl-body, bl-box, bl-cards, bl-chrome-brass, bl-chrome-zebra, bl-cols-2, bl-eyebrow, bl-frame-band, bl-frame-card, bl-frame-plain, bl-img, bl-lede, bl-list-grid-2, bl-list-grid-3, bl-list-rail, bl-media-left, bl-media-right, bl-media-top, bl-prose, bl-stub
      fix: Triage each: a variant this page does not ship -> delete; a component the spec mandates -> render it. Never bulk-delete this list.

  [markup-css-drift] src/styles/kit.css
      5 class(es) styled but never rendered: kit-card, kit-card--lift, kit-chip, kit-mark, tap-24
      fix: Triage each: a variant this page does not ship -> delete; a component the spec mandates -> render it. Never bulk-delete this list.

  [img-no-srcset] board-preview/_demo/
      blue-staffy-puppy-for-sale-uk.webp is 612px intrinsic with no srcset
      fix: ship a -320/-440/-760 sibling and add srcset+sizes

  [img-no-srcset] board-preview/_demo/
      blue-staffy-puppies-uk-litter1-760.webp is 760px intrinsic with no srcset
      fix: ship a -320/-440/-760 sibling and add srcset+sizes

  [img-no-srcset] board-preview/_demo/
      blue-staffy-family-dog-uk.webp is 600px intrinsic with no srcset
      fix: ship a -320/-440/-760 sibling and add srcset+sizes

  [img-no-srcset] board-preview/_demo/
      blue-staffy-puppy-for-sale-uk.webp is 612px intrinsic with no srcset
      fix: ship a -320/-440/-760 sibling and add srcset+sizes

  [img-no-srcset] board-preview/_demo/
      blue-staffy-puppy-for-sale-uk.webp is 612px intrinsic with no srcset
      fix: ship a -320/-440/-760 sibling and add srcset+sizes

  [img-no-srcset] board-preview/index/
      blue-staffy-puppy-for-sale-uk.webp is 612px intrinsic with no srcset
      fix: ship a -320/-440/-760 sibling and add srcset+sizes

  [img-no-srcset] board-preview/index/
      blue-staffy-puppy-for-sale-uk.webp is 612px intrinsic with no srcset
      fix: ship a -320/-440/-760 sibling and add srcset+sizes

  [img-no-srcset] board-preview/index/
      blue-staffy-puppy-for-sale-uk.webp is 612px intrinsic with no srcset
      fix: ship a -320/-440/-760 sibling and add srcset+sizes

  [img-no-srcset] buy-blue-staffy-puppies-uk/
      blue-staffy-puppy-testimonial-cardiff-daniel.webp is 640px intrinsic with no srcset
      fix: ship a -320/-440/-760 sibling and add srcset+sizes

  [img-no-srcset] index.html
      playful-staffy-puppies-uk-sale.webp is 625px intrinsic with no srcset
      fix: ship a -320/-440/-760 sibling and add srcset+sizes

  [img-no-srcset] index.html
      kc-staffy-puppies-for-rehoming-uk.webp is 640px intrinsic with no srcset
      fix: ship a -320/-440/-760 sibling and add srcset+sizes

  [img-no-srcset] index.html
      kc-registered-blue-staffy-pups-london.webp is 640px intrinsic with no srcset
      fix: ship a -320/-440/-760 sibling and add srcset+sizes

  [img-no-srcset] index.html
      blue-staffy-family-dog-uk.webp is 600px intrinsic with no srcset
      fix: ship a -320/-440/-760 sibling and add srcset+sizes

  [img-no-srcset] uk-blue-staffy-puppy-buying-guide/
      blue-staffy-research.webp is 615px intrinsic with no srcset
      fix: ship a -320/-440/-760 sibling and add srcset+sizes

  [img-no-srcset] uk-blue-staffy-puppy-buying-guide/
      uk-family-blue-staffy.webp is 604px intrinsic with no srcset
      fix: ship a -320/-440/-760 sibling and add srcset+sizes

  [img-no-srcset] uk-staffordshire-bull-terrier-guide/
      dedicated-blue-staffy-pup-care-glasgow.webp is 640px intrinsic with no srcset
      fix: ship a -320/-440/-760 sibling and add srcset+sizes

310 ERROR · 24 WARN
### EXIT 0 : python3 scripts/page_hardening_scan.py
### STEP: python3 scripts/form_contract_audit.py
examined 8 forms; 0 problems  (inquiry 8, in-scope 4, newsletter 0)
### EXIT 0 : python3 scripts/form_contract_audit.py
### STEP: python3 scripts/generate_page_dates.py --check
page-dates.json current — 53 routes
### EXIT 0 : python3 scripts/generate_page_dates.py --check
=== DONE ===
