=================== RUN 1 ===================
--- STEP: npm run build ---

> bsuk@0.1.0 build
> astro build

02:30:10 [content] Syncing content
02:30:10 [content] Synced content
02:30:10 [types] Generated 802ms
02:30:10 [build] output: "static"
02:30:10 [build] mode: "static"
02:30:10 [build] directory: /Users/apple/Downloads/BSUK/dist/
02:30:10 [build] Collecting build info...
02:30:10 [build] ✓ Completed in 876ms.
02:30:10 [build] Building static entrypoints...
02:30:13 [vite] ✓ built in 2.70s
02:30:14 [vite] ✓ built in 1.13s
02:30:14 [build] Rearranging server assets...

 generating static routes 
02:30:14   ├─ /available-puppies/roman/index.html (+13ms) 
02:30:14   ├─ /available-puppies/byrd/index.html (+3ms) 
02:30:14   ├─ /available-puppies/ince/index.html (+3ms) 
02:30:14   ├─ /available-puppies/vennie/index.html (+2ms) 
02:30:14   ├─ /available-puppies/christa/index.html (+2ms) 
02:30:14   ├─ /available-puppies/cheryl/index.html (+2ms) 
02:30:14   ├─ /available-puppies/index.html (+4ms) 
02:30:14   ├─ /blog/index.html (+4ms) 
02:30:14   ├─ /blue-staffy-health-uk/index.html (+8ms) 
02:30:14   ├─ /blue-staffy-pup-sale-uk/index.html (+4ms) 
02:30:14   ├─ /blue-staffy-uk-breeders/index.html (+5ms) 
02:30:14   ├─ /buy-blue-staffy-puppies-uk/index.html (+6ms) 
02:30:14   ├─ /buy-staffy-puppies-for-sale-uk/index.html (+7ms) 
02:30:14   ├─ /privacy-policy-uk/index.html (+4ms) 
02:30:14   ├─ /thank-you-blue-staffy-puppies-journey/index.html (+3ms) 
02:30:14   ├─ /uk-blue-staffy-breeders-contact/index.html (+4ms) 
02:30:14   ├─ /uk-blue-staffy-puppy-buying-guide/index.html (+8ms) 
02:30:14   ├─ /uk-locations/blue-staffies-newcastle-under-lyme/index.html (+2ms) 
02:30:14   ├─ /uk-locations/blue-staffy-puppies-aberdeen/index.html (+2ms) 
02:30:14   ├─ /uk-locations/blue-staffy-puppies-birmingham/index.html (+2ms) 
02:30:14   ├─ /uk-locations/blue-staffy-puppies-bristol-uk/index.html (+2ms) 
02:30:14   ├─ /uk-locations/blue-staffy-puppies-dundee/index.html (+2ms) 
02:30:14   ├─ /uk-locations/blue-staffy-puppies-edinburgh/index.html (+2ms) 
02:30:14   ├─ /uk-locations/blue-staffy-puppies-for-sale-in-leicester/index.html (+2ms) 
02:30:14   ├─ /uk-locations/blue-staffy-puppies-for-sale-leeds/index.html (+1ms) 
02:30:14   ├─ /uk-locations/blue-staffy-puppies-hull/index.html (+2ms) 
02:30:14   ├─ /uk-locations/blue-staffy-puppies-inverness/index.html (+2ms) 
02:30:14   ├─ /uk-locations/blue-staffy-puppies-london/index.html (+2ms) 
02:30:14   ├─ /uk-locations/blue-staffy-puppies-manchester-uk/index.html (+2ms) 
02:30:14   ├─ /uk-locations/blue-staffy-puppies-middlesbrough/index.html (+2ms) 
02:30:14   ├─ /uk-locations/blue-staffy-puppies-oxford/index.html (+2ms) 
02:30:14   ├─ /uk-locations/blue-staffy-puppies-south-yorkshire/index.html (+2ms) 
02:30:14   ├─ /uk-locations/blue-staffy-puppies-sunderland/index.html (+2ms) 
02:30:14   ├─ /uk-locations/blue-staffy-puppies-uk/index.html (+2ms) 
02:30:14   ├─ /uk-locations/blue-staffy-puppies-york/index.html (+2ms) 
02:30:14   ├─ /uk-locations/buy-blue-staffy-puppy-coventry-area/index.html (+4ms) 
02:30:14   ├─ /uk-locations/staffy-breeding-dogs-glasgow/index.html (+2ms) 
02:30:14   ├─ /uk-locations/staffy-puppies-cardiff-wales/index.html (+1ms) 
02:30:14   ├─ /uk-locations/staffy-puppies-for-sale-cornwall/index.html (+2ms) 
02:30:14   ├─ /uk-locations/staffy-puppies-for-sale-essex/index.html (+2ms) 
02:30:14   ├─ /uk-locations/staffy-puppies-for-sale-glasgow/index.html (+2ms) 
02:30:14   ├─ /uk-locations/staffy-puppies-for-sale-liverpool/index.html (+2ms) 
02:30:14   ├─ /uk-locations/staffy-puppies-for-sale-nottingham/index.html (+3ms) 
02:30:14   ├─ /uk-locations/staffy-puppies-wolverhampton/index.html (+2ms) 
02:30:14   ├─ /uk-locations/uk-staffordshire-bull-terrier-breeder/index.html (+6ms) 
02:30:14   ├─ /uk-locations/index.html (+5ms) 
02:30:14   ├─ /uk-staffordshire-bull-terrier-guide/index.html (+8ms) 
02:30:14   ├─ /index.html (+7ms) 
02:30:14   ├─ /blue-staffy-blog-guides/index.html (+2ms) 
02:30:14 ✓ Completed in 216ms.

02:30:14 [build] ✓ Completed in 4.13s.
02:30:14 [build] 49 page(s) built in 5.05s
02:30:14 [build] Complete!

> bsuk@0.1.0 postbuild
> python3 scripts/generate_sitemaps.py

WARNING: SITE_URL not set — sitemaps carry https://SITE_URL_PLACEHOLDER
page      13
post      1
location  11
puppy     6
video     4
index: page-sitemap.xml, post-sitemap.xml, location-sitemap.xml, puppy-sitemap.xml, video-sitemap.xml
--- EXIT 0 : npm run build ---
--- STEP: npm run check:all ---

> bsuk@0.1.0 check:all
> npm run check:parity && npm run check:redirects && npm run check:schema && npm run check:sitemaps && npm run check:placeholders && npm run check:markers && npm run agents


> bsuk@0.1.0 check:parity
> python3 scripts/migration_parity.py

# Migration parity

Built pages measured against what the extractor promised. `raw` is the old
`.entry-content` before the extractor's deliberate removals (dead WordPress forms,
the four sold pups' cards); `expected` is the same page after them; `built` is what
`article.prose-migrated` renders. Note that `raw` is itself measured after site
chrome and dead forms are stripped, so it slightly understates the WordPress body.
The gate compares expected → built with a 2% whitespace band; headings must match
exactly, embeds must never decrease, a built page missing its article scope fails,
and expected must keep at least 60% of raw's words.

| URL | words raw→expected→built | headings exp→built | images exp→built | embeds exp→built | cards removed | result |
| --- | --- | --- | --- | --- | --- | --- |
| /blue-staffy-blog-guides/ | 0→0→142 | 0→3 | 0→0 | 0→0 | 0 | PASS (archive) |
| /blue-staffy-health-uk/ | 3510→3165→3165 | 62→62 | 8→8 | 0→0 | 4 | PASS |
| /blue-staffy-pup-sale-uk/ | 1133→788→788 | 18→18 | 5→5 | 0→0 | 4 | PASS |
| /blue-staffy-uk-breeders/ | 2316→1780→1780 | 27→27 | 7→7 | 1→1 | 4 | PASS |
| /buy-blue-staffy-puppies-uk/ | 2488→2254→2254 | 27→27 | 7→7 | 1→1 | 5 | PASS |
| /buy-staffy-puppies-for-sale-uk/ | 4706→4706→4706 | 50→50 | 13→13 | 1→1 | 0 | PASS |
| / | 3369→3112→3112 | 59→59 | 14→14 | 2→2 | 4 | PASS |
| /privacy-policy-uk/ | 1015→1015→1015 | 23→23 | 3→3 | 0→0 | 0 | PASS |
| /thank-you-blue-staffy-puppies-journey/ | 422→422→422 | 5→5 | 1→1 | 0→0 | 0 | PASS |
| /uk-blue-staffy-breeders-contact/ | 397→397→397 | 6→6 | 1→1 | 0→0 | 0 | PASS |
| /uk-blue-staffy-puppy-buying-guide/ | 6117→6117→6117 | 68→68 | 17→17 | 1→1 | 0 | PASS |
| /uk-locations/blue-staffies-newcastle-under-lyme/ | 5→5→5 | 0→0 | 0→0 | 0→0 | 0 | PASS |
| /uk-locations/blue-staffy-puppies-aberdeen/ | 476→443→443 | 10→10 | 0→0 | 0→0 | 4 | PASS (puppy-grid-emptied) |
| /uk-locations/blue-staffy-puppies-birmingham/ | 4→4→4 | 0→0 | 0→0 | 0→0 | 0 | PASS |
| /uk-locations/blue-staffy-puppies-bristol-uk/ | 0→0→0 | 0→0 | 0→0 | 0→0 | 0 | PASS |
| /uk-locations/blue-staffy-puppies-dundee/ | 463→430→430 | 10→10 | 0→0 | 0→0 | 4 | PASS (puppy-grid-emptied) |
| /uk-locations/blue-staffy-puppies-edinburgh/ | 485→452→452 | 10→10 | 0→0 | 0→0 | 4 | PASS (puppy-grid-emptied) |
| /uk-locations/blue-staffy-puppies-for-sale-in-leicester/ | 7→7→7 | 0→0 | 0→0 | 0→0 | 0 | PASS |
| /uk-locations/blue-staffy-puppies-for-sale-leeds/ | 0→0→0 | 0→0 | 0→0 | 0→0 | 0 | PASS |
| /uk-locations/blue-staffy-puppies-hull/ | 470→437→437 | 10→10 | 0→0 | 0→0 | 4 | PASS (puppy-grid-emptied) |
| /uk-locations/blue-staffy-puppies-inverness/ | 469→436→436 | 10→10 | 0→0 | 0→0 | 4 | PASS (puppy-grid-emptied) |
| /uk-locations/blue-staffy-puppies-london/ | 4→4→4 | 0→0 | 0→0 | 0→0 | 0 | PASS |
| /uk-locations/blue-staffy-puppies-manchester-uk/ | 5→5→5 | 0→0 | 0→0 | 0→0 | 0 | PASS |
| /uk-locations/blue-staffy-puppies-middlesbrough/ | 449→416→416 | 10→10 | 0→0 | 0→0 | 4 | PASS (puppy-grid-emptied) |
| /uk-locations/blue-staffy-puppies-oxford/ | 473→440→440 | 10→10 | 0→0 | 0→0 | 4 | PASS (puppy-grid-emptied) |
| /uk-locations/blue-staffy-puppies-south-yorkshire/ | 0→0→0 | 0→0 | 0→0 | 0→0 | 0 | PASS |
| /uk-locations/blue-staffy-puppies-sunderland/ | 464→431→431 | 10→10 | 0→0 | 0→0 | 4 | PASS (puppy-grid-emptied) |
| /uk-locations/blue-staffy-puppies-uk/ | 2112→1767→1767 | 29→29 | 11→11 | 0→0 | 4 | PASS |
| /uk-locations/blue-staffy-puppies-york/ | 474→441→441 | 10→10 | 0→0 | 0→0 | 4 | PASS (puppy-grid-emptied) |
| /uk-locations/buy-blue-staffy-puppy-coventry-area/ | 0→0→0 | 0→0 | 0→0 | 0→0 | 0 | PASS |
| /uk-locations/staffy-breeding-dogs-glasgow/ | 1853→1508→1508 | 19→19 | 4→4 | 1→1 | 4 | PASS |
| /uk-locations/staffy-puppies-cardiff-wales/ | 4→4→4 | 0→0 | 0→0 | 0→0 | 0 | PASS |
| /uk-locations/staffy-puppies-for-sale-cornwall/ | 0→0→0 | 0→0 | 0→0 | 0→0 | 0 | PASS |
| /uk-locations/staffy-puppies-for-sale-essex/ | 0→0→0 | 0→0 | 0→0 | 0→0 | 0 | PASS |
| /uk-locations/staffy-puppies-for-sale-glasgow/ | 5→5→5 | 0→0 | 0→0 | 0→0 | 0 | PASS |
| /uk-locations/staffy-puppies-for-sale-liverpool/ | 5→5→5 | 0→0 | 0→0 | 0→0 | 0 | PASS |
| /uk-locations/staffy-puppies-for-sale-nottingham/ | 5→5→5 | 0→0 | 0→0 | 0→0 | 0 | PASS |
| /uk-locations/staffy-puppies-wolverhampton/ | 3→3→3 | 0→0 | 0→0 | 0→0 | 0 | PASS |
| /uk-locations/uk-staffordshire-bull-terrier-breeder/ | 0→0→0 | 0→0 | 0→0 | 0→0 | 0 | PASS |
| /uk-staffordshire-bull-terrier-guide/ | 4975→4630→4630 | 72→72 | 10→10 | 1→1 | 4 | PASS |

examined 40 pages, 0 failing

examined 40 pages, 0 failing

> bsuk@0.1.0 check:redirects
> python3 scripts/redirect_check.py

# Redirects and internal links

Every concrete redirect must reach a live page in exactly one hop; wildcard and
placeholder rules have only their target checked. Every root-relative reference in
every built page must resolve; one that resolves only *through* a redirect is
reported as a warning, since Foundation keeps two legacy in-body links verbatim and
the fix belongs in the extractor's rewrite map, not in generated HTML. WordPress
leftovers fail outright; `SITE_URL_PLACEHOLDER` is counted only, as it is expected
until the launch domain is set.

## Problems

None.


## Redirected references (warning)

None.

SITE_URL_PLACEHOLDER occurrences: 545 (expected until launch)

examined 18 redirects, 1964 internal refs (distinct per page); 0 redirected refs; 0 problems

examined 18 redirects, 1964 internal refs (distinct per page); 0 redirected refs; 0 problems

> bsuk@0.1.0 check:schema
> python3 scripts/schema_check.py

# Structured data

Every `application/ld+json` block in every built page. Blocking: a block that does
not parse, a `telephone` still holding PHONE_PLACEHOLDER, `InStock` on anything but
an available puppy's page, an `@id` reference no node on the page defines, a Product
with no `offers`, and an Offer stating price without priceCurrency (or the reverse).
An Offer stating neither is a bare availability statement and is left alone.
Advisory: duplicate sitewide nodes, empty `url`, a WebPage with no `name`, and the
InStock URL quoted outside any Offer node.

## Blocking

None.


## Advisory

None.


examined 49 pages; 0 blocking, 0 advisory

examined 49 pages; 0 blocking, 0 advisory

> bsuk@0.1.0 check:sitemaps
> python3 scripts/sitemap_check.py

WARNING: SITE_URL not set — auditing against https://SITE_URL_PLACEHOLDER
# Sitemaps

Every indexable built page appears in exactly one URL shard; `video-sitemap.xml` is
supplementary and excluded from that count. Every `<loc>` must be a built page (or a
served asset) that is not `noindex`, must start with the site base, and must not
repeat within its shard. The index must list every shard in dist/ and nothing else,
and robots.txt must point at exactly `<base>/sitemap_index.xml`.

## Problems

None.


## Shards

| shard | urls |
| --- | --- |
| location-sitemap.xml | 11 |
| page-sitemap.xml | 13 |
| post-sitemap.xml | 1 |
| puppy-sitemap.xml | 6 |
| video-sitemap.xml | 4 |

31 of 49 built pages are indexable; each must appear in exactly one URL shard.

examined 49 built pages, 5 shards, 35 sitemap urls; 0 problems

examined 49 built pages, 5 shards, 35 sitemap urls; 0 problems

> bsuk@0.1.0 check:placeholders
> python3 scripts/placeholder_check.py

# Placeholders (pre-launch build)
  SITE_URL_PLACEHOLDER       891 occurrence(s) in 112 file(s)
  PHONE_PLACEHOLDER           19 occurrence(s) in 12 file(s)
  FORMSPREE_ID_PLACEHOLDER     0 occurrence(s) in 0 file(s)
  LICENCE_CLAIM_PLACEHOLDER   633 occurrence(s) in 70 file(s)
  LEGAL_CLAIM_PLACEHOLDER    149 occurrence(s) in 66 file(s)
  TOTAL                     1692
placeholders: 1692 (advisory — set BSUK_RELEASE=1 to make this blocking)

> bsuk@0.1.0 check:markers
> python3 scripts/marker_check.py

examined 233 files; 0 problems

> bsuk@0.1.0 agents
> python3 scripts/build_agent_registry.py --check

examined 36 agents; 0 problems
--- EXIT 0 : npm run check:all ---
--- STEP: npm run test:py ---

> bsuk@0.1.0 test:py
> python3 -m pytest tests/py -q

........................................................................ [  5%]
........................................................................ [ 11%]
......................................................s..sssss..s....... [ 17%]
........................................................................ [ 23%]
........................................................................ [ 28%]
........................................................................ [ 34%]
........................................................................ [ 40%]
........................................................................ [ 46%]
........................................................................ [ 51%]
........................................................................ [ 57%]
........................................................................ [ 63%]
........................................................................ [ 69%]
........................................................................ [ 75%]
........................................................................ [ 80%]
........................................................................ [ 86%]
........................................................................ [ 92%]
........................................................................ [ 98%]
.......................                                                  [100%]
=============================== warnings summary ===============================
tests/py/test_extract_blog.py: 38 warnings
tests/py/test_extract_core.py: 6 warnings
tests/py/test_extract_writers.py: 43 warnings
tests/py/test_images.py: 8 warnings
tests/py/test_old_pups.py: 32 warnings
tests/py/test_parity.py: 19 warnings
  /Users/apple/Library/Python/3.9/lib/python/site-packages/bs4/builder/_lxml.py:124: DeprecationWarning: The 'strip_cdata' option of HTMLParser() has never done anything and will eventually be removed.
    parser = parser(

-- Docs: https://docs.pytest.org/en/stable/how-to/capture-warnings.html
1240 passed, 7 skipped, 146 warnings in 80.80s (0:01:20)
--- EXIT 0 : npm run test:py ---
--- STEP: python3 scripts/port_from_cag.py ---
examined 180 rows; applied 10, skipped-existing 129, deferred 41, missing 0, blocked 0
--- EXIT 0 : python3 scripts/port_from_cag.py ---
--- STEP: python3 scripts/board_gate.py index ---
board-gate index [build] — 14 sections, 15 headings, 49 live pages, 0 entity refs, 0 ledger siblings, 0 assets examined
  WARN ledger-examined-zero     the component ledger records 1 page(s) and no sibling of index — the five ledger-* checks examined nothing
  FAIL header-collision         shingle: 'Meet the Proud Parents of Our Blue Staffy Puppies' vs /uk-locations/staffy-breeding-dogs-glasgow/ 'Our Commitment: The Cornerstone of Our Blue Staffy Puppies'
  FAIL header-collision         shingle: 'Our Commitment to the Health of Our Blue Staffy Puppies' vs /uk-locations/staffy-breeding-dogs-glasgow/ 'Our Commitment: The Cornerstone of Our Blue Staffy Puppies'
  FAIL header-collision         shingle: 'How to Buy Your Blue Staffy Puppy' vs /uk-blue-staffy-puppy-buying-guide/ 'How to Buy Your Blue Staffy Puppy from BlueStaffyUK.uk'
  WARN min-h5-h6                H5 0 / H6 0 — floor is 5 each
3 FAIL · 2 WARN
--- EXIT 1 : python3 scripts/board_gate.py index ---
--- STEP: npm run quality ---

> bsuk@0.1.0 quality
> python3 scripts/quality_report.py

==============================================================================
BSUK QUALITY REPORT
==============================================================================

1. REWORK RATE  (lagging — spec target: under 15% at 90 days)
   no windows recorded — run scripts/rework_ledger.py --last-30-days (arrives with project 4)

2. FIRST-RUN DEFECTS  (leading — most recent 10 pages)
   page                                            rows   inst  by family
   uk-staffordshire-bull-terrier-guide               15    960  CSS:3 DUP:3 NAV:3 SEM:6
   uk-locations/blue-staffy-puppies-uk               15    690  CSS:3 DUP:3 NAV:3 SEM:6
   uk-locations/blue-staffy-puppies-birmingham        9     30  CSS:3 SCHEMA:3 SEM:3
   uk-locations                                       9     24  CSS:3 SCHEMA:3 SEM:3
   uk-blue-staffy-puppy-buying-guide                 20    879  A11Y:3 CSS:3 DUP:3 LAYOUT:2 SEM:9
   uk-blue-staffy-breeders-contact                   12    174  CSS:3 DUP:3 FORM:3 SEM:3
   privacy-policy-uk                                 15    351  CSS:3 SCHEMA:3 SEM:9
   index                                             21    908  CSS:3 DUP:3 IMG:3 NAV:3 SEM:9
   buy-staffy-puppies-for-sale-uk                    19    787  CSS:3 DUP:3 IMG:2 LAYOUT:2 SEM:9
   buy-blue-staffy-puppies-uk                        21    624  CSS:3 DUP:3 IMG:3 NAV:3 SEM:9

3. NEXT ACTION
   worst family: SEM (117 rows) — fix the check first if it looks impossible

4. OPEN OVERRIDES  (0 distinct, suppressing on 0 page-runs)
   none

5. RULES WITH NO BACKING TEST  (deletion candidates)
   no test and no justified judgment class: entity-4-move-loop, meaningful-words-no-stop-words, header-style-declared, image-keyword-distribution, uniform-inbody-image-sizing, link-first-anchors, src-pages-is-deployed, design-context-read-first, visual-first-workflow, same-content-on-redesign, verify-the-gate-first, puppies-extended-meta, delivery-band-on-every-card, design-system-nine, read-card-thumb-is-target-hero, release-guarded-publication, no-credential-in-a-committed-file, no-head-cropped-portraits

--- EXIT 0 : npm run quality ---
--- STEP: npm run test:render:meta ---

> bsuk@0.1.0 test:render:meta
> playwright test -c tests/render/playwright.config.ts meta.spec.ts


Running 351 tests using 2 workers

  ✓    1 [vp375] › tests/render/meta.spec.ts:59:1 › the registry is not empty (11ms)
  ✓    2 [vp768] › tests/render/meta.spec.ts:59:1 › the registry is not empty (9ms)
[WebServer] 127.0.0.1 - - [17/Sep/2026 02:31:53] "GET /tests/render/fixtures/known_broken/form-inquiry-contract.html HTTP/1.1" 200 -
[WebServer] 127.0.0.1 - - [17/Sep/2026 02:31:53] "GET /tests/render/fixtures/known_broken/form-inquiry-contract.html HTTP/1.1" 200 -
  ✓    4 [vp768] › tests/render/meta.spec.ts:96:5 › form-inquiry-contract [FORM] › fires on the known_broken fixture (517ms)
  ✓    3 [vp375] › tests/render/meta.spec.ts:96:5 › form-inquiry-contract [FORM] › fires on the known_broken fixture (548ms)
[WebServer] 127.0.0.1 - - [17/Sep/2026 02:31:53] "GET /tests/render/fixtures/known_good/form-inquiry-contract.html HTTP/1.1" 200 -
[WebServer] 127.0.0.1 - - [17/Sep/2026 02:31:53] "GET /tests/render/fixtures/known_good/form-inquiry-contract.html HTTP/1.1" 200 -
  ✓    6 [vp375] › tests/render/meta.spec.ts:112:5 › form-inquiry-contract [FORM] › is silent on the known_good fixture (321ms)
  ✓    5 [vp768] › tests/render/meta.spec.ts:112:5 › form-inquiry-contract [FORM] › is silent on the known_good fixture (369ms)
[WebServer] 127.0.0.1 - - [17/Sep/2026 02:31:54] "GET /tests/render/fixtures/known_broken/layout-no-horizontal-overflow.html HTTP/1.1" 200 -
[WebServer] 127.0.0.1 - - [17/Sep/2026 02:31:54] "GET /tests/render/fixtures/known_broken/layout-no-horizontal-overflow.html HTTP/1.1" 200 -
  ✓    7 [vp375] › tests/render/meta.spec.ts:96:5 › layout-no-horizontal-overflow [LAYOUT] › fires on the known_broken fixture (163ms)
  ✓    8 [vp768] › tests/render/meta.spec.ts:96:5 › layout-no-horizontal-overflow [LAYOUT] › fires on the known_broken fixture (343ms)
[WebServer] 127.0.0.1 - - [17/Sep/2026 02:31:54] "GET /tests/render/fixtures/known_good/layout-no-horizontal-overflow.html HTTP/1.1" 200 -
[WebServer] 127.0.0.1 - - [17/Sep/2026 02:31:54] "GET /tests/render/fixtures/known_good/layout-no-horizontal-overflow.html HTTP/1.1" 200 -
  ✓   10 [vp768] › tests/render/meta.spec.ts:112:5 › layout-no-horizontal-overflow [LAYOUT] › is silent on the known_good fixture (277ms)
  ✓    9 [vp375] › tests/render/meta.spec.ts:112:5 › layout-no-horizontal-overflow [LAYOUT] › is silent on the known_good fixture (438ms)
[WebServer] 127.0.0.1 - - [17/Sep/2026 02:31:54] "GET /tests/render/fixtures/known_broken/layout-min-font-size.html HTTP/1.1" 200 -
[WebServer] 127.0.0.1 - - [17/Sep/2026 02:31:55] "GET /tests/render/fixtures/known_broken/layout-min-font-size.html HTTP/1.1" 200 -
  ✓   12 [vp375] › tests/render/meta.spec.ts:96:5 › layout-min-font-size [LAYOUT] › fires on the known_broken fixture (271ms)
  ✓   11 [vp768] › tests/render/meta.spec.ts:96:5 › layout-min-font-size [LAYOUT] › fires on the known_broken fixture (189ms)
[WebServer] 127.0.0.1 - - [17/Sep/2026 02:31:55] "GET /tests/render/fixtures/known_good/layout-min-font-size.html HTTP/1.1" 200 -
[WebServer] 127.0.0.1 - - [17/Sep/2026 02:31:55] "GET /tests/render/fixtures/known_good/layout-min-font-size.html HTTP/1.1" 200 -
  ✓   13 [vp375] › tests/render/meta.spec.ts:112:5 › layout-min-font-size [LAYOUT] › is silent on the known_good fixture (329ms)
  ✓   14 [vp768] › tests/render/meta.spec.ts:112:5 › layout-min-font-size [LAYOUT] › is silent on the known_good fixture (281ms)
[WebServer] 127.0.0.1 - - [17/Sep/2026 02:31:55] "GET /tests/render/fixtures/known_broken/layout-tap-target-size.html HTTP/1.1" 200 -
[WebServer] 127.0.0.1 - - [17/Sep/2026 02:31:55] "GET /tests/render/fixtures/known_broken/layout-tap-target-size.html HTTP/1.1" 200 -
  ✓   15 [vp375] › tests/render/meta.spec.ts:96:5 › layout-tap-target-size [LAYOUT] › fires on the known_broken fixture (215ms)
  ✓   16 [vp768] › tests/render/meta.spec.ts:96:5 › layout-tap-target-size [LAYOUT] › fires on the known_broken fixture (225ms)
[WebServer] 127.0.0.1 - - [17/Sep/2026 02:31:55] "GET /tests/render/fixtures/known_good/layout-tap-target-size.html HTTP/1.1" 200 -
[WebServer] 127.0.0.1 - - [17/Sep/2026 02:31:55] "GET /tests/render/fixtures/known_good/layout-tap-target-size.html HTTP/1.1" 200 -
  ✓   18 [vp768] › tests/render/meta.spec.ts:112:5 › layout-tap-target-size [LAYOUT] › is silent on the known_good fixture (268ms)
  ✓   17 [vp375] › tests/render/meta.spec.ts:112:5 › layout-tap-target-size [LAYOUT] › is silent on the known_good fixture (261ms)
[WebServer] 127.0.0.1 - - [17/Sep/2026 02:31:56] "GET /tests/render/fixtures/known_broken/layout-hero-counter-separation.html HTTP/1.1" 200 -
[WebServer] 127.0.0.1 - - [17/Sep/2026 02:31:56] "GET /tests/render/fixtures/known_broken/layout-hero-counter-separation.html HTTP/1.1" 200 -
  ✓   20 [vp375] › tests/render/meta.spec.ts:96:5 › layout-hero-counter-separation [LAYOUT] › fires on the known_broken fixture (206ms)
  ✓   19 [vp768] › tests/render/meta.spec.ts:96:5 › layout-hero-counter-separation [LAYOUT] › fires on the known_broken fixture (248ms)
[WebServer] 127.0.0.1 - - [17/Sep/2026 02:31:56] "GET /tests/render/fixtures/known_good/layout-hero-counter-separation.html HTTP/1.1" 200 -
[WebServer] 127.0.0.1 - - [17/Sep/2026 02:31:56] "GET /tests/render/fixtures/known_good/layout-hero-counter-separation.html HTTP/1.1" 200 -
  ✓   22 [vp768] › tests/render/meta.spec.ts:112:5 › layout-hero-counter-separation [LAYOUT] › is silent on the known_good fixture (282ms)
  ✓   21 [vp375] › tests/render/meta.spec.ts:112:5 › layout-hero-counter-separation [LAYOUT] › is silent on the known_good fixture (340ms)
[WebServer] 127.0.0.1 - - [17/Sep/2026 02:31:56] "GET /tests/render/fixtures/known_broken/layout-h3-image-first.html HTTP/1.1" 200 -
[WebServer] 127.0.0.1 - - [17/Sep/2026 02:31:56] "GET /tests/render/fixtures/known_broken/layout-h3-image-first.html HTTP/1.1" 200 -
  ✓   23 [vp768] › tests/render/meta.spec.ts:96:5 › layout-h3-image-first [LAYOUT] › fires on the known_broken fixture (316ms)
  ✓   24 [vp375] › tests/render/meta.spec.ts:96:5 › layout-h3-image-first [LAYOUT] › fires on the known_broken fixture (368ms)
[WebServer] 127.0.0.1 - - [17/Sep/2026 02:31:57] "GET /tests/render/fixtures/known_good/layout-h3-image-first.html HTTP/1.1" 200 -
[WebServer] 127.0.0.1 - - [17/Sep/2026 02:31:57] "GET /tests/render/fixtures/known_good/layout-h3-image-first.html HTTP/1.1" 200 -
  ✓   25 [vp768] › tests/render/meta.spec.ts:112:5 › layout-h3-image-first [LAYOUT] › is silent on the known_good fixture (220ms)
  ✓   26 [vp375] › tests/render/meta.spec.ts:112:5 › layout-h3-image-first [LAYOUT] › is silent on the known_good fixture (289ms)
[WebServer] 127.0.0.1 - - [17/Sep/2026 02:31:57] "GET /tests/render/fixtures/known_broken/layout-image-box-reserved.html HTTP/1.1" 200 -
[WebServer] 127.0.0.1 - - [17/Sep/2026 02:31:57] "GET /tests/render/fixtures/assets/wide-1600.png HTTP/1.1" 200 -
[WebServer] 127.0.0.1 - - [17/Sep/2026 02:31:57] "GET /tests/render/fixtures/known_broken/layout-image-box-reserved.html HTTP/1.1" 200 -
[WebServer] 127.0.0.1 - - [17/Sep/2026 02:31:57] "GET /tests/render/fixtures/assets/wide-1600.png HTTP/1.1" 200 -
[WebServer] 127.0.0.1 - - [17/Sep/2026 02:31:57] code 404, message File not found
[WebServer] 127.0.0.1 - - [17/Sep/2026 02:31:57] "GET /__bsuk_pending_image__/0.webp HTTP/1.1" 404 -
  ✓   27 [vp768] › tests/render/meta.spec.ts:96:5 › layout-image-box-reserved [LAYOUT] › fires on the known_broken fixture (372ms)
[WebServer] 127.0.0.1 - - [17/Sep/2026 02:31:57] code 404, message File not found
[WebServer] 127.0.0.1 - - [17/Sep/2026 02:31:57] "GET /__bsuk_pending_image__/0.webp HTTP/1.1" 404 -
  ✓   28 [vp375] › tests/render/meta.spec.ts:96:5 › layout-image-box-reserved [LAYOUT] › fires on the known_broken fixture (349ms)
[WebServer] 127.0.0.1 - - [17/Sep/2026 02:31:57] "GET /tests/render/fixtures/known_good/layout-image-box-reserved.html HTTP/1.1" 200 -
[WebServer] 127.0.0.1 - - [17/Sep/2026 02:31:57] "GET /tests/render/fixtures/assets/wide-1600.png HTTP/1.1" 200 -
[WebServer] 127.0.0.1 - - [17/Sep/2026 02:31:57] code 404, message File not found
[WebServer] 127.0.0.1 - - [17/Sep/2026 02:31:57] "GET /__bsuk_pending_image__/0.webp HTTP/1.1" 404 -
[WebServer] 127.0.0.1 - - [17/Sep/2026 02:31:57] "GET /tests/render/fixtures/known_good/layout-image-box-reserved.html HTTP/1.1" 200 -
[WebServer] 127.0.0.1 - - [17/Sep/2026 02:31:58] "GET /tests/render/fixtures/assets/wide-1600.png HTTP/1.1" 200 -
  ✓   30 [vp375] › tests/render/meta.spec.ts:112:5 › layout-image-box-reserved [LAYOUT] › is silent on the known_good fixture (317ms)
[WebServer] 127.0.0.1 - - [17/Sep/2026 02:31:58] code 404, message File not found
[WebServer] 127.0.0.1 - - [17/Sep/2026 02:31:58] "GET /__bsuk_pending_image__/0.webp HTTP/1.1" 404 -
  ✓   29 [vp768] › tests/render/meta.spec.ts:112:5 › layout-image-box-reserved [LAYOUT] › is silent on the known_good fixture (433ms)
[WebServer] 127.0.0.1 - - [17/Sep/2026 02:31:58] "GET /tests/render/fixtures/known_broken/img-srcset-within-2x.html HTTP/1.1" 200 -
[WebServer] 127.0.0.1 - - [17/Sep/2026 02:31:58] "GET /tests/render/fixtures/assets/wide-1600.png HTTP/1.1" 200 -
[WebServer] 127.0.0.1 - - [17/Sep/2026 02:31:58] "GET /tests/render/fixtures/known_broken/img-srcset-within-2x.html HTTP/1.1" 200 -
[WebServer] 127.0.0.1 - - [17/Sep/2026 02:31:58] "GET /tests/render/fixtures/assets/wide-1600.png HTTP/1.1" 200 -
  ✓   31 [vp375] › tests/render/meta.spec.ts:96:5 › img-srcset-within-2x [IMG] › fires on the known_broken fixture (401ms)
  ✓   32 [vp768] › tests/render/meta.spec.ts:96:5 › img-srcset-within-2x [IMG] › fires on the known_broken fixture (542ms)
[WebServer] 127.0.0.1 - - [17/Sep/2026 02:31:58] "GET /tests/render/fixtures/known_good/img-srcset-within-2x.html HTTP/1.1" 200 -
[WebServer] 127.0.0.1 - - [17/Sep/2026 02:31:58] "GET /tests/render/fixtures/assets/narrow-400.png HTTP/1.1" 200 -
[WebServer] 127.0.0.1 - - [17/Sep/2026 02:31:58] "GET /tests/render/fixtures/known_good/img-srcset-within-2x.html HTTP/1.1" 200 -
[WebServer] 127.0.0.1 - - [17/Sep/2026 02:31:58] "GET /tests/render/fixtures/assets/narrow-400.png HTTP/1.1" 200 -
  ✓   33 [vp375] › tests/render/meta.spec.ts:112:5 › img-srcset-within-2x [IMG] › is silent on the known_good fixture (519ms)
  ✓   34 [vp768] › tests/render/meta.spec.ts:112:5 › img-srcset-within-2x [IMG] › is silent on the known_good fixture (444ms)
[WebServer] 127.0.0.1 - - [17/Sep/2026 02:31:59] "GET /tests/render/fixtures/known_broken/img-alt-present-and-unique.html HTTP/1.1" 200 -
[WebServer] 127.0.0.1 - - [17/Sep/2026 02:31:59] "GET /tests/render/fixtures/assets/narrow-400.png HTTP/1.1" 200 -
[WebServer] 127.0.0.1 - - [17/Sep/2026 02:31:59] "GET /tests/render/fixtures/known_broken/img-alt-present-and-unique.html HTTP/1.1" 200 -
[WebServer] 127.0.0.1 - - [17/Sep/2026 02:31:59] "GET /tests/render/fixtures/assets/narrow-400.png HTTP/1.1" 200 -
  ✓   35 [vp375] › tests/render/meta.spec.ts:96:5 › img-alt-present-and-unique [IMG] › fires on the known_broken fixture (437ms)
  ✓   36 [vp768] › tests/render/meta.spec.ts:96:5 › img-alt-present-and-unique [IMG] › fires on the known_broken fixture (434ms)
[WebServer] 127.0.0.1 - - [17/Sep/2026 02:31:59] "GET /tests/render/fixtures/known_good/img-alt-present-and-unique.html HTTP/1.1" 200 -
[WebServer] 127.0.0.1 - - [17/Sep/2026 02:31:59] "GET /tests/render/fixtures/assets/narrow-400.png HTTP/1.1" 200 -
[WebServer] 127.0.0.1 - - [17/Sep/2026 02:31:59] "GET /tests/render/fixtures/known_good/img-alt-present-and-unique.html HTTP/1.1" 200 -
[WebServer] 127.0.0.1 - - [17/Sep/2026 02:31:59] "GET /tests/render/fixtures/assets/narrow-400.png HTTP/1.1" 200 -
  ✓   37 [vp375] › tests/render/meta.spec.ts:112:5 › img-alt-present-and-unique [IMG] › is silent on the known_good fixture (407ms)
  ✓   38 [vp768] › tests/render/meta.spec.ts:112:5 › img-alt-present-and-unique [IMG] › is silent on the known_good fixture (389ms)
[WebServer] 127.0.0.1 - - [17/Sep/2026 02:32:00] "GET /tests/render/fixtures/known_broken/nav-anchors-resolve.html HTTP/1.1" 200 -
[WebServer] 127.0.0.1 - - [17/Sep/2026 02:32:00] "GET /tests/render/fixtures/known_broken/nav-anchors-resolve.html HTTP/1.1" 200 -
  ✓   39 [vp375] › tests/render/meta.spec.ts:96:5 › nav-anchors-resolve [NAV] › fires on the known_broken fixture (198ms)
  ✓   40 [vp768] › tests/render/meta.spec.ts:96:5 › nav-anchors-resolve [NAV] › fires on the known_broken fixture (221ms)
[WebServer] 127.0.0.1 - - [17/Sep/2026 02:32:00] "GET /tests/render/fixtures/known_good/nav-anchors-resolve.html HTTP/1.1" 200 -
[WebServer] 127.0.0.1 - - [17/Sep/2026 02:32:00] "GET /tests/render/fixtures/known_good/nav-anchors-resolve.html HTTP/1.1" 200 -
  ✓   41 [vp375] › tests/render/meta.spec.ts:112:5 › nav-anchors-resolve [NAV] › is silent on the known_good fixture (237ms)
  ✓   42 [vp768] › tests/render/meta.spec.ts:112:5 › nav-anchors-resolve [NAV] › is silent on the known_good fixture (230ms)
[WebServer] 127.0.0.1 - - [17/Sep/2026 02:32:00] "GET /tests/render/fixtures/known_broken/nav-jump-target-lands.html HTTP/1.1" 200 -
[WebServer] 127.0.0.1 - - [17/Sep/2026 02:32:00] "GET /tests/render/fixtures/known_broken/nav-jump-target-lands.html HTTP/1.1" 200 -
  ✓   44 [vp768] › tests/render/meta.spec.ts:96:5 › nav-jump-target-lands [NAV] › fires on the known_broken fixture (1.6s)
[WebServer] 127.0.0.1 - - [17/Sep/2026 02:32:02] "GET /tests/render/fixtures/known_good/nav-jump-target-lands.html HTTP/1.1" 200 -
  ✓   43 [vp375] › tests/render/meta.spec.ts:96:5 › nav-jump-target-lands [NAV] › fires on the known_broken fixture (1.8s)
[WebServer] 127.0.0.1 - - [17/Sep/2026 02:32:02] "GET /tests/render/fixtures/known_good/nav-jump-target-lands.html HTTP/1.1" 200 -
  ✓   45 [vp768] › tests/render/meta.spec.ts:112:5 › nav-jump-target-lands [NAV] › is silent on the known_good fixture (1.8s)
[WebServer] 127.0.0.1 - - [17/Sep/2026 02:32:04] "GET /tests/render/fixtures/known_broken/sem-heading-order.html HTTP/1.1" 200 -
  ✓   46 [vp375] › tests/render/meta.spec.ts:112:5 › nav-jump-target-lands [NAV] › is silent on the known_good fixture (1.8s)
  ✓   47 [vp768] › tests/render/meta.spec.ts:96:5 › sem-heading-order [SEM] › fires on the known_broken fixture (154ms)
[WebServer] 127.0.0.1 - - [17/Sep/2026 02:32:04] "GET /tests/render/fixtures/known_broken/sem-heading-order.html HTTP/1.1" 200 -
[WebServer] 127.0.0.1 - - [17/Sep/2026 02:32:04] "GET /tests/render/fixtures/known_good/sem-heading-order.html HTTP/1.1" 200 -
  ✓   48 [vp375] › tests/render/meta.spec.ts:96:5 › sem-heading-order [SEM] › fires on the known_broken fixture (188ms)
  ✓   49 [vp768] › tests/render/meta.spec.ts:112:5 › sem-heading-order [SEM] › is silent on the known_good fixture (200ms)
[WebServer] 127.0.0.1 - - [17/Sep/2026 02:32:04] "GET /tests/render/fixtures/known_good/sem-heading-order.html HTTP/1.1" 200 -
[WebServer] 127.0.0.1 - - [17/Sep/2026 02:32:04] "GET /tests/render/fixtures/known_broken/sem-all-six-levels.html HTTP/1.1" 200 -
  ✓   51 [vp768] › tests/render/meta.spec.ts:96:5 › sem-all-six-levels [SEM] › fires on the known_broken fixture (174ms)
  ✓   50 [vp375] › tests/render/meta.spec.ts:112:5 › sem-heading-order [SEM] › is silent on the known_good fixture (211ms)
[WebServer] 127.0.0.1 - - [17/Sep/2026 02:32:04] "GET /tests/render/fixtures/known_broken/sem-all-six-levels.html HTTP/1.1" 200 -
[WebServer] 127.0.0.1 - - [17/Sep/2026 02:32:04] "GET /tests/render/fixtures/known_good/sem-all-six-levels.html HTTP/1.1" 200 -
  ✓   53 [vp375] › tests/render/meta.spec.ts:96:5 › sem-all-six-levels [SEM] › fires on the known_broken fixture (159ms)
  ✓   52 [vp768] › tests/render/meta.spec.ts:112:5 › sem-all-six-levels [SEM] › is silent on the known_good fixture (191ms)
[WebServer] 127.0.0.1 - - [17/Sep/2026 02:32:04] "GET /tests/render/fixtures/known_good/sem-all-six-levels.html HTTP/1.1" 200 -
[WebServer] 127.0.0.1 - - [17/Sep/2026 02:32:04] "GET /tests/render/fixtures/known_broken/sem-title-case-headings.html HTTP/1.1" 200 -
  ✓   55 [vp768] › tests/render/meta.spec.ts:96:5 › sem-title-case-headings [SEM] › fires on the known_broken fixture (186ms)
  ✓   54 [vp375] › tests/render/meta.spec.ts:112:5 › sem-all-six-levels [SEM] › is silent on the known_good fixture (212ms)
[WebServer] 127.0.0.1 - - [17/Sep/2026 02:32:05] "GET /tests/render/fixtures/known_good/sem-title-case-headings.html HTTP/1.1" 200 -
[WebServer] 127.0.0.1 - - [17/Sep/2026 02:32:05] "GET /tests/render/fixtures/known_broken/sem-title-case-headings.html HTTP/1.1" 200 -
  ✓   56 [vp768] › tests/render/meta.spec.ts:112:5 › sem-title-case-headings [SEM] › is silent on the known_good fixture (183ms)
  ✓   57 [vp375] › tests/render/meta.spec.ts:96:5 › sem-title-case-headings [SEM] › fires on the known_broken fixture (206ms)
[WebServer] 127.0.0.1 - - [17/Sep/2026 02:32:05] "GET /tests/render/fixtures/known_broken/sem-section-opening-paragraph.html HTTP/1.1" 200 -
[WebServer] 127.0.0.1 - - [17/Sep/2026 02:32:05] "GET /tests/render/fixtures/known_good/sem-title-case-headings.html HTTP/1.1" 200 -
  ✓   58 [vp768] › tests/render/meta.spec.ts:96:5 › sem-section-opening-paragraph [SEM] › fires on the known_broken fixture (200ms)
  ✓   59 [vp375] › tests/render/meta.spec.ts:112:5 › sem-title-case-headings [SEM] › is silent on the known_good fixture (183ms)
[WebServer] 127.0.0.1 - - [17/Sep/2026 02:32:05] "GET /tests/render/fixtures/known_good/sem-section-opening-paragraph.html HTTP/1.1" 200 -
[WebServer] 127.0.0.1 - - [17/Sep/2026 02:32:05] "GET /tests/render/fixtures/known_broken/sem-section-opening-paragraph.html HTTP/1.1" 200 -
  ✓   60 [vp768] › tests/render/meta.spec.ts:112:5 › sem-section-opening-paragraph [SEM] › is silent on the known_good fixture (190ms)
  ✓   61 [vp375] › tests/render/meta.spec.ts:96:5 › sem-section-opening-paragraph [SEM] › fires on the known_broken fixture (207ms)
[WebServer] 127.0.0.1 - - [17/Sep/2026 02:32:05] "GET /tests/render/fixtures/known_broken/sem-statement-label-visible.html HTTP/1.1" 200 -
[WebServer] 127.0.0.1 - - [17/Sep/2026 02:32:05] "GET /tests/render/fixtures/known_good/sem-section-opening-paragraph.html HTTP/1.1" 200 -
  ✓   62 [vp768] › tests/render/meta.spec.ts:96:5 › sem-statement-label-visible [SEM] › fires on the known_broken fixture (187ms)
  ✓   63 [vp375] › tests/render/meta.spec.ts:112:5 › sem-section-opening-paragraph [SEM] › is silent on the known_good fixture (182ms)
[WebServer] 127.0.0.1 - - [17/Sep/2026 02:32:05] "GET /tests/render/fixtures/known_good/sem-statement-label-visible.html HTTP/1.1" 200 -
[WebServer] 127.0.0.1 - - [17/Sep/2026 02:32:05] "GET /tests/render/fixtures/known_broken/sem-statement-label-visible.html HTTP/1.1" 200 -
  ✓   64 [vp768] › tests/render/meta.spec.ts:112:5 › sem-statement-label-visible [SEM] › is silent on the known_good fixture (202ms)
  ✓   65 [vp375] › tests/render/meta.spec.ts:96:5 › sem-statement-label-visible [SEM] › fires on the known_broken fixture (202ms)
[WebServer] 127.0.0.1 - - [17/Sep/2026 02:32:06] "GET /tests/render/fixtures/known_good/sem-statement-label-visible.html HTTP/1.1" 200 -
[WebServer] 127.0.0.1 - - [17/Sep/2026 02:32:06] "GET /tests/render/fixtures/known_broken/schema-single-product-offer.html HTTP/1.1" 200 -
  ✓   66 [vp768] › tests/render/meta.spec.ts:96:5 › schema-single-product-offer [SCHEMA] › fires on the known_broken fixture (186ms)
  ✓   67 [vp375] › tests/render/meta.spec.ts:112:5 › sem-statement-label-visible [SEM] › is silent on the known_good fixture (200ms)
[WebServer] 127.0.0.1 - - [17/Sep/2026 02:32:06] "GET /tests/render/fixtures/known_good/schema-single-product-offer.html HTTP/1.1" 200 -
  ✓   68 [vp768] › tests/render/meta.spec.ts:112:5 › schema-single-product-offer [SCHEMA] › is silent on the known_good fixture (165ms)
[WebServer] 127.0.0.1 - - [17/Sep/2026 02:32:06] "GET /tests/render/fixtures/known_broken/schema-single-product-offer.html HTTP/1.1" 200 -
  ✓   69 [vp375] › tests/render/meta.spec.ts:96:5 › schema-single-product-offer [SCHEMA] › fires on the known_broken fixture (193ms)
[WebServer] 127.0.0.1 - - [17/Sep/2026 02:32:06] "GET /tests/render/fixtures/known_broken/schema-sold-not-instock.html HTTP/1.1" 200 -
  ✓   70 [vp768] › tests/render/meta.spec.ts:96:5 › schema-sold-not-instock [SCHEMA] › fires on the known_broken fixture (192ms)
[WebServer] 127.0.0.1 - - [17/Sep/2026 02:32:06] "GET /tests/render/fixtures/known_good/schema-single-product-offer.html HTTP/1.1" 200 -
  ✓   71 [vp375] › tests/render/meta.spec.ts:112:5 › schema-single-product-offer [SCHEMA] › is silent on the known_good fixture (201ms)
[WebServer] 127.0.0.1 - - [17/Sep/2026 02:32:06] "GET /tests/render/fixtures/known_good/schema-sold-not-instock.html HTTP/1.1" 200 -
[WebServer] 127.0.0.1 - - [17/Sep/2026 02:32:06] "GET /tests/render/fixtures/known_broken/schema-sold-not-instock.html HTTP/1.1" 200 -
  ✓   72 [vp768] › tests/render/meta.spec.ts:112:5 › schema-sold-not-instock [SCHEMA] › is silent on the known_good fixture (201ms)
  ✓   73 [vp375] › tests/render/meta.spec.ts:96:5 › schema-sold-not-instock [SCHEMA] › fires on the known_broken fixture (178ms)
[WebServer] 127.0.0.1 - - [17/Sep/2026 02:32:06] "GET /tests/render/fixtures/known_broken/schema-date-modified-present.html HTTP/1.1" 200 -
[WebServer] 127.0.0.1 - - [17/Sep/2026 02:32:06] "GET /tests/render/fixtures/known_good/schema-sold-not-instock.html HTTP/1.1" 200 -
  ✓   74 [vp768] › tests/render/meta.spec.ts:96:5 › schema-date-modified-present [SCHEMA] › fires on the known_broken fixture (193ms)
  ✓   75 [vp375] › tests/render/meta.spec.ts:112:5 › schema-sold-not-instock [SCHEMA] › is silent on the known_good fixture (205ms)
[WebServer] 127.0.0.1 - - [17/Sep/2026 02:32:07] "GET /tests/render/fixtures/known_good/schema-date-modified-present.html HTTP/1.1" 200 -
[WebServer] 127.0.0.1 - - [17/Sep/2026 02:32:07] "GET /tests/render/fixtures/known_broken/schema-date-modified-present.html HTTP/1.1" 200 -
  ✓   76 [vp768] › tests/render/meta.spec.ts:112:5 › schema-date-modified-present [SCHEMA] › is silent on the known_good fixture (191ms)
  ✓   77 [vp375] › tests/render/meta.spec.ts:96:5 › schema-date-modified-present [SCHEMA] › fires on the known_broken fixture (188ms)
[WebServer] 127.0.0.1 - - [17/Sep/2026 02:32:07] "GET /tests/render/fixtures/known_broken/schema-no-visible-date.html HTTP/1.1" 200 -
[WebServer] 127.0.0.1 - - [17/Sep/2026 02:32:07] "GET /tests/render/fixtures/known_good/schema-date-modified-present.html HTTP/1.1" 200 -
  ✓   78 [vp768] › tests/render/meta.spec.ts:96:5 › schema-no-visible-date [SCHEMA] › fires on the known_broken fixture (193ms)
  ✓   79 [vp375] › tests/render/meta.spec.ts:112:5 › schema-date-modified-present [SCHEMA] › is silent on the known_good fixture (170ms)
[WebServer] 127.0.0.1 - - [17/Sep/2026 02:32:07] "GET /tests/render/fixtures/known_broken/schema-no-visible-date.html HTTP/1.1" 200 -
[WebServer] 127.0.0.1 - - [17/Sep/2026 02:32:07] "GET /tests/render/fixtures/known_good/schema-no-visible-date.html HTTP/1.1" 200 -
  ✓   81 [vp768] › tests/render/meta.spec.ts:112:5 › schema-no-visible-date [SCHEMA] › is silent on the known_good fixture (180ms)
  ✓   80 [vp375] › tests/render/meta.spec.ts:96:5 › schema-no-visible-date [SCHEMA] › fires on the known_broken fixture (197ms)
[WebServer] 127.0.0.1 - - [17/Sep/2026 02:32:07] "GET /tests/render/fixtures/known_good/schema-no-visible-date.html HTTP/1.1" 200 -
[WebServer] 127.0.0.1 - - [17/Sep/2026 02:32:07] "GET /tests/render/fixtures/known_broken/css-class-resolves.html HTTP/1.1" 200 -
  ✓   83 [vp375] › tests/render/meta.spec.ts:112:5 › schema-no-visible-date [SCHEMA] › is silent on the known_good fixture (172ms)
  ✓   82 [vp768] › tests/render/meta.spec.ts:96:5 › css-class-resolves [CSS] › fires on the known_broken fixture (200ms)
[WebServer] 127.0.0.1 - - [17/Sep/2026 02:32:07] "GET /tests/render/fixtures/known_good/css-class-resolves.html HTTP/1.1" 200 -
[WebServer] 127.0.0.1 - - [17/Sep/2026 02:32:07] "GET /tests/render/fixtures/known_broken/css-class-resolves.html HTTP/1.1" 200 -
  ✓   84 [vp375] › tests/render/meta.spec.ts:96:5 › css-class-resolves [CSS] › fires on the known_broken fixture (199ms)
  ✓   85 [vp768] › tests/render/meta.spec.ts:112:5 › css-class-resolves [CSS] › is silent on the known_good fixture (194ms)
[WebServer] 127.0.0.1 - - [17/Sep/2026 02:32:08] "GET /tests/render/fixtures/known_good/css-class-resolves.html HTTP/1.1" 200 -
[WebServer] 127.0.0.1 - - [17/Sep/2026 02:32:08] "GET /tests/render/fixtures/known_broken/css-no-dead-component-rule.html HTTP/1.1" 200 -
  ✓   87 [vp768] › tests/render/meta.spec.ts:96:5 › css-no-dead-component-rule [CSS] › fires on the known_broken fixture (179ms)
  ✓   86 [vp375] › tests/render/meta.spec.ts:112:5 › css-class-resolves [CSS] › is silent on the known_good fixture (205ms)
[WebServer] 127.0.0.1 - - [17/Sep/2026 02:32:08] "GET /tests/render/fixtures/known_good/css-no-dead-component-rule.html HTTP/1.1" 200 -
  ✓   88 [vp768] › tests/render/meta.spec.ts:112:5 › css-no-dead-component-rule [CSS] › is silent on the known_good fixture (232ms)
[WebServer] 127.0.0.1 - - [17/Sep/2026 02:32:08] "GET /tests/render/fixtures/known_broken/css-no-dead-component-rule.html HTTP/1.1" 200 -
  ✓   89 [vp375] › tests/render/meta.spec.ts:96:5 › css-no-dead-component-rule [CSS] › fires on the known_broken fixture (270ms)
[WebServer] 127.0.0.1 - - [17/Sep/2026 02:32:08] "GET /tests/render/fixtures/known_good/css-no-dead-component-rule.html HTTP/1.1" 200 -
[WebServer] 127.0.0.1 - - [17/Sep/2026 02:32:08] "GET /tests/render/fixtures/known_broken/css-component-color-not-overridden.html HTTP/1.1" 200 -
  ✓   90 [vp768] › tests/render/meta.spec.ts:96:5 › css-component-color-not-overridden [CSS] › fires on the known_broken fixture (255ms)
  ✓   91 [vp375] › tests/render/meta.spec.ts:112:5 › css-no-dead-component-rule [CSS] › is silent on the known_good fixture (234ms)
[WebServer] 127.0.0.1 - - [17/Sep/2026 02:32:08] "GET /tests/render/fixtures/known_good/css-component-color-not-overridden.html HTTP/1.1" 200 -
[WebServer] 127.0.0.1 - - [17/Sep/2026 02:32:08] "GET /tests/render/fixtures/known_broken/css-component-color-not-overridden.html HTTP/1.1" 200 -
  ✓   92 [vp768] › tests/render/meta.spec.ts:112:5 › css-component-color-not-overridden [CSS] › is silent on the known_good fixture (216ms)
  ✓   93 [vp375] › tests/render/meta.spec.ts:96:5 › css-component-color-not-overridden [CSS] › fires on the known_broken fixture (216ms)
[WebServer] 127.0.0.1 - - [17/Sep/2026 02:32:09] "GET /tests/render/fixtures/known_broken/dup-no-sibling-crossover.html HTTP/1.1" 200 -
[WebServer] 127.0.0.1 - - [17/Sep/2026 02:32:09] "GET /tests/render/fixtures/known_good/css-component-color-not-overridden.html HTTP/1.1" 200 -
  ✓   94 [vp768] › tests/render/meta.spec.ts:96:5 › dup-no-sibling-crossover [DUP] › fires on the known_broken fixture (199ms)
  ✓   95 [vp375] › tests/render/meta.spec.ts:112:5 › css-component-color-not-overridden [CSS] › is silent on the known_good fixture (210ms)
[WebServer] 127.0.0.1 - - [17/Sep/2026 02:32:09] "GET /tests/render/fixtures/known_good/dup-no-sibling-crossover.html HTTP/1.1" 200 -
[WebServer] 127.0.0.1 - - [17/Sep/2026 02:32:09] "GET /tests/render/fixtures/known_broken/dup-no-sibling-crossover.html HTTP/1.1" 200 -
  ✓   96 [vp768] › tests/render/meta.spec.ts:112:5 › dup-no-sibling-crossover [DUP] › is silent on the known_good fixture (213ms)
  ✓   97 [vp375] › tests/render/meta.spec.ts:96:5 › dup-no-sibling-crossover [DUP] › fires on the known_broken fixture (181ms)
[WebServer] 127.0.0.1 - - [17/Sep/2026 02:32:09] "GET /tests/render/fixtures/known_broken/a11y-text-contrast-aa.html HTTP/1.1" 200 -
  ✓   98 [vp768] › tests/render/meta.spec.ts:96:5 › a11y-text-contrast-aa [A11Y] › fires on the known_broken fixture (161ms)
[WebServer] 127.0.0.1 - - [17/Sep/2026 02:32:09] "GET /tests/render/fixtures/known_good/dup-no-sibling-crossover.html HTTP/1.1" 200 -
  ✓   99 [vp375] › tests/render/meta.spec.ts:112:5 › dup-no-sibling-crossover [DUP] › is silent on the known_good fixture (244ms)
[WebServer] 127.0.0.1 - - [17/Sep/2026 02:32:09] "GET /tests/render/fixtures/known_good/a11y-text-contrast-aa.html HTTP/1.1" 200 -
  ✓  100 [vp768] › tests/render/meta.spec.ts:112:5 › a11y-text-contrast-aa [A11Y] › is silent on the known_good fixture (211ms)
[WebServer] 127.0.0.1 - - [17/Sep/2026 02:32:09] "GET /tests/render/fixtures/known_broken/a11y-text-contrast-aa.html HTTP/1.1" 200 -
  ✓  101 [vp375] › tests/render/meta.spec.ts:96:5 › a11y-text-contrast-aa [A11Y] › fires on the known_broken fixture (231ms)
  -  102 [vp768] › tests/render/meta.spec.ts:149:3 › dup-no-sibling-crossover sees a crossover adjacent to a whitelisted line › reports each passage beside the shipping line, and never the line itself
  -  104 [vp768] › tests/render/meta.spec.ts:190:3 › dup-no-sibling-crossover judges every page against the whole built site › every target is compared against every other built page
[WebServer] 127.0.0.1 - - [17/Sep/2026 02:32:10] "GET /tests/render/fixtures/known_good/a11y-text-contrast-aa.html HTTP/1.1" 200 -
  ✓  103 [vp375] › tests/render/meta.spec.ts:112:5 › a11y-text-contrast-aa [A11Y] › is silent on the known_good fixture (169ms)
  -  105 [vp768] › tests/render/meta.spec.ts:262:3 › dup-no-sibling-crossover tokenises exactly like dup_content_audit.py › a run that is 12 words only because an apostrophe split a word is not a crossover
[WebServer] 127.0.0.1 - - [17/Sep/2026 02:32:10] "GET /tests/render/fixtures/known_broken/dup-adjacent-to-whitelist.html HTTP/1.1" 200 -
  -  107 [vp768] › tests/render/meta.spec.ts:279:3 › dup-no-sibling-crossover tokenises exactly like dup_content_audit.py › an apostrophe the corpus page writes as &#39; is the same word
  -  108 [vp768] › tests/render/meta.spec.ts:293:3 › dup-no-sibling-crossover tokenises exactly like dup_content_audit.py › normalise() and the whitelist stems match Python token for token
  ✓  109 [vp768] › tests/render/meta.spec.ts:338:3 › dist/ freshness gate › a dist/ newer than src/ is fresh (3ms)
  ✓  106 [vp375] › tests/render/meta.spec.ts:149:3 › dup-no-sibling-crossover sees a crossover adjacent to a whitelisted line › reports each passage beside the shipping line, and never the line itself (206ms)
  ✓  110 [vp768] › tests/render/meta.spec.ts:347:3 › dist/ freshness gate › a src/ file newer than every dist/ file is STALE (16ms)
  ✓  112 [vp768] › tests/render/meta.spec.ts:359:3 › dist/ freshness gate › a newer package.json (the non-directory branch of newest()) forces refusal (4ms)
  ✓  111 [vp375] › tests/render/meta.spec.ts:190:3 › dup-no-sibling-crossover judges every page against the whole built site › every target is compared against every other built page (12ms)
  ✓  113 [vp768] › tests/render/meta.spec.ts:374:3 › dist/ freshness gate › a missing dist/ is STALE, never fresh-by-default (1ms)
  ✓  115 [vp768] › tests/render/meta.spec.ts:386:3 › dist/ freshness gate › an empty dist/ is STALE (4ms)
  ✓  116 [vp768] › tests/render/meta.spec.ts:397:3 › dist/ freshness gate › vendored trees under src/ are not treated as source (3ms)
  ✓  117 [vp768] › tests/render/meta.spec.ts:413:3 › dist/ freshness gate › an unreadable path under src/ refuses rather than silently passing as fresh (2ms)
  ✓  118 [vp768] › tests/render/meta.spec.ts:425:3 › resetRaw › empties a populated raw dir, so a refused run cannot merge into a prior clean scorecard (2ms)
  -  119 [vp768] › tests/render/meta.spec.ts:543:3 › globalSetup vs spec-module-scope regression probe › resetRaw() at spec module scope loses other workers' partials
  -  120 [vp768] › tests/render/meta.spec.ts:558:3 › globalSetup vs spec-module-scope regression probe › resetRaw() in globalSetup preserves every project’s partial
  ✓  121 [vp768] › tests/render/meta.spec.ts:576:3 › resetRaw placement — pins the actual production wiring › resetRaw() is called in global-setup.ts and nowhere in pages.spec.ts (1ms)
[WebServer] 127.0.0.1 - - [17/Sep/2026 02:32:10] "GET /tests/render/fixtures/known_broken/dup-contraction-boundary.html HTTP/1.1" 200 -
  ✓  114 [vp375] › tests/render/meta.spec.ts:262:3 › dup-no-sibling-crossover tokenises exactly like dup_content_audit.py › a run that is 12 words only because an apostrophe split a word is not a crossover (331ms)
[WebServer] 127.0.0.1 - - [17/Sep/2026 02:32:10] "GET /tests/render/fixtures/known_broken/dup-contraction-entity.html HTTP/1.1" 200 -
  ✓  123 [vp375] › tests/render/meta.spec.ts:279:3 › dup-no-sibling-crossover tokenises exactly like dup_content_audit.py › an apostrophe the corpus page writes as &#39; is the same word (196ms)
  ✓  124 [vp375] › tests/render/meta.spec.ts:293:3 › dup-no-sibling-crossover tokenises exactly like dup_content_audit.py › normalise() and the whitelist stems match Python token for token (143ms)
  ✓  125 [vp375] › tests/render/meta.spec.ts:338:3 › dist/ freshness gate › a dist/ newer than src/ is fresh (3ms)
  ✓  126 [vp375] › tests/render/meta.spec.ts:347:3 › dist/ freshness gate › a src/ file newer than every dist/ file is STALE (3ms)
  ✓  127 [vp375] › tests/render/meta.spec.ts:359:3 › dist/ freshness gate › a newer package.json (the non-directory branch of newest()) forces refusal (2ms)
  ✓  128 [vp375] › tests/render/meta.spec.ts:374:3 › dist/ freshness gate › a missing dist/ is STALE, never fresh-by-default (2ms)
  ✓  129 [vp375] › tests/render/meta.spec.ts:386:3 › dist/ freshness gate › an empty dist/ is STALE (2ms)
  ✓  130 [vp375] › tests/render/meta.spec.ts:397:3 › dist/ freshness gate › vendored trees under src/ are not treated as source (2ms)
  ✓  131 [vp375] › tests/render/meta.spec.ts:413:3 › dist/ freshness gate › an unreadable path under src/ refuses rather than silently passing as fresh (3ms)
  ✓  132 [vp375] › tests/render/meta.spec.ts:425:3 › resetRaw › empties a populated raw dir, so a refused run cannot merge into a prior clean scorecard (4ms)
  ✓  133 [vp375] › tests/render/meta.spec.ts:543:3 › globalSetup vs spec-module-scope regression probe › resetRaw() at spec module scope loses other workers' partials (3.4s)
  ✓  134 [vp375] › tests/render/meta.spec.ts:558:3 › globalSetup vs spec-module-scope regression probe › resetRaw() in globalSetup preserves every project’s partial (3.0s)
  ✓  135 [vp375] › tests/render/meta.spec.ts:576:3 › resetRaw placement — pins the actual production wiring › resetRaw() is called in global-setup.ts and nowhere in pages.spec.ts (2ms)
  ✓  122 [vp768] › tests/render/meta.spec.ts:600:3 › nav-jump-target-lands reports causes, not instances › a page with many broken anchors yields ONE row per failure mode (10.7s)
  -  137 [vp768] › tests/render/meta.spec.ts:669:3 › nav-jump-target-lands names the direction of failure › fires on a page whose targets overshoot the chrome band
  -  138 [vp768] › tests/render/meta.spec.ts:681:3 › nav-jump-target-lands names the direction of failure › stays silent when the same page lands inside the band
  -  139 [vp768] › tests/render/meta.spec.ts:697:3 › nav-jump-target-lands names the direction of failure › names both cohorts when targets fail in opposite directions
  -  140 [vp768] › tests/render/meta.spec.ts:716:3 › nav-jump-target-lands names the direction of failure › names an undershooting minority without claiming overshoot
  -  141 [vp768] › tests/render/meta.spec.ts:757:3 › nav-jump-target-lands measures geometry, not smooth-scroll timing › clicks under instant scrolling, restores the page, and still catches the real miss
  ✓  142 [vp768] › tests/render/meta.spec.ts:829:3 › the check-result contract › accepts a well-formed result (86ms)
  ✓  143 [vp768] › tests/render/meta.spec.ts:834:3 › the check-result contract › rejects more rows than MAX_DEFECT_ROWS (85ms)
  ✓  144 [vp768] › tests/render/meta.spec.ts:839:3 › the check-result contract › rejects a row with no count (87ms)
  ✓  145 [vp768] › tests/render/meta.spec.ts:843:3 › the check-result contract › rejects count: 0 — a defect row describes at least one failure (84ms)
  ✓  146 [vp768] › tests/render/meta.spec.ts:847:3 › the check-result contract › rejects a row attributed to a different check (85ms)
  ✓  147 [vp768] › tests/render/meta.spec.ts:853:3 › the check-result contract › rejects a row attributed to a different family (77ms)
  ✓  148 [vp768] › tests/render/meta.spec.ts:857:3 › the check-result contract › rejects a negative examined count (82ms)
  ✓  149 [vp768] › tests/render/meta.spec.ts:870:3 › nested slugs cannot silently lose a page › flattenSlug removes every path separator (2ms)
  ✓  150 [vp768] › tests/render/meta.spec.ts:879:3 › nested slugs cannot silently lose a page › writePartial actually lands a file for a nested slug (7ms)
  -  151 [vp768] › tests/render/meta.spec.ts:905:3 › measureTopChrome is deterministic and finds late-pinning chrome › finds a rail that only pins past 1.5 viewports
  -  152 [vp768] › tests/render/meta.spec.ts:919:3 › measureTopChrome is deterministic and finds late-pinning chrome › returns the same height however the page was left scrolled
  -  153 [vp768] › tests/render/meta.spec.ts:954:3 › waitForScrollSettle does not call an UNSTARTED scroll settled › waits out a scroll whose first frame lands after the stability threshold
  -  154 [vp768] › tests/render/meta.spec.ts:977:3 › waitForScrollSettle does not call an UNSTARTED scroll settled › still settles promptly when the scroll never needed to move
  -  155 [vp768] › tests/render/meta.spec.ts:998:3 › measureTopChrome does not absorb sticky page content › a sticky sidebar pinned at top:0 is not counted as chrome
  -  156 [vp768] › tests/render/meta.spec.ts:1022:3 › layout-tap-target-size honours WCAG 2.5.8 exemptions › is silent on skip links, prose links, labelled inputs and isolated targets
  ✓  157 [vp768] › tests/render/meta.spec.ts:1077:3 › dist/ freshness sees a DELETED source page › a built route whose source was deleted is reported by name (2ms)
  ✓  158 [vp768] › tests/render/meta.spec.ts:1085:3 › dist/ freshness sees a DELETED source page › matching source and built sets report no orphan (2ms)
  ✓  159 [vp768] › tests/render/meta.spec.ts:1096:3 › dist/ freshness sees a DELETED source page › checkDistFreshness refuses, and its reason names the orphaned route (3ms)
  ✓  160 [vp768] › tests/render/meta.spec.ts:1110:3 › dist/ freshness sees a DELETED source page › the real repo has no orphaned routes (8ms)
  ✓  161 [vp768] › tests/render/meta.spec.ts:1149:3 › every registered family is actually wired into targets.json › the predicate names a family that is registered but wired nowhere (0ms)
  ✓  162 [vp768] › tests/render/meta.spec.ts:1155:3 › every registered family is actually wired into targets.json › a family wired into even one page type is not reported (0ms)
  ✓  163 [vp768] › tests/render/meta.spec.ts:1163:3 › every registered family is actually wired into targets.json › the REAL repo wires every family it registers (3ms)
  ✓  164 [vp768] › tests/render/meta.spec.ts:1173:3 › every registered family is actually wired into targets.json › targets.json declares no family that no check registers (1ms)
[WebServer] 127.0.0.1 - - [17/Sep/2026 02:32:23] "GET /tests/render/fixtures/known_broken/img-broken-vs-still-loading.html HTTP/1.1" 200 -
[WebServer] 127.0.0.1 - - [17/Sep/2026 02:32:23] code 404, message File not found
[WebServer] 127.0.0.1 - - [17/Sep/2026 02:32:23] "GET /definitely-not-a-real-image-404.webp HTTP/1.1" 404 -
[WebServer] 127.0.0.1 - - [17/Sep/2026 02:32:23] code 404, message File not found
[WebServer] 127.0.0.1 - - [17/Sep/2026 02:32:23] "GET /definitely-not-a-real-image-404.webp HTTP/1.1" 404 -
  ✓  165 [vp768] › tests/render/meta.spec.ts:1209:3 › img-srcset-within-2x separates broken from still-loading › a 404 image is still reported — a broken page must not score clean (335ms)
[WebServer] 127.0.0.1 - - [17/Sep/2026 02:32:23] "GET /tests/render/fixtures/known_broken/img-broken-vs-still-loading.html HTTP/1.1" 200 -
[WebServer] 127.0.0.1 - - [17/Sep/2026 02:32:23] code 404, message File not found
[WebServer] 127.0.0.1 - - [17/Sep/2026 02:32:23] "GET /definitely-not-a-real-image-404.webp HTTP/1.1" 404 -
[WebServer] 127.0.0.1 - - [17/Sep/2026 02:32:23] code 404, message File not found
[WebServer] 127.0.0.1 - - [17/Sep/2026 02:32:23] "GET /definitely-not-a-real-image-404.webp HTTP/1.1" 404 -
  ✓  166 [vp768] › tests/render/meta.spec.ts:1222:3 › img-srcset-within-2x separates broken from still-loading › the decodable image is examined, not skipped (316ms)
[WebServer] 127.0.0.1 - - [17/Sep/2026 02:32:23] "GET /tests/render/fixtures/known_broken/img-broken-vs-still-loading.html HTTP/1.1" 200 -
[WebServer] 127.0.0.1 - - [17/Sep/2026 02:32:23] code 404, message File not found
[WebServer] 127.0.0.1 - - [17/Sep/2026 02:32:23] "GET /definitely-not-a-real-image-404.webp HTTP/1.1" 404 -
[WebServer] 127.0.0.1 - - [17/Sep/2026 02:32:24] code 404, message File not found
[WebServer] 127.0.0.1 - - [17/Sep/2026 02:32:24] "GET /definitely-not-a-real-image-404.webp HTTP/1.1" 404 -
  ✓  167 [vp768] › tests/render/meta.spec.ts:1233:3 › img-srcset-within-2x separates broken from still-loading › no defect row ever describes an image as merely still loading (319ms)
[WebServer] 127.0.0.1 - - [17/Sep/2026 02:32:24] "GET /tests/render/fixtures/form-inquiry-contract-noform.html HTTP/1.1" 200 -
  ✓  168 [vp768] › tests/render/meta.spec.ts:1281:3 › form-inquiry-contract: zero-examined is a defect only where a form is expected › the contact page with no non-search form fires one defect (112ms)
[WebServer] 127.0.0.1 - - [17/Sep/2026 02:32:24] "GET /tests/render/fixtures/form-inquiry-contract-noform.html HTTP/1.1" 200 -
  ✓  169 [vp768] › tests/render/meta.spec.ts:1297:3 › form-inquiry-contract: zero-examined is a defect only where a form is expected › a location page with no non-search form is silent (112ms)
[WebServer] 127.0.0.1 - - [17/Sep/2026 02:32:24] "GET /tests/render/fixtures/form-inquiry-contract-noform.html HTTP/1.1" 200 -
  ✓  170 [vp768] › tests/render/meta.spec.ts:1310:3 › form-inquiry-contract: zero-examined is a defect only where a form is expected › a hub page with no non-search form is silent (112ms)
  ✓  171 [vp768] › tests/render/meta.spec.ts:1335:3 › fieldChecksSkipped pins the field-contract exemption list › in scope: every rich and blog page, contact page included (2ms)
  ✓  172 [vp768] › tests/render/meta.spec.ts:1347:3 › fieldChecksSkipped pins the field-contract exemption list › exempt: the uk-locations cluster and the hubs (2ms)
  ✓  173 [vp768] › tests/render/meta.spec.ts:1364:3 › contractFor pins the per-slug field contract › full: rich pages (1ms)
  ✓  174 [vp768] › tests/render/meta.spec.ts:1369:3 › contractFor pins the per-slug field contract › short: blog-kind pages, and blog/* posts absent from the map (1ms)
  ✓  175 [vp768] › tests/render/meta.spec.ts:1373:3 › contractFor pins the per-slug field contract › none: the locations cluster and the hubs (1ms)
  ✓  176 [vp768] › tests/render/meta.spec.ts:1387:3 › formExpected pins the zero-examined exemption list › expected: the contact page only (0ms)
  ✓  177 [vp768] › tests/render/meta.spec.ts:1391:3 › formExpected pins the zero-examined exemption list › not expected: other interior pages, home, puppy, hub, location and blog (2ms)
[WebServer] 127.0.0.1 - - [17/Sep/2026 02:32:24] "GET /tests/render/fixtures/known_good/form-inquiry-contract-blog-short.html HTTP/1.1" 200 -
  ✓  178 [vp768] › tests/render/meta.spec.ts:1414:3 › form-inquiry-contract: the short (blog) contract is exercised › a blog-kind page with name/email/message only is clean (118ms)
[WebServer] 127.0.0.1 - - [17/Sep/2026 02:32:24] "GET /tests/render/fixtures/known_good/form-inquiry-contract-blog-short.html HTTP/1.1" 200 -
  ✓  179 [vp768] › tests/render/meta.spec.ts:1429:3 › form-inquiry-contract: the short (blog) contract is exercised › the same form missing `message` fires (113ms)
  ✓  180 [vp768] › tests/render/meta.spec.ts:1467:3 › every deferred check is registered and still passes both fixtures › every deferred id names a check the registry actually holds (0ms)
  ✓  181 [vp768] › tests/render/meta.spec.ts:1487:3 › every deferred check is registered and still passes both fixtures › every deferred id carries a reason that states its promotion condition (2ms)
  ✓  182 [vp768] › tests/render/meta.spec.ts:1510:3 › every deferred check is registered and still passes both fixtures › no deferred check is actually examining nodes in the latest run (33ms)
[WebServer] 127.0.0.1 - - [17/Sep/2026 02:32:24] "GET /tests/render/fixtures/known_broken/layout-hero-counter-separation.html HTTP/1.1" 200 -
[WebServer] 127.0.0.1 - - [17/Sep/2026 02:32:24] "GET /tests/render/fixtures/known_good/layout-hero-counter-separation.html HTTP/1.1" 200 -
  ✓  183 [vp768] › tests/render/meta.spec.ts:1548:5 › every deferred check is registered and still passes both fixtures › layout-hero-counter-separation still fires on known_broken and is silent on known_good (133ms)
[WebServer] 127.0.0.1 - - [17/Sep/2026 02:32:25] "GET /tests/render/fixtures/known_broken/layout-h3-image-first.html HTTP/1.1" 200 -
[WebServer] 127.0.0.1 - - [17/Sep/2026 02:32:25] "GET /tests/render/fixtures/known_good/layout-h3-image-first.html HTTP/1.1" 200 -
  ✓  184 [vp768] › tests/render/meta.spec.ts:1548:5 › every deferred check is registered and still passes both fixtures › layout-h3-image-first still fires on known_broken and is silent on known_good (143ms)
[WebServer] 127.0.0.1 - - [17/Sep/2026 02:32:25] "GET /tests/render/fixtures/known_broken/sem-statement-label-visible.html HTTP/1.1" 200 -
[WebServer] 127.0.0.1 - - [17/Sep/2026 02:32:25] "GET /tests/render/fixtures/known_good/sem-statement-label-visible.html HTTP/1.1" 200 -
  ✓  185 [vp768] › tests/render/meta.spec.ts:1548:5 › every deferred check is registered and still passes both fixtures › sem-statement-label-visible still fires on known_broken and is silent on known_good (119ms)
  ✓  186 [vp1280] › tests/render/meta.spec.ts:59:1 › the registry is not empty (6ms)
[WebServer] 127.0.0.1 - - [17/Sep/2026 02:32:26] "GET /tests/render/fixtures/known_broken/form-inquiry-contract.html HTTP/1.1" 200 -
  ✓  187 [vp1280] › tests/render/meta.spec.ts:96:5 › form-inquiry-contract [FORM] › fires on the known_broken fixture (294ms)
[WebServer] 127.0.0.1 - - [17/Sep/2026 02:32:26] "GET /tests/render/fixtures/known_good/form-inquiry-contract.html HTTP/1.1" 200 -
  ✓  188 [vp1280] › tests/render/meta.spec.ts:112:5 › form-inquiry-contract [FORM] › is silent on the known_good fixture (141ms)
[WebServer] 127.0.0.1 - - [17/Sep/2026 02:32:26] "GET /tests/render/fixtures/known_broken/layout-no-horizontal-overflow.html HTTP/1.1" 200 -
  ✓  189 [vp1280] › tests/render/meta.spec.ts:96:5 › layout-no-horizontal-overflow [LAYOUT] › fires on the known_broken fixture (129ms)
[WebServer] 127.0.0.1 - - [17/Sep/2026 02:32:27] "GET /tests/render/fixtures/known_good/layout-no-horizontal-overflow.html HTTP/1.1" 200 -
  ✓  190 [vp1280] › tests/render/meta.spec.ts:112:5 › layout-no-horizontal-overflow [LAYOUT] › is silent on the known_good fixture (141ms)
[WebServer] 127.0.0.1 - - [17/Sep/2026 02:32:27] "GET /tests/render/fixtures/known_broken/layout-min-font-size.html HTTP/1.1" 200 -
  ✓  191 [vp1280] › tests/render/meta.spec.ts:96:5 › layout-min-font-size [LAYOUT] › fires on the known_broken fixture (113ms)
[WebServer] 127.0.0.1 - - [17/Sep/2026 02:32:27] "GET /tests/render/fixtures/known_good/layout-min-font-size.html HTTP/1.1" 200 -
  ✓  192 [vp1280] › tests/render/meta.spec.ts:112:5 › layout-min-font-size [LAYOUT] › is silent on the known_good fixture (113ms)
[WebServer] 127.0.0.1 - - [17/Sep/2026 02:32:27] "GET /tests/render/fixtures/known_broken/layout-tap-target-size.html HTTP/1.1" 200 -
  ✓  193 [vp1280] › tests/render/meta.spec.ts:96:5 › layout-tap-target-size [LAYOUT] › fires on the known_broken fixture (122ms)
[WebServer] 127.0.0.1 - - [17/Sep/2026 02:32:27] "GET /tests/render/fixtures/known_good/layout-tap-target-size.html HTTP/1.1" 200 -
  ✓  194 [vp1280] › tests/render/meta.spec.ts:112:5 › layout-tap-target-size [LAYOUT] › is silent on the known_good fixture (130ms)
[WebServer] 127.0.0.1 - - [17/Sep/2026 02:32:27] "GET /tests/render/fixtures/known_broken/layout-hero-counter-separation.html HTTP/1.1" 200 -
  ✓  195 [vp1280] › tests/render/meta.spec.ts:96:5 › layout-hero-counter-separation [LAYOUT] › fires on the known_broken fixture (120ms)
[WebServer] 127.0.0.1 - - [17/Sep/2026 02:32:27] "GET /tests/render/fixtures/known_good/layout-hero-counter-separation.html HTTP/1.1" 200 -
  ✓  196 [vp1280] › tests/render/meta.spec.ts:112:5 › layout-hero-counter-separation [LAYOUT] › is silent on the known_good fixture (124ms)
[WebServer] 127.0.0.1 - - [17/Sep/2026 02:32:28] "GET /tests/render/fixtures/known_broken/layout-h3-image-first.html HTTP/1.1" 200 -
  ✓  197 [vp1280] › tests/render/meta.spec.ts:96:5 › layout-h3-image-first [LAYOUT] › fires on the known_broken fixture (151ms)
[WebServer] 127.0.0.1 - - [17/Sep/2026 02:32:28] "GET /tests/render/fixtures/known_good/layout-h3-image-first.html HTTP/1.1" 200 -
  ✓  198 [vp1280] › tests/render/meta.spec.ts:112:5 › layout-h3-image-first [LAYOUT] › is silent on the known_good fixture (120ms)
[WebServer] 127.0.0.1 - - [17/Sep/2026 02:32:28] "GET /tests/render/fixtures/known_broken/layout-image-box-reserved.html HTTP/1.1" 200 -
[WebServer] 127.0.0.1 - - [17/Sep/2026 02:32:28] "GET /tests/render/fixtures/assets/wide-1600.png HTTP/1.1" 200 -
[WebServer] 127.0.0.1 - - [17/Sep/2026 02:32:28] code 404, message File not found
[WebServer] 127.0.0.1 - - [17/Sep/2026 02:32:28] "GET /__bsuk_pending_image__/0.webp HTTP/1.1" 404 -
  ✓  199 [vp1280] › tests/render/meta.spec.ts:96:5 › layout-image-box-reserved [LAYOUT] › fires on the known_broken fixture (167ms)
[WebServer] 127.0.0.1 - - [17/Sep/2026 02:32:28] "GET /tests/render/fixtures/known_good/layout-image-box-reserved.html HTTP/1.1" 200 -
[WebServer] 127.0.0.1 - - [17/Sep/2026 02:32:28] "GET /tests/render/fixtures/assets/wide-1600.png HTTP/1.1" 200 -
  ✓  136 [vp375] › tests/render/meta.spec.ts:600:3 › nav-jump-target-lands reports causes, not instances › a page with many broken anchors yields ONE row per failure mode (10.9s)
[WebServer] 127.0.0.1 - - [17/Sep/2026 02:32:28] code 404, message File not found
[WebServer] 127.0.0.1 - - [17/Sep/2026 02:32:28] "GET /__bsuk_pending_image__/0.webp HTTP/1.1" 404 -
[WebServer] 127.0.0.1 - - [17/Sep/2026 02:32:28] "GET /tests/render/fixtures/known_broken/nav-overshoot.html HTTP/1.1" 200 -
  ✓  200 [vp1280] › tests/render/meta.spec.ts:112:5 › layout-image-box-reserved [LAYOUT] › is silent on the known_good fixture (256ms)
[WebServer] 127.0.0.1 - - [17/Sep/2026 02:32:28] "GET /tests/render/fixtures/known_broken/img-srcset-within-2x.html HTTP/1.1" 200 -
[WebServer] 127.0.0.1 - - [17/Sep/2026 02:32:28] "GET /tests/render/fixtures/assets/wide-1600.png HTTP/1.1" 200 -
  ✓  202 [vp1280] › tests/render/meta.spec.ts:96:5 › img-srcset-within-2x [IMG] › fires on the known_broken fixture (315ms)
[WebServer] 127.0.0.1 - - [17/Sep/2026 02:32:29] "GET /tests/render/fixtures/known_good/img-srcset-within-2x.html HTTP/1.1" 200 -
[WebServer] 127.0.0.1 - - [17/Sep/2026 02:32:29] "GET /tests/render/fixtures/assets/narrow-400.png HTTP/1.1" 200 -
  ✓  203 [vp1280] › tests/render/meta.spec.ts:112:5 › img-srcset-within-2x [IMG] › is silent on the known_good fixture (316ms)
[WebServer] 127.0.0.1 - - [17/Sep/2026 02:32:29] "GET /tests/render/fixtures/known_broken/img-alt-present-and-unique.html HTTP/1.1" 200 -
[WebServer] 127.0.0.1 - - [17/Sep/2026 02:32:29] "GET /tests/render/fixtures/assets/narrow-400.png HTTP/1.1" 200 -
  ✓  204 [vp1280] › tests/render/meta.spec.ts:96:5 › img-alt-present-and-unique [IMG] › fires on the known_broken fixture (320ms)
[WebServer] 127.0.0.1 - - [17/Sep/2026 02:32:29] "GET /tests/render/fixtures/known_good/img-alt-present-and-unique.html HTTP/1.1" 200 -
[WebServer] 127.0.0.1 - - [17/Sep/2026 02:32:29] "GET /tests/render/fixtures/assets/narrow-400.png HTTP/1.1" 200 -
  ✓  205 [vp1280] › tests/render/meta.spec.ts:112:5 › img-alt-present-and-unique [IMG] › is silent on the known_good fixture (320ms)
[WebServer] 127.0.0.1 - - [17/Sep/2026 02:32:30] "GET /tests/render/fixtures/known_broken/nav-anchors-resolve.html HTTP/1.1" 200 -
  ✓  206 [vp1280] › tests/render/meta.spec.ts:96:5 › nav-anchors-resolve [NAV] › fires on the known_broken fixture (112ms)
[WebServer] 127.0.0.1 - - [17/Sep/2026 02:32:30] "GET /tests/render/fixtures/known_good/nav-anchors-resolve.html HTTP/1.1" 200 -
  ✓  207 [vp1280] › tests/render/meta.spec.ts:112:5 › nav-anchors-resolve [NAV] › is silent on the known_good fixture (117ms)
[WebServer] 127.0.0.1 - - [17/Sep/2026 02:32:30] "GET /tests/render/fixtures/known_broken/nav-jump-target-lands.html HTTP/1.1" 200 -
  ✓  201 [vp375] › tests/render/meta.spec.ts:669:3 › nav-jump-target-lands names the direction of failure › fires on a page whose targets overshoot the chrome band (2.2s)
[WebServer] 127.0.0.1 - - [17/Sep/2026 02:32:30] "GET /tests/render/fixtures/known_good/nav-overshoot-fixed.html HTTP/1.1" 200 -
  ✓  208 [vp1280] › tests/render/meta.spec.ts:96:5 › nav-jump-target-lands [NAV] › fires on the known_broken fixture (1.7s)
[WebServer] 127.0.0.1 - - [17/Sep/2026 02:32:32] "GET /tests/render/fixtures/known_good/nav-jump-target-lands.html HTTP/1.1" 200 -
  ✓  209 [vp375] › tests/render/meta.spec.ts:681:3 › nav-jump-target-lands names the direction of failure › stays silent when the same page lands inside the band (2.2s)
[WebServer] 127.0.0.1 - - [17/Sep/2026 02:32:32] "GET /tests/render/fixtures/known_broken/nav-overshoot-mixed.html HTTP/1.1" 200 -
  ✓  210 [vp1280] › tests/render/meta.spec.ts:112:5 › nav-jump-target-lands [NAV] › is silent on the known_good fixture (2.0s)
[WebServer] 127.0.0.1 - - [17/Sep/2026 02:32:34] "GET /tests/render/fixtures/known_broken/sem-heading-order.html HTTP/1.1" 200 -
  ✓  212 [vp1280] › tests/render/meta.spec.ts:96:5 › sem-heading-order [SEM] › fires on the known_broken fixture (149ms)
[WebServer] 127.0.0.1 - - [17/Sep/2026 02:32:34] "GET /tests/render/fixtures/known_good/sem-heading-order.html HTTP/1.1" 200 -
  ✓  213 [vp1280] › tests/render/meta.spec.ts:112:5 › sem-heading-order [SEM] › is silent on the known_good fixture (126ms)
[WebServer] 127.0.0.1 - - [17/Sep/2026 02:32:34] "GET /tests/render/fixtures/known_broken/sem-all-six-levels.html HTTP/1.1" 200 -
  ✓  214 [vp1280] › tests/render/meta.spec.ts:96:5 › sem-all-six-levels [SEM] › fires on the known_broken fixture (112ms)
[WebServer] 127.0.0.1 - - [17/Sep/2026 02:32:34] "GET /tests/render/fixtures/known_good/sem-all-six-levels.html HTTP/1.1" 200 -
  ✓  215 [vp1280] › tests/render/meta.spec.ts:112:5 › sem-all-six-levels [SEM] › is silent on the known_good fixture (149ms)
[WebServer] 127.0.0.1 - - [17/Sep/2026 02:32:34] "GET /tests/render/fixtures/known_broken/sem-title-case-headings.html HTTP/1.1" 200 -
  ✓  216 [vp1280] › tests/render/meta.spec.ts:96:5 › sem-title-case-headings [SEM] › fires on the known_broken fixture (129ms)
[WebServer] 127.0.0.1 - - [17/Sep/2026 02:32:34] "GET /tests/render/fixtures/known_good/sem-title-case-headings.html HTTP/1.1" 200 -
  ✓  217 [vp1280] › tests/render/meta.spec.ts:112:5 › sem-title-case-headings [SEM] › is silent on the known_good fixture (120ms)
[WebServer] 127.0.0.1 - - [17/Sep/2026 02:32:34] "GET /tests/render/fixtures/known_broken/sem-section-opening-paragraph.html HTTP/1.1" 200 -
  ✓  218 [vp1280] › tests/render/meta.spec.ts:96:5 › sem-section-opening-paragraph [SEM] › fires on the known_broken fixture (112ms)
[WebServer] 127.0.0.1 - - [17/Sep/2026 02:32:35] "GET /tests/render/fixtures/known_good/sem-section-opening-paragraph.html HTTP/1.1" 200 -
  ✓  219 [vp1280] › tests/render/meta.spec.ts:112:5 › sem-section-opening-paragraph [SEM] › is silent on the known_good fixture (120ms)
[WebServer] 127.0.0.1 - - [17/Sep/2026 02:32:35] "GET /tests/render/fixtures/known_broken/sem-statement-label-visible.html HTTP/1.1" 200 -
  ✓  220 [vp1280] › tests/render/meta.spec.ts:96:5 › sem-statement-label-visible [SEM] › fires on the known_broken fixture (113ms)
[WebServer] 127.0.0.1 - - [17/Sep/2026 02:32:35] "GET /tests/render/fixtures/known_good/sem-statement-label-visible.html HTTP/1.1" 200 -
  ✓  221 [vp1280] › tests/render/meta.spec.ts:112:5 › sem-statement-label-visible [SEM] › is silent on the known_good fixture (125ms)
[WebServer] 127.0.0.1 - - [17/Sep/2026 02:32:35] "GET /tests/render/fixtures/known_broken/schema-single-product-offer.html HTTP/1.1" 200 -
  ✓  222 [vp1280] › tests/render/meta.spec.ts:96:5 › schema-single-product-offer [SCHEMA] › fires on the known_broken fixture (120ms)
[WebServer] 127.0.0.1 - - [17/Sep/2026 02:32:35] "GET /tests/render/fixtures/known_good/schema-single-product-offer.html HTTP/1.1" 200 -
  ✓  223 [vp1280] › tests/render/meta.spec.ts:112:5 › schema-single-product-offer [SCHEMA] › is silent on the known_good fixture (144ms)
[WebServer] 127.0.0.1 - - [17/Sep/2026 02:32:35] "GET /tests/render/fixtures/known_broken/schema-sold-not-instock.html HTTP/1.1" 200 -
  ✓  224 [vp1280] › tests/render/meta.spec.ts:96:5 › schema-sold-not-instock [SCHEMA] › fires on the known_broken fixture (116ms)
[WebServer] 127.0.0.1 - - [17/Sep/2026 02:32:35] "GET /tests/render/fixtures/known_good/schema-sold-not-instock.html HTTP/1.1" 200 -
  ✓  225 [vp1280] › tests/render/meta.spec.ts:112:5 › schema-sold-not-instock [SCHEMA] › is silent on the known_good fixture (159ms)
[WebServer] 127.0.0.1 - - [17/Sep/2026 02:32:36] "GET /tests/render/fixtures/known_broken/schema-date-modified-present.html HTTP/1.1" 200 -
  ✓  226 [vp1280] › tests/render/meta.spec.ts:96:5 › schema-date-modified-present [SCHEMA] › fires on the known_broken fixture (133ms)
[WebServer] 127.0.0.1 - - [17/Sep/2026 02:32:36] "GET /tests/render/fixtures/known_good/schema-date-modified-present.html HTTP/1.1" 200 -
  ✓  227 [vp1280] › tests/render/meta.spec.ts:112:5 › schema-date-modified-present [SCHEMA] › is silent on the known_good fixture (112ms)
[WebServer] 127.0.0.1 - - [17/Sep/2026 02:32:36] "GET /tests/render/fixtures/known_broken/schema-no-visible-date.html HTTP/1.1" 200 -
  ✓  228 [vp1280] › tests/render/meta.spec.ts:96:5 › schema-no-visible-date [SCHEMA] › fires on the known_broken fixture (157ms)
[WebServer] 127.0.0.1 - - [17/Sep/2026 02:32:36] "GET /tests/render/fixtures/known_good/schema-no-visible-date.html HTTP/1.1" 200 -
  ✓  229 [vp1280] › tests/render/meta.spec.ts:112:5 › schema-no-visible-date [SCHEMA] › is silent on the known_good fixture (124ms)
[WebServer] 127.0.0.1 - - [17/Sep/2026 02:32:36] "GET /tests/render/fixtures/known_broken/css-class-resolves.html HTTP/1.1" 200 -
  ✓  230 [vp1280] › tests/render/meta.spec.ts:96:5 › css-class-resolves [CSS] › fires on the known_broken fixture (115ms)
[WebServer] 127.0.0.1 - - [17/Sep/2026 02:32:36] "GET /tests/render/fixtures/known_good/css-class-resolves.html HTTP/1.1" 200 -
  ✓  231 [vp1280] › tests/render/meta.spec.ts:112:5 › css-class-resolves [CSS] › is silent on the known_good fixture (116ms)
[WebServer] 127.0.0.1 - - [17/Sep/2026 02:32:36] "GET /tests/render/fixtures/known_broken/css-no-dead-component-rule.html HTTP/1.1" 200 -
  ✓  232 [vp1280] › tests/render/meta.spec.ts:96:5 › css-no-dead-component-rule [CSS] › fires on the known_broken fixture (115ms)
[WebServer] 127.0.0.1 - - [17/Sep/2026 02:32:37] "GET /tests/render/fixtures/known_good/css-no-dead-component-rule.html HTTP/1.1" 200 -
  ✓  233 [vp1280] › tests/render/meta.spec.ts:112:5 › css-no-dead-component-rule [CSS] › is silent on the known_good fixture (126ms)
[WebServer] 127.0.0.1 - - [17/Sep/2026 02:32:37] "GET /tests/render/fixtures/known_broken/css-component-color-not-overridden.html HTTP/1.1" 200 -
  ✓  234 [vp1280] › tests/render/meta.spec.ts:96:5 › css-component-color-not-overridden [CSS] › fires on the known_broken fixture (146ms)
[WebServer] 127.0.0.1 - - [17/Sep/2026 02:32:37] "GET /tests/render/fixtures/known_good/css-component-color-not-overridden.html HTTP/1.1" 200 -
  ✓  235 [vp1280] › tests/render/meta.spec.ts:112:5 › css-component-color-not-overridden [CSS] › is silent on the known_good fixture (163ms)
[WebServer] 127.0.0.1 - - [17/Sep/2026 02:32:37] "GET /tests/render/fixtures/known_broken/dup-no-sibling-crossover.html HTTP/1.1" 200 -
  ✓  236 [vp1280] › tests/render/meta.spec.ts:96:5 › dup-no-sibling-crossover [DUP] › fires on the known_broken fixture (250ms)
[WebServer] 127.0.0.1 - - [17/Sep/2026 02:32:37] "GET /tests/render/fixtures/known_good/dup-no-sibling-crossover.html HTTP/1.1" 200 -
  ✓  237 [vp1280] › tests/render/meta.spec.ts:112:5 › dup-no-sibling-crossover [DUP] › is silent on the known_good fixture (112ms)
[WebServer] 127.0.0.1 - - [17/Sep/2026 02:32:37] "GET /tests/render/fixtures/known_broken/a11y-text-contrast-aa.html HTTP/1.1" 200 -
  ✓  238 [vp1280] › tests/render/meta.spec.ts:96:5 › a11y-text-contrast-aa [A11Y] › fires on the known_broken fixture (177ms)
[WebServer] 127.0.0.1 - - [17/Sep/2026 02:32:38] "GET /tests/render/fixtures/known_good/a11y-text-contrast-aa.html HTTP/1.1" 200 -
  ✓  239 [vp1280] › tests/render/meta.spec.ts:112:5 › a11y-text-contrast-aa [A11Y] › is silent on the known_good fixture (151ms)
  -  240 [vp1280] › tests/render/meta.spec.ts:149:3 › dup-no-sibling-crossover sees a crossover adjacent to a whitelisted line › reports each passage beside the shipping line, and never the line itself
  -  241 [vp1280] › tests/render/meta.spec.ts:190:3 › dup-no-sibling-crossover judges every page against the whole built site › every target is compared against every other built page
  -  242 [vp1280] › tests/render/meta.spec.ts:262:3 › dup-no-sibling-crossover tokenises exactly like dup_content_audit.py › a run that is 12 words only because an apostrophe split a word is not a crossover
  -  243 [vp1280] › tests/render/meta.spec.ts:279:3 › dup-no-sibling-crossover tokenises exactly like dup_content_audit.py › an apostrophe the corpus page writes as &#39; is the same word
  -  244 [vp1280] › tests/render/meta.spec.ts:293:3 › dup-no-sibling-crossover tokenises exactly like dup_content_audit.py › normalise() and the whitelist stems match Python token for token
  ✓  245 [vp1280] › tests/render/meta.spec.ts:338:3 › dist/ freshness gate › a dist/ newer than src/ is fresh (4ms)
  ✓  246 [vp1280] › tests/render/meta.spec.ts:347:3 › dist/ freshness gate › a src/ file newer than every dist/ file is STALE (6ms)
  ✓  247 [vp1280] › tests/render/meta.spec.ts:359:3 › dist/ freshness gate › a newer package.json (the non-directory branch of newest()) forces refusal (6ms)
  ✓  248 [vp1280] › tests/render/meta.spec.ts:374:3 › dist/ freshness gate › a missing dist/ is STALE, never fresh-by-default (5ms)
  ✓  249 [vp1280] › tests/render/meta.spec.ts:386:3 › dist/ freshness gate › an empty dist/ is STALE (7ms)
  ✓  250 [vp1280] › tests/render/meta.spec.ts:397:3 › dist/ freshness gate › vendored trees under src/ are not treated as source (5ms)
  ✓  251 [vp1280] › tests/render/meta.spec.ts:413:3 › dist/ freshness gate › an unreadable path under src/ refuses rather than silently passing as fresh (4ms)
  ✓  252 [vp1280] › tests/render/meta.spec.ts:425:3 › resetRaw › empties a populated raw dir, so a refused run cannot merge into a prior clean scorecard (4ms)
  -  253 [vp1280] › tests/render/meta.spec.ts:543:3 › globalSetup vs spec-module-scope regression probe › resetRaw() at spec module scope loses other workers' partials
  -  254 [vp1280] › tests/render/meta.spec.ts:558:3 › globalSetup vs spec-module-scope regression probe › resetRaw() in globalSetup preserves every project’s partial
  ✓  255 [vp1280] › tests/render/meta.spec.ts:576:3 › resetRaw placement — pins the actual production wiring › resetRaw() is called in global-setup.ts and nowhere in pages.spec.ts (2ms)
  ✓  211 [vp375] › tests/render/meta.spec.ts:697:3 › nav-jump-target-lands names the direction of failure › names both cohorts when targets fail in opposite directions (10.4s)
[WebServer] 127.0.0.1 - - [17/Sep/2026 02:32:43] "GET /tests/render/fixtures/known_broken/nav-undershoot-minority.html HTTP/1.1" 200 -
  ✓  256 [vp1280] › tests/render/meta.spec.ts:600:3 › nav-jump-target-lands reports causes, not instances › a page with many broken anchors yields ONE row per failure mode (10.8s)
  -  258 [vp1280] › tests/render/meta.spec.ts:669:3 › nav-jump-target-lands names the direction of failure › fires on a page whose targets overshoot the chrome band
  -  259 [vp1280] › tests/render/meta.spec.ts:681:3 › nav-jump-target-lands names the direction of failure › stays silent when the same page lands inside the band
  -  260 [vp1280] › tests/render/meta.spec.ts:697:3 › nav-jump-target-lands names the direction of failure › names both cohorts when targets fail in opposite directions
  -  261 [vp1280] › tests/render/meta.spec.ts:716:3 › nav-jump-target-lands names the direction of failure › names an undershooting minority without claiming overshoot
  -  262 [vp1280] › tests/render/meta.spec.ts:757:3 › nav-jump-target-lands measures geometry, not smooth-scroll timing › clicks under instant scrolling, restores the page, and still catches the real miss
  ✓  263 [vp1280] › tests/render/meta.spec.ts:829:3 › the check-result contract › accepts a well-formed result (107ms)
  ✓  264 [vp1280] › tests/render/meta.spec.ts:834:3 › the check-result contract › rejects more rows than MAX_DEFECT_ROWS (97ms)
  ✓  265 [vp1280] › tests/render/meta.spec.ts:839:3 › the check-result contract › rejects a row with no count (86ms)
  ✓  266 [vp1280] › tests/render/meta.spec.ts:843:3 › the check-result contract › rejects count: 0 — a defect row describes at least one failure (87ms)
  ✓  267 [vp1280] › tests/render/meta.spec.ts:847:3 › the check-result contract › rejects a row attributed to a different check (105ms)
  ✓  268 [vp1280] › tests/render/meta.spec.ts:853:3 › the check-result contract › rejects a row attributed to a different family (90ms)
  ✓  269 [vp1280] › tests/render/meta.spec.ts:857:3 › the check-result contract › rejects a negative examined count (91ms)
  ✓  270 [vp1280] › tests/render/meta.spec.ts:870:3 › nested slugs cannot silently lose a page › flattenSlug removes every path separator (2ms)
  ✓  271 [vp1280] › tests/render/meta.spec.ts:879:3 › nested slugs cannot silently lose a page › writePartial actually lands a file for a nested slug (2ms)
  -  272 [vp1280] › tests/render/meta.spec.ts:905:3 › measureTopChrome is deterministic and finds late-pinning chrome › finds a rail that only pins past 1.5 viewports
  -  273 [vp1280] › tests/render/meta.spec.ts:919:3 › measureTopChrome is deterministic and finds late-pinning chrome › returns the same height however the page was left scrolled
  -  274 [vp1280] › tests/render/meta.spec.ts:954:3 › waitForScrollSettle does not call an UNSTARTED scroll settled › waits out a scroll whose first frame lands after the stability threshold
  -  275 [vp1280] › tests/render/meta.spec.ts:977:3 › waitForScrollSettle does not call an UNSTARTED scroll settled › still settles promptly when the scroll never needed to move
  -  276 [vp1280] › tests/render/meta.spec.ts:998:3 › measureTopChrome does not absorb sticky page content › a sticky sidebar pinned at top:0 is not counted as chrome
  -  277 [vp1280] › tests/render/meta.spec.ts:1022:3 › layout-tap-target-size honours WCAG 2.5.8 exemptions › is silent on skip links, prose links, labelled inputs and isolated targets
  ✓  278 [vp1280] › tests/render/meta.spec.ts:1077:3 › dist/ freshness sees a DELETED source page › a built route whose source was deleted is reported by name (3ms)
  ✓  279 [vp1280] › tests/render/meta.spec.ts:1085:3 › dist/ freshness sees a DELETED source page › matching source and built sets report no orphan (3ms)
  ✓  280 [vp1280] › tests/render/meta.spec.ts:1096:3 › dist/ freshness sees a DELETED source page › checkDistFreshness refuses, and its reason names the orphaned route (4ms)
  ✓  281 [vp1280] › tests/render/meta.spec.ts:1110:3 › dist/ freshness sees a DELETED source page › the real repo has no orphaned routes (4ms)
  ✓  282 [vp1280] › tests/render/meta.spec.ts:1149:3 › every registered family is actually wired into targets.json › the predicate names a family that is registered but wired nowhere (1ms)
  ✓  283 [vp1280] › tests/render/meta.spec.ts:1155:3 › every registered family is actually wired into targets.json › a family wired into even one page type is not reported (0ms)
  ✓  284 [vp1280] › tests/render/meta.spec.ts:1163:3 › every registered family is actually wired into targets.json › the REAL repo wires every family it registers (1ms)
  ✓  285 [vp1280] › tests/render/meta.spec.ts:1173:3 › every registered family is actually wired into targets.json › targets.json declares no family that no check registers (1ms)
[WebServer] 127.0.0.1 - - [17/Sep/2026 02:32:51] "GET /tests/render/fixtures/known_broken/img-broken-vs-still-loading.html HTTP/1.1" 200 -
[WebServer] 127.0.0.1 - - [17/Sep/2026 02:32:51] code 404, message File not found
[WebServer] 127.0.0.1 - - [17/Sep/2026 02:32:51] "GET /definitely-not-a-real-image-404.webp HTTP/1.1" 404 -
[WebServer] 127.0.0.1 - - [17/Sep/2026 02:32:51] code 404, message File not found
[WebServer] 127.0.0.1 - - [17/Sep/2026 02:32:51] "GET /definitely-not-a-real-image-404.webp HTTP/1.1" 404 -
  ✓  286 [vp1280] › tests/render/meta.spec.ts:1209:3 › img-srcset-within-2x separates broken from still-loading › a 404 image is still reported — a broken page must not score clean (377ms)
[WebServer] 127.0.0.1 - - [17/Sep/2026 02:32:52] "GET /tests/render/fixtures/known_broken/img-broken-vs-still-loading.html HTTP/1.1" 200 -
[WebServer] 127.0.0.1 - - [17/Sep/2026 02:32:52] code 404, message File not found
[WebServer] 127.0.0.1 - - [17/Sep/2026 02:32:52] "GET /definitely-not-a-real-image-404.webp HTTP/1.1" 404 -
[WebServer] 127.0.0.1 - - [17/Sep/2026 02:32:52] code 404, message File not found
[WebServer] 127.0.0.1 - - [17/Sep/2026 02:32:52] "GET /definitely-not-a-real-image-404.webp HTTP/1.1" 404 -
  ✓  287 [vp1280] › tests/render/meta.spec.ts:1222:3 › img-srcset-within-2x separates broken from still-loading › the decodable image is examined, not skipped (338ms)
[WebServer] 127.0.0.1 - - [17/Sep/2026 02:32:52] "GET /tests/render/fixtures/known_broken/img-broken-vs-still-loading.html HTTP/1.1" 200 -
[WebServer] 127.0.0.1 - - [17/Sep/2026 02:32:52] code 404, message File not found
[WebServer] 127.0.0.1 - - [17/Sep/2026 02:32:52] "GET /definitely-not-a-real-image-404.webp HTTP/1.1" 404 -
[WebServer] 127.0.0.1 - - [17/Sep/2026 02:32:52] code 404, message File not found
[WebServer] 127.0.0.1 - - [17/Sep/2026 02:32:52] "GET /definitely-not-a-real-image-404.webp HTTP/1.1" 404 -
  ✓  288 [vp1280] › tests/render/meta.spec.ts:1233:3 › img-srcset-within-2x separates broken from still-loading › no defect row ever describes an image as merely still loading (328ms)
[WebServer] 127.0.0.1 - - [17/Sep/2026 02:32:52] "GET /tests/render/fixtures/form-inquiry-contract-noform.html HTTP/1.1" 200 -
  ✓  289 [vp1280] › tests/render/meta.spec.ts:1281:3 › form-inquiry-contract: zero-examined is a defect only where a form is expected › the contact page with no non-search form fires one defect (180ms)
[WebServer] 127.0.0.1 - - [17/Sep/2026 02:32:53] "GET /tests/render/fixtures/form-inquiry-contract-noform.html HTTP/1.1" 200 -
  ✓  290 [vp1280] › tests/render/meta.spec.ts:1297:3 › form-inquiry-contract: zero-examined is a defect only where a form is expected › a location page with no non-search form is silent (140ms)
[WebServer] 127.0.0.1 - - [17/Sep/2026 02:32:53] "GET /tests/render/fixtures/form-inquiry-contract-noform.html HTTP/1.1" 200 -
  ✓  291 [vp1280] › tests/render/meta.spec.ts:1310:3 › form-inquiry-contract: zero-examined is a defect only where a form is expected › a hub page with no non-search form is silent (147ms)
  ✓  292 [vp1280] › tests/render/meta.spec.ts:1335:3 › fieldChecksSkipped pins the field-contract exemption list › in scope: every rich and blog page, contact page included (2ms)
  ✓  293 [vp1280] › tests/render/meta.spec.ts:1347:3 › fieldChecksSkipped pins the field-contract exemption list › exempt: the uk-locations cluster and the hubs (3ms)
  ✓  294 [vp1280] › tests/render/meta.spec.ts:1364:3 › contractFor pins the per-slug field contract › full: rich pages (1ms)
  ✓  295 [vp1280] › tests/render/meta.spec.ts:1369:3 › contractFor pins the per-slug field contract › short: blog-kind pages, and blog/* posts absent from the map (1ms)
  ✓  296 [vp1280] › tests/render/meta.spec.ts:1373:3 › contractFor pins the per-slug field contract › none: the locations cluster and the hubs (2ms)
  ✓  297 [vp1280] › tests/render/meta.spec.ts:1387:3 › formExpected pins the zero-examined exemption list › expected: the contact page only (0ms)
  ✓  298 [vp1280] › tests/render/meta.spec.ts:1391:3 › formExpected pins the zero-examined exemption list › not expected: other interior pages, home, puppy, hub, location and blog (2ms)
[WebServer] 127.0.0.1 - - [17/Sep/2026 02:32:53] "GET /tests/render/fixtures/known_good/form-inquiry-contract-blog-short.html HTTP/1.1" 200 -
  ✓  299 [vp1280] › tests/render/meta.spec.ts:1414:3 › form-inquiry-contract: the short (blog) contract is exercised › a blog-kind page with name/email/message only is clean (121ms)
  ✓  257 [vp375] › tests/render/meta.spec.ts:716:3 › nav-jump-target-lands names the direction of failure › names an undershooting minority without claiming overshoot (10.3s)
[WebServer] 127.0.0.1 - - [17/Sep/2026 02:32:53] "GET /tests/render/fixtures/known_good/form-inquiry-contract-blog-short.html HTTP/1.1" 200 -
[WebServer] 127.0.0.1 - - [17/Sep/2026 02:32:53] "GET /tests/render/fixtures/known_broken/nav-smooth-scroll-landing.html HTTP/1.1" 200 -
  ✓  300 [vp1280] › tests/render/meta.spec.ts:1429:3 › form-inquiry-contract: the short (blog) contract is exercised › the same form missing `message` fires (194ms)
  ✓  302 [vp1280] › tests/render/meta.spec.ts:1467:3 › every deferred check is registered and still passes both fixtures › every deferred id names a check the registry actually holds (1ms)
  ✓  303 [vp1280] › tests/render/meta.spec.ts:1487:3 › every deferred check is registered and still passes both fixtures › every deferred id carries a reason that states its promotion condition (3ms)
  ✓  304 [vp1280] › tests/render/meta.spec.ts:1510:3 › every deferred check is registered and still passes both fixtures › no deferred check is actually examining nodes in the latest run (36ms)
[WebServer] 127.0.0.1 - - [17/Sep/2026 02:32:53] "GET /tests/render/fixtures/known_broken/layout-hero-counter-separation.html HTTP/1.1" 200 -
[WebServer] 127.0.0.1 - - [17/Sep/2026 02:32:53] "GET /tests/render/fixtures/known_good/layout-hero-counter-separation.html HTTP/1.1" 200 -
  ✓  305 [vp1280] › tests/render/meta.spec.ts:1548:5 › every deferred check is registered and still passes both fixtures › layout-hero-counter-separation still fires on known_broken and is silent on known_good (130ms)
[WebServer] 127.0.0.1 - - [17/Sep/2026 02:32:54] "GET /tests/render/fixtures/known_broken/layout-h3-image-first.html HTTP/1.1" 200 -
[WebServer] 127.0.0.1 - - [17/Sep/2026 02:32:54] "GET /tests/render/fixtures/known_good/layout-h3-image-first.html HTTP/1.1" 200 -
  ✓  306 [vp1280] › tests/render/meta.spec.ts:1548:5 › every deferred check is registered and still passes both fixtures › layout-h3-image-first still fires on known_broken and is silent on known_good (130ms)
[WebServer] 127.0.0.1 - - [17/Sep/2026 02:32:54] "GET /tests/render/fixtures/known_broken/sem-statement-label-visible.html HTTP/1.1" 200 -
[WebServer] 127.0.0.1 - - [17/Sep/2026 02:32:54] "GET /tests/render/fixtures/known_good/sem-statement-label-visible.html HTTP/1.1" 200 -
  ✓  307 [vp1280] › tests/render/meta.spec.ts:1548:5 › every deferred check is registered and still passes both fixtures › sem-statement-label-visible still fires on known_broken and is silent on known_good (128ms)
  ✓  301 [vp375] › tests/render/meta.spec.ts:757:3 › nav-jump-target-lands measures geometry, not smooth-scroll timing › clicks under instant scrolling, restores the page, and still catches the real miss (15.8s)
  ✓  308 [vp375] › tests/render/meta.spec.ts:829:3 › the check-result contract › accepts a well-formed result (87ms)
  ✓  309 [vp375] › tests/render/meta.spec.ts:834:3 › the check-result contract › rejects more rows than MAX_DEFECT_ROWS (105ms)
  ✓  310 [vp375] › tests/render/meta.spec.ts:839:3 › the check-result contract › rejects a row with no count (112ms)
  ✓  311 [vp375] › tests/render/meta.spec.ts:843:3 › the check-result contract › rejects count: 0 — a defect row describes at least one failure (80ms)
  ✓  312 [vp375] › tests/render/meta.spec.ts:847:3 › the check-result contract › rejects a row attributed to a different check (79ms)
  ✓  313 [vp375] › tests/render/meta.spec.ts:853:3 › the check-result contract › rejects a row attributed to a different family (85ms)
  ✓  314 [vp375] › tests/render/meta.spec.ts:857:3 › the check-result contract › rejects a negative examined count (83ms)
  ✓  315 [vp375] › tests/render/meta.spec.ts:870:3 › nested slugs cannot silently lose a page › flattenSlug removes every path separator (2ms)
  ✓  316 [vp375] › tests/render/meta.spec.ts:879:3 › nested slugs cannot silently lose a page › writePartial actually lands a file for a nested slug (3ms)
[WebServer] 127.0.0.1 - - [17/Sep/2026 02:33:10] "GET /tests/render/fixtures/known_broken/chrome-late-rail.html HTTP/1.1" 200 -
  ✓  317 [vp375] › tests/render/meta.spec.ts:905:3 › measureTopChrome is deterministic and finds late-pinning chrome › finds a rail that only pins past 1.5 viewports (806ms)
[WebServer] 127.0.0.1 - - [17/Sep/2026 02:33:10] "GET /tests/render/fixtures/known_broken/chrome-late-rail.html HTTP/1.1" 200 -
  ✓  318 [vp375] › tests/render/meta.spec.ts:919:3 › measureTopChrome is deterministic and finds late-pinning chrome › returns the same height however the page was left scrolled (2.5s)
[WebServer] 127.0.0.1 - - [17/Sep/2026 02:33:13] "GET /tests/render/fixtures/known_broken/scroll-late-start.html HTTP/1.1" 200 -
  ✓  319 [vp375] › tests/render/meta.spec.ts:954:3 › waitForScrollSettle does not call an UNSTARTED scroll settled › waits out a scroll whose first frame lands after the stability threshold (567ms)
[WebServer] 127.0.0.1 - - [17/Sep/2026 02:33:14] "GET /tests/render/fixtures/known_broken/scroll-late-start.html HTTP/1.1" 200 -
  ✓  320 [vp375] › tests/render/meta.spec.ts:977:3 › waitForScrollSettle does not call an UNSTARTED scroll settled › still settles promptly when the scroll never needed to move (544ms)
[WebServer] 127.0.0.1 - - [17/Sep/2026 02:33:14] "GET /tests/render/fixtures/known_broken/chrome-sticky-sidebar.html HTTP/1.1" 200 -
  ✓  321 [vp375] › tests/render/meta.spec.ts:998:3 › measureTopChrome does not absorb sticky page content › a sticky sidebar pinned at top:0 is not counted as chrome (809ms)
[WebServer] 127.0.0.1 - - [17/Sep/2026 02:33:15] "GET /tests/render/fixtures/known_good/layout-tap-target-exemptions.html HTTP/1.1" 200 -
  ✓  322 [vp375] › tests/render/meta.spec.ts:1022:3 › layout-tap-target-size honours WCAG 2.5.8 exemptions › is silent on skip links, prose links, labelled inputs and isolated targets (158ms)
  ✓  323 [vp375] › tests/render/meta.spec.ts:1077:3 › dist/ freshness sees a DELETED source page › a built route whose source was deleted is reported by name (8ms)
  ✓  324 [vp375] › tests/render/meta.spec.ts:1085:3 › dist/ freshness sees a DELETED source page › matching source and built sets report no orphan (6ms)
  ✓  325 [vp375] › tests/render/meta.spec.ts:1096:3 › dist/ freshness sees a DELETED source page › checkDistFreshness refuses, and its reason names the orphaned route (6ms)
  ✓  326 [vp375] › tests/render/meta.spec.ts:1110:3 › dist/ freshness sees a DELETED source page › the real repo has no orphaned routes (7ms)
  ✓  327 [vp375] › tests/render/meta.spec.ts:1149:3 › every registered family is actually wired into targets.json › the predicate names a family that is registered but wired nowhere (3ms)
  ✓  328 [vp375] › tests/render/meta.spec.ts:1155:3 › every registered family is actually wired into targets.json › a family wired into even one page type is not reported (6ms)
  ✓  329 [vp375] › tests/render/meta.spec.ts:1163:3 › every registered family is actually wired into targets.json › the REAL repo wires every family it registers (1ms)
  ✓  330 [vp375] › tests/render/meta.spec.ts:1173:3 › every registered family is actually wired into targets.json › targets.json declares no family that no check registers (1ms)
[WebServer] 127.0.0.1 - - [17/Sep/2026 02:33:15] "GET /tests/render/fixtures/known_broken/img-broken-vs-still-loading.html HTTP/1.1" 200 -
[WebServer] 127.0.0.1 - - [17/Sep/2026 02:33:15] code 404, message File not found
[WebServer] 127.0.0.1 - - [17/Sep/2026 02:33:15] "GET /definitely-not-a-real-image-404.webp HTTP/1.1" 404 -
[WebServer] 127.0.0.1 - - [17/Sep/2026 02:33:16] code 404, message File not found
[WebServer] 127.0.0.1 - - [17/Sep/2026 02:33:16] "GET /definitely-not-a-real-image-404.webp HTTP/1.1" 404 -
  ✓  331 [vp375] › tests/render/meta.spec.ts:1209:3 › img-srcset-within-2x separates broken from still-loading › a 404 image is still reported — a broken page must not score clean (351ms)
[WebServer] 127.0.0.1 - - [17/Sep/2026 02:33:16] "GET /tests/render/fixtures/known_broken/img-broken-vs-still-loading.html HTTP/1.1" 200 -
[WebServer] 127.0.0.1 - - [17/Sep/2026 02:33:16] code 404, message File not found
[WebServer] 127.0.0.1 - - [17/Sep/2026 02:33:16] "GET /definitely-not-a-real-image-404.webp HTTP/1.1" 404 -
[WebServer] 127.0.0.1 - - [17/Sep/2026 02:33:16] code 404, message File not found
[WebServer] 127.0.0.1 - - [17/Sep/2026 02:33:16] "GET /definitely-not-a-real-image-404.webp HTTP/1.1" 404 -
  ✓  332 [vp375] › tests/render/meta.spec.ts:1222:3 › img-srcset-within-2x separates broken from still-loading › the decodable image is examined, not skipped (335ms)
[WebServer] 127.0.0.1 - - [17/Sep/2026 02:33:16] "GET /tests/render/fixtures/known_broken/img-broken-vs-still-loading.html HTTP/1.1" 200 -
[WebServer] 127.0.0.1 - - [17/Sep/2026 02:33:16] code 404, message File not found
[WebServer] 127.0.0.1 - - [17/Sep/2026 02:33:16] "GET /definitely-not-a-real-image-404.webp HTTP/1.1" 404 -
[WebServer] 127.0.0.1 - - [17/Sep/2026 02:33:16] code 404, message File not found
[WebServer] 127.0.0.1 - - [17/Sep/2026 02:33:16] "GET /definitely-not-a-real-image-404.webp HTTP/1.1" 404 -
  ✓  333 [vp375] › tests/render/meta.spec.ts:1233:3 › img-srcset-within-2x separates broken from still-loading › no defect row ever describes an image as merely still loading (321ms)
[WebServer] 127.0.0.1 - - [17/Sep/2026 02:33:16] "GET /tests/render/fixtures/form-inquiry-contract-noform.html HTTP/1.1" 200 -
  ✓  334 [vp375] › tests/render/meta.spec.ts:1281:3 › form-inquiry-contract: zero-examined is a defect only where a form is expected › the contact page with no non-search form fires one defect (121ms)
[WebServer] 127.0.0.1 - - [17/Sep/2026 02:33:16] "GET /tests/render/fixtures/form-inquiry-contract-noform.html HTTP/1.1" 200 -
  ✓  335 [vp375] › tests/render/meta.spec.ts:1297:3 › form-inquiry-contract: zero-examined is a defect only where a form is expected › a location page with no non-search form is silent (132ms)
[WebServer] 127.0.0.1 - - [17/Sep/2026 02:33:17] "GET /tests/render/fixtures/form-inquiry-contract-noform.html HTTP/1.1" 200 -
  ✓  336 [vp375] › tests/render/meta.spec.ts:1310:3 › form-inquiry-contract: zero-examined is a defect only where a form is expected › a hub page with no non-search form is silent (118ms)
  ✓  337 [vp375] › tests/render/meta.spec.ts:1335:3 › fieldChecksSkipped pins the field-contract exemption list › in scope: every rich and blog page, contact page included (3ms)
  ✓  338 [vp375] › tests/render/meta.spec.ts:1347:3 › fieldChecksSkipped pins the field-contract exemption list › exempt: the uk-locations cluster and the hubs (2ms)
  ✓  339 [vp375] › tests/render/meta.spec.ts:1364:3 › contractFor pins the per-slug field contract › full: rich pages (2ms)
  ✓  340 [vp375] › tests/render/meta.spec.ts:1369:3 › contractFor pins the per-slug field contract › short: blog-kind pages, and blog/* posts absent from the map (1ms)
  ✓  341 [vp375] › tests/render/meta.spec.ts:1373:3 › contractFor pins the per-slug field contract › none: the locations cluster and the hubs (1ms)
  ✓  342 [vp375] › tests/render/meta.spec.ts:1387:3 › formExpected pins the zero-examined exemption list › expected: the contact page only (0ms)
  ✓  343 [vp375] › tests/render/meta.spec.ts:1391:3 › formExpected pins the zero-examined exemption list › not expected: other interior pages, home, puppy, hub, location and blog (3ms)
[WebServer] 127.0.0.1 - - [17/Sep/2026 02:33:17] "GET /tests/render/fixtures/known_good/form-inquiry-contract-blog-short.html HTTP/1.1" 200 -
  ✓  344 [vp375] › tests/render/meta.spec.ts:1414:3 › form-inquiry-contract: the short (blog) contract is exercised › a blog-kind page with name/email/message only is clean (124ms)
[WebServer] 127.0.0.1 - - [17/Sep/2026 02:33:17] "GET /tests/render/fixtures/known_good/form-inquiry-contract-blog-short.html HTTP/1.1" 200 -
  ✓  345 [vp375] › tests/render/meta.spec.ts:1429:3 › form-inquiry-contract: the short (blog) contract is exercised › the same form missing `message` fires (123ms)
  ✓  346 [vp375] › tests/render/meta.spec.ts:1467:3 › every deferred check is registered and still passes both fixtures › every deferred id names a check the registry actually holds (1ms)
  ✓  347 [vp375] › tests/render/meta.spec.ts:1487:3 › every deferred check is registered and still passes both fixtures › every deferred id carries a reason that states its promotion condition (2ms)
  ✓  348 [vp375] › tests/render/meta.spec.ts:1510:3 › every deferred check is registered and still passes both fixtures › no deferred check is actually examining nodes in the latest run (29ms)
[WebServer] 127.0.0.1 - - [17/Sep/2026 02:33:17] "GET /tests/render/fixtures/known_broken/layout-hero-counter-separation.html HTTP/1.1" 200 -
[WebServer] 127.0.0.1 - - [17/Sep/2026 02:33:17] "GET /tests/render/fixtures/known_good/layout-hero-counter-separation.html HTTP/1.1" 200 -
  ✓  349 [vp375] › tests/render/meta.spec.ts:1548:5 › every deferred check is registered and still passes both fixtures › layout-hero-counter-separation still fires on known_broken and is silent on known_good (133ms)
[WebServer] 127.0.0.1 - - [17/Sep/2026 02:33:17] "GET /tests/render/fixtures/known_broken/layout-h3-image-first.html HTTP/1.1" 200 -
[WebServer] 127.0.0.1 - - [17/Sep/2026 02:33:17] "GET /tests/render/fixtures/known_good/layout-h3-image-first.html HTTP/1.1" 200 -
  ✓  350 [vp375] › tests/render/meta.spec.ts:1548:5 › every deferred check is registered and still passes both fixtures › layout-h3-image-first still fires on known_broken and is silent on known_good (147ms)
[WebServer] 127.0.0.1 - - [17/Sep/2026 02:33:17] "GET /tests/render/fixtures/known_broken/sem-statement-label-visible.html HTTP/1.1" 200 -
[WebServer] 127.0.0.1 - - [17/Sep/2026 02:33:17] "GET /tests/render/fixtures/known_good/sem-statement-label-visible.html HTTP/1.1" 200 -
  ✓  351 [vp375] › tests/render/meta.spec.ts:1548:5 › every deferred check is registered and still passes both fixtures › sem-statement-label-visible still fires on known_broken and is silent on known_good (137ms)

  36 skipped
  315 passed (1.5m)
--- EXIT 0 : npm run test:render:meta ---
--- STEP: npm run test:render:pages ---

> bsuk@0.1.0 test:render:pages
> playwright test -c tests/render/playwright.config.ts pages.spec.ts


Running 51 tests using 2 workers

[freshness] dist/ is current (newest: dist/robots.txt)
[freshness] dist/ is current (newest: dist/robots.txt)
[WebServer] 127.0.0.1 - - [17/Sep/2026 02:33:22] "GET / HTTP/1.1" 200 -
[WebServer] 127.0.0.1 - - [17/Sep/2026 02:33:22] "GET /images/kc-registered-blue-staffy-pups-london.webp HTTP/1.1" 200 -
[WebServer] 127.0.0.1 - - [17/Sep/2026 02:33:22] "GET /images/blue-staffy-uk-header-logo-88.webp HTTP/1.1" 200 -
[WebServer] 127.0.0.1 - - [17/Sep/2026 02:33:22] "GET / HTTP/1.1" 200 -
[WebServer] 127.0.0.1 - - [17/Sep/2026 02:33:22] "GET /images/kc-registered-blue-staffy-pups-london.webp HTTP/1.1" 200 -
[WebServer] 127.0.0.1 - - [17/Sep/2026 02:33:22] "GET /images/blue-staffy-uk-header-logo-88.webp HTTP/1.1" 200 -
[WebServer] 127.0.0.1 - - [17/Sep/2026 02:33:22] "GET /videos/playful-blue-staffy-puppies-uk.mp4 HTTP/1.1" 200 -
[WebServer] 127.0.0.1 - - [17/Sep/2026 02:33:22] "GET /videos/playful-blue-staffy-puppies-uk.mp4 HTTP/1.1" 200 -
[WebServer] 127.0.0.1 - - [17/Sep/2026 02:33:22] "GET /images/blue-staffy-puppy-for-sale-uk.webp HTTP/1.1" 200 -
[WebServer] 127.0.0.1 - - [17/Sep/2026 02:33:22] "GET /images/blue-staffy-puppy-for-sale-uk.webp HTTP/1.1" 200 -
[WebServer] 127.0.0.1 - - [17/Sep/2026 02:33:23] code 404, message File not found
[WebServer] 127.0.0.1 - - [17/Sep/2026 02:33:23] "GET /__bsuk_pending_image__/0.webp HTTP/1.1" 404 -
[WebServer] 127.0.0.1 - - [17/Sep/2026 02:33:23] code 404, message File not found
[WebServer] 127.0.0.1 - - [17/Sep/2026 02:33:23] "GET /__bsuk_pending_image__/0.webp HTTP/1.1" 404 -
[WebServer] 127.0.0.1 - - [17/Sep/2026 02:33:23] "GET /images/buy-staffy-health-guarantee-uk-760.webp HTTP/1.1" 200 -
[WebServer] 127.0.0.1 - - [17/Sep/2026 02:33:23] "GET /images/healthy-staffy-breed-guide-1.webp HTTP/1.1" 200 -
[WebServer] 127.0.0.1 - - [17/Sep/2026 02:33:23] "GET /images/buy-staffy-health-guarantee-uk.webp HTTP/1.1" 200 -
[WebServer] 127.0.0.1 - - [17/Sep/2026 02:33:23] "GET /images/healthy-staffy-breed-guide-1.webp HTTP/1.1" 200 -
[WebServer] 127.0.0.1 - - [17/Sep/2026 02:33:23] "GET /images/kc-staffy-puppies-for-rehoming-uk.webp HTTP/1.1" 200 -
[WebServer] 127.0.0.1 - - [17/Sep/2026 02:33:23] "GET /images/kc-staffy-puppies-for-rehoming-uk.webp HTTP/1.1" 200 -
[WebServer] 127.0.0.1 - - [17/Sep/2026 02:33:23] "GET /images/playful-blue-staffy-lawn-uk.webp HTTP/1.1" 200 -
[WebServer] 127.0.0.1 - - [17/Sep/2026 02:33:23] "GET /images/playful-blue-staffy-lawn-uk-760.webp HTTP/1.1" 200 -
[WebServer] 127.0.0.1 - - [17/Sep/2026 02:33:23] "GET /images/victoria-family-blue-staffy-manchester.webp HTTP/1.1" 200 -
[WebServer] 127.0.0.1 - - [17/Sep/2026 02:33:23] "GET /images/victoria-family-blue-staffy-manchester.webp HTTP/1.1" 200 -
[WebServer] 127.0.0.1 - - [17/Sep/2026 02:33:23] "GET /images/mark-blue-staffy-london.webp HTTP/1.1" 200 -
[WebServer] 127.0.0.1 - - [17/Sep/2026 02:33:23] "GET /images/mark-blue-staffy-london.webp HTTP/1.1" 200 -
[WebServer] 127.0.0.1 - - [17/Sep/2026 02:33:23] "GET /images/playful-staffy-puppies-uk-sale.webp HTTP/1.1" 200 -
[WebServer] 127.0.0.1 - - [17/Sep/2026 02:33:23] "GET /images/playful-staffy-puppies-uk-sale.webp HTTP/1.1" 200 -
[WebServer] 127.0.0.1 - - [17/Sep/2026 02:33:23] "GET /images/maggie-blue-staffy-dam-with-pups-760.webp HTTP/1.1" 200 -
[WebServer] 127.0.0.1 - - [17/Sep/2026 02:33:23] "GET /images/maggie-blue-staffy-dam-with-pups.webp HTTP/1.1" 200 -
[WebServer] 127.0.0.1 - - [17/Sep/2026 02:33:23] "GET /images/blue-staffy-family-dog-uk.webp HTTP/1.1" 200 -
[WebServer] 127.0.0.1 - - [17/Sep/2026 02:33:23] "GET /images/blue-staffy-family-dog-uk.webp HTTP/1.1" 200 -
[WebServer] 127.0.0.1 - - [17/Sep/2026 02:33:23] "GET /images/blue-staffy-puppy-vet-check-uk-760.webp HTTP/1.1" 200 -
[WebServer] 127.0.0.1 - - [17/Sep/2026 02:33:23] "GET /images/bluestaffyuk-nationwide-delivery.webp HTTP/1.1" 200 -
[WebServer] 127.0.0.1 - - [17/Sep/2026 02:33:23] "GET /images/blue-staffy-puppy-vet-check-uk.webp HTTP/1.1" 200 -
[WebServer] 127.0.0.1 - - [17/Sep/2026 02:33:23] "GET /images/bluestaffyuk-nationwide-delivery-760.webp HTTP/1.1" 200 -
[WebServer] 127.0.0.1 - - [17/Sep/2026 02:33:23] "GET /images/blue-staffy-puppy-delivery-uk-760.webp HTTP/1.1" 200 -
[WebServer] 127.0.0.1 - - [17/Sep/2026 02:33:23] "GET /images/blue-staffy-puppy-delivery-uk.webp HTTP/1.1" 200 -
[WebServer] 127.0.0.1 - - [17/Sep/2026 02:33:23] "GET /images/puppies/roman-card-800.webp HTTP/1.1" 200 -
[WebServer] 127.0.0.1 - - [17/Sep/2026 02:33:23] "GET /images/puppies/roman-card-800.webp HTTP/1.1" 200 -
[WebServer] 127.0.0.1 - - [17/Sep/2026 02:33:23] "GET /images/puppies/byrd-card-800.webp HTTP/1.1" 200 -
[WebServer] 127.0.0.1 - - [17/Sep/2026 02:33:23] "GET /images/puppies/byrd-card-800.webp HTTP/1.1" 200 -
[WebServer] 127.0.0.1 - - [17/Sep/2026 02:33:23] "GET /images/puppies/ince-card-800.webp HTTP/1.1" 200 -
[WebServer] 127.0.0.1 - - [17/Sep/2026 02:33:23] "GET /images/puppies/ince-card-800.webp HTTP/1.1" 200 -
[WebServer] 127.0.0.1 - - [17/Sep/2026 02:33:23] "GET /images/puppies/vennie-card-800.webp HTTP/1.1" 200 -
[WebServer] 127.0.0.1 - - [17/Sep/2026 02:33:23] "GET /images/puppies/vennie-card-800.webp HTTP/1.1" 200 -
[WebServer] 127.0.0.1 - - [17/Sep/2026 02:33:23] "GET /images/puppies/christa-card-800.webp HTTP/1.1" 200 -
[WebServer] 127.0.0.1 - - [17/Sep/2026 02:33:23] "GET /images/puppies/cheryl-card-800.webp HTTP/1.1" 200 -
[WebServer] 127.0.0.1 - - [17/Sep/2026 02:33:23] "GET /images/puppies/christa-card-800.webp HTTP/1.1" 200 -
[WebServer] 127.0.0.1 - - [17/Sep/2026 02:33:23] "GET /images/puppies/cheryl-card-800.webp HTTP/1.1" 200 -
  ✘   2 [vp375] › tests/render/pages.spec.ts:109:3 › index (10.7s)
[WebServer] ----------------------------------------
[WebServer] Exception occurred during processing of request from ('127.0.0.1', 59120)
[WebServer] Traceback (most recent call last):
[WebServer]   File "/Library/Developer/CommandLineTools/Library/Frameworks/Python3.framework/Versions/3.9/lib/python3.9/socketserver.py", line 683, in process_request_thread
[WebServer]     self.finish_request(request, client_address)
[WebServer]   File "/Library/Developer/CommandLineTools/Library/Frameworks/Python3.framework/Versions/3.9/lib/python3.9/socketserver.py", line 360, in finish_request
[WebServer]     self.RequestHandlerClass(request, client_address, self)
[WebServer]   File "/Library/Developer/CommandLineTools/Library/Frameworks/Python3.framework/Versions/3.9/lib/python3.9/http/server.py", line 660, in __init__
[WebServer]     super().__init__(*args, **kwargs)
[WebServer]   File "/Library/Developer/CommandLineTools/Library/Frameworks/Python3.framework/Versions/3.9/lib/python3.9/socketserver.py", line 747, in __init__
[WebServer]     self.handle()
[WebServer]   File "/Library/Developer/CommandLineTools/Library/Frameworks/Python3.framework/Versions/3.9/lib/python3.9/http/server.py", line 434, in handle
[WebServer]     self.handle_one_request()
[WebServer]   File "/Library/Developer/CommandLineTools/Library/Frameworks/Python3.framework/Versions/3.9/lib/python3.9/http/server.py", line 422, in handle_one_request
[WebServer]     method()
[WebServer]   File "/Library/Developer/CommandLineTools/Library/Frameworks/Python3.framework/Versions/3.9/lib/python3.9/http/server.py", line 667, in do_GET
[WebServer]     self.copyfile(f, self.wfile)
[WebServer]   File "/Library/Developer/CommandLineTools/Library/Frameworks/Python3.framework/Versions/3.9/lib/python3.9/http/server.py", line 867, in copyfile
[WebServer]     shutil.copyfileobj(source, outputfile)
[WebServer]   File "/Library/Developer/CommandLineTools/Library/Frameworks/Python3.framework/Versions/3.9/lib/python3.9/shutil.py", line 208, in copyfileobj
[WebServer]     fdst_write(buf)
[WebServer]   File "/Library/Developer/CommandLineTools/Library/Frameworks/Python3.framework/Versions/3.9/lib/python3.9/socketserver.py", line 826, in write
[WebServer]     self._sock.sendall(b)
[WebServer] BrokenPipeError: [Errno 32] Broken pipe
[WebServer] ----------------------------------------
  ✘   1 [vp768] › tests/render/pages.spec.ts:109:3 › index (11.0s)
[freshness] dist/ is current (newest: dist/robots.txt)
[freshness] dist/ is current (newest: dist/robots.txt)
[WebServer] 127.0.0.1 - - [17/Sep/2026 02:33:34] "GET /buy-blue-staffy-puppies-uk/ HTTP/1.1" 200 -
[WebServer] 127.0.0.1 - - [17/Sep/2026 02:33:34] "GET /images/blue-staffy-puppies-uk-litter1.webp HTTP/1.1" 200 -
[WebServer] 127.0.0.1 - - [17/Sep/2026 02:33:34] "GET /images/blue-staffy-uk-header-logo-88.webp HTTP/1.1" 200 -
[WebServer] 127.0.0.1 - - [17/Sep/2026 02:33:34] "GET /videos/best-blue-staffy-puppies-uk.mp4 HTTP/1.1" 200 -
[WebServer] 127.0.0.1 - - [17/Sep/2026 02:33:34] "GET /buy-blue-staffy-puppies-uk/ HTTP/1.1" 200 -
[WebServer] 127.0.0.1 - - [17/Sep/2026 02:33:34] "GET /images/blue-staffy-puppies-uk-litter1.webp HTTP/1.1" 200 -
[WebServer] 127.0.0.1 - - [17/Sep/2026 02:33:34] "GET /images/blue-staffy-uk-header-logo-88.webp HTTP/1.1" 200 -
[WebServer] 127.0.0.1 - - [17/Sep/2026 02:33:35] "GET /videos/best-blue-staffy-puppies-uk.mp4 HTTP/1.1" 200 -
[WebServer] 127.0.0.1 - - [17/Sep/2026 02:33:35] code 404, message File not found
[WebServer] 127.0.0.1 - - [17/Sep/2026 02:33:35] "GET /__bsuk_pending_image__/0.webp HTTP/1.1" 404 -
[WebServer] 127.0.0.1 - - [17/Sep/2026 02:33:35] "GET /images/staffordshire-bull-terrier-for-sale-uk-ready-760.webp HTTP/1.1" 200 -
[WebServer] 127.0.0.1 - - [17/Sep/2026 02:33:35] "GET /images/buy-staffordshire-bull-terrier-uk-now-760.webp HTTP/1.1" 200 -
[WebServer] 127.0.0.1 - - [17/Sep/2026 02:33:35] "GET /images/blue-staffy-pups-near-you-760.webp HTTP/1.1" 200 -
[WebServer] 127.0.0.1 - - [17/Sep/2026 02:33:35] "GET /images/blue-staffy-puppy-delivery-uk-760.webp HTTP/1.1" 200 -
[WebServer] 127.0.0.1 - - [17/Sep/2026 02:33:35] "GET /images/uk-blue-staffy-breeders-trust-760.webp HTTP/1.1" 200 -
[WebServer] 127.0.0.1 - - [17/Sep/2026 02:33:35] "GET /images/blue-staffy-testimonial-london-happy-owner.webp HTTP/1.1" 200 -
[WebServer] 127.0.0.1 - - [17/Sep/2026 02:33:35] "GET /images/blue-staffy-puppy-testimonial-cardiff-daniel.webp HTTP/1.1" 200 -
[WebServer] 127.0.0.1 - - [17/Sep/2026 02:33:35] "GET /images/puppies/roman-card-800.webp HTTP/1.1" 200 -
[WebServer] 127.0.0.1 - - [17/Sep/2026 02:33:35] "GET /images/puppies/byrd-card-800.webp HTTP/1.1" 200 -
[WebServer] 127.0.0.1 - - [17/Sep/2026 02:33:35] "GET /images/puppies/ince-card-800.webp HTTP/1.1" 200 -
[WebServer] 127.0.0.1 - - [17/Sep/2026 02:33:35] "GET /images/puppies/vennie-card-800.webp HTTP/1.1" 200 -
[WebServer] 127.0.0.1 - - [17/Sep/2026 02:33:35] "GET /images/puppies/christa-card-800.webp HTTP/1.1" 200 -
[WebServer] 127.0.0.1 - - [17/Sep/2026 02:33:35] "GET /images/puppies/cheryl-card-800.webp HTTP/1.1" 200 -
[WebServer] 127.0.0.1 - - [17/Sep/2026 02:33:36] code 404, message File not found
[WebServer] 127.0.0.1 - - [17/Sep/2026 02:33:36] "GET /__bsuk_pending_image__/0.webp HTTP/1.1" 404 -
[WebServer] 127.0.0.1 - - [17/Sep/2026 02:33:36] "GET /images/staffordshire-bull-terrier-for-sale-uk-ready.webp HTTP/1.1" 200 -
[WebServer] 127.0.0.1 - - [17/Sep/2026 02:33:36] "GET /images/buy-staffordshire-bull-terrier-uk-now.webp HTTP/1.1" 200 -
[WebServer] 127.0.0.1 - - [17/Sep/2026 02:33:36] "GET /images/blue-staffy-pups-near-you.webp HTTP/1.1" 200 -
[WebServer] 127.0.0.1 - - [17/Sep/2026 02:33:36] "GET /images/uk-blue-staffy-breeders-trust.webp HTTP/1.1" 200 -
[WebServer] 127.0.0.1 - - [17/Sep/2026 02:33:36] "GET /images/blue-staffy-puppy-delivery-uk.webp HTTP/1.1" 200 -
[WebServer] 127.0.0.1 - - [17/Sep/2026 02:33:36] "GET /images/blue-staffy-testimonial-london-happy-owner.webp HTTP/1.1" 200 -
[WebServer] 127.0.0.1 - - [17/Sep/2026 02:33:36] "GET /images/blue-staffy-puppy-testimonial-cardiff-daniel.webp HTTP/1.1" 200 -
[WebServer] 127.0.0.1 - - [17/Sep/2026 02:33:36] "GET /images/puppies/roman-card-800.webp HTTP/1.1" 200 -
[WebServer] 127.0.0.1 - - [17/Sep/2026 02:33:36] "GET /images/puppies/byrd-card-800.webp HTTP/1.1" 200 -
[WebServer] 127.0.0.1 - - [17/Sep/2026 02:33:36] "GET /images/puppies/ince-card-800.webp HTTP/1.1" 200 -
[WebServer] 127.0.0.1 - - [17/Sep/2026 02:33:36] "GET /images/puppies/vennie-card-800.webp HTTP/1.1" 200 -
[WebServer] 127.0.0.1 - - [17/Sep/2026 02:33:36] "GET /images/puppies/christa-card-800.webp HTTP/1.1" 200 -
[WebServer] 127.0.0.1 - - [17/Sep/2026 02:33:36] "GET /images/puppies/cheryl-card-800.webp HTTP/1.1" 200 -
[WebServer] ----------------------------------------
[WebServer] Exception occurred during processing of request from ('127.0.0.1', 59178)
[WebServer] Traceback (most recent call last):
[WebServer]   File "/Library/Developer/CommandLineTools/Library/Frameworks/Python3.framework/Versions/3.9/lib/python3.9/socketserver.py", line 683, in process_request_thread
[WebServer]     self.finish_request(request, client_address)
[WebServer]   File "/Library/Developer/CommandLineTools/Library/Frameworks/Python3.framework/Versions/3.9/lib/python3.9/socketserver.py", line 360, in finish_request
[WebServer]     self.RequestHandlerClass(request, client_address, self)
[WebServer]   File "/Library/Developer/CommandLineTools/Library/Frameworks/Python3.framework/Versions/3.9/lib/python3.9/http/server.py", line 660, in __init__
[WebServer]     super().__init__(*args, **kwargs)
[WebServer]   File "/Library/Developer/CommandLineTools/Library/Frameworks/Python3.framework/Versions/3.9/lib/python3.9/socketserver.py", line 747, in __init__
[WebServer]     self.handle()
[WebServer]   File "/Library/Developer/CommandLineTools/Library/Frameworks/Python3.framework/Versions/3.9/lib/python3.9/http/server.py", line 434, in handle
[WebServer]     self.handle_one_request()
[WebServer]   File "/Library/Developer/CommandLineTools/Library/Frameworks/Python3.framework/Versions/3.9/lib/python3.9/http/server.py", line 422, in handle_one_request
[WebServer]     method()
[WebServer]   File "/Library/Developer/CommandLineTools/Library/Frameworks/Python3.framework/Versions/3.9/lib/python3.9/http/server.py", line 667, in do_GET
[WebServer]     self.copyfile(f, self.wfile)
[WebServer]   File "/Library/Developer/CommandLineTools/Library/Frameworks/Python3.framework/Versions/3.9/lib/python3.9/http/server.py", line 867, in copyfile
[WebServer]     shutil.copyfileobj(source, outputfile)
[WebServer]   File "/Library/Developer/CommandLineTools/Library/Frameworks/Python3.framework/Versions/3.9/lib/python3.9/shutil.py", line 208, in copyfileobj
[WebServer]     fdst_write(buf)
[WebServer]   File "/Library/Developer/CommandLineTools/Library/Frameworks/Python3.framework/Versions/3.9/lib/python3.9/socketserver.py", line 826, in write
[WebServer]     self._sock.sendall(b)
[WebServer] BrokenPipeError: [Errno 32] Broken pipe
[WebServer] ----------------------------------------
[WebServer] 127.0.0.1 - - [17/Sep/2026 02:33:42] "GET /videos/best-blue-staffy-puppies-uk.mp4 HTTP/1.1" 200 -
[WebServer] ----------------------------------------
[WebServer] Exception occurred during processing of request from ('127.0.0.1', 59211)
[WebServer] Traceback (most recent call last):
[WebServer]   File "/Library/Developer/CommandLineTools/Library/Frameworks/Python3.framework/Versions/3.9/lib/python3.9/socketserver.py", line 683, in process_request_thread
[WebServer]     self.finish_request(request, client_address)
[WebServer]   File "/Library/Developer/CommandLineTools/Library/Frameworks/Python3.framework/Versions/3.9/lib/python3.9/socketserver.py", line 360, in finish_request
[WebServer]     self.RequestHandlerClass(request, client_address, self)
[WebServer]   File "/Library/Developer/CommandLineTools/Library/Frameworks/Python3.framework/Versions/3.9/lib/python3.9/http/server.py", line 660, in __init__
[WebServer]     super().__init__(*args, **kwargs)
[WebServer]   File "/Library/Developer/CommandLineTools/Library/Frameworks/Python3.framework/Versions/3.9/lib/python3.9/socketserver.py", line 747, in __init__
[WebServer]     self.handle()
[WebServer]   File "/Library/Developer/CommandLineTools/Library/Frameworks/Python3.framework/Versions/3.9/lib/python3.9/http/server.py", line 434, in handle
[WebServer]     self.handle_one_request()
[WebServer]   File "/Library/Developer/CommandLineTools/Library/Frameworks/Python3.framework/Versions/3.9/lib/python3.9/http/server.py", line 422, in handle_one_request
[WebServer]     method()
[WebServer]   File "/Library/Developer/CommandLineTools/Library/Frameworks/Python3.framework/Versions/3.9/lib/python3.9/http/server.py", line 667, in do_GET
[WebServer]     self.copyfile(f, self.wfile)
[WebServer]   File "/Library/Developer/CommandLineTools/Library/Frameworks/Python3.framework/Versions/3.9/lib/python3.9/http/server.py", line 867, in copyfile
[WebServer]     shutil.copyfileobj(source, outputfile)
[WebServer]   File "/Library/Developer/CommandLineTools/Library/Frameworks/Python3.framework/Versions/3.9/lib/python3.9/shutil.py", line 208, in copyfileobj
[WebServer]     fdst_write(buf)
[WebServer]   File "/Library/Developer/CommandLineTools/Library/Frameworks/Python3.framework/Versions/3.9/lib/python3.9/socketserver.py", line 826, in write
[WebServer]     self._sock.sendall(b)
[WebServer] BrokenPipeError: [Errno 32] Broken pipe
[WebServer] ----------------------------------------
  ✘   3 [vp375] › tests/render/pages.spec.ts:109:3 › buy-blue-staffy-puppies-uk (8.5s)
[WebServer] ----------------------------------------
[WebServer] Exception occurred during processing of request from ('127.0.0.1', 59182)
[WebServer] Traceback (most recent call last):
[WebServer]   File "/Library/Developer/CommandLineTools/Library/Frameworks/Python3.framework/Versions/3.9/lib/python3.9/socketserver.py", line 683, in process_request_thread
[WebServer]     self.finish_request(request, client_address)
[WebServer]   File "/Library/Developer/CommandLineTools/Library/Frameworks/Python3.framework/Versions/3.9/lib/python3.9/socketserver.py", line 360, in finish_request
[WebServer]     self.RequestHandlerClass(request, client_address, self)
[WebServer]   File "/Library/Developer/CommandLineTools/Library/Frameworks/Python3.framework/Versions/3.9/lib/python3.9/http/server.py", line 660, in __init__
[WebServer]     super().__init__(*args, **kwargs)
[WebServer]   File "/Library/Developer/CommandLineTools/Library/Frameworks/Python3.framework/Versions/3.9/lib/python3.9/socketserver.py", line 747, in __init__
[WebServer]     self.handle()
[WebServer]   File "/Library/Developer/CommandLineTools/Library/Frameworks/Python3.framework/Versions/3.9/lib/python3.9/http/server.py", line 434, in handle
[WebServer]     self.handle_one_request()
[WebServer]   File "/Library/Developer/CommandLineTools/Library/Frameworks/Python3.framework/Versions/3.9/lib/python3.9/http/server.py", line 422, in handle_one_request
[WebServer]     method()
[WebServer]   File "/Library/Developer/CommandLineTools/Library/Frameworks/Python3.framework/Versions/3.9/lib/python3.9/http/server.py", line 667, in do_GET
[WebServer]     self.copyfile(f, self.wfile)
[WebServer]   File "/Library/Developer/CommandLineTools/Library/Frameworks/Python3.framework/Versions/3.9/lib/python3.9/http/server.py", line 867, in copyfile
[WebServer]     shutil.copyfileobj(source, outputfile)
[WebServer]   File "/Library/Developer/CommandLineTools/Library/Frameworks/Python3.framework/Versions/3.9/lib/python3.9/shutil.py", line 208, in copyfileobj
[WebServer]     fdst_write(buf)
[WebServer]   File "/Library/Developer/CommandLineTools/Library/Frameworks/Python3.framework/Versions/3.9/lib/python3.9/socketserver.py", line 826, in write
[WebServer]     self._sock.sendall(b)
[WebServer] BrokenPipeError: [Errno 32] Broken pipe
[WebServer] ----------------------------------------
[WebServer] 127.0.0.1 - - [17/Sep/2026 02:33:43] "GET /videos/best-blue-staffy-puppies-uk.mp4 HTTP/1.1" 200 -
[WebServer] ----------------------------------------
[WebServer] Exception occurred during processing of request from ('127.0.0.1', 59212)
[WebServer] Traceback (most recent call last):
[WebServer]   File "/Library/Developer/CommandLineTools/Library/Frameworks/Python3.framework/Versions/3.9/lib/python3.9/socketserver.py", line 683, in process_request_thread
[WebServer]     self.finish_request(request, client_address)
[WebServer]   File "/Library/Developer/CommandLineTools/Library/Frameworks/Python3.framework/Versions/3.9/lib/python3.9/socketserver.py", line 360, in finish_request
[WebServer]     self.RequestHandlerClass(request, client_address, self)
[WebServer]   File "/Library/Developer/CommandLineTools/Library/Frameworks/Python3.framework/Versions/3.9/lib/python3.9/http/server.py", line 660, in __init__
[WebServer]     super().__init__(*args, **kwargs)
[WebServer]   File "/Library/Developer/CommandLineTools/Library/Frameworks/Python3.framework/Versions/3.9/lib/python3.9/socketserver.py", line 747, in __init__
[WebServer]     self.handle()
[WebServer]   File "/Library/Developer/CommandLineTools/Library/Frameworks/Python3.framework/Versions/3.9/lib/python3.9/http/server.py", line 434, in handle
[WebServer]     self.handle_one_request()
[WebServer]   File "/Library/Developer/CommandLineTools/Library/Frameworks/Python3.framework/Versions/3.9/lib/python3.9/http/server.py", line 422, in handle_one_request
[WebServer]     method()
[WebServer]   File "/Library/Developer/CommandLineTools/Library/Frameworks/Python3.framework/Versions/3.9/lib/python3.9/http/server.py", line 667, in do_GET
[WebServer]     self.copyfile(f, self.wfile)
[WebServer]   File "/Library/Developer/CommandLineTools/Library/Frameworks/Python3.framework/Versions/3.9/lib/python3.9/http/server.py", line 867, in copyfile
[WebServer]     shutil.copyfileobj(source, outputfile)
[WebServer]   File "/Library/Developer/CommandLineTools/Library/Frameworks/Python3.framework/Versions/3.9/lib/python3.9/shutil.py", line 208, in copyfileobj
[WebServer]     fdst_write(buf)
[WebServer]   File "/Library/Developer/CommandLineTools/Library/Frameworks/Python3.framework/Versions/3.9/lib/python3.9/socketserver.py", line 826, in write
[WebServer]     self._sock.sendall(b)
[WebServer] BrokenPipeError: [Errno 32] Broken pipe
[WebServer] ----------------------------------------
  ✘   4 [vp768] › tests/render/pages.spec.ts:109:3 › buy-blue-staffy-puppies-uk (9.1s)
[freshness] dist/ is current (newest: dist/robots.txt)
[WebServer] 127.0.0.1 - - [17/Sep/2026 02:33:44] "GET /blue-staffy-pup-sale-uk/ HTTP/1.1" 200 -
[WebServer] 127.0.0.1 - - [17/Sep/2026 02:33:44] "GET /images/blue-staffy-uk-header-logo-88.webp HTTP/1.1" 200 -
[WebServer] 127.0.0.1 - - [17/Sep/2026 02:33:45] "GET /images/buy-staffordshire-bull-terrier-uk-now-760.webp HTTP/1.1" 200 -
[freshness] dist/ is current (newest: dist/robots.txt)
[WebServer] 127.0.0.1 - - [17/Sep/2026 02:33:45] code 404, message File not found
[WebServer] 127.0.0.1 - - [17/Sep/2026 02:33:45] "GET /__bsuk_pending_image__/0.webp HTTP/1.1" 404 -
[WebServer] 127.0.0.1 - - [17/Sep/2026 02:33:45] "GET /images/blue-staffy-testimonial-london-happy-owner.webp HTTP/1.1" 200 -
[WebServer] 127.0.0.1 - - [17/Sep/2026 02:33:45] "GET /images/bluestaffyuk-nationwide-delivery-760.webp HTTP/1.1" 200 -
[WebServer] 127.0.0.1 - - [17/Sep/2026 02:33:45] "GET /images/maggie-blue-staffy-dam-with-pups-760.webp HTTP/1.1" 200 -
[WebServer] 127.0.0.1 - - [17/Sep/2026 02:33:45] "GET /images/mark-blue-staffy-london.webp HTTP/1.1" 200 -
[WebServer] 127.0.0.1 - - [17/Sep/2026 02:33:46] "GET /blue-staffy-pup-sale-uk/ HTTP/1.1" 200 -
[WebServer] 127.0.0.1 - - [17/Sep/2026 02:33:46] "GET /images/blue-staffy-uk-header-logo-88.webp HTTP/1.1" 200 -
[WebServer] 127.0.0.1 - - [17/Sep/2026 02:33:46] code 404, message File not found
[WebServer] 127.0.0.1 - - [17/Sep/2026 02:33:46] "GET /__bsuk_pending_image__/0.webp HTTP/1.1" 404 -
[WebServer] 127.0.0.1 - - [17/Sep/2026 02:33:46] "GET /images/bluestaffyuk-nationwide-delivery.webp HTTP/1.1" 200 -
[WebServer] 127.0.0.1 - - [17/Sep/2026 02:33:46] "GET /images/blue-staffy-testimonial-london-happy-owner.webp HTTP/1.1" 200 -
[WebServer] 127.0.0.1 - - [17/Sep/2026 02:33:46] "GET /images/buy-staffordshire-bull-terrier-uk-now.webp HTTP/1.1" 200 -
[WebServer] 127.0.0.1 - - [17/Sep/2026 02:33:46] "GET /images/maggie-blue-staffy-dam-with-pups.webp HTTP/1.1" 200 -
[WebServer] 127.0.0.1 - - [17/Sep/2026 02:33:46] "GET /images/mark-blue-staffy-london.webp HTTP/1.1" 200 -
  ✓   5 [vp375] › tests/render/pages.spec.ts:109:3 › blue-staffy-pup-sale-uk (6.1s)
[WebServer] 127.0.0.1 - - [17/Sep/2026 02:33:50] "GET /buy-staffy-puppies-for-sale-uk/ HTTP/1.1" 200 -
[WebServer] 127.0.0.1 - - [17/Sep/2026 02:33:50] "GET /images/blue-staffy-uk-header-logo-88.webp HTTP/1.1" 200 -
[WebServer] 127.0.0.1 - - [17/Sep/2026 02:33:52] code 404, message File not found
[WebServer] 127.0.0.1 - - [17/Sep/2026 02:33:52] "GET /__bsuk_pending_image__/0.webp HTTP/1.1" 404 -
[WebServer] 127.0.0.1 - - [17/Sep/2026 02:33:52] "GET /images/kennel-club-assured-breeder-vs-others-bluestaffyuk.webp HTTP/1.1" 200 -
[WebServer] 127.0.0.1 - - [17/Sep/2026 02:33:52] "GET /images/best-blue-staffy-breeder-reviews-puppy-for-sale-uk.webp HTTP/1.1" 200 -
[WebServer] 127.0.0.1 - - [17/Sep/2026 02:33:52] "GET /images/avoid-staffordshire-bull-terrier-temperament-problems-bluestaffyuk.webp HTTP/1.1" 200 -
[WebServer] 127.0.0.1 - - [17/Sep/2026 02:33:52] "GET /images/healthy-staffy-puppy-for-sale-uk.webp HTTP/1.1" 200 -
[WebServer] 127.0.0.1 - - [17/Sep/2026 02:33:52] "GET /images/trusted-blue-staffy-breeder-reviews-satisfied-owners.webp HTTP/1.1" 200 -
[WebServer] 127.0.0.1 - - [17/Sep/2026 02:33:52] "GET /images/buy-staffy-puppies-for-sale-uk-bluestaffyuk.webp HTTP/1.1" 200 -
[WebServer] 127.0.0.1 - - [17/Sep/2026 02:33:52] "GET /images/vet-checked-blue-staffy-puppy-near-me.webp HTTP/1.1" 200 -
[WebServer] 127.0.0.1 - - [17/Sep/2026 02:33:52] "GET /images/english-blue-staffy-for-sale-puppy.webp HTTP/1.1" 200 -
[WebServer] 127.0.0.1 - - [17/Sep/2026 02:33:52] "GET /images/staffy-puppies-norwich-for-sale-uk.webp HTTP/1.1" 200 -
[WebServer] 127.0.0.1 - - [17/Sep/2026 02:33:52] "GET /images/premium-staffy-puppy-for-sale-in-the-uk-ready-now.webp HTTP/1.1" 200 -
[WebServer] 127.0.0.1 - - [17/Sep/2026 02:33:52] "GET /images/local-blue-staffy-breeders-near-me-uk.webp HTTP/1.1" 200 -
[WebServer] 127.0.0.1 - - [17/Sep/2026 02:33:52] "GET /images/affordable-vs-premium-blue-staffy-breeders-comparison.webp HTTP/1.1" 200 -
[WebServer] 127.0.0.1 - - [17/Sep/2026 02:33:52] "GET /images/blue-staffy-bully-puppies-for-sale-uk-kc-certified.webp HTTP/1.1" 200 -
  ✘   6 [vp768] › tests/render/pages.spec.ts:109:3 › blue-staffy-pup-sale-uk (6.8s)
[freshness] dist/ is current (newest: dist/robots.txt)
[WebServer] 127.0.0.1 - - [17/Sep/2026 02:33:53] "GET /buy-staffy-puppies-for-sale-uk/ HTTP/1.1" 200 -
[WebServer] 127.0.0.1 - - [17/Sep/2026 02:33:53] "GET /images/blue-staffy-uk-header-logo-88.webp HTTP/1.1" 200 -
[WebServer] 127.0.0.1 - - [17/Sep/2026 02:33:55] code 404, message File not found
[WebServer] 127.0.0.1 - - [17/Sep/2026 02:33:55] "GET /__bsuk_pending_image__/0.webp HTTP/1.1" 404 -
[WebServer] 127.0.0.1 - - [17/Sep/2026 02:33:55] "GET /images/kennel-club-assured-breeder-vs-others-bluestaffyuk.webp HTTP/1.1" 200 -
[WebServer] 127.0.0.1 - - [17/Sep/2026 02:33:55] "GET /images/avoid-staffordshire-bull-terrier-temperament-problems-bluestaffyuk.webp HTTP/1.1" 200 -
[WebServer] 127.0.0.1 - - [17/Sep/2026 02:33:55] "GET /images/best-blue-staffy-breeder-reviews-puppy-for-sale-uk.webp HTTP/1.1" 200 -
[WebServer] 127.0.0.1 - - [17/Sep/2026 02:33:55] "GET /images/vet-checked-blue-staffy-puppy-near-me.webp HTTP/1.1" 200 -
[WebServer] 127.0.0.1 - - [17/Sep/2026 02:33:55] "GET /images/healthy-staffy-puppy-for-sale-uk.webp HTTP/1.1" 200 -
[WebServer] 127.0.0.1 - - [17/Sep/2026 02:33:55] "GET /images/buy-staffy-puppies-for-sale-uk-bluestaffyuk.webp HTTP/1.1" 200 -
[WebServer] 127.0.0.1 - - [17/Sep/2026 02:33:55] "GET /images/trusted-blue-staffy-breeder-reviews-satisfied-owners.webp HTTP/1.1" 200 -
[WebServer] 127.0.0.1 - - [17/Sep/2026 02:33:55] "GET /images/staffy-puppies-norwich-for-sale-uk.webp HTTP/1.1" 200 -
[WebServer] 127.0.0.1 - - [17/Sep/2026 02:33:55] "GET /images/english-blue-staffy-for-sale-puppy.webp HTTP/1.1" 200 -
[WebServer] 127.0.0.1 - - [17/Sep/2026 02:33:55] "GET /images/local-blue-staffy-breeders-near-me-uk.webp HTTP/1.1" 200 -
[WebServer] 127.0.0.1 - - [17/Sep/2026 02:33:55] "GET /images/premium-staffy-puppy-for-sale-in-the-uk-ready-now.webp HTTP/1.1" 200 -
[WebServer] 127.0.0.1 - - [17/Sep/2026 02:33:55] "GET /images/affordable-vs-premium-blue-staffy-breeders-comparison.webp HTTP/1.1" 200 -
[WebServer] 127.0.0.1 - - [17/Sep/2026 02:33:55] "GET /images/blue-staffy-bully-puppies-for-sale-uk-kc-certified.webp HTTP/1.1" 200 -
  ✓   7 [vp375] › tests/render/pages.spec.ts:109:3 › buy-staffy-puppies-for-sale-uk (9.2s)
[WebServer] 127.0.0.1 - - [17/Sep/2026 02:34:00] "GET /available-puppies/roman/ HTTP/1.1" 200 -
[WebServer] 127.0.0.1 - - [17/Sep/2026 02:34:00] "GET /images/puppies/roman-portrait-4x5.webp HTTP/1.1" 200 -
[WebServer] 127.0.0.1 - - [17/Sep/2026 02:34:00] "GET /images/blue-staffy-uk-header-logo-88.webp HTTP/1.1" 200 -
[WebServer] 127.0.0.1 - - [17/Sep/2026 02:34:00] "GET /images/puppies/roman-roman1-760.webp HTTP/1.1" 200 -
[WebServer] 127.0.0.1 - - [17/Sep/2026 02:34:00] "GET /images/puppies/roman-roman2-760.webp HTTP/1.1" 200 -
[WebServer] 127.0.0.1 - - [17/Sep/2026 02:34:00] code 404, message File not found
[WebServer] 127.0.0.1 - - [17/Sep/2026 02:34:00] "GET /__bsuk_pending_image__/0.webp HTTP/1.1" 404 -
[WebServer] 127.0.0.1 - - [17/Sep/2026 02:34:00] code 404, message File not found
[WebServer] 127.0.0.1 - - [17/Sep/2026 02:34:00] "GET /__bsuk_pending_image__/1.webp HTTP/1.1" 404 -
[WebServer] 127.0.0.1 - - [17/Sep/2026 02:34:00] code 404, message File not found
[WebServer] 127.0.0.1 - - [17/Sep/2026 02:34:00] "GET /__bsuk_pending_image__/2.webp HTTP/1.1" 404 -
[WebServer] 127.0.0.1 - - [17/Sep/2026 02:34:00] code 404, message File not found
[WebServer] 127.0.0.1 - - [17/Sep/2026 02:34:00] "GET /__bsuk_pending_image__/3.webp HTTP/1.1" 404 -
  ✘   8 [vp768] › tests/render/pages.spec.ts:109:3 › buy-staffy-puppies-for-sale-uk (9.6s)
  ✘   9 [vp375] › tests/render/pages.spec.ts:109:3 › available-puppies/roman (3.4s)
[freshness] dist/ is current (newest: dist/robots.txt)
[freshness] dist/ is current (newest: dist/robots.txt)
[WebServer] 127.0.0.1 - - [17/Sep/2026 02:34:05] "GET /available-puppies/roman/ HTTP/1.1" 200 -
[WebServer] 127.0.0.1 - - [17/Sep/2026 02:34:05] "GET /images/puppies/roman-portrait-4x5.webp HTTP/1.1" 200 -
[WebServer] 127.0.0.1 - - [17/Sep/2026 02:34:05] "GET /images/blue-staffy-uk-header-logo-88.webp HTTP/1.1" 200 -
[WebServer] 127.0.0.1 - - [17/Sep/2026 02:34:05] "GET /images/puppies/roman-roman1-760.webp HTTP/1.1" 200 -
[WebServer] 127.0.0.1 - - [17/Sep/2026 02:34:05] "GET /images/puppies/roman-roman2-760.webp HTTP/1.1" 200 -
[WebServer] 127.0.0.1 - - [17/Sep/2026 02:34:05] "GET /available-puppies/ HTTP/1.1" 200 -
[WebServer] 127.0.0.1 - - [17/Sep/2026 02:34:05] "GET /images/blue-staffy-uk-header-logo-88.webp HTTP/1.1" 200 -
[WebServer] 127.0.0.1 - - [17/Sep/2026 02:34:05] "GET /images/puppies/roman-card-800.webp HTTP/1.1" 200 -
[WebServer] 127.0.0.1 - - [17/Sep/2026 02:34:05] "GET /images/puppies/byrd-card-800.webp HTTP/1.1" 200 -
[WebServer] 127.0.0.1 - - [17/Sep/2026 02:34:05] "GET /images/puppies/ince-card-800.webp HTTP/1.1" 200 -
[WebServer] 127.0.0.1 - - [17/Sep/2026 02:34:05] "GET /images/puppies/vennie-card-800.webp HTTP/1.1" 200 -
[WebServer] 127.0.0.1 - - [17/Sep/2026 02:34:05] "GET /images/puppies/christa-card-800.webp HTTP/1.1" 200 -
[WebServer] 127.0.0.1 - - [17/Sep/2026 02:34:05] "GET /images/puppies/cheryl-card-800.webp HTTP/1.1" 200 -
[WebServer] 127.0.0.1 - - [17/Sep/2026 02:34:06] code 404, message File not found
[WebServer] 127.0.0.1 - - [17/Sep/2026 02:34:06] code 404, message File not found
[WebServer] 127.0.0.1 - - [17/Sep/2026 02:34:06] "GET /__bsuk_pending_image__/0.webp HTTP/1.1" 404 -
[WebServer] 127.0.0.1 - - [17/Sep/2026 02:34:06] code 404, message File not found
[WebServer] 127.0.0.1 - - [17/Sep/2026 02:34:06] "GET /__bsuk_pending_image__/1.webp HTTP/1.1" 404 -
[WebServer] 127.0.0.1 - - [17/Sep/2026 02:34:06] code 404, message File not found
[WebServer] 127.0.0.1 - - [17/Sep/2026 02:34:06] "GET /__bsuk_pending_image__/2.webp HTTP/1.1" 404 -
[WebServer] 127.0.0.1 - - [17/Sep/2026 02:34:06] "GET /__bsuk_pending_image__/3.webp HTTP/1.1" 404 -
[WebServer] 127.0.0.1 - - [17/Sep/2026 02:34:06] code 404, message File not found
[WebServer] 127.0.0.1 - - [17/Sep/2026 02:34:06] code 404, message File not found
[WebServer] 127.0.0.1 - - [17/Sep/2026 02:34:06] "GET /__bsuk_pending_image__/0.webp HTTP/1.1" 404 -
[WebServer] 127.0.0.1 - - [17/Sep/2026 02:34:06] "GET /__bsuk_pending_image__/1.webp HTTP/1.1" 404 -
[WebServer] 127.0.0.1 - - [17/Sep/2026 02:34:06] code 404, message File not found
[WebServer] 127.0.0.1 - - [17/Sep/2026 02:34:06] "GET /__bsuk_pending_image__/2.webp HTTP/1.1" 404 -
  ✘  10 [vp768] › tests/render/pages.spec.ts:109:3 › available-puppies/roman (4.0s)
  ✘  11 [vp375] › tests/render/pages.spec.ts:109:3 › available-puppies (4.2s)
[freshness] dist/ is current (newest: dist/robots.txt)
[WebServer] 127.0.0.1 - - [17/Sep/2026 02:34:10] "GET /available-puppies/ HTTP/1.1" 200 -
[WebServer] 127.0.0.1 - - [17/Sep/2026 02:34:10] "GET /images/blue-staffy-uk-header-logo-88.webp HTTP/1.1" 200 -
[WebServer] 127.0.0.1 - - [17/Sep/2026 02:34:10] "GET /images/puppies/roman-card-800.webp HTTP/1.1" 200 -
[WebServer] 127.0.0.1 - - [17/Sep/2026 02:34:10] "GET /images/puppies/byrd-card-800.webp HTTP/1.1" 200 -
[WebServer] 127.0.0.1 - - [17/Sep/2026 02:34:10] "GET /images/puppies/ince-card-800.webp HTTP/1.1" 200 -
[WebServer] 127.0.0.1 - - [17/Sep/2026 02:34:10] "GET /images/puppies/vennie-card-800.webp HTTP/1.1" 200 -
[WebServer] 127.0.0.1 - - [17/Sep/2026 02:34:10] "GET /images/puppies/christa-card-800.webp HTTP/1.1" 200 -
[WebServer] 127.0.0.1 - - [17/Sep/2026 02:34:10] "GET /images/puppies/cheryl-card-800.webp HTTP/1.1" 200 -
[freshness] dist/ is current (newest: dist/robots.txt)
[WebServer] 127.0.0.1 - - [17/Sep/2026 02:34:11] code 404, message File not found
[WebServer] 127.0.0.1 - - [17/Sep/2026 02:34:11] "GET /__bsuk_pending_image__/0.webp HTTP/1.1" 404 -
[WebServer] 127.0.0.1 - - [17/Sep/2026 02:34:11] code 404, message File not found
[WebServer] 127.0.0.1 - - [17/Sep/2026 02:34:11] code 404, message File not found
[WebServer] 127.0.0.1 - - [17/Sep/2026 02:34:11] "GET /__bsuk_pending_image__/2.webp HTTP/1.1" 404 -
[WebServer] 127.0.0.1 - - [17/Sep/2026 02:34:11] code 404, message File not found
[WebServer] 127.0.0.1 - - [17/Sep/2026 02:34:11] "GET /__bsuk_pending_image__/4.webp HTTP/1.1" 404 -
[WebServer] 127.0.0.1 - - [17/Sep/2026 02:34:11] code 404, message File not found
[WebServer] 127.0.0.1 - - [17/Sep/2026 02:34:11] "GET /__bsuk_pending_image__/3.webp HTTP/1.1" 404 -
[WebServer] 127.0.0.1 - - [17/Sep/2026 02:34:11] "GET /__bsuk_pending_image__/1.webp HTTP/1.1" 404 -
[WebServer] 127.0.0.1 - - [17/Sep/2026 02:34:11] "GET /uk-blue-staffy-puppy-buying-guide/ HTTP/1.1" 200 -
[WebServer] 127.0.0.1 - - [17/Sep/2026 02:34:11] "GET /images/blue-staffy-uk-header-logo-88.webp HTTP/1.1" 200 -
[WebServer] 127.0.0.1 - - [17/Sep/2026 02:34:13] code 404, message File not found
[WebServer] 127.0.0.1 - - [17/Sep/2026 02:34:13] "GET /__bsuk_pending_image__/0.webp HTTP/1.1" 404 -
[WebServer] 127.0.0.1 - - [17/Sep/2026 02:34:13] "GET /images/purebred-blue-male-staffy-available-for-rehoming.webp HTTP/1.1" 200 -
[WebServer] 127.0.0.1 - - [17/Sep/2026 02:34:13] "GET /images/how-to-buy-blue-staffy-puppy-uk-steps1.webp HTTP/1.1" 200 -
[WebServer] 127.0.0.1 - - [17/Sep/2026 02:34:13] "GET /images/blue-staffy-uk-reviews-owner-testimonials.webp HTTP/1.1" 200 -
[WebServer] 127.0.0.1 - - [17/Sep/2026 02:34:13] "GET /images/blue-staffy-vet-check.webp HTTP/1.1" 200 -
[WebServer] 127.0.0.1 - - [17/Sep/2026 02:34:13] "GET /images/blue-staffy-health-prioritising-wellbeing.webp HTTP/1.1" 200 -
[WebServer] 127.0.0.1 - - [17/Sep/2026 02:34:13] "GET /images/pros-and-cons-of-owning-a-blue-staffy-uk.webp HTTP/1.1" 200 -
[WebServer] 127.0.0.1 - - [17/Sep/2026 02:34:13] "GET /images/blue-staffy-training-socialisation.webp HTTP/1.1" 200 -
[WebServer] 127.0.0.1 - - [17/Sep/2026 02:34:13] "GET /images/blue-staffy-research.webp HTTP/1.1" 200 -
[WebServer] 127.0.0.1 - - [17/Sep/2026 02:34:13] "GET /images/blue-staffy-puppy-preparation.webp HTTP/1.1" 200 -
[WebServer] 127.0.0.1 - - [17/Sep/2026 02:34:13] "GET /images/1blue-staffy-family-breeder.webp HTTP/1.1" 200 -
[WebServer] 127.0.0.1 - - [17/Sep/2026 02:34:13] "GET /images/1blue-staffy-socialisation-checklist.webp HTTP/1.1" 200 -
[WebServer] 127.0.0.1 - - [17/Sep/2026 02:34:13] "GET /images/bluestaffyuk-nationwide-infographic.webp HTTP/1.1" 200 -
[WebServer] 127.0.0.1 - - [17/Sep/2026 02:34:13] "GET /images/defra-pet-transport-process.webp HTTP/1.1" 200 -
[WebServer] 127.0.0.1 - - [17/Sep/2026 02:34:13] "GET /images/uk-family-blue-staffy.webp HTTP/1.1" 200 -
[WebServer] 127.0.0.1 - - [17/Sep/2026 02:34:13] "GET /images/healthy-blue-staffy-pups-for-sale-certified.webp HTTP/1.1" 200 -
[WebServer] 127.0.0.1 - - [17/Sep/2026 02:34:13] "GET /images/blue-staffy-adoption-vs-buying-infographic.webp HTTP/1.1" 200 -
[WebServer] 127.0.0.1 - - [17/Sep/2026 02:34:13] "GET /images/ready-to-welcome-blue-staffy-infographic.webp HTTP/1.1" 200 -
  ✘  12 [vp768] › tests/render/pages.spec.ts:109:3 › available-puppies (4.0s)
[freshness] dist/ is current (newest: dist/robots.txt)
[WebServer] 127.0.0.1 - - [17/Sep/2026 02:34:16] "GET /uk-blue-staffy-puppy-buying-guide/ HTTP/1.1" 200 -
[WebServer] 127.0.0.1 - - [17/Sep/2026 02:34:16] "GET /images/blue-staffy-uk-header-logo-88.webp HTTP/1.1" 200 -
[WebServer] 127.0.0.1 - - [17/Sep/2026 02:34:17] code 404, message File not found
[WebServer] 127.0.0.1 - - [17/Sep/2026 02:34:17] "GET /__bsuk_pending_image__/0.webp HTTP/1.1" 404 -
[WebServer] 127.0.0.1 - - [17/Sep/2026 02:34:17] "GET /images/purebred-blue-male-staffy-available-for-rehoming.webp HTTP/1.1" 200 -
[WebServer] 127.0.0.1 - - [17/Sep/2026 02:34:17] "GET /images/how-to-buy-blue-staffy-puppy-uk-steps1.webp HTTP/1.1" 200 -
[WebServer] 127.0.0.1 - - [17/Sep/2026 02:34:17] "GET /images/pros-and-cons-of-owning-a-blue-staffy-uk.webp HTTP/1.1" 200 -
[WebServer] 127.0.0.1 - - [17/Sep/2026 02:34:17] "GET /images/blue-staffy-health-prioritising-wellbeing.webp HTTP/1.1" 200 -
[WebServer] 127.0.0.1 - - [17/Sep/2026 02:34:17] "GET /images/blue-staffy-vet-check.webp HTTP/1.1" 200 -
[WebServer] 127.0.0.1 - - [17/Sep/2026 02:34:17] "GET /images/blue-staffy-uk-reviews-owner-testimonials.webp HTTP/1.1" 200 -
[WebServer] 127.0.0.1 - - [17/Sep/2026 02:34:17] "GET /images/blue-staffy-research.webp HTTP/1.1" 200 -
[WebServer] 127.0.0.1 - - [17/Sep/2026 02:34:17] "GET /images/1blue-staffy-family-breeder.webp HTTP/1.1" 200 -
[WebServer] 127.0.0.1 - - [17/Sep/2026 02:34:17] "GET /images/blue-staffy-puppy-preparation.webp HTTP/1.1" 200 -
[WebServer] 127.0.0.1 - - [17/Sep/2026 02:34:17] "GET /images/1blue-staffy-socialisation-checklist.webp HTTP/1.1" 200 -
[WebServer] 127.0.0.1 - - [17/Sep/2026 02:34:17] "GET /images/bluestaffyuk-nationwide-infographic.webp HTTP/1.1" 200 -
[WebServer] 127.0.0.1 - - [17/Sep/2026 02:34:17] "GET /images/blue-staffy-training-socialisation.webp HTTP/1.1" 200 -
[WebServer] 127.0.0.1 - - [17/Sep/2026 02:34:17] "GET /images/defra-pet-transport-process.webp HTTP/1.1" 200 -
[WebServer] 127.0.0.1 - - [17/Sep/2026 02:34:17] "GET /images/uk-family-blue-staffy.webp HTTP/1.1" 200 -
[WebServer] 127.0.0.1 - - [17/Sep/2026 02:34:17] "GET /images/blue-staffy-adoption-vs-buying-infographic.webp HTTP/1.1" 200 -
[WebServer] 127.0.0.1 - - [17/Sep/2026 02:34:17] "GET /images/healthy-blue-staffy-pups-for-sale-certified.webp HTTP/1.1" 200 -
[WebServer] 127.0.0.1 - - [17/Sep/2026 02:34:17] "GET /images/ready-to-welcome-blue-staffy-infographic.webp HTTP/1.1" 200 -
  ✘  13 [vp375] › tests/render/pages.spec.ts:109:3 › uk-blue-staffy-puppy-buying-guide (11.2s)
[freshness] dist/ is current (newest: dist/robots.txt)
[WebServer] 127.0.0.1 - - [17/Sep/2026 02:34:23] "GET /uk-staffordshire-bull-terrier-guide/ HTTP/1.1" 200 -
[WebServer] 127.0.0.1 - - [17/Sep/2026 02:34:23] "GET /images/blue-staffy-uk-header-logo-88.webp HTTP/1.1" 200 -
[WebServer] 127.0.0.1 - - [17/Sep/2026 02:34:25] code 404, message File not found
[WebServer] 127.0.0.1 - - [17/Sep/2026 02:34:25] "GET /__bsuk_pending_image__/0.webp HTTP/1.1" 404 -
[WebServer] 127.0.0.1 - - [17/Sep/2026 02:34:25] "GET /images/blue-staffy-puppy-for-sale-uk.webp HTTP/1.1" 200 -
[WebServer] 127.0.0.1 - - [17/Sep/2026 02:34:25] "GET /images/sbt-history-heritage-from-pit-to-pet.webp HTTP/1.1" 200 -
[WebServer] 127.0.0.1 - - [17/Sep/2026 02:34:25] "GET /images/comprehensive-uk-staffordshire-bull-terrier-guide-book.webp HTTP/1.1" 200 -
[WebServer] 127.0.0.1 - - [17/Sep/2026 02:34:25] "GET /images/find-health-certified-staffy-breeders-uk.webp HTTP/1.1" 200 -
[WebServer] 127.0.0.1 - - [17/Sep/2026 02:34:25] "GET /images/true-cost-of-a-staffy-lifetime-budget-planning.webp HTTP/1.1" 200 -
[WebServer] 127.0.0.1 - - [17/Sep/2026 02:34:25] "GET /images/sbt-uk-legal-status-public-perception.webp HTTP/1.1" 200 -
[WebServer] 127.0.0.1 - - [17/Sep/2026 02:34:25] "GET /images/kc-registered-staffy-puppies.webp HTTP/1.1" 200 -
[WebServer] 127.0.0.1 - - [17/Sep/2026 02:34:25] "GET /images/busting-common-staffy-myths-loving-family-dog.webp HTTP/1.1" 200 -
[WebServer] 127.0.0.1 - - [17/Sep/2026 02:34:25] "GET /images/staffordshire-bull-terrier-vs-american-bully-comparison.webp HTTP/1.1" 200 -
[WebServer] 127.0.0.1 - - [17/Sep/2026 02:34:25] "GET /images/dedicated-blue-staffy-pup-care-glasgow.webp HTTP/1.1" 200 -
  ✘  14 [vp768] › tests/render/pages.spec.ts:109:3 › uk-blue-staffy-puppy-buying-guide (11.7s)
[freshness] dist/ is current (newest: dist/robots.txt)
[WebServer] 127.0.0.1 - - [17/Sep/2026 02:34:29] "GET /uk-staffordshire-bull-terrier-guide/ HTTP/1.1" 200 -
[WebServer] 127.0.0.1 - - [17/Sep/2026 02:34:29] "GET /images/blue-staffy-uk-header-logo-88.webp HTTP/1.1" 200 -
[WebServer] 127.0.0.1 - - [17/Sep/2026 02:34:31] code 404, message File not found
[WebServer] 127.0.0.1 - - [17/Sep/2026 02:34:31] "GET /__bsuk_pending_image__/0.webp HTTP/1.1" 404 -
[WebServer] 127.0.0.1 - - [17/Sep/2026 02:34:31] "GET /images/sbt-history-heritage-from-pit-to-pet.webp HTTP/1.1" 200 -
[WebServer] 127.0.0.1 - - [17/Sep/2026 02:34:31] "GET /images/find-health-certified-staffy-breeders-uk.webp HTTP/1.1" 200 -
[WebServer] 127.0.0.1 - - [17/Sep/2026 02:34:31] "GET /images/comprehensive-uk-staffordshire-bull-terrier-guide-book.webp HTTP/1.1" 200 -
[WebServer] 127.0.0.1 - - [17/Sep/2026 02:34:31] "GET /images/true-cost-of-a-staffy-lifetime-budget-planning.webp HTTP/1.1" 200 -
[WebServer] 127.0.0.1 - - [17/Sep/2026 02:34:31] "GET /images/blue-staffy-puppy-for-sale-uk.webp HTTP/1.1" 200 -
[WebServer] 127.0.0.1 - - [17/Sep/2026 02:34:31] "GET /images/sbt-uk-legal-status-public-perception.webp HTTP/1.1" 200 -
[WebServer] 127.0.0.1 - - [17/Sep/2026 02:34:31] "GET /images/kc-registered-staffy-puppies.webp HTTP/1.1" 200 -
[WebServer] 127.0.0.1 - - [17/Sep/2026 02:34:31] "GET /images/busting-common-staffy-myths-loving-family-dog.webp HTTP/1.1" 200 -
[WebServer] 127.0.0.1 - - [17/Sep/2026 02:34:31] "GET /images/staffordshire-bull-terrier-vs-american-bully-comparison.webp HTTP/1.1" 200 -
[WebServer] 127.0.0.1 - - [17/Sep/2026 02:34:31] "GET /images/dedicated-blue-staffy-pup-care-glasgow.webp HTTP/1.1" 200 -
  ✘  15 [vp375] › tests/render/pages.spec.ts:109:3 › uk-staffordshire-bull-terrier-guide (10.3s)
[freshness] dist/ is current (newest: dist/robots.txt)
[WebServer] 127.0.0.1 - - [17/Sep/2026 02:34:35] "GET /blue-staffy-health-uk/ HTTP/1.1" 200 -
[WebServer] 127.0.0.1 - - [17/Sep/2026 02:34:35] "GET /images/blue-staffy-uk-header-logo-88.webp HTTP/1.1" 200 -
[WebServer] 127.0.0.1 - - [17/Sep/2026 02:34:36] code 404, message File not found
[WebServer] 127.0.0.1 - - [17/Sep/2026 02:34:36] "GET /__bsuk_pending_image__/0.webp HTTP/1.1" 404 -
[WebServer] 127.0.0.1 - - [17/Sep/2026 02:34:36] "GET /images/what-to-feed-new-blue-staffy-puppy.webp HTTP/1.1" 200 -
[WebServer] 127.0.0.1 - - [17/Sep/2026 02:34:36] "GET /images/find-health-certified-staffy-breeders-uk.webp HTTP/1.1" 200 -
[WebServer] 127.0.0.1 - - [17/Sep/2026 02:34:36] "GET /images/blue-staffy-puppy-vet-check-uk-760.webp HTTP/1.1" 200 -
[WebServer] 127.0.0.1 - - [17/Sep/2026 02:34:36] "GET /images/what-health-tests-blue-staffies-need.webp HTTP/1.1" 200 -
[WebServer] 127.0.0.1 - - [17/Sep/2026 02:34:36] "GET /images/blue-staffy-puppies-uk-litter1-760.webp HTTP/1.1" 200 -
[WebServer] 127.0.0.1 - - [17/Sep/2026 02:34:36] "GET /images/puppy-vaccinations-uk.webp HTTP/1.1" 200 -
[WebServer] 127.0.0.1 - - [17/Sep/2026 02:34:36] "GET /images/kc-registered-staffy-puppies.webp HTTP/1.1" 200 -
[WebServer] 127.0.0.1 - - [17/Sep/2026 02:34:36] "GET /images/maggie-blue-staffy-dam-with-pups-760.webp HTTP/1.1" 200 -
  ✘  16 [vp768] › tests/render/pages.spec.ts:109:3 › uk-staffordshire-bull-terrier-guide (10.6s)
[freshness] dist/ is current (newest: dist/robots.txt)
[WebServer] 127.0.0.1 - - [17/Sep/2026 02:34:41] "GET /blue-staffy-health-uk/ HTTP/1.1" 200 -
[WebServer] 127.0.0.1 - - [17/Sep/2026 02:34:41] "GET /images/blue-staffy-uk-header-logo-88.webp HTTP/1.1" 200 -
[WebServer] 127.0.0.1 - - [17/Sep/2026 02:34:41] code 404, message File not found
[WebServer] 127.0.0.1 - - [17/Sep/2026 02:34:41] "GET /__bsuk_pending_image__/0.webp HTTP/1.1" 404 -
[WebServer] 127.0.0.1 - - [17/Sep/2026 02:34:41] "GET /images/what-health-tests-blue-staffies-need.webp HTTP/1.1" 200 -
[WebServer] 127.0.0.1 - - [17/Sep/2026 02:34:41] "GET /images/blue-staffy-puppies-uk-litter1.webp HTTP/1.1" 200 -
[WebServer] 127.0.0.1 - - [17/Sep/2026 02:34:41] "GET /images/puppy-vaccinations-uk.webp HTTP/1.1" 200 -
[WebServer] 127.0.0.1 - - [17/Sep/2026 02:34:41] "GET /images/blue-staffy-puppy-vet-check-uk.webp HTTP/1.1" 200 -
[WebServer] 127.0.0.1 - - [17/Sep/2026 02:34:41] "GET /images/what-to-feed-new-blue-staffy-puppy.webp HTTP/1.1" 200 -
[WebServer] 127.0.0.1 - - [17/Sep/2026 02:34:41] "GET /images/find-health-certified-staffy-breeders-uk.webp HTTP/1.1" 200 -
[WebServer] 127.0.0.1 - - [17/Sep/2026 02:34:41] "GET /images/kc-registered-staffy-puppies.webp HTTP/1.1" 200 -
[WebServer] 127.0.0.1 - - [17/Sep/2026 02:34:41] "GET /images/maggie-blue-staffy-dam-with-pups.webp HTTP/1.1" 200 -
  ✘  17 [vp375] › tests/render/pages.spec.ts:109:3 › blue-staffy-health-uk (7.2s)
[freshness] dist/ is current (newest: dist/robots.txt)
[WebServer] 127.0.0.1 - - [17/Sep/2026 02:34:43] "GET /blue-staffy-uk-breeders/ HTTP/1.1" 200 -
[WebServer] 127.0.0.1 - - [17/Sep/2026 02:34:43] "GET /images/blue-staffy-uk-header-logo-88.webp HTTP/1.1" 200 -
[WebServer] 127.0.0.1 - - [17/Sep/2026 02:34:44] "GET /images/family-friendly-blue-staffy-glasgow.webp HTTP/1.1" 200 -
[WebServer] 127.0.0.1 - - [17/Sep/2026 02:34:45] code 404, message File not found
[WebServer] 127.0.0.1 - - [17/Sep/2026 02:34:45] "GET /__bsuk_pending_image__/0.webp HTTP/1.1" 404 -
[WebServer] 127.0.0.1 - - [17/Sep/2026 02:34:45] "GET /images/blue-staffy-family-dog-uk.webp HTTP/1.1" 200 -
[WebServer] 127.0.0.1 - - [17/Sep/2026 02:34:45] "GET /images/bluestaffyuk-nationwide-delivery-760.webp HTTP/1.1" 200 -
[WebServer] 127.0.0.1 - - [17/Sep/2026 02:34:45] "GET /images/playful-blue-staffy-lawn-uk-760.webp HTTP/1.1" 200 -
[WebServer] 127.0.0.1 - - [17/Sep/2026 02:34:45] "GET /images/breeder-sitting-blue-staffy-puppy-home.webp HTTP/1.1" 200 -
[WebServer] 127.0.0.1 - - [17/Sep/2026 02:34:45] "GET /images/trusted-uk-breeders-blue-staffy-family.webp HTTP/1.1" 200 -
[WebServer] 127.0.0.1 - - [17/Sep/2026 02:34:45] "GET /images/testimonial-david-southampton-staffy-pup.webp HTTP/1.1" 200 -
  ✘  18 [vp768] › tests/render/pages.spec.ts:109:3 › blue-staffy-health-uk (7.4s)
[freshness] dist/ is current (newest: dist/robots.txt)
[WebServer] 127.0.0.1 - - [17/Sep/2026 02:34:50] "GET /blue-staffy-uk-breeders/ HTTP/1.1" 200 -
[WebServer] 127.0.0.1 - - [17/Sep/2026 02:34:50] "GET /images/blue-staffy-uk-header-logo-88.webp HTTP/1.1" 200 -
[WebServer] 127.0.0.1 - - [17/Sep/2026 02:34:50] "GET /images/family-friendly-blue-staffy-glasgow.webp HTTP/1.1" 200 -
  ✘  19 [vp375] › tests/render/pages.spec.ts:109:3 › blue-staffy-uk-breeders (7.6s)
[WebServer] 127.0.0.1 - - [17/Sep/2026 02:34:52] code 404, message File not found
[WebServer] 127.0.0.1 - - [17/Sep/2026 02:34:52] "GET /__bsuk_pending_image__/0.webp HTTP/1.1" 404 -
[WebServer] 127.0.0.1 - - [17/Sep/2026 02:34:52] "GET /images/trusted-uk-breeders-blue-staffy-family.webp HTTP/1.1" 200 -
[WebServer] 127.0.0.1 - - [17/Sep/2026 02:34:52] "GET /images/testimonial-david-southampton-staffy-pup.webp HTTP/1.1" 200 -
[WebServer] 127.0.0.1 - - [17/Sep/2026 02:34:52] "GET /images/bluestaffyuk-nationwide-delivery.webp HTTP/1.1" 200 -
[WebServer] 127.0.0.1 - - [17/Sep/2026 02:34:52] "GET /images/blue-staffy-family-dog-uk.webp HTTP/1.1" 200 -
[WebServer] 127.0.0.1 - - [17/Sep/2026 02:34:52] "GET /images/breeder-sitting-blue-staffy-puppy-home.webp HTTP/1.1" 200 -
[WebServer] 127.0.0.1 - - [17/Sep/2026 02:34:52] "GET /images/playful-blue-staffy-lawn-uk.webp HTTP/1.1" 200 -
[freshness] dist/ is current (newest: dist/robots.txt)
[WebServer] 127.0.0.1 - - [17/Sep/2026 02:34:53] "GET /uk-blue-staffy-breeders-contact/ HTTP/1.1" 200 -
[WebServer] 127.0.0.1 - - [17/Sep/2026 02:34:53] "GET /images/blue-staffy-uk-header-logo-88.webp HTTP/1.1" 200 -
[WebServer] 127.0.0.1 - - [17/Sep/2026 02:34:53] "GET /images/uk-blue-staffy-breeders-contact-form-support.webp HTTP/1.1" 200 -
[WebServer] 127.0.0.1 - - [17/Sep/2026 02:34:53] code 404, message File not found
[WebServer] 127.0.0.1 - - [17/Sep/2026 02:34:53] "GET /__bsuk_pending_image__/0.webp HTTP/1.1" 404 -
[WebServer] 127.0.0.1 - - [17/Sep/2026 02:34:53] code 404, message File not found
[WebServer] 127.0.0.1 - - [17/Sep/2026 02:34:53] "GET /__bsuk_pending_image__/1.webp HTTP/1.1" 404 -
  ✓  21 [vp375] › tests/render/pages.spec.ts:109:3 › uk-blue-staffy-breeders-contact (4.4s)
[WebServer] 127.0.0.1 - - [17/Sep/2026 02:34:57] "GET /privacy-policy-uk/ HTTP/1.1" 200 -
[WebServer] 127.0.0.1 - - [17/Sep/2026 02:34:57] "GET /images/blue-staffy-uk-header-logo-88.webp HTTP/1.1" 200 -
[WebServer] 127.0.0.1 - - [17/Sep/2026 02:34:57] "GET /images/blue-staffy-privacy-policy-info-discussion.webp HTTP/1.1" 200 -
[WebServer] 127.0.0.1 - - [17/Sep/2026 02:34:57] "GET /images/privacy-policy-staffy-silhouette-bluestaffyuk.webp HTTP/1.1" 200 -
  ✘  20 [vp768] › tests/render/pages.spec.ts:109:3 › blue-staffy-uk-breeders (7.8s)
[WebServer] 127.0.0.1 - - [17/Sep/2026 02:34:58] code 404, message File not found
[WebServer] 127.0.0.1 - - [17/Sep/2026 02:34:58] "GET /__bsuk_pending_image__/0.webp HTTP/1.1" 404 -
[WebServer] 127.0.0.1 - - [17/Sep/2026 02:34:58] "GET /images/breeder-sitting-blue-staffy-puppy-home.webp HTTP/1.1" 200 -
[freshness] dist/ is current (newest: dist/robots.txt)
[WebServer] 127.0.0.1 - - [17/Sep/2026 02:34:59] "GET /uk-blue-staffy-breeders-contact/ HTTP/1.1" 200 -
[WebServer] 127.0.0.1 - - [17/Sep/2026 02:34:59] "GET /images/blue-staffy-uk-header-logo-88.webp HTTP/1.1" 200 -
[WebServer] 127.0.0.1 - - [17/Sep/2026 02:34:59] "GET /images/uk-blue-staffy-breeders-contact-form-support.webp HTTP/1.1" 200 -
[WebServer] 127.0.0.1 - - [17/Sep/2026 02:34:59] code 404, message File not found
[WebServer] 127.0.0.1 - - [17/Sep/2026 02:34:59] "GET /__bsuk_pending_image__/1.webp HTTP/1.1" 404 -
[WebServer] 127.0.0.1 - - [17/Sep/2026 02:34:59] code 404, message File not found
[WebServer] 127.0.0.1 - - [17/Sep/2026 02:34:59] "GET /__bsuk_pending_image__/0.webp HTTP/1.1" 404 -
  ✘  22 [vp375] › tests/render/pages.spec.ts:109:3 › privacy-policy-uk (4.6s)
  ✓  23 [vp768] › tests/render/pages.spec.ts:109:3 › uk-blue-staffy-breeders-contact (4.0s)
[WebServer] 127.0.0.1 - - [17/Sep/2026 02:35:03] "GET /privacy-policy-uk/ HTTP/1.1" 200 -
[WebServer] 127.0.0.1 - - [17/Sep/2026 02:35:03] "GET /images/blue-staffy-uk-header-logo-88.webp HTTP/1.1" 200 -
[WebServer] 127.0.0.1 - - [17/Sep/2026 02:35:03] "GET /images/privacy-policy-staffy-silhouette-bluestaffyuk.webp HTTP/1.1" 200 -
[WebServer] 127.0.0.1 - - [17/Sep/2026 02:35:03] "GET /images/blue-staffy-privacy-policy-info-discussion.webp HTTP/1.1" 200 -
[freshness] dist/ is current (newest: dist/robots.txt)
[WebServer] 127.0.0.1 - - [17/Sep/2026 02:35:03] "GET /uk-locations/ HTTP/1.1" 200 -
[WebServer] 127.0.0.1 - - [17/Sep/2026 02:35:03] "GET /images/blue-staffy-uk-header-logo-88.webp HTTP/1.1" 200 -
[WebServer] 127.0.0.1 - - [17/Sep/2026 02:35:03] code 404, message File not found
[WebServer] 127.0.0.1 - - [17/Sep/2026 02:35:03] "GET /__bsuk_pending_image__/0.webp HTTP/1.1" 404 -
[WebServer] 127.0.0.1 - - [17/Sep/2026 02:35:03] "GET /images/breeder-sitting-blue-staffy-puppy-home.webp HTTP/1.1" 200 -
[WebServer] 127.0.0.1 - - [17/Sep/2026 02:35:04] code 404, message File not found
[WebServer] 127.0.0.1 - - [17/Sep/2026 02:35:04] "GET /__bsuk_pending_image__/0.webp HTTP/1.1" 404 -
  ✘  25 [vp375] › tests/render/pages.spec.ts:109:3 › uk-locations (3.7s)
  ✘  24 [vp768] › tests/render/pages.spec.ts:109:3 › privacy-policy-uk (4.8s)
[freshness] dist/ is current (newest: dist/robots.txt)
[WebServer] 127.0.0.1 - - [17/Sep/2026 02:35:08] "GET /uk-locations/blue-staffy-puppies-birmingham/ HTTP/1.1" 200 -
[WebServer] 127.0.0.1 - - [17/Sep/2026 02:35:08] "GET /images/blue-staffy-uk-header-logo-88.webp HTTP/1.1" 200 -
[WebServer] 127.0.0.1 - - [17/Sep/2026 02:35:09] code 404, message File not found
[WebServer] 127.0.0.1 - - [17/Sep/2026 02:35:09] "GET /__bsuk_pending_image__/0.webp HTTP/1.1" 404 -
[freshness] dist/ is current (newest: dist/robots.txt)
[WebServer] 127.0.0.1 - - [17/Sep/2026 02:35:10] "GET /uk-locations/ HTTP/1.1" 200 -
[WebServer] 127.0.0.1 - - [17/Sep/2026 02:35:10] "GET /images/blue-staffy-uk-header-logo-88.webp HTTP/1.1" 200 -
[WebServer] 127.0.0.1 - - [17/Sep/2026 02:35:10] code 404, message File not found
[WebServer] 127.0.0.1 - - [17/Sep/2026 02:35:10] "GET /__bsuk_pending_image__/0.webp HTTP/1.1" 404 -
  ✘  26 [vp375] › tests/render/pages.spec.ts:109:3 › uk-locations/blue-staffy-puppies-birmingham (3.8s)
  ✘  27 [vp768] › tests/render/pages.spec.ts:109:3 › uk-locations (3.7s)
[freshness] dist/ is current (newest: dist/robots.txt)
[WebServer] 127.0.0.1 - - [17/Sep/2026 02:35:14] "GET /uk-locations/blue-staffy-puppies-uk/ HTTP/1.1" 200 -
[WebServer] 127.0.0.1 - - [17/Sep/2026 02:35:14] "GET /images/blue-staffy-uk-header-logo-88.webp HTTP/1.1" 200 -
[WebServer] 127.0.0.1 - - [17/Sep/2026 02:35:14] "GET /images/blue-staffy-puppies-near-me-uk-available.webp HTTP/1.1" 200 -
[WebServer] 127.0.0.1 - - [17/Sep/2026 02:35:14] "GET /images/bluestaffyuk-nationwide-delivery-760.webp HTTP/1.1" 200 -
[WebServer] 127.0.0.1 - - [17/Sep/2026 02:35:14] "GET /images/blue-staffy-uk-map-city-overview-1.webp HTTP/1.1" 200 -
[WebServer] 127.0.0.1 - - [17/Sep/2026 02:35:15] code 404, message File not found
[WebServer] 127.0.0.1 - - [17/Sep/2026 02:35:15] "GET /__bsuk_pending_image__/0.webp HTTP/1.1" 404 -
[WebServer] 127.0.0.1 - - [17/Sep/2026 02:35:15] code 404, message File not found
[WebServer] 127.0.0.1 - - [17/Sep/2026 02:35:15] "GET /__bsuk_pending_image__/1.webp HTTP/1.1" 404 -
[WebServer] 127.0.0.1 - - [17/Sep/2026 02:35:15] "GET /images/maggie-blue-staffy-dam-with-pups-760.webp HTTP/1.1" 200 -
[WebServer] 127.0.0.1 - - [17/Sep/2026 02:35:15] "GET /images/dedicated-blue-staffy-pup-care-glasgow.webp HTTP/1.1" 200 -
[WebServer] 127.0.0.1 - - [17/Sep/2026 02:35:15] "GET /images/buy-blue-staffy-puppy-uk-ethical-purchase-760.webp HTTP/1.1" 200 -
[WebServer] 127.0.0.1 - - [17/Sep/2026 02:35:15] "GET /images/blue-staffy-puppy-delivery-uk-760.webp HTTP/1.1" 200 -
[WebServer] 127.0.0.1 - - [17/Sep/2026 02:35:15] "GET /images/family-friendly-blue-staffy-glasgow.webp HTTP/1.1" 200 -
[WebServer] 127.0.0.1 - - [17/Sep/2026 02:35:15] "GET /images/bluestaffyuk-puppy-delivery-cornwall.webp HTTP/1.1" 200 -
[WebServer] 127.0.0.1 - - [17/Sep/2026 02:35:15] "GET /images/reputable-blue-staffy-breeder-manchester-pup.webp HTTP/1.1" 200 -
[WebServer] 127.0.0.1 - - [17/Sep/2026 02:35:15] "GET /images/ethical-staffy-puppy-london-delivery.webp HTTP/1.1" 200 -
[freshness] dist/ is current (newest: dist/robots.txt)
[WebServer] 127.0.0.1 - - [17/Sep/2026 02:35:16] "GET /uk-locations/blue-staffy-puppies-birmingham/ HTTP/1.1" 200 -
[WebServer] 127.0.0.1 - - [17/Sep/2026 02:35:16] "GET /images/blue-staffy-uk-header-logo-88.webp HTTP/1.1" 200 -
[WebServer] 127.0.0.1 - - [17/Sep/2026 02:35:17] code 404, message File not found
[WebServer] 127.0.0.1 - - [17/Sep/2026 02:35:17] "GET /__bsuk_pending_image__/0.webp HTTP/1.1" 404 -
  ✘  29 [vp768] › tests/render/pages.spec.ts:109:3 › uk-locations/blue-staffy-puppies-birmingham (3.4s)
[freshness] dist/ is current (newest: dist/robots.txt)
[WebServer] 127.0.0.1 - - [17/Sep/2026 02:35:21] "GET /uk-locations/blue-staffy-puppies-uk/ HTTP/1.1" 200 -
[WebServer] 127.0.0.1 - - [17/Sep/2026 02:35:21] "GET /images/blue-staffy-uk-header-logo-88.webp HTTP/1.1" 200 -
[WebServer] 127.0.0.1 - - [17/Sep/2026 02:35:21] "GET /images/blue-staffy-puppies-near-me-uk-available.webp HTTP/1.1" 200 -
[WebServer] 127.0.0.1 - - [17/Sep/2026 02:35:21] "GET /images/bluestaffyuk-nationwide-delivery.webp HTTP/1.1" 200 -
[WebServer] 127.0.0.1 - - [17/Sep/2026 02:35:21] code 404, message File not found
[WebServer] 127.0.0.1 - - [17/Sep/2026 02:35:21] code 404, message File not found
[WebServer] 127.0.0.1 - - [17/Sep/2026 02:35:21] "GET /__bsuk_pending_image__/1.webp HTTP/1.1" 404 -
[WebServer] 127.0.0.1 - - [17/Sep/2026 02:35:21] "GET /__bsuk_pending_image__/0.webp HTTP/1.1" 404 -
  ✘  28 [vp375] › tests/render/pages.spec.ts:109:3 › uk-locations/blue-staffy-puppies-uk (7.3s)
[WebServer] 127.0.0.1 - - [17/Sep/2026 02:35:21] "GET /images/blue-staffy-uk-map-city-overview-1.webp HTTP/1.1" 200 -
[WebServer] 127.0.0.1 - - [17/Sep/2026 02:35:21] "GET /images/blue-staffy-puppy-delivery-uk.webp HTTP/1.1" 200 -
[WebServer] 127.0.0.1 - - [17/Sep/2026 02:35:21] "GET /images/buy-blue-staffy-puppy-uk-ethical-purchase.webp HTTP/1.1" 200 -
[WebServer] 127.0.0.1 - - [17/Sep/2026 02:35:21] "GET /images/dedicated-blue-staffy-pup-care-glasgow.webp HTTP/1.1" 200 -
[WebServer] 127.0.0.1 - - [17/Sep/2026 02:35:21] "GET /images/family-friendly-blue-staffy-glasgow.webp HTTP/1.1" 200 -
[WebServer] 127.0.0.1 - - [17/Sep/2026 02:35:21] "GET /images/maggie-blue-staffy-dam-with-pups.webp HTTP/1.1" 200 -
[WebServer] 127.0.0.1 - - [17/Sep/2026 02:35:21] "GET /images/bluestaffyuk-puppy-delivery-cornwall.webp HTTP/1.1" 200 -
[WebServer] 127.0.0.1 - - [17/Sep/2026 02:35:21] "GET /images/reputable-blue-staffy-breeder-manchester-pup.webp HTTP/1.1" 200 -
[WebServer] 127.0.0.1 - - [17/Sep/2026 02:35:21] "GET /images/ethical-staffy-puppy-london-delivery.webp HTTP/1.1" 200 -
[freshness] dist/ is current (newest: dist/robots.txt)
[WebServer] 127.0.0.1 - - [17/Sep/2026 02:35:23] "GET /blue-staffy-blog-guides/ HTTP/1.1" 200 -
[WebServer] 127.0.0.1 - - [17/Sep/2026 02:35:23] "GET /images/blue-staffy-uk-header-logo-88.webp HTTP/1.1" 200 -
[WebServer] 127.0.0.1 - - [17/Sep/2026 02:35:24] code 404, message File not found
[WebServer] 127.0.0.1 - - [17/Sep/2026 02:35:24] "GET /__bsuk_pending_image__/0.webp HTTP/1.1" 404 -
  ✘  31 [vp375] › tests/render/pages.spec.ts:109:3 › blue-staffy-blog-guides (3.6s)
[freshness] dist/ is current (newest: dist/robots.txt)
[WebServer] 127.0.0.1 - - [17/Sep/2026 02:35:28] "GET /blog/ HTTP/1.1" 200 -
[WebServer] 127.0.0.1 - - [17/Sep/2026 02:35:28] "GET /images/blue-staffy-uk-header-logo-88.webp HTTP/1.1" 200 -
[WebServer] 127.0.0.1 - - [17/Sep/2026 02:35:28] code 404, message File not found
[WebServer] 127.0.0.1 - - [17/Sep/2026 02:35:28] "GET /__bsuk_pending_image__/0.webp HTTP/1.1" 404 -
  ✘  30 [vp768] › tests/render/pages.spec.ts:109:3 › uk-locations/blue-staffy-puppies-uk (8.1s)
[freshness] dist/ is current (newest: dist/robots.txt)
[WebServer] 127.0.0.1 - - [17/Sep/2026 02:35:30] "GET /blue-staffy-blog-guides/ HTTP/1.1" 200 -
[WebServer] 127.0.0.1 - - [17/Sep/2026 02:35:30] "GET /images/blue-staffy-uk-header-logo-88.webp HTTP/1.1" 200 -
[WebServer] 127.0.0.1 - - [17/Sep/2026 02:35:31] code 404, message File not found
[WebServer] 127.0.0.1 - - [17/Sep/2026 02:35:31] "GET /__bsuk_pending_image__/0.webp HTTP/1.1" 404 -
  ✘  32 [vp375] › tests/render/pages.spec.ts:109:3 › blog (3.6s)
[freshness] dist/ is current (newest: dist/robots.txt)
[WebServer] 127.0.0.1 - - [17/Sep/2026 02:35:33] "GET / HTTP/1.1" 200 -
[WebServer] 127.0.0.1 - - [17/Sep/2026 02:35:33] "GET /images/blue-staffy-uk-header-logo-88.webp HTTP/1.1" 200 -
[WebServer] 127.0.0.1 - - [17/Sep/2026 02:35:33] "GET /images/kc-registered-blue-staffy-pups-london.webp HTTP/1.1" 200 -
[WebServer] 127.0.0.1 - - [17/Sep/2026 02:35:33] "GET /images/blue-staffy-puppy-for-sale-uk.webp HTTP/1.1" 200 -
[WebServer] 127.0.0.1 - - [17/Sep/2026 02:35:33] "GET /videos/playful-blue-staffy-puppies-uk.mp4 HTTP/1.1" 200 -
[WebServer] 127.0.0.1 - - [17/Sep/2026 02:35:34] code 404, message File not found
[WebServer] 127.0.0.1 - - [17/Sep/2026 02:35:34] "GET /__bsuk_pending_image__/0.webp HTTP/1.1" 404 -
  ✘  33 [vp768] › tests/render/pages.spec.ts:109:3 › blue-staffy-blog-guides (3.8s)
[WebServer] 127.0.0.1 - - [17/Sep/2026 02:35:34] "GET /images/buy-staffy-health-guarantee-uk-760.webp HTTP/1.1" 200 -
[WebServer] 127.0.0.1 - - [17/Sep/2026 02:35:34] "GET /images/healthy-staffy-breed-guide-1.webp HTTP/1.1" 200 -
[WebServer] 127.0.0.1 - - [17/Sep/2026 02:35:34] "GET /images/kc-staffy-puppies-for-rehoming-uk.webp HTTP/1.1" 200 -
[WebServer] 127.0.0.1 - - [17/Sep/2026 02:35:34] "GET /images/victoria-family-blue-staffy-manchester.webp HTTP/1.1" 200 -
[WebServer] 127.0.0.1 - - [17/Sep/2026 02:35:34] "GET /images/playful-blue-staffy-lawn-uk-760.webp HTTP/1.1" 200 -
[WebServer] 127.0.0.1 - - [17/Sep/2026 02:35:34] "GET /images/mark-blue-staffy-london.webp HTTP/1.1" 200 -
[WebServer] 127.0.0.1 - - [17/Sep/2026 02:35:34] "GET /images/playful-staffy-puppies-uk-sale.webp HTTP/1.1" 200 -
[WebServer] 127.0.0.1 - - [17/Sep/2026 02:35:34] "GET /images/blue-staffy-puppy-vet-check-uk-760.webp HTTP/1.1" 200 -
[WebServer] 127.0.0.1 - - [17/Sep/2026 02:35:34] "GET /images/maggie-blue-staffy-dam-with-pups-760.webp HTTP/1.1" 200 -
[WebServer] 127.0.0.1 - - [17/Sep/2026 02:35:34] "GET /images/blue-staffy-family-dog-uk.webp HTTP/1.1" 200 -
[WebServer] 127.0.0.1 - - [17/Sep/2026 02:35:34] "GET /images/bluestaffyuk-nationwide-delivery-760.webp HTTP/1.1" 200 -
[WebServer] 127.0.0.1 - - [17/Sep/2026 02:35:34] "GET /images/blue-staffy-puppy-delivery-uk-760.webp HTTP/1.1" 200 -
[WebServer] 127.0.0.1 - - [17/Sep/2026 02:35:34] "GET /images/puppies/roman-card-800.webp HTTP/1.1" 200 -
[WebServer] 127.0.0.1 - - [17/Sep/2026 02:35:34] "GET /images/puppies/ince-card-800.webp HTTP/1.1" 200 -
[WebServer] 127.0.0.1 - - [17/Sep/2026 02:35:34] "GET /images/puppies/byrd-card-800.webp HTTP/1.1" 200 -
[WebServer] 127.0.0.1 - - [17/Sep/2026 02:35:34] "GET /images/puppies/vennie-card-800.webp HTTP/1.1" 200 -
[WebServer] 127.0.0.1 - - [17/Sep/2026 02:35:34] "GET /images/puppies/christa-card-800.webp HTTP/1.1" 200 -
[WebServer] 127.0.0.1 - - [17/Sep/2026 02:35:34] "GET /images/puppies/cheryl-card-800.webp HTTP/1.1" 200 -
[freshness] dist/ is current (newest: dist/robots.txt)
[WebServer] 127.0.0.1 - - [17/Sep/2026 02:35:35] "GET /blog/ HTTP/1.1" 200 -
[WebServer] 127.0.0.1 - - [17/Sep/2026 02:35:35] "GET /images/blue-staffy-uk-header-logo-88.webp HTTP/1.1" 200 -
[WebServer] 127.0.0.1 - - [17/Sep/2026 02:35:36] code 404, message File not found
[WebServer] 127.0.0.1 - - [17/Sep/2026 02:35:36] "GET /__bsuk_pending_image__/0.webp HTTP/1.1" 404 -
  ✘  35 [vp768] › tests/render/pages.spec.ts:109:3 › blog (3.5s)
[WebServer] 127.0.0.1 - - [17/Sep/2026 02:35:44] "GET /videos/playful-blue-staffy-puppies-uk.mp4 HTTP/1.1" 200 -
[WebServer] ----------------------------------------
[WebServer] Exception occurred during processing of request from ('127.0.0.1', 59592)
[WebServer] Traceback (most recent call last):
[WebServer]   File "/Library/Developer/CommandLineTools/Library/Frameworks/Python3.framework/Versions/3.9/lib/python3.9/socketserver.py", line 683, in process_request_thread
[WebServer]     self.finish_request(request, client_address)
[WebServer]   File "/Library/Developer/CommandLineTools/Library/Frameworks/Python3.framework/Versions/3.9/lib/python3.9/socketserver.py", line 360, in finish_request
[WebServer]     self.RequestHandlerClass(request, client_address, self)
[WebServer]   File "/Library/Developer/CommandLineTools/Library/Frameworks/Python3.framework/Versions/3.9/lib/python3.9/http/server.py", line 660, in __init__
[WebServer]     super().__init__(*args, **kwargs)
[WebServer]   File "/Library/Developer/CommandLineTools/Library/Frameworks/Python3.framework/Versions/3.9/lib/python3.9/socketserver.py", line 747, in __init__
[WebServer]     self.handle()
[WebServer]   File "/Library/Developer/CommandLineTools/Library/Frameworks/Python3.framework/Versions/3.9/lib/python3.9/http/server.py", line 434, in handle
[WebServer]     self.handle_one_request()
[WebServer]   File "/Library/Developer/CommandLineTools/Library/Frameworks/Python3.framework/Versions/3.9/lib/python3.9/http/server.py", line 422, in handle_one_request
[WebServer]     method()
[WebServer]   File "/Library/Developer/CommandLineTools/Library/Frameworks/Python3.framework/Versions/3.9/lib/python3.9/http/server.py", line 667, in do_GET
[WebServer]     self.copyfile(f, self.wfile)
[WebServer]   File "/Library/Developer/CommandLineTools/Library/Frameworks/Python3.framework/Versions/3.9/lib/python3.9/http/server.py", line 867, in copyfile
[WebServer]     shutil.copyfileobj(source, outputfile)
[WebServer]   File "/Library/Developer/CommandLineTools/Library/Frameworks/Python3.framework/Versions/3.9/lib/python3.9/shutil.py", line 208, in copyfileobj
[WebServer]     fdst_write(buf)
[WebServer]   File "/Library/Developer/CommandLineTools/Library/Frameworks/Python3.framework/Versions/3.9/lib/python3.9/socketserver.py", line 826, in write
[WebServer]     self._sock.sendall(b)
[WebServer] BrokenPipeError: [Errno 32] Broken pipe
[WebServer] ----------------------------------------
  ✘  34 [vp1280] › tests/render/pages.spec.ts:109:3 › index (11.2s)
[freshness] dist/ is current (newest: dist/robots.txt)
[WebServer] 127.0.0.1 - - [17/Sep/2026 02:35:45] "GET /buy-blue-staffy-puppies-uk/ HTTP/1.1" 200 -
[WebServer] 127.0.0.1 - - [17/Sep/2026 02:35:45] "GET /images/blue-staffy-puppies-uk-litter1.webp HTTP/1.1" 200 -
[WebServer] 127.0.0.1 - - [17/Sep/2026 02:35:45] "GET /images/blue-staffy-uk-header-logo-88.webp HTTP/1.1" 200 -
[WebServer] 127.0.0.1 - - [17/Sep/2026 02:35:45] "GET /videos/best-blue-staffy-puppies-uk.mp4 HTTP/1.1" 200 -
[WebServer] 127.0.0.1 - - [17/Sep/2026 02:35:46] code 404, message File not found
[WebServer] 127.0.0.1 - - [17/Sep/2026 02:35:46] "GET /__bsuk_pending_image__/0.webp HTTP/1.1" 404 -
[WebServer] 127.0.0.1 - - [17/Sep/2026 02:35:46] "GET /images/staffordshire-bull-terrier-for-sale-uk-ready-760.webp HTTP/1.1" 200 -
[WebServer] 127.0.0.1 - - [17/Sep/2026 02:35:46] "GET /images/buy-staffordshire-bull-terrier-uk-now-760.webp HTTP/1.1" 200 -
[WebServer] 127.0.0.1 - - [17/Sep/2026 02:35:46] "GET /images/blue-staffy-pups-near-you-760.webp HTTP/1.1" 200 -
[WebServer] 127.0.0.1 - - [17/Sep/2026 02:35:46] "GET /images/blue-staffy-puppy-delivery-uk-760.webp HTTP/1.1" 200 -
[WebServer] 127.0.0.1 - - [17/Sep/2026 02:35:46] "GET /images/uk-blue-staffy-breeders-trust-760.webp HTTP/1.1" 200 -
[WebServer] 127.0.0.1 - - [17/Sep/2026 02:35:46] "GET /images/blue-staffy-testimonial-london-happy-owner.webp HTTP/1.1" 200 -
[WebServer] 127.0.0.1 - - [17/Sep/2026 02:35:46] "GET /images/blue-staffy-puppy-testimonial-cardiff-daniel.webp HTTP/1.1" 200 -
[WebServer] 127.0.0.1 - - [17/Sep/2026 02:35:46] "GET /images/puppies/roman-card-800.webp HTTP/1.1" 200 -
[WebServer] 127.0.0.1 - - [17/Sep/2026 02:35:46] "GET /images/puppies/byrd-card-800.webp HTTP/1.1" 200 -
[WebServer] 127.0.0.1 - - [17/Sep/2026 02:35:46] "GET /images/puppies/ince-card-800.webp HTTP/1.1" 200 -
[WebServer] 127.0.0.1 - - [17/Sep/2026 02:35:46] "GET /images/puppies/vennie-card-800.webp HTTP/1.1" 200 -
[WebServer] 127.0.0.1 - - [17/Sep/2026 02:35:46] "GET /images/puppies/cheryl-card-800.webp HTTP/1.1" 200 -
[WebServer] 127.0.0.1 - - [17/Sep/2026 02:35:46] "GET /images/puppies/christa-card-800.webp HTTP/1.1" 200 -
  ✘  36 [vp1280] › tests/render/pages.spec.ts:109:3 › buy-blue-staffy-puppies-uk (9.6s)
[freshness] dist/ is current (newest: dist/robots.txt)
[WebServer] 127.0.0.1 - - [17/Sep/2026 02:35:56] "GET /blue-staffy-pup-sale-uk/ HTTP/1.1" 200 -
[WebServer] 127.0.0.1 - - [17/Sep/2026 02:35:56] "GET /images/blue-staffy-uk-header-logo-88.webp HTTP/1.1" 200 -
[WebServer] 127.0.0.1 - - [17/Sep/2026 02:35:56] code 404, message File not found
[WebServer] 127.0.0.1 - - [17/Sep/2026 02:35:56] "GET /__bsuk_pending_image__/0.webp HTTP/1.1" 404 -
[WebServer] 127.0.0.1 - - [17/Sep/2026 02:35:57] "GET /images/blue-staffy-testimonial-london-happy-owner.webp HTTP/1.1" 200 -
[WebServer] 127.0.0.1 - - [17/Sep/2026 02:35:57] "GET /images/bluestaffyuk-nationwide-delivery-760.webp HTTP/1.1" 200 -
[WebServer] 127.0.0.1 - - [17/Sep/2026 02:35:57] "GET /images/buy-staffordshire-bull-terrier-uk-now-760.webp HTTP/1.1" 200 -
[WebServer] 127.0.0.1 - - [17/Sep/2026 02:35:57] "GET /images/maggie-blue-staffy-dam-with-pups-760.webp HTTP/1.1" 200 -
[WebServer] 127.0.0.1 - - [17/Sep/2026 02:35:57] "GET /images/mark-blue-staffy-london.webp HTTP/1.1" 200 -
  ✘  37 [vp1280] › tests/render/pages.spec.ts:109:3 › blue-staffy-pup-sale-uk (6.7s)
[freshness] dist/ is current (newest: dist/robots.txt)
[WebServer] 127.0.0.1 - - [17/Sep/2026 02:36:04] "GET /buy-staffy-puppies-for-sale-uk/ HTTP/1.1" 200 -
[WebServer] 127.0.0.1 - - [17/Sep/2026 02:36:04] "GET /images/blue-staffy-uk-header-logo-88.webp HTTP/1.1" 200 -
[WebServer] 127.0.0.1 - - [17/Sep/2026 02:36:06] code 404, message File not found
[WebServer] 127.0.0.1 - - [17/Sep/2026 02:36:06] "GET /__bsuk_pending_image__/0.webp HTTP/1.1" 404 -
[WebServer] 127.0.0.1 - - [17/Sep/2026 02:36:06] "GET /images/kennel-club-assured-breeder-vs-others-bluestaffyuk.webp HTTP/1.1" 200 -
[WebServer] 127.0.0.1 - - [17/Sep/2026 02:36:06] "GET /images/avoid-staffordshire-bull-terrier-temperament-problems-bluestaffyuk.webp HTTP/1.1" 200 -
[WebServer] 127.0.0.1 - - [17/Sep/2026 02:36:06] "GET /images/healthy-staffy-puppy-for-sale-uk.webp HTTP/1.1" 200 -
[WebServer] 127.0.0.1 - - [17/Sep/2026 02:36:06] "GET /images/best-blue-staffy-breeder-reviews-puppy-for-sale-uk.webp HTTP/1.1" 200 -
[WebServer] 127.0.0.1 - - [17/Sep/2026 02:36:06] "GET /images/buy-staffy-puppies-for-sale-uk-bluestaffyuk.webp HTTP/1.1" 200 -
[WebServer] 127.0.0.1 - - [17/Sep/2026 02:36:06] "GET /images/trusted-blue-staffy-breeder-reviews-satisfied-owners.webp HTTP/1.1" 200 -
[WebServer] 127.0.0.1 - - [17/Sep/2026 02:36:06] "GET /images/vet-checked-blue-staffy-puppy-near-me.webp HTTP/1.1" 200 -
[WebServer] 127.0.0.1 - - [17/Sep/2026 02:36:06] "GET /images/english-blue-staffy-for-sale-puppy.webp HTTP/1.1" 200 -
[WebServer] 127.0.0.1 - - [17/Sep/2026 02:36:06] "GET /images/staffy-puppies-norwich-for-sale-uk.webp HTTP/1.1" 200 -
[WebServer] 127.0.0.1 - - [17/Sep/2026 02:36:06] "GET /images/local-blue-staffy-breeders-near-me-uk.webp HTTP/1.1" 200 -
[WebServer] 127.0.0.1 - - [17/Sep/2026 02:36:06] "GET /images/premium-staffy-puppy-for-sale-in-the-uk-ready-now.webp HTTP/1.1" 200 -
[WebServer] 127.0.0.1 - - [17/Sep/2026 02:36:06] "GET /images/affordable-vs-premium-blue-staffy-breeders-comparison.webp HTTP/1.1" 200 -
[WebServer] 127.0.0.1 - - [17/Sep/2026 02:36:06] "GET /images/blue-staffy-bully-puppies-for-sale-uk-kc-certified.webp HTTP/1.1" 200 -
  ✘  38 [vp1280] › tests/render/pages.spec.ts:109:3 › buy-staffy-puppies-for-sale-uk (10.8s)
[freshness] dist/ is current (newest: dist/robots.txt)
[WebServer] 127.0.0.1 - - [17/Sep/2026 02:36:16] "GET /available-puppies/roman/ HTTP/1.1" 200 -
[WebServer] 127.0.0.1 - - [17/Sep/2026 02:36:16] "GET /images/puppies/roman-portrait-4x5.webp HTTP/1.1" 200 -
[WebServer] 127.0.0.1 - - [17/Sep/2026 02:36:16] "GET /images/blue-staffy-uk-header-logo-88.webp HTTP/1.1" 200 -
[WebServer] 127.0.0.1 - - [17/Sep/2026 02:36:16] "GET /images/puppies/roman-roman1-760.webp HTTP/1.1" 200 -
[WebServer] 127.0.0.1 - - [17/Sep/2026 02:36:16] "GET /images/puppies/roman-roman2-760.webp HTTP/1.1" 200 -
[WebServer] 127.0.0.1 - - [17/Sep/2026 02:36:16] code 404, message File not found
[WebServer] 127.0.0.1 - - [17/Sep/2026 02:36:16] "GET /__bsuk_pending_image__/1.webp HTTP/1.1" 404 -
[WebServer] 127.0.0.1 - - [17/Sep/2026 02:36:16] code 404, message File not found
[WebServer] 127.0.0.1 - - [17/Sep/2026 02:36:16] "GET /__bsuk_pending_image__/0.webp HTTP/1.1" 404 -
  ✘  39 [vp1280] › tests/render/pages.spec.ts:109:3 › available-puppies/roman (3.5s)
[freshness] dist/ is current (newest: dist/robots.txt)
[WebServer] 127.0.0.1 - - [17/Sep/2026 02:36:20] "GET /available-puppies/ HTTP/1.1" 200 -
[WebServer] 127.0.0.1 - - [17/Sep/2026 02:36:20] "GET /images/blue-staffy-uk-header-logo-88.webp HTTP/1.1" 200 -
[WebServer] 127.0.0.1 - - [17/Sep/2026 02:36:20] "GET /images/puppies/roman-card-800.webp HTTP/1.1" 200 -
[WebServer] 127.0.0.1 - - [17/Sep/2026 02:36:20] "GET /images/puppies/byrd-card-800.webp HTTP/1.1" 200 -
[WebServer] 127.0.0.1 - - [17/Sep/2026 02:36:20] "GET /images/puppies/ince-card-800.webp HTTP/1.1" 200 -
[WebServer] 127.0.0.1 - - [17/Sep/2026 02:36:20] "GET /images/puppies/vennie-card-800.webp HTTP/1.1" 200 -
[WebServer] 127.0.0.1 - - [17/Sep/2026 02:36:20] "GET /images/puppies/christa-card-800.webp HTTP/1.1" 200 -
[WebServer] 127.0.0.1 - - [17/Sep/2026 02:36:20] "GET /images/puppies/cheryl-card-800.webp HTTP/1.1" 200 -
[WebServer] 127.0.0.1 - - [17/Sep/2026 02:36:21] code 404, message File not found
[WebServer] 127.0.0.1 - - [17/Sep/2026 02:36:21] "GET /__bsuk_pending_image__/0.webp HTTP/1.1" 404 -
[WebServer] 127.0.0.1 - - [17/Sep/2026 02:36:21] code 404, message File not found
[WebServer] 127.0.0.1 - - [17/Sep/2026 02:36:21] "GET /__bsuk_pending_image__/1.webp HTTP/1.1" 404 -
[WebServer] 127.0.0.1 - - [17/Sep/2026 02:36:21] code 404, message File not found
[WebServer] 127.0.0.1 - - [17/Sep/2026 02:36:21] "GET /__bsuk_pending_image__/2.webp HTTP/1.1" 404 -
[WebServer] 127.0.0.1 - - [17/Sep/2026 02:36:21] code 404, message File not found
[WebServer] 127.0.0.1 - - [17/Sep/2026 02:36:21] "GET /__bsuk_pending_image__/3.webp HTTP/1.1" 404 -
[WebServer] 127.0.0.1 - - [17/Sep/2026 02:36:21] code 404, message File not found
[WebServer] 127.0.0.1 - - [17/Sep/2026 02:36:21] "GET /__bsuk_pending_image__/4.webp HTTP/1.1" 404 -
[WebServer] 127.0.0.1 - - [17/Sep/2026 02:36:21] code 404, message File not found
[WebServer] 127.0.0.1 - - [17/Sep/2026 02:36:21] "GET /__bsuk_pending_image__/5.webp HTTP/1.1" 404 -
[WebServer] 127.0.0.1 - - [17/Sep/2026 02:36:21] code 404, message File not found
[WebServer] 127.0.0.1 - - [17/Sep/2026 02:36:21] "GET /__bsuk_pending_image__/6.webp HTTP/1.1" 404 -
  ✘  40 [vp1280] › tests/render/pages.spec.ts:109:3 › available-puppies (3.4s)
[freshness] dist/ is current (newest: dist/robots.txt)
[WebServer] 127.0.0.1 - - [17/Sep/2026 02:36:25] "GET /uk-blue-staffy-puppy-buying-guide/ HTTP/1.1" 200 -
[WebServer] 127.0.0.1 - - [17/Sep/2026 02:36:25] "GET /images/blue-staffy-uk-header-logo-88.webp HTTP/1.1" 200 -
[WebServer] 127.0.0.1 - - [17/Sep/2026 02:36:26] code 404, message File not found
[WebServer] 127.0.0.1 - - [17/Sep/2026 02:36:26] "GET /__bsuk_pending_image__/0.webp HTTP/1.1" 404 -
[WebServer] 127.0.0.1 - - [17/Sep/2026 02:36:26] "GET /images/purebred-blue-male-staffy-available-for-rehoming.webp HTTP/1.1" 200 -
[WebServer] 127.0.0.1 - - [17/Sep/2026 02:36:26] "GET /images/how-to-buy-blue-staffy-puppy-uk-steps1.webp HTTP/1.1" 200 -
[WebServer] 127.0.0.1 - - [17/Sep/2026 02:36:26] "GET /images/blue-staffy-uk-reviews-owner-testimonials.webp HTTP/1.1" 200 -
[WebServer] 127.0.0.1 - - [17/Sep/2026 02:36:26] "GET /images/pros-and-cons-of-owning-a-blue-staffy-uk.webp HTTP/1.1" 200 -
[WebServer] 127.0.0.1 - - [17/Sep/2026 02:36:26] "GET /images/blue-staffy-health-prioritising-wellbeing.webp HTTP/1.1" 200 -
[WebServer] 127.0.0.1 - - [17/Sep/2026 02:36:26] "GET /images/blue-staffy-vet-check.webp HTTP/1.1" 200 -
[WebServer] 127.0.0.1 - - [17/Sep/2026 02:36:26] "GET /images/blue-staffy-research.webp HTTP/1.1" 200 -
[WebServer] 127.0.0.1 - - [17/Sep/2026 02:36:26] "GET /images/blue-staffy-puppy-preparation.webp HTTP/1.1" 200 -
[WebServer] 127.0.0.1 - - [17/Sep/2026 02:36:26] "GET /images/1blue-staffy-family-breeder.webp HTTP/1.1" 200 -
[WebServer] 127.0.0.1 - - [17/Sep/2026 02:36:26] "GET /images/1blue-staffy-socialisation-checklist.webp HTTP/1.1" 200 -
[WebServer] 127.0.0.1 - - [17/Sep/2026 02:36:26] "GET /images/blue-staffy-training-socialisation.webp HTTP/1.1" 200 -
[WebServer] 127.0.0.1 - - [17/Sep/2026 02:36:26] "GET /images/defra-pet-transport-process.webp HTTP/1.1" 200 -
[WebServer] 127.0.0.1 - - [17/Sep/2026 02:36:26] "GET /images/bluestaffyuk-nationwide-infographic.webp HTTP/1.1" 200 -
[WebServer] 127.0.0.1 - - [17/Sep/2026 02:36:26] "GET /images/healthy-blue-staffy-pups-for-sale-certified.webp HTTP/1.1" 200 -
[WebServer] 127.0.0.1 - - [17/Sep/2026 02:36:26] "GET /images/uk-family-blue-staffy.webp HTTP/1.1" 200 -
[WebServer] 127.0.0.1 - - [17/Sep/2026 02:36:26] "GET /images/blue-staffy-adoption-vs-buying-infographic.webp HTTP/1.1" 200 -
[WebServer] 127.0.0.1 - - [17/Sep/2026 02:36:26] "GET /images/ready-to-welcome-blue-staffy-infographic.webp HTTP/1.1" 200 -
  ✘  41 [vp1280] › tests/render/pages.spec.ts:109:3 › uk-blue-staffy-puppy-buying-guide (12.6s)
[freshness] dist/ is current (newest: dist/robots.txt)
[WebServer] 127.0.0.1 - - [17/Sep/2026 02:36:39] "GET /uk-staffordshire-bull-terrier-guide/ HTTP/1.1" 200 -
[WebServer] 127.0.0.1 - - [17/Sep/2026 02:36:39] "GET /images/blue-staffy-uk-header-logo-88.webp HTTP/1.1" 200 -
[WebServer] 127.0.0.1 - - [17/Sep/2026 02:36:40] code 404, message File not found
[WebServer] 127.0.0.1 - - [17/Sep/2026 02:36:40] "GET /__bsuk_pending_image__/0.webp HTTP/1.1" 404 -
[WebServer] 127.0.0.1 - - [17/Sep/2026 02:36:40] "GET /images/sbt-history-heritage-from-pit-to-pet.webp HTTP/1.1" 200 -
[WebServer] 127.0.0.1 - - [17/Sep/2026 02:36:40] "GET /images/comprehensive-uk-staffordshire-bull-terrier-guide-book.webp HTTP/1.1" 200 -
[WebServer] 127.0.0.1 - - [17/Sep/2026 02:36:40] "GET /images/find-health-certified-staffy-breeders-uk.webp HTTP/1.1" 200 -
[WebServer] 127.0.0.1 - - [17/Sep/2026 02:36:40] "GET /images/blue-staffy-puppy-for-sale-uk.webp HTTP/1.1" 200 -
[WebServer] 127.0.0.1 - - [17/Sep/2026 02:36:40] "GET /images/true-cost-of-a-staffy-lifetime-budget-planning.webp HTTP/1.1" 200 -
[WebServer] 127.0.0.1 - - [17/Sep/2026 02:36:40] "GET /images/sbt-uk-legal-status-public-perception.webp HTTP/1.1" 200 -
[WebServer] 127.0.0.1 - - [17/Sep/2026 02:36:40] "GET /images/kc-registered-staffy-puppies.webp HTTP/1.1" 200 -
[WebServer] 127.0.0.1 - - [17/Sep/2026 02:36:40] "GET /images/busting-common-staffy-myths-loving-family-dog.webp HTTP/1.1" 200 -
[WebServer] 127.0.0.1 - - [17/Sep/2026 02:36:40] "GET /images/dedicated-blue-staffy-pup-care-glasgow.webp HTTP/1.1" 200 -
[WebServer] 127.0.0.1 - - [17/Sep/2026 02:36:40] "GET /images/staffordshire-bull-terrier-vs-american-bully-comparison.webp HTTP/1.1" 200 -
  ✘  42 [vp1280] › tests/render/pages.spec.ts:109:3 › uk-staffordshire-bull-terrier-guide (10.6s)
[freshness] dist/ is current (newest: dist/robots.txt)
[WebServer] 127.0.0.1 - - [17/Sep/2026 02:36:50] "GET /blue-staffy-health-uk/ HTTP/1.1" 200 -
[WebServer] 127.0.0.1 - - [17/Sep/2026 02:36:50] "GET /images/blue-staffy-uk-header-logo-88.webp HTTP/1.1" 200 -
[WebServer] 127.0.0.1 - - [17/Sep/2026 02:36:51] code 404, message File not found
[WebServer] 127.0.0.1 - - [17/Sep/2026 02:36:51] "GET /__bsuk_pending_image__/0.webp HTTP/1.1" 404 -
[WebServer] 127.0.0.1 - - [17/Sep/2026 02:36:51] "GET /images/blue-staffy-puppies-uk-litter1-760.webp HTTP/1.1" 200 -
[WebServer] 127.0.0.1 - - [17/Sep/2026 02:36:51] "GET /images/what-health-tests-blue-staffies-need.webp HTTP/1.1" 200 -
[WebServer] 127.0.0.1 - - [17/Sep/2026 02:36:51] "GET /images/find-health-certified-staffy-breeders-uk.webp HTTP/1.1" 200 -
[WebServer] 127.0.0.1 - - [17/Sep/2026 02:36:51] "GET /images/blue-staffy-puppy-vet-check-uk-760.webp HTTP/1.1" 200 -
[WebServer] 127.0.0.1 - - [17/Sep/2026 02:36:51] "GET /images/what-to-feed-new-blue-staffy-puppy.webp HTTP/1.1" 200 -
[WebServer] 127.0.0.1 - - [17/Sep/2026 02:36:51] "GET /images/puppy-vaccinations-uk.webp HTTP/1.1" 200 -
[WebServer] 127.0.0.1 - - [17/Sep/2026 02:36:51] "GET /images/kc-registered-staffy-puppies.webp HTTP/1.1" 200 -
[WebServer] 127.0.0.1 - - [17/Sep/2026 02:36:51] "GET /images/maggie-blue-staffy-dam-with-pups-760.webp HTTP/1.1" 200 -
  ✘  43 [vp1280] › tests/render/pages.spec.ts:109:3 › blue-staffy-health-uk (7.8s)
[freshness] dist/ is current (newest: dist/robots.txt)
[WebServer] 127.0.0.1 - - [17/Sep/2026 02:36:59] "GET /blue-staffy-uk-breeders/ HTTP/1.1" 200 -
[WebServer] 127.0.0.1 - - [17/Sep/2026 02:36:59] "GET /images/blue-staffy-uk-header-logo-88.webp HTTP/1.1" 200 -
[WebServer] 127.0.0.1 - - [17/Sep/2026 02:36:59] "GET /images/family-friendly-blue-staffy-glasgow.webp HTTP/1.1" 200 -
[WebServer] 127.0.0.1 - - [17/Sep/2026 02:37:00] code 404, message File not found
[WebServer] 127.0.0.1 - - [17/Sep/2026 02:37:00] "GET /__bsuk_pending_image__/0.webp HTTP/1.1" 404 -
[WebServer] 127.0.0.1 - - [17/Sep/2026 02:37:01] "GET /images/bluestaffyuk-nationwide-delivery-760.webp HTTP/1.1" 200 -
[WebServer] 127.0.0.1 - - [17/Sep/2026 02:37:01] "GET /images/playful-blue-staffy-lawn-uk-760.webp HTTP/1.1" 200 -
[WebServer] 127.0.0.1 - - [17/Sep/2026 02:37:01] "GET /images/blue-staffy-family-dog-uk.webp HTTP/1.1" 200 -
[WebServer] 127.0.0.1 - - [17/Sep/2026 02:37:01] "GET /images/trusted-uk-breeders-blue-staffy-family.webp HTTP/1.1" 200 -
[WebServer] 127.0.0.1 - - [17/Sep/2026 02:37:01] "GET /images/testimonial-david-southampton-staffy-pup.webp HTTP/1.1" 200 -
[WebServer] 127.0.0.1 - - [17/Sep/2026 02:37:01] "GET /images/breeder-sitting-blue-staffy-puppy-home.webp HTTP/1.1" 200 -
  ✘  44 [vp1280] › tests/render/pages.spec.ts:109:3 › blue-staffy-uk-breeders (7.2s)
[freshness] dist/ is current (newest: dist/robots.txt)
[WebServer] 127.0.0.1 - - [17/Sep/2026 02:37:07] "GET /uk-blue-staffy-breeders-contact/ HTTP/1.1" 200 -
[WebServer] 127.0.0.1 - - [17/Sep/2026 02:37:07] "GET /images/blue-staffy-uk-header-logo-88.webp HTTP/1.1" 200 -
[WebServer] 127.0.0.1 - - [17/Sep/2026 02:37:08] "GET /images/uk-blue-staffy-breeders-contact-form-support.webp HTTP/1.1" 200 -
[WebServer] 127.0.0.1 - - [17/Sep/2026 02:37:08] code 404, message File not found
[WebServer] 127.0.0.1 - - [17/Sep/2026 02:37:08] "GET /__bsuk_pending_image__/1.webp HTTP/1.1" 404 -
[WebServer] 127.0.0.1 - - [17/Sep/2026 02:37:08] code 404, message File not found
[WebServer] 127.0.0.1 - - [17/Sep/2026 02:37:08] "GET /__bsuk_pending_image__/0.webp HTTP/1.1" 404 -
  ✓  45 [vp1280] › tests/render/pages.spec.ts:109:3 › uk-blue-staffy-breeders-contact (3.7s)
[WebServer] 127.0.0.1 - - [17/Sep/2026 02:37:11] "GET /privacy-policy-uk/ HTTP/1.1" 200 -
[WebServer] 127.0.0.1 - - [17/Sep/2026 02:37:11] "GET /images/blue-staffy-uk-header-logo-88.webp HTTP/1.1" 200 -
[WebServer] 127.0.0.1 - - [17/Sep/2026 02:37:11] "GET /images/privacy-policy-staffy-silhouette-bluestaffyuk.webp HTTP/1.1" 200 -
[WebServer] 127.0.0.1 - - [17/Sep/2026 02:37:11] "GET /images/blue-staffy-privacy-policy-info-discussion.webp HTTP/1.1" 200 -
[WebServer] 127.0.0.1 - - [17/Sep/2026 02:37:12] code 404, message File not found
[WebServer] 127.0.0.1 - - [17/Sep/2026 02:37:12] "GET /__bsuk_pending_image__/0.webp HTTP/1.1" 404 -
[WebServer] 127.0.0.1 - - [17/Sep/2026 02:37:12] "GET /images/breeder-sitting-blue-staffy-puppy-home.webp HTTP/1.1" 200 -
  ✘  46 [vp1280] › tests/render/pages.spec.ts:109:3 › privacy-policy-uk (4.9s)
[freshness] dist/ is current (newest: dist/robots.txt)
[WebServer] 127.0.0.1 - - [17/Sep/2026 02:37:17] "GET /uk-locations/ HTTP/1.1" 200 -
[WebServer] 127.0.0.1 - - [17/Sep/2026 02:37:17] "GET /images/blue-staffy-uk-header-logo-88.webp HTTP/1.1" 200 -
[WebServer] 127.0.0.1 - - [17/Sep/2026 02:37:18] code 404, message File not found
[WebServer] 127.0.0.1 - - [17/Sep/2026 02:37:18] "GET /__bsuk_pending_image__/0.webp HTTP/1.1" 404 -
  ✘  47 [vp1280] › tests/render/pages.spec.ts:109:3 › uk-locations (3.8s)
[freshness] dist/ is current (newest: dist/robots.txt)
[WebServer] 127.0.0.1 - - [17/Sep/2026 02:37:23] "GET /uk-locations/blue-staffy-puppies-birmingham/ HTTP/1.1" 200 -
[WebServer] 127.0.0.1 - - [17/Sep/2026 02:37:23] "GET /images/blue-staffy-uk-header-logo-88.webp HTTP/1.1" 200 -
[WebServer] 127.0.0.1 - - [17/Sep/2026 02:37:23] code 404, message File not found
[WebServer] 127.0.0.1 - - [17/Sep/2026 02:37:23] "GET /__bsuk_pending_image__/0.webp HTTP/1.1" 404 -
  ✘  48 [vp1280] › tests/render/pages.spec.ts:109:3 › uk-locations/blue-staffy-puppies-birmingham (3.3s)
[freshness] dist/ is current (newest: dist/robots.txt)
[WebServer] 127.0.0.1 - - [17/Sep/2026 02:37:27] "GET /uk-locations/blue-staffy-puppies-uk/ HTTP/1.1" 200 -
[WebServer] 127.0.0.1 - - [17/Sep/2026 02:37:27] "GET /images/blue-staffy-uk-header-logo-88.webp HTTP/1.1" 200 -
[WebServer] 127.0.0.1 - - [17/Sep/2026 02:37:27] "GET /images/blue-staffy-puppies-near-me-uk-available.webp HTTP/1.1" 200 -
[WebServer] 127.0.0.1 - - [17/Sep/2026 02:37:27] "GET /images/bluestaffyuk-nationwide-delivery-760.webp HTTP/1.1" 200 -
[WebServer] 127.0.0.1 - - [17/Sep/2026 02:37:28] code 404, message File not found
[WebServer] 127.0.0.1 - - [17/Sep/2026 02:37:28] code 404, message File not found
[WebServer] 127.0.0.1 - - [17/Sep/2026 02:37:28] "GET /__bsuk_pending_image__/0.webp HTTP/1.1" 404 -
[WebServer] 127.0.0.1 - - [17/Sep/2026 02:37:28] "GET /__bsuk_pending_image__/1.webp HTTP/1.1" 404 -
[WebServer] 127.0.0.1 - - [17/Sep/2026 02:37:28] "GET /images/dedicated-blue-staffy-pup-care-glasgow.webp HTTP/1.1" 200 -
[WebServer] 127.0.0.1 - - [17/Sep/2026 02:37:28] "GET /images/blue-staffy-puppy-delivery-uk-760.webp HTTP/1.1" 200 -
[WebServer] 127.0.0.1 - - [17/Sep/2026 02:37:28] "GET /images/blue-staffy-uk-map-city-overview-1.webp HTTP/1.1" 200 -
[WebServer] 127.0.0.1 - - [17/Sep/2026 02:37:28] "GET /images/buy-blue-staffy-puppy-uk-ethical-purchase-760.webp HTTP/1.1" 200 -
[WebServer] 127.0.0.1 - - [17/Sep/2026 02:37:28] "GET /images/family-friendly-blue-staffy-glasgow.webp HTTP/1.1" 200 -
[WebServer] 127.0.0.1 - - [17/Sep/2026 02:37:28] "GET /images/maggie-blue-staffy-dam-with-pups-760.webp HTTP/1.1" 200 -
[WebServer] 127.0.0.1 - - [17/Sep/2026 02:37:28] "GET /images/bluestaffyuk-puppy-delivery-cornwall.webp HTTP/1.1" 200 -
[WebServer] 127.0.0.1 - - [17/Sep/2026 02:37:28] "GET /images/reputable-blue-staffy-breeder-manchester-pup.webp HTTP/1.1" 200 -
[WebServer] 127.0.0.1 - - [17/Sep/2026 02:37:28] "GET /images/ethical-staffy-puppy-london-delivery.webp HTTP/1.1" 200 -
  ✘  49 [vp1280] › tests/render/pages.spec.ts:109:3 › uk-locations/blue-staffy-puppies-uk (8.6s)
[freshness] dist/ is current (newest: dist/robots.txt)
[WebServer] 127.0.0.1 - - [17/Sep/2026 02:37:37] "GET /blue-staffy-blog-guides/ HTTP/1.1" 200 -
[WebServer] 127.0.0.1 - - [17/Sep/2026 02:37:37] "GET /images/blue-staffy-uk-header-logo-88.webp HTTP/1.1" 200 -
[WebServer] 127.0.0.1 - - [17/Sep/2026 02:37:37] code 404, message File not found
[WebServer] 127.0.0.1 - - [17/Sep/2026 02:37:37] "GET /__bsuk_pending_image__/0.webp HTTP/1.1" 404 -
  ✘  50 [vp1280] › tests/render/pages.spec.ts:109:3 › blue-staffy-blog-guides (3.3s)
[freshness] dist/ is current (newest: dist/robots.txt)
[WebServer] 127.0.0.1 - - [17/Sep/2026 02:37:41] "GET /blog/ HTTP/1.1" 200 -
[WebServer] 127.0.0.1 - - [17/Sep/2026 02:37:41] "GET /images/blue-staffy-uk-header-logo-88.webp HTTP/1.1" 200 -
[WebServer] 127.0.0.1 - - [17/Sep/2026 02:37:42] code 404, message File not found
[WebServer] 127.0.0.1 - - [17/Sep/2026 02:37:42] "GET /__bsuk_pending_image__/0.webp HTTP/1.1" 404 -
  ✘  51 [vp1280] › tests/render/pages.spec.ts:109:3 › blog (3.5s)


  1) [vp375] › tests/render/pages.spec.ts:109:3 › index ────────────────────────────────────────────

    Error: index @ 375px

    [2mexpect([22m[31mreceived[39m[2m).[22mtoEqual[2m([22m[32mexpected[39m[2m) // deep equality[22m

    [32m- Expected  - 1[39m
    [31m+ Received  + 4[39m

    [32m- Array [][39m
    [31m+ Array [[39m
    [31m+   "[IMG] 6 oversized image(s): roman-card-800.webp natural=800 painted=325 2.46x | byrd-card-800.webp natural=800 painted=325 2.46x | ince-card-800.webp natural=800 painted=325 2.46x | vennie-card-800.webp natural=800 painted=325 2.46x | christa-card-800.webp natural=800 painted=325 2.46x | cheryl-card-800.webp natural=800 painted=325 2.46x",[39m
    [31m+   "[NAV] 1 of 3 in-page links land outside 113-181px (measured chrome 121px = header:121) — no single page-level cause identified; first: #Our-Blue-Staffies@3941px",[39m
    [31m+ ][39m

      168 |       blocking.map((d) => `[${d.family}] ${d.message}`),
      169 |       `${target.slug} @ ${viewport}px`,
    > 170 |     ).toEqual([]);
          |       ^
      171 |   });
      172 | }
      173 |
        at /Users/apple/Downloads/BSUK/tests/render/pages.spec.ts:170:7

    Error Context: test-results/pages-index-vp375/error-context.md

  2) [vp375] › tests/render/pages.spec.ts:109:3 › buy-blue-staffy-puppies-uk ───────────────────────

    Error: buy-blue-staffy-puppies-uk @ 375px

    [2mexpect([22m[31mreceived[39m[2m).[22mtoEqual[2m([22m[32mexpected[39m[2m) // deep equality[22m

    [32m- Expected  - 1[39m
    [31m+ Received  + 4[39m

    [32m- Array [][39m
    [31m+ Array [[39m
    [31m+   "[IMG] 6 oversized image(s): roman-card-800.webp natural=800 painted=325 2.46x | byrd-card-800.webp natural=800 painted=325 2.46x | ince-card-800.webp natural=800 painted=325 2.46x | vennie-card-800.webp natural=800 painted=325 2.46x | christa-card-800.webp natural=800 painted=325 2.46x | cheryl-card-800.webp natural=800 painted=325 2.46x",[39m
    [31m+   "[NAV] 2 of 3 in-page links land outside 113-181px (measured chrome 121px = header:121) — no single page-level cause identified; first: #get-staffy@1715px, #contact-now@30738px",[39m
    [31m+ ][39m

      168 |       blocking.map((d) => `[${d.family}] ${d.message}`),
      169 |       `${target.slug} @ ${viewport}px`,
    > 170 |     ).toEqual([]);
          |       ^
      171 |   });
      172 | }
      173 |
        at /Users/apple/Downloads/BSUK/tests/render/pages.spec.ts:170:7

    Error Context: test-results/pages-buy-blue-staffy-puppies-uk-vp375/error-context.md

  3) [vp375] › tests/render/pages.spec.ts:109:3 › available-puppies/roman ──────────────────────────

    Error: available-puppies/roman @ 375px

    [2mexpect([22m[31mreceived[39m[2m).[22mtoEqual[2m([22m[32mexpected[39m[2m) // deep equality[22m

    [32m- Expected  - 1[39m
    [31m+ Received  + 4[39m

    [32m- Array [][39m
    [31m+ Array [[39m
    [31m+   "[IMG] 1 oversized image(s): roman-portrait-4x5.webp natural=800 painted=327 2.45x",[39m
    [31m+   "[SCHEMA] no dateModified in any of the 4 JSON-LD block(s) — scripts/generate_page_dates.py feeds this",[39m
    [31m+ ][39m

      168 |       blocking.map((d) => `[${d.family}] ${d.message}`),
      169 |       `${target.slug} @ ${viewport}px`,
    > 170 |     ).toEqual([]);
          |       ^
      171 |   });
      172 | }
      173 |
        at /Users/apple/Downloads/BSUK/tests/render/pages.spec.ts:170:7

    Error Context: test-results/pages-available-puppies-roman-vp375/error-context.md

  4) [vp375] › tests/render/pages.spec.ts:109:3 › available-puppies ────────────────────────────────

    Error: available-puppies @ 375px

    [2mexpect([22m[31mreceived[39m[2m).[22mtoEqual[2m([22m[32mexpected[39m[2m) // deep equality[22m

    [32m- Expected  - 1[39m
    [31m+ Received  + 5[39m

    [32m- Array [][39m
    [31m+ Array [[39m
    [31m+   "[IMG] 6 oversized image(s): roman-card-800.webp natural=800 painted=325 2.46x | byrd-card-800.webp natural=800 painted=325 2.46x | ince-card-800.webp natural=800 painted=325 2.46x | vennie-card-800.webp natural=800 painted=325 2.46x | christa-card-800.webp natural=800 painted=325 2.46x | cheryl-card-800.webp natural=800 painted=325 2.46x",[39m
    [31m+   "[SEM] 1 skipped heading level(s): H1→H3 at \"Roman\"",[39m
    [31m+   "[SCHEMA] no dateModified in any of the 3 JSON-LD block(s) — scripts/generate_page_dates.py feeds this",[39m
    [31m+ ][39m

      168 |       blocking.map((d) => `[${d.family}] ${d.message}`),
      169 |       `${target.slug} @ ${viewport}px`,
    > 170 |     ).toEqual([]);
          |       ^
      171 |   });
      172 | }
      173 |
        at /Users/apple/Downloads/BSUK/tests/render/pages.spec.ts:170:7

    Error Context: test-results/pages-available-puppies-vp375/error-context.md

  5) [vp375] › tests/render/pages.spec.ts:109:3 › uk-blue-staffy-puppy-buying-guide ────────────────

    Error: uk-blue-staffy-puppy-buying-guide @ 375px

    [2mexpect([22m[31mreceived[39m[2m).[22mtoEqual[2m([22m[32mexpected[39m[2m) // deep equality[22m

    [32m- Expected  - 1[39m
    [31m+ Received  + 3[39m

    [32m- Array [][39m
    [31m+ Array [[39m
    [31m+   "[SEM] 1 skipped heading level(s): H2→H4 at \"Preparing Your Home Checklist\"",[39m
    [31m+ ][39m

      168 |       blocking.map((d) => `[${d.family}] ${d.message}`),
      169 |       `${target.slug} @ ${viewport}px`,
    > 170 |     ).toEqual([]);
          |       ^
      171 |   });
      172 | }
      173 |
        at /Users/apple/Downloads/BSUK/tests/render/pages.spec.ts:170:7

    Error Context: test-results/pages-uk-blue-staffy-puppy-buying-guide-vp375/error-context.md

  6) [vp375] › tests/render/pages.spec.ts:109:3 › uk-staffordshire-bull-terrier-guide ──────────────

    Error: uk-staffordshire-bull-terrier-guide @ 375px

    [2mexpect([22m[31mreceived[39m[2m).[22mtoEqual[2m([22m[32mexpected[39m[2m) // deep equality[22m

    [32m- Expected  - 1[39m
    [31m+ Received  + 3[39m

    [32m- Array [][39m
    [31m+ Array [[39m
    [31m+   "[NAV] 1 of 2 in-page links land outside 113-181px (measured chrome 121px = header:121) — no single page-level cause identified; first: #Staffy-sales@3210px",[39m
    [31m+ ][39m

      168 |       blocking.map((d) => `[${d.family}] ${d.message}`),
      169 |       `${target.slug} @ ${viewport}px`,
    > 170 |     ).toEqual([]);
          |       ^
      171 |   });
      172 | }
      173 |
        at /Users/apple/Downloads/BSUK/tests/render/pages.spec.ts:170:7

    Error Context: test-results/pages-uk-staffordshire-bull-terrier-guide-vp375/error-context.md

  7) [vp375] › tests/render/pages.spec.ts:109:3 › blue-staffy-health-uk ────────────────────────────

    Error: blue-staffy-health-uk @ 375px

    [2mexpect([22m[31mreceived[39m[2m).[22mtoEqual[2m([22m[32mexpected[39m[2m) // deep equality[22m

    [32m- Expected  - 1[39m
    [31m+ Received  + 3[39m

    [32m- Array [][39m
    [31m+ Array [[39m
    [31m+   "[NAV] 1 of 2 in-page links land outside 113-181px (measured chrome 121px = header:121) — no single page-level cause identified; first: #Staffy-sale@4426px",[39m
    [31m+ ][39m

      168 |       blocking.map((d) => `[${d.family}] ${d.message}`),
      169 |       `${target.slug} @ ${viewport}px`,
    > 170 |     ).toEqual([]);
          |       ^
      171 |   });
      172 | }
      173 |
        at /Users/apple/Downloads/BSUK/tests/render/pages.spec.ts:170:7

    Error Context: test-results/pages-blue-staffy-health-uk-vp375/error-context.md

  8) [vp375] › tests/render/pages.spec.ts:109:3 › blue-staffy-uk-breeders ──────────────────────────

    Error: blue-staffy-uk-breeders @ 375px

    [2mexpect([22m[31mreceived[39m[2m).[22mtoEqual[2m([22m[32mexpected[39m[2m) // deep equality[22m

    [32m- Expected  - 1[39m
    [31m+ Received  + 4[39m

    [32m- Array [][39m
    [31m+ Array [[39m
    [31m+   "[NAV] 1 of 2 in-page links land outside 113-181px (measured chrome 121px = header:121) — no single page-level cause identified; first: #Staffies-for-sale@1603px",[39m
    [31m+   "[SEM] 1 skipped heading level(s): H2→H4 at \"Uncompromising Health & Transparency\"",[39m
    [31m+ ][39m

      168 |       blocking.map((d) => `[${d.family}] ${d.message}`),
      169 |       `${target.slug} @ ${viewport}px`,
    > 170 |     ).toEqual([]);
          |       ^
      171 |   });
      172 | }
      173 |
        at /Users/apple/Downloads/BSUK/tests/render/pages.spec.ts:170:7

    Error Context: test-results/pages-blue-staffy-uk-breeders-vp375/error-context.md

  9) [vp375] › tests/render/pages.spec.ts:109:3 › privacy-policy-uk ────────────────────────────────

    Error: privacy-policy-uk @ 375px

    [2mexpect([22m[31mreceived[39m[2m).[22mtoEqual[2m([22m[32mexpected[39m[2m) // deep equality[22m

    [32m- Expected  - 1[39m
    [31m+ Received  + 3[39m

    [32m- Array [][39m
    [31m+ Array [[39m
    [31m+   "[SCHEMA] 1 visible date stamp(s): Last Updated: June 20, 2025 — freshness belongs in JSON-LD only",[39m
    [31m+ ][39m

      168 |       blocking.map((d) => `[${d.family}] ${d.message}`),
      169 |       `${target.slug} @ ${viewport}px`,
    > 170 |     ).toEqual([]);
          |       ^
      171 |   });
      172 | }
      173 |
        at /Users/apple/Downloads/BSUK/tests/render/pages.spec.ts:170:7

    Error Context: test-results/pages-privacy-policy-uk-vp375/error-context.md

  10) [vp375] › tests/render/pages.spec.ts:109:3 › uk-locations ────────────────────────────────────

    Error: uk-locations @ 375px

    [2mexpect([22m[31mreceived[39m[2m).[22mtoEqual[2m([22m[32mexpected[39m[2m) // deep equality[22m

    [32m- Expected  - 1[39m
    [31m+ Received  + 3[39m

    [32m- Array [][39m
    [31m+ Array [[39m
    [31m+   "[SCHEMA] no dateModified in any of the 3 JSON-LD block(s) — scripts/generate_page_dates.py feeds this",[39m
    [31m+ ][39m

      168 |       blocking.map((d) => `[${d.family}] ${d.message}`),
      169 |       `${target.slug} @ ${viewport}px`,
    > 170 |     ).toEqual([]);
          |       ^
      171 |   });
      172 | }
      173 |
        at /Users/apple/Downloads/BSUK/tests/render/pages.spec.ts:170:7

    Error Context: test-results/pages-uk-locations-vp375/error-context.md

  11) [vp375] › tests/render/pages.spec.ts:109:3 › uk-locations/blue-staffy-puppies-birmingham ─────

    Error: uk-locations/blue-staffy-puppies-birmingham @ 375px

    [2mexpect([22m[31mreceived[39m[2m).[22mtoEqual[2m([22m[32mexpected[39m[2m) // deep equality[22m

    [32m- Expected  - 1[39m
    [31m+ Received  + 3[39m

    [32m- Array [][39m
    [31m+ Array [[39m
    [31m+   "[SCHEMA] no dateModified in any of the 3 JSON-LD block(s) — scripts/generate_page_dates.py feeds this",[39m
    [31m+ ][39m

      168 |       blocking.map((d) => `[${d.family}] ${d.message}`),
      169 |       `${target.slug} @ ${viewport}px`,
    > 170 |     ).toEqual([]);
          |       ^
      171 |   });
      172 | }
      173 |
        at /Users/apple/Downloads/BSUK/tests/render/pages.spec.ts:170:7

    Error Context: test-results/pages-uk-locations-blue-staffy-puppies-birmingham-vp375/error-context.md

  12) [vp375] › tests/render/pages.spec.ts:109:3 › uk-locations/blue-staffy-puppies-uk ─────────────

    Error: uk-locations/blue-staffy-puppies-uk @ 375px

    [2mexpect([22m[31mreceived[39m[2m).[22mtoEqual[2m([22m[32mexpected[39m[2m) // deep equality[22m

    [32m- Expected  - 1[39m
    [31m+ Received  + 3[39m

    [32m- Array [][39m
    [31m+ Array [[39m
    [31m+   "[NAV] 1 of 2 in-page links land outside 113-181px (measured chrome 121px = header:121) — no single page-level cause identified; first: #Staffy-adoption@2729px",[39m
    [31m+ ][39m

      168 |       blocking.map((d) => `[${d.family}] ${d.message}`),
      169 |       `${target.slug} @ ${viewport}px`,
    > 170 |     ).toEqual([]);
          |       ^
      171 |   });
      172 | }
      173 |
        at /Users/apple/Downloads/BSUK/tests/render/pages.spec.ts:170:7

    Error Context: test-results/pages-uk-locations-blue-staffy-puppies-uk-vp375/error-context.md

  13) [vp375] › tests/render/pages.spec.ts:109:3 › blue-staffy-blog-guides ─────────────────────────

    Error: blue-staffy-blog-guides @ 375px

    [2mexpect([22m[31mreceived[39m[2m).[22mtoEqual[2m([22m[32mexpected[39m[2m) // deep equality[22m

    [32m- Expected  - 1[39m
    [31m+ Received  + 3[39m

    [32m- Array [][39m
    [31m+ Array [[39m
    [31m+   "[SCHEMA] no dateModified in any of the 4 JSON-LD block(s) — scripts/generate_page_dates.py feeds this",[39m
    [31m+ ][39m

      168 |       blocking.map((d) => `[${d.family}] ${d.message}`),
      169 |       `${target.slug} @ ${viewport}px`,
    > 170 |     ).toEqual([]);
          |       ^
      171 |   });
      172 | }
      173 |
        at /Users/apple/Downloads/BSUK/tests/render/pages.spec.ts:170:7

    Error Context: test-results/pages-blue-staffy-blog-guides-vp375/error-context.md

  14) [vp375] › tests/render/pages.spec.ts:109:3 › blog ────────────────────────────────────────────

    Error: blog @ 375px

    [2mexpect([22m[31mreceived[39m[2m).[22mtoEqual[2m([22m[32mexpected[39m[2m) // deep equality[22m

    [32m- Expected  - 1[39m
    [31m+ Received  + 3[39m

    [32m- Array [][39m
    [31m+ Array [[39m
    [31m+   "[SCHEMA] no dateModified in any of the 3 JSON-LD block(s) — scripts/generate_page_dates.py feeds this",[39m
    [31m+ ][39m

      168 |       blocking.map((d) => `[${d.family}] ${d.message}`),
      169 |       `${target.slug} @ ${viewport}px`,
    > 170 |     ).toEqual([]);
          |       ^
      171 |   });
      172 | }
      173 |
        at /Users/apple/Downloads/BSUK/tests/render/pages.spec.ts:170:7

    Error Context: test-results/pages-blog-vp375/error-context.md

  15) [vp768] › tests/render/pages.spec.ts:109:3 › index ───────────────────────────────────────────

    Error: index @ 768px

    [2mexpect([22m[31mreceived[39m[2m).[22mtoEqual[2m([22m[32mexpected[39m[2m) // deep equality[22m

    [32m- Expected  - 1[39m
    [31m+ Received  + 4[39m

    [32m- Array [][39m
    [31m+ Array [[39m
    [31m+   "[IMG] 7 oversized image(s): mark-blue-staffy-london.webp natural=767 painted=319 2.40x | roman-card-800.webp natural=800 painted=348 2.30x | byrd-card-800.webp natural=800 painted=348 2.30x | ince-card-800.webp natural=800 painted=348 2.30x | vennie-card-800.webp natural=800 painted=348 2.30x | christa-card-800.webp natural=800 painted=348 2.30x | cheryl-card-800.webp natural=800 painted=348 2.30x",[39m
    [31m+   "[NAV] 1 of 3 in-page links land outside 67-135px (measured chrome 75px = header:75) — no single page-level cause identified; first: #Our-Blue-Staffies@4100px",[39m
    [31m+ ][39m

      168 |       blocking.map((d) => `[${d.family}] ${d.message}`),
      169 |       `${target.slug} @ ${viewport}px`,
    > 170 |     ).toEqual([]);
          |       ^
      171 |   });
      172 | }
      173 |
        at /Users/apple/Downloads/BSUK/tests/render/pages.spec.ts:170:7

    Error Context: test-results/pages-index-vp768/error-context.md

  16) [vp768] › tests/render/pages.spec.ts:109:3 › buy-blue-staffy-puppies-uk ──────────────────────

    Error: buy-blue-staffy-puppies-uk @ 768px

    [2mexpect([22m[31mreceived[39m[2m).[22mtoEqual[2m([22m[32mexpected[39m[2m) // deep equality[22m

    [32m- Expected  - 1[39m
    [31m+ Received  + 4[39m

    [32m- Array [][39m
    [31m+ Array [[39m
    [31m+   "[IMG] 6 oversized image(s): roman-card-800.webp natural=800 painted=348 2.30x | byrd-card-800.webp natural=800 painted=348 2.30x | ince-card-800.webp natural=800 painted=348 2.30x | vennie-card-800.webp natural=800 painted=348 2.30x | christa-card-800.webp natural=800 painted=348 2.30x | cheryl-card-800.webp natural=800 painted=348 2.30x",[39m
    [31m+   "[NAV] 2 of 3 in-page links land outside 67-135px (measured chrome 75px = header:75) — no single page-level cause identified; first: #get-staffy@1439px, #contact-now@47381px",[39m
    [31m+ ][39m

      168 |       blocking.map((d) => `[${d.family}] ${d.message}`),
      169 |       `${target.slug} @ ${viewport}px`,
    > 170 |     ).toEqual([]);
          |       ^
      171 |   });
      172 | }
      173 |
        at /Users/apple/Downloads/BSUK/tests/render/pages.spec.ts:170:7

    Error Context: test-results/pages-buy-blue-staffy-puppies-uk-vp768/error-context.md

  17) [vp768] › tests/render/pages.spec.ts:109:3 › blue-staffy-pup-sale-uk ─────────────────────────

    Error: blue-staffy-pup-sale-uk @ 768px

    [2mexpect([22m[31mreceived[39m[2m).[22mtoEqual[2m([22m[32mexpected[39m[2m) // deep equality[22m

    [32m- Expected  - 1[39m
    [31m+ Received  + 3[39m

    [32m- Array [][39m
    [31m+ Array [[39m
    [31m+   "[IMG] 1 oversized image(s): mark-blue-staffy-london.webp natural=767 painted=319 2.40x",[39m
    [31m+ ][39m

      168 |       blocking.map((d) => `[${d.family}] ${d.message}`),
      169 |       `${target.slug} @ ${viewport}px`,
    > 170 |     ).toEqual([]);
          |       ^
      171 |   });
      172 | }
      173 |
        at /Users/apple/Downloads/BSUK/tests/render/pages.spec.ts:170:7

    Error Context: test-results/pages-blue-staffy-pup-sale-uk-vp768/error-context.md

  18) [vp768] › tests/render/pages.spec.ts:109:3 › buy-staffy-puppies-for-sale-uk ──────────────────

    Error: buy-staffy-puppies-for-sale-uk @ 768px

    [2mexpect([22m[31mreceived[39m[2m).[22mtoEqual[2m([22m[32mexpected[39m[2m) // deep equality[22m

    [32m- Expected  - 1[39m
    [31m+ Received  + 4[39m

    [32m- Array [][39m
    [31m+ Array [[39m
    [31m+   "[LAYOUT] 1 control(s) under 24x24: a 105x20 \"Pets4Homes\"",[39m
    [31m+   "[IMG] 1 oversized image(s): best-blue-staffy-breeder-reviews-puppy-for-sale-uk.webp natural=768 painted=333 2.31x",[39m
    [31m+ ][39m

      168 |       blocking.map((d) => `[${d.family}] ${d.message}`),
      169 |       `${target.slug} @ ${viewport}px`,
    > 170 |     ).toEqual([]);
          |       ^
      171 |   });
      172 | }
      173 |
        at /Users/apple/Downloads/BSUK/tests/render/pages.spec.ts:170:7

    Error Context: test-results/pages-buy-staffy-puppies-for-sale-uk-vp768/error-context.md

  19) [vp768] › tests/render/pages.spec.ts:109:3 › available-puppies/roman ─────────────────────────

    Error: available-puppies/roman @ 768px

    [2mexpect([22m[31mreceived[39m[2m).[22mtoEqual[2m([22m[32mexpected[39m[2m) // deep equality[22m

    [32m- Expected  - 1[39m
    [31m+ Received  + 4[39m

    [32m- Array [][39m
    [31m+ Array [[39m
    [31m+   "[IMG] 1 oversized image(s): roman-portrait-4x5.webp natural=800 painted=344 2.33x",[39m
    [31m+   "[SCHEMA] no dateModified in any of the 4 JSON-LD block(s) — scripts/generate_page_dates.py feeds this",[39m
    [31m+ ][39m

      168 |       blocking.map((d) => `[${d.family}] ${d.message}`),
      169 |       `${target.slug} @ ${viewport}px`,
    > 170 |     ).toEqual([]);
          |       ^
      171 |   });
      172 | }
      173 |
        at /Users/apple/Downloads/BSUK/tests/render/pages.spec.ts:170:7

    Error Context: test-results/pages-available-puppies-roman-vp768/error-context.md

  20) [vp768] › tests/render/pages.spec.ts:109:3 › available-puppies ───────────────────────────────

    Error: available-puppies @ 768px

    [2mexpect([22m[31mreceived[39m[2m).[22mtoEqual[2m([22m[32mexpected[39m[2m) // deep equality[22m

    [32m- Expected  - 1[39m
    [31m+ Received  + 5[39m

    [32m- Array [][39m
    [31m+ Array [[39m
    [31m+   "[IMG] 6 oversized image(s): roman-card-800.webp natural=800 painted=348 2.30x | byrd-card-800.webp natural=800 painted=348 2.30x | ince-card-800.webp natural=800 painted=348 2.30x | vennie-card-800.webp natural=800 painted=348 2.30x | christa-card-800.webp natural=800 painted=348 2.30x | cheryl-card-800.webp natural=800 painted=348 2.30x",[39m
    [31m+   "[SEM] 1 skipped heading level(s): H1→H3 at \"Roman\"",[39m
    [31m+   "[SCHEMA] no dateModified in any of the 3 JSON-LD block(s) — scripts/generate_page_dates.py feeds this",[39m
    [31m+ ][39m

      168 |       blocking.map((d) => `[${d.family}] ${d.message}`),
      169 |       `${target.slug} @ ${viewport}px`,
    > 170 |     ).toEqual([]);
          |       ^
      171 |   });
      172 | }
      173 |
        at /Users/apple/Downloads/BSUK/tests/render/pages.spec.ts:170:7

    Error Context: test-results/pages-available-puppies-vp768/error-context.md

  21) [vp768] › tests/render/pages.spec.ts:109:3 › uk-blue-staffy-puppy-buying-guide ───────────────

    Error: uk-blue-staffy-puppy-buying-guide @ 768px

    [2mexpect([22m[31mreceived[39m[2m).[22mtoEqual[2m([22m[32mexpected[39m[2m) // deep equality[22m

    [32m- Expected  - 1[39m
    [31m+ Received  + 4[39m

    [32m- Array [][39m
    [31m+ Array [[39m
    [31m+   "[LAYOUT] 12 control(s) under 24x24: input 478x20 \"\" | input 323x20 \"\" | input 393x20 \"\" | input 267x20 \"\" | input 560x20 \"\" | input 518x20 \"\" | input 463x20 \"\" | input 530x20 \"\" | input 243x20 \"\" | input 600x20 \"\"",[39m
    [31m+   "[SEM] 1 skipped heading level(s): H2→H4 at \"Preparing Your Home Checklist\"",[39m
    [31m+ ][39m

      168 |       blocking.map((d) => `[${d.family}] ${d.message}`),
      169 |       `${target.slug} @ ${viewport}px`,
    > 170 |     ).toEqual([]);
          |       ^
      171 |   });
      172 | }
      173 |
        at /Users/apple/Downloads/BSUK/tests/render/pages.spec.ts:170:7

    Error Context: test-results/pages-uk-blue-staffy-puppy-buying-guide-vp768/error-context.md

  22) [vp768] › tests/render/pages.spec.ts:109:3 › uk-staffordshire-bull-terrier-guide ─────────────

    Error: uk-staffordshire-bull-terrier-guide @ 768px

    [2mexpect([22m[31mreceived[39m[2m).[22mtoEqual[2m([22m[32mexpected[39m[2m) // deep equality[22m

    [32m- Expected  - 1[39m
    [31m+ Received  + 3[39m

    [32m- Array [][39m
    [31m+ Array [[39m
    [31m+   "[NAV] 1 of 2 in-page links land outside 67-135px (measured chrome 75px = header:75) — no single page-level cause identified; first: #Staffy-sales@4722px",[39m
    [31m+ ][39m

      168 |       blocking.map((d) => `[${d.family}] ${d.message}`),
      169 |       `${target.slug} @ ${viewport}px`,
    > 170 |     ).toEqual([]);
          |       ^
      171 |   });
      172 | }
      173 |
        at /Users/apple/Downloads/BSUK/tests/render/pages.spec.ts:170:7

    Error Context: test-results/pages-uk-staffordshire-bull-terrier-guide-vp768/error-context.md

  23) [vp768] › tests/render/pages.spec.ts:109:3 › blue-staffy-health-uk ───────────────────────────

    Error: blue-staffy-health-uk @ 768px

    [2mexpect([22m[31mreceived[39m[2m).[22mtoEqual[2m([22m[32mexpected[39m[2m) // deep equality[22m

    [32m- Expected  - 1[39m
    [31m+ Received  + 3[39m

    [32m- Array [][39m
    [31m+ Array [[39m
    [31m+   "[NAV] 1 of 2 in-page links land outside 67-135px (measured chrome 75px = header:75) — no single page-level cause identified; first: #Staffy-sale@3413px",[39m
    [31m+ ][39m

      168 |       blocking.map((d) => `[${d.family}] ${d.message}`),
      169 |       `${target.slug} @ ${viewport}px`,
    > 170 |     ).toEqual([]);
          |       ^
      171 |   });
      172 | }
      173 |
        at /Users/apple/Downloads/BSUK/tests/render/pages.spec.ts:170:7

    Error Context: test-results/pages-blue-staffy-health-uk-vp768/error-context.md

  24) [vp768] › tests/render/pages.spec.ts:109:3 › blue-staffy-uk-breeders ─────────────────────────

    Error: blue-staffy-uk-breeders @ 768px

    [2mexpect([22m[31mreceived[39m[2m).[22mtoEqual[2m([22m[32mexpected[39m[2m) // deep equality[22m

    [32m- Expected  - 1[39m
    [31m+ Received  + 4[39m

    [32m- Array [][39m
    [31m+ Array [[39m
    [31m+   "[NAV] 1 of 2 in-page links land outside 67-135px (measured chrome 75px = header:75) — no single page-level cause identified; first: #Staffies-for-sale@1355px",[39m
    [31m+   "[SEM] 1 skipped heading level(s): H2→H4 at \"Uncompromising Health & Transparency\"",[39m
    [31m+ ][39m

      168 |       blocking.map((d) => `[${d.family}] ${d.message}`),
      169 |       `${target.slug} @ ${viewport}px`,
    > 170 |     ).toEqual([]);
          |       ^
      171 |   });
      172 | }
      173 |
        at /Users/apple/Downloads/BSUK/tests/render/pages.spec.ts:170:7

    Error Context: test-results/pages-blue-staffy-uk-breeders-vp768/error-context.md

  25) [vp768] › tests/render/pages.spec.ts:109:3 › privacy-policy-uk ───────────────────────────────

    Error: privacy-policy-uk @ 768px

    [2mexpect([22m[31mreceived[39m[2m).[22mtoEqual[2m([22m[32mexpected[39m[2m) // deep equality[22m

    [32m- Expected  - 1[39m
    [31m+ Received  + 3[39m

    [32m- Array [][39m
    [31m+ Array [[39m
    [31m+   "[SCHEMA] 1 visible date stamp(s): Last Updated: June 20, 2025 — freshness belongs in JSON-LD only",[39m
    [31m+ ][39m

      168 |       blocking.map((d) => `[${d.family}] ${d.message}`),
      169 |       `${target.slug} @ ${viewport}px`,
    > 170 |     ).toEqual([]);
          |       ^
      171 |   });
      172 | }
      173 |
        at /Users/apple/Downloads/BSUK/tests/render/pages.spec.ts:170:7

    Error Context: test-results/pages-privacy-policy-uk-vp768/error-context.md

  26) [vp768] › tests/render/pages.spec.ts:109:3 › uk-locations ────────────────────────────────────

    Error: uk-locations @ 768px

    [2mexpect([22m[31mreceived[39m[2m).[22mtoEqual[2m([22m[32mexpected[39m[2m) // deep equality[22m

    [32m- Expected  - 1[39m
    [31m+ Received  + 3[39m

    [32m- Array [][39m
    [31m+ Array [[39m
    [31m+   "[SCHEMA] no dateModified in any of the 3 JSON-LD block(s) — scripts/generate_page_dates.py feeds this",[39m
    [31m+ ][39m

      168 |       blocking.map((d) => `[${d.family}] ${d.message}`),
      169 |       `${target.slug} @ ${viewport}px`,
    > 170 |     ).toEqual([]);
          |       ^
      171 |   });
      172 | }
      173 |
        at /Users/apple/Downloads/BSUK/tests/render/pages.spec.ts:170:7

    Error Context: test-results/pages-uk-locations-vp768/error-context.md

  27) [vp768] › tests/render/pages.spec.ts:109:3 › uk-locations/blue-staffy-puppies-birmingham ─────

    Error: uk-locations/blue-staffy-puppies-birmingham @ 768px

    [2mexpect([22m[31mreceived[39m[2m).[22mtoEqual[2m([22m[32mexpected[39m[2m) // deep equality[22m

    [32m- Expected  - 1[39m
    [31m+ Received  + 3[39m

    [32m- Array [][39m
    [31m+ Array [[39m
    [31m+   "[SCHEMA] no dateModified in any of the 3 JSON-LD block(s) — scripts/generate_page_dates.py feeds this",[39m
    [31m+ ][39m

      168 |       blocking.map((d) => `[${d.family}] ${d.message}`),
      169 |       `${target.slug} @ ${viewport}px`,
    > 170 |     ).toEqual([]);
          |       ^
      171 |   });
      172 | }
      173 |
        at /Users/apple/Downloads/BSUK/tests/render/pages.spec.ts:170:7

    Error Context: test-results/pages-uk-locations-blue-staffy-puppies-birmingham-vp768/error-context.md

  28) [vp768] › tests/render/pages.spec.ts:109:3 › uk-locations/blue-staffy-puppies-uk ─────────────

    Error: uk-locations/blue-staffy-puppies-uk @ 768px

    [2mexpect([22m[31mreceived[39m[2m).[22mtoEqual[2m([22m[32mexpected[39m[2m) // deep equality[22m

    [32m- Expected  - 1[39m
    [31m+ Received  + 3[39m

    [32m- Array [][39m
    [31m+ Array [[39m
    [31m+   "[NAV] 1 of 2 in-page links land outside 67-135px (measured chrome 75px = header:75) — no single page-level cause identified; first: #Staffy-adoption@3431px",[39m
    [31m+ ][39m

      168 |       blocking.map((d) => `[${d.family}] ${d.message}`),
      169 |       `${target.slug} @ ${viewport}px`,
    > 170 |     ).toEqual([]);
          |       ^
      171 |   });
      172 | }
      173 |
        at /Users/apple/Downloads/BSUK/tests/render/pages.spec.ts:170:7

    Error Context: test-results/pages-uk-locations-blue-staffy-puppies-uk-vp768/error-context.md

  29) [vp768] › tests/render/pages.spec.ts:109:3 › blue-staffy-blog-guides ─────────────────────────

    Error: blue-staffy-blog-guides @ 768px

    [2mexpect([22m[31mreceived[39m[2m).[22mtoEqual[2m([22m[32mexpected[39m[2m) // deep equality[22m

    [32m- Expected  - 1[39m
    [31m+ Received  + 3[39m

    [32m- Array [][39m
    [31m+ Array [[39m
    [31m+   "[SCHEMA] no dateModified in any of the 4 JSON-LD block(s) — scripts/generate_page_dates.py feeds this",[39m
    [31m+ ][39m

      168 |       blocking.map((d) => `[${d.family}] ${d.message}`),
      169 |       `${target.slug} @ ${viewport}px`,
    > 170 |     ).toEqual([]);
          |       ^
      171 |   });
      172 | }
      173 |
        at /Users/apple/Downloads/BSUK/tests/render/pages.spec.ts:170:7

    Error Context: test-results/pages-blue-staffy-blog-guides-vp768/error-context.md

  30) [vp768] › tests/render/pages.spec.ts:109:3 › blog ────────────────────────────────────────────

    Error: blog @ 768px

    [2mexpect([22m[31mreceived[39m[2m).[22mtoEqual[2m([22m[32mexpected[39m[2m) // deep equality[22m

    [32m- Expected  - 1[39m
    [31m+ Received  + 3[39m

    [32m- Array [][39m
    [31m+ Array [[39m
    [31m+   "[SCHEMA] no dateModified in any of the 3 JSON-LD block(s) — scripts/generate_page_dates.py feeds this",[39m
    [31m+ ][39m

      168 |       blocking.map((d) => `[${d.family}] ${d.message}`),
      169 |       `${target.slug} @ ${viewport}px`,
    > 170 |     ).toEqual([]);
          |       ^
      171 |   });
      172 | }
      173 |
        at /Users/apple/Downloads/BSUK/tests/render/pages.spec.ts:170:7

    Error Context: test-results/pages-blog-vp768/error-context.md

  31) [vp1280] › tests/render/pages.spec.ts:109:3 › index ──────────────────────────────────────────

    Error: index @ 1280px

    [2mexpect([22m[31mreceived[39m[2m).[22mtoEqual[2m([22m[32mexpected[39m[2m) // deep equality[22m

    [32m- Expected  - 1[39m
    [31m+ Received  + 4[39m

    [32m- Array [][39m
    [31m+ Array [[39m
    [31m+   "[IMG] 7 oversized image(s): mark-blue-staffy-london.webp natural=760 painted=319 2.38x | roman-card-800.webp natural=800 painted=271 2.95x | byrd-card-800.webp natural=800 painted=271 2.95x | ince-card-800.webp natural=800 painted=271 2.95x | vennie-card-800.webp natural=800 painted=271 2.95x | christa-card-800.webp natural=800 painted=271 2.95x | cheryl-card-800.webp natural=800 painted=271 2.95x",[39m
    [31m+   "[NAV] 1 of 3 in-page links land outside 65-133px (measured chrome 73px = header:73) — no single page-level cause identified; first: #Our-Blue-Staffies@4097px",[39m
    [31m+ ][39m

      168 |       blocking.map((d) => `[${d.family}] ${d.message}`),
      169 |       `${target.slug} @ ${viewport}px`,
    > 170 |     ).toEqual([]);
          |       ^
      171 |   });
      172 | }
      173 |
        at /Users/apple/Downloads/BSUK/tests/render/pages.spec.ts:170:7

    Error Context: test-results/pages-index-vp1280/error-context.md

  32) [vp1280] › tests/render/pages.spec.ts:109:3 › buy-blue-staffy-puppies-uk ─────────────────────

    Error: buy-blue-staffy-puppies-uk @ 1280px

    [2mexpect([22m[31mreceived[39m[2m).[22mtoEqual[2m([22m[32mexpected[39m[2m) // deep equality[22m

    [32m- Expected  - 1[39m
    [31m+ Received  + 4[39m

    [32m- Array [][39m
    [31m+ Array [[39m
    [31m+   "[IMG] 6 oversized image(s): roman-card-800.webp natural=800 painted=271 2.95x | byrd-card-800.webp natural=800 painted=271 2.95x | ince-card-800.webp natural=800 painted=271 2.95x | vennie-card-800.webp natural=800 painted=271 2.95x | christa-card-800.webp natural=800 painted=271 2.95x | cheryl-card-800.webp natural=800 painted=271 2.95x",[39m
    [31m+   "[NAV] 2 of 3 in-page links land outside 65-133px (measured chrome 73px = header:73) — no single page-level cause identified; first: #get-staffy@1437px, #contact-now@47378px",[39m
    [31m+ ][39m

      168 |       blocking.map((d) => `[${d.family}] ${d.message}`),
      169 |       `${target.slug} @ ${viewport}px`,
    > 170 |     ).toEqual([]);
          |       ^
      171 |   });
      172 | }
      173 |
        at /Users/apple/Downloads/BSUK/tests/render/pages.spec.ts:170:7

    Error Context: test-results/pages-buy-blue-staffy-puppies-uk-vp1280/error-context.md

  33) [vp1280] › tests/render/pages.spec.ts:109:3 › blue-staffy-pup-sale-uk ────────────────────────

    Error: blue-staffy-pup-sale-uk @ 1280px

    [2mexpect([22m[31mreceived[39m[2m).[22mtoEqual[2m([22m[32mexpected[39m[2m) // deep equality[22m

    [32m- Expected  - 1[39m
    [31m+ Received  + 3[39m

    [32m- Array [][39m
    [31m+ Array [[39m
    [31m+   "[IMG] 1 oversized image(s): mark-blue-staffy-london.webp natural=760 painted=319 2.38x",[39m
    [31m+ ][39m

      168 |       blocking.map((d) => `[${d.family}] ${d.message}`),
      169 |       `${target.slug} @ ${viewport}px`,
    > 170 |     ).toEqual([]);
          |       ^
      171 |   });
      172 | }
      173 |
        at /Users/apple/Downloads/BSUK/tests/render/pages.spec.ts:170:7

    Error Context: test-results/pages-blue-staffy-pup-sale-uk-vp1280/error-context.md

  34) [vp1280] › tests/render/pages.spec.ts:109:3 › buy-staffy-puppies-for-sale-uk ─────────────────

    Error: buy-staffy-puppies-for-sale-uk @ 1280px

    [2mexpect([22m[31mreceived[39m[2m).[22mtoEqual[2m([22m[32mexpected[39m[2m) // deep equality[22m

    [32m- Expected  - 1[39m
    [31m+ Received  + 4[39m

    [32m- Array [][39m
    [31m+ Array [[39m
    [31m+   "[LAYOUT] 1 control(s) under 24x24: a 105x20 \"Pets4Homes\"",[39m
    [31m+   "[IMG] 1 oversized image(s): best-blue-staffy-breeder-reviews-puppy-for-sale-uk.webp natural=760 painted=333 2.28x",[39m
    [31m+ ][39m

      168 |       blocking.map((d) => `[${d.family}] ${d.message}`),
      169 |       `${target.slug} @ ${viewport}px`,
    > 170 |     ).toEqual([]);
          |       ^
      171 |   });
      172 | }
      173 |
        at /Users/apple/Downloads/BSUK/tests/render/pages.spec.ts:170:7

    Error Context: test-results/pages-buy-staffy-puppies-for-sale-uk-vp1280/error-context.md

  35) [vp1280] › tests/render/pages.spec.ts:109:3 › available-puppies/roman ────────────────────────

    Error: available-puppies/roman @ 1280px

    [2mexpect([22m[31mreceived[39m[2m).[22mtoEqual[2m([22m[32mexpected[39m[2m) // deep equality[22m

    [32m- Expected  - 1[39m
    [31m+ Received  + 3[39m

    [32m- Array [][39m
    [31m+ Array [[39m
    [31m+   "[SCHEMA] no dateModified in any of the 4 JSON-LD block(s) — scripts/generate_page_dates.py feeds this",[39m
    [31m+ ][39m

      168 |       blocking.map((d) => `[${d.family}] ${d.message}`),
      169 |       `${target.slug} @ ${viewport}px`,
    > 170 |     ).toEqual([]);
          |       ^
      171 |   });
      172 | }
      173 |
        at /Users/apple/Downloads/BSUK/tests/render/pages.spec.ts:170:7

    Error Context: test-results/pages-available-puppies-roman-vp1280/error-context.md

  36) [vp1280] › tests/render/pages.spec.ts:109:3 › available-puppies ──────────────────────────────

    Error: available-puppies @ 1280px

    [2mexpect([22m[31mreceived[39m[2m).[22mtoEqual[2m([22m[32mexpected[39m[2m) // deep equality[22m

    [32m- Expected  - 1[39m
    [31m+ Received  + 5[39m

    [32m- Array [][39m
    [31m+ Array [[39m
    [31m+   "[IMG] 6 oversized image(s): roman-card-800.webp natural=800 painted=271 2.95x | byrd-card-800.webp natural=800 painted=271 2.95x | ince-card-800.webp natural=800 painted=271 2.95x | vennie-card-800.webp natural=800 painted=271 2.95x | christa-card-800.webp natural=800 painted=271 2.95x | cheryl-card-800.webp natural=800 painted=271 2.95x",[39m
    [31m+   "[SEM] 1 skipped heading level(s): H1→H3 at \"Roman\"",[39m
    [31m+   "[SCHEMA] no dateModified in any of the 3 JSON-LD block(s) — scripts/generate_page_dates.py feeds this",[39m
    [31m+ ][39m

      168 |       blocking.map((d) => `[${d.family}] ${d.message}`),
      169 |       `${target.slug} @ ${viewport}px`,
    > 170 |     ).toEqual([]);
          |       ^
      171 |   });
      172 | }
      173 |
        at /Users/apple/Downloads/BSUK/tests/render/pages.spec.ts:170:7

    Error Context: test-results/pages-available-puppies-vp1280/error-context.md

  37) [vp1280] › tests/render/pages.spec.ts:109:3 › uk-blue-staffy-puppy-buying-guide ──────────────

    Error: uk-blue-staffy-puppy-buying-guide @ 1280px

    [2mexpect([22m[31mreceived[39m[2m).[22mtoEqual[2m([22m[32mexpected[39m[2m) // deep equality[22m

    [32m- Expected  - 1[39m
    [31m+ Received  + 4[39m

    [32m- Array [][39m
    [31m+ Array [[39m
    [31m+   "[LAYOUT] 12 control(s) under 24x24: input 478x20 \"\" | input 323x20 \"\" | input 393x20 \"\" | input 267x20 \"\" | input 560x20 \"\" | input 518x20 \"\" | input 463x20 \"\" | input 530x20 \"\" | input 243x20 \"\" | input 600x20 \"\"",[39m
    [31m+   "[SEM] 1 skipped heading level(s): H2→H4 at \"Preparing Your Home Checklist\"",[39m
    [31m+ ][39m

      168 |       blocking.map((d) => `[${d.family}] ${d.message}`),
      169 |       `${target.slug} @ ${viewport}px`,
    > 170 |     ).toEqual([]);
          |       ^
      171 |   });
      172 | }
      173 |
        at /Users/apple/Downloads/BSUK/tests/render/pages.spec.ts:170:7

    Error Context: test-results/pages-uk-blue-staffy-puppy-buying-guide-vp1280/error-context.md

  38) [vp1280] › tests/render/pages.spec.ts:109:3 › uk-staffordshire-bull-terrier-guide ────────────

    Error: uk-staffordshire-bull-terrier-guide @ 1280px

    [2mexpect([22m[31mreceived[39m[2m).[22mtoEqual[2m([22m[32mexpected[39m[2m) // deep equality[22m

    [32m- Expected  - 1[39m
    [31m+ Received  + 3[39m

    [32m- Array [][39m
    [31m+ Array [[39m
    [31m+   "[NAV] 1 of 2 in-page links land outside 65-133px (measured chrome 73px = header:73) — no single page-level cause identified; first: #Staffy-sales@4720px",[39m
    [31m+ ][39m

      168 |       blocking.map((d) => `[${d.family}] ${d.message}`),
      169 |       `${target.slug} @ ${viewport}px`,
    > 170 |     ).toEqual([]);
          |       ^
      171 |   });
      172 | }
      173 |
        at /Users/apple/Downloads/BSUK/tests/render/pages.spec.ts:170:7

    Error Context: test-results/pages-uk-staffordshire-bull-terrier-guide-vp1280/error-context.md

  39) [vp1280] › tests/render/pages.spec.ts:109:3 › blue-staffy-health-uk ──────────────────────────

    Error: blue-staffy-health-uk @ 1280px

    [2mexpect([22m[31mreceived[39m[2m).[22mtoEqual[2m([22m[32mexpected[39m[2m) // deep equality[22m

    [32m- Expected  - 1[39m
    [31m+ Received  + 3[39m

    [32m- Array [][39m
    [31m+ Array [[39m
    [31m+   "[NAV] 1 of 2 in-page links land outside 65-133px (measured chrome 73px = header:73) — no single page-level cause identified; first: #Staffy-sale@3411px",[39m
    [31m+ ][39m

      168 |       blocking.map((d) => `[${d.family}] ${d.message}`),
      169 |       `${target.slug} @ ${viewport}px`,
    > 170 |     ).toEqual([]);
          |       ^
      171 |   });
      172 | }
      173 |
        at /Users/apple/Downloads/BSUK/tests/render/pages.spec.ts:170:7

    Error Context: test-results/pages-blue-staffy-health-uk-vp1280/error-context.md

  40) [vp1280] › tests/render/pages.spec.ts:109:3 › blue-staffy-uk-breeders ────────────────────────

    Error: blue-staffy-uk-breeders @ 1280px

    [2mexpect([22m[31mreceived[39m[2m).[22mtoEqual[2m([22m[32mexpected[39m[2m) // deep equality[22m

    [32m- Expected  - 1[39m
    [31m+ Received  + 4[39m

    [32m- Array [][39m
    [31m+ Array [[39m
    [31m+   "[NAV] 1 of 2 in-page links land outside 65-133px (measured chrome 73px = header:73) — no single page-level cause identified; first: #Staffies-for-sale@1353px",[39m
    [31m+   "[SEM] 1 skipped heading level(s): H2→H4 at \"Uncompromising Health & Transparency\"",[39m
    [31m+ ][39m

      168 |       blocking.map((d) => `[${d.family}] ${d.message}`),
      169 |       `${target.slug} @ ${viewport}px`,
    > 170 |     ).toEqual([]);
          |       ^
      171 |   });
      172 | }
      173 |
        at /Users/apple/Downloads/BSUK/tests/render/pages.spec.ts:170:7

    Error Context: test-results/pages-blue-staffy-uk-breeders-vp1280/error-context.md

  41) [vp1280] › tests/render/pages.spec.ts:109:3 › privacy-policy-uk ──────────────────────────────

    Error: privacy-policy-uk @ 1280px

    [2mexpect([22m[31mreceived[39m[2m).[22mtoEqual[2m([22m[32mexpected[39m[2m) // deep equality[22m

    [32m- Expected  - 1[39m
    [31m+ Received  + 3[39m

    [32m- Array [][39m
    [31m+ Array [[39m
    [31m+   "[SCHEMA] 1 visible date stamp(s): Last Updated: June 20, 2025 — freshness belongs in JSON-LD only",[39m
    [31m+ ][39m

      168 |       blocking.map((d) => `[${d.family}] ${d.message}`),
      169 |       `${target.slug} @ ${viewport}px`,
    > 170 |     ).toEqual([]);
          |       ^
      171 |   });
      172 | }
      173 |
        at /Users/apple/Downloads/BSUK/tests/render/pages.spec.ts:170:7

    Error Context: test-results/pages-privacy-policy-uk-vp1280/error-context.md

  42) [vp1280] › tests/render/pages.spec.ts:109:3 › uk-locations ───────────────────────────────────

    Error: uk-locations @ 1280px

    [2mexpect([22m[31mreceived[39m[2m).[22mtoEqual[2m([22m[32mexpected[39m[2m) // deep equality[22m

    [32m- Expected  - 1[39m
    [31m+ Received  + 3[39m

    [32m- Array [][39m
    [31m+ Array [[39m
    [31m+   "[SCHEMA] no dateModified in any of the 3 JSON-LD block(s) — scripts/generate_page_dates.py feeds this",[39m
    [31m+ ][39m

      168 |       blocking.map((d) => `[${d.family}] ${d.message}`),
      169 |       `${target.slug} @ ${viewport}px`,
    > 170 |     ).toEqual([]);
          |       ^
      171 |   });
      172 | }
      173 |
        at /Users/apple/Downloads/BSUK/tests/render/pages.spec.ts:170:7

    Error Context: test-results/pages-uk-locations-vp1280/error-context.md

  43) [vp1280] › tests/render/pages.spec.ts:109:3 › uk-locations/blue-staffy-puppies-birmingham ────

    Error: uk-locations/blue-staffy-puppies-birmingham @ 1280px

    [2mexpect([22m[31mreceived[39m[2m).[22mtoEqual[2m([22m[32mexpected[39m[2m) // deep equality[22m

    [32m- Expected  - 1[39m
    [31m+ Received  + 3[39m

    [32m- Array [][39m
    [31m+ Array [[39m
    [31m+   "[SCHEMA] no dateModified in any of the 3 JSON-LD block(s) — scripts/generate_page_dates.py feeds this",[39m
    [31m+ ][39m

      168 |       blocking.map((d) => `[${d.family}] ${d.message}`),
      169 |       `${target.slug} @ ${viewport}px`,
    > 170 |     ).toEqual([]);
          |       ^
      171 |   });
      172 | }
      173 |
        at /Users/apple/Downloads/BSUK/tests/render/pages.spec.ts:170:7

    Error Context: test-results/pages-uk-locations-blue-staffy-puppies-birmingham-vp1280/error-context.md

  44) [vp1280] › tests/render/pages.spec.ts:109:3 › uk-locations/blue-staffy-puppies-uk ────────────

    Error: uk-locations/blue-staffy-puppies-uk @ 1280px

    [2mexpect([22m[31mreceived[39m[2m).[22mtoEqual[2m([22m[32mexpected[39m[2m) // deep equality[22m

    [32m- Expected  - 1[39m
    [31m+ Received  + 3[39m

    [32m- Array [][39m
    [31m+ Array [[39m
    [31m+   "[NAV] 1 of 2 in-page links land outside 65-133px (measured chrome 73px = header:73) — no single page-level cause identified; first: #Staffy-adoption@3428px",[39m
    [31m+ ][39m

      168 |       blocking.map((d) => `[${d.family}] ${d.message}`),
      169 |       `${target.slug} @ ${viewport}px`,
    > 170 |     ).toEqual([]);
          |       ^
      171 |   });
      172 | }
      173 |
        at /Users/apple/Downloads/BSUK/tests/render/pages.spec.ts:170:7

    Error Context: test-results/pages-uk-locations-blue-staffy-puppies-uk-vp1280/error-context.md

  45) [vp1280] › tests/render/pages.spec.ts:109:3 › blue-staffy-blog-guides ────────────────────────

    Error: blue-staffy-blog-guides @ 1280px

    [2mexpect([22m[31mreceived[39m[2m).[22mtoEqual[2m([22m[32mexpected[39m[2m) // deep equality[22m

    [32m- Expected  - 1[39m
    [31m+ Received  + 3[39m

    [32m- Array [][39m
    [31m+ Array [[39m
    [31m+   "[SCHEMA] no dateModified in any of the 4 JSON-LD block(s) — scripts/generate_page_dates.py feeds this",[39m
    [31m+ ][39m

      168 |       blocking.map((d) => `[${d.family}] ${d.message}`),
      169 |       `${target.slug} @ ${viewport}px`,
    > 170 |     ).toEqual([]);
          |       ^
      171 |   });
      172 | }
      173 |
        at /Users/apple/Downloads/BSUK/tests/render/pages.spec.ts:170:7

    Error Context: test-results/pages-blue-staffy-blog-guides-vp1280/error-context.md

  46) [vp1280] › tests/render/pages.spec.ts:109:3 › blog ───────────────────────────────────────────

    Error: blog @ 1280px

    [2mexpect([22m[31mreceived[39m[2m).[22mtoEqual[2m([22m[32mexpected[39m[2m) // deep equality[22m

    [32m- Expected  - 1[39m
    [31m+ Received  + 3[39m

    [32m- Array [][39m
    [31m+ Array [[39m
    [31m+   "[SCHEMA] no dateModified in any of the 3 JSON-LD block(s) — scripts/generate_page_dates.py feeds this",[39m
    [31m+ ][39m

      168 |       blocking.map((d) => `[${d.family}] ${d.message}`),
      169 |       `${target.slug} @ ${viewport}px`,
    > 170 |     ).toEqual([]);
          |       ^
      171 |   });
      172 | }
      173 |
        at /Users/apple/Downloads/BSUK/tests/render/pages.spec.ts:170:7

    Error Context: test-results/pages-blog-vp1280/error-context.md

  46 failed
    [vp375] › tests/render/pages.spec.ts:109:3 › index ─────────────────────────────────────────────
    [vp375] › tests/render/pages.spec.ts:109:3 › buy-blue-staffy-puppies-uk ────────────────────────
    [vp375] › tests/render/pages.spec.ts:109:3 › available-puppies/roman ───────────────────────────
    [vp375] › tests/render/pages.spec.ts:109:3 › available-puppies ─────────────────────────────────
    [vp375] › tests/render/pages.spec.ts:109:3 › uk-blue-staffy-puppy-buying-guide ─────────────────
    [vp375] › tests/render/pages.spec.ts:109:3 › uk-staffordshire-bull-terrier-guide ───────────────
    [vp375] › tests/render/pages.spec.ts:109:3 › blue-staffy-health-uk ─────────────────────────────
    [vp375] › tests/render/pages.spec.ts:109:3 › blue-staffy-uk-breeders ───────────────────────────
    [vp375] › tests/render/pages.spec.ts:109:3 › privacy-policy-uk ─────────────────────────────────
    [vp375] › tests/render/pages.spec.ts:109:3 › uk-locations ──────────────────────────────────────
    [vp375] › tests/render/pages.spec.ts:109:3 › uk-locations/blue-staffy-puppies-birmingham ───────
    [vp375] › tests/render/pages.spec.ts:109:3 › uk-locations/blue-staffy-puppies-uk ───────────────
    [vp375] › tests/render/pages.spec.ts:109:3 › blue-staffy-blog-guides ───────────────────────────
    [vp375] › tests/render/pages.spec.ts:109:3 › blog ──────────────────────────────────────────────
    [vp768] › tests/render/pages.spec.ts:109:3 › index ─────────────────────────────────────────────
    [vp768] › tests/render/pages.spec.ts:109:3 › buy-blue-staffy-puppies-uk ────────────────────────
    [vp768] › tests/render/pages.spec.ts:109:3 › blue-staffy-pup-sale-uk ───────────────────────────
    [vp768] › tests/render/pages.spec.ts:109:3 › buy-staffy-puppies-for-sale-uk ────────────────────
    [vp768] › tests/render/pages.spec.ts:109:3 › available-puppies/roman ───────────────────────────
    [vp768] › tests/render/pages.spec.ts:109:3 › available-puppies ─────────────────────────────────
    [vp768] › tests/render/pages.spec.ts:109:3 › uk-blue-staffy-puppy-buying-guide ─────────────────
    [vp768] › tests/render/pages.spec.ts:109:3 › uk-staffordshire-bull-terrier-guide ───────────────
    [vp768] › tests/render/pages.spec.ts:109:3 › blue-staffy-health-uk ─────────────────────────────
    [vp768] › tests/render/pages.spec.ts:109:3 › blue-staffy-uk-breeders ───────────────────────────
    [vp768] › tests/render/pages.spec.ts:109:3 › privacy-policy-uk ─────────────────────────────────
    [vp768] › tests/render/pages.spec.ts:109:3 › uk-locations ──────────────────────────────────────
    [vp768] › tests/render/pages.spec.ts:109:3 › uk-locations/blue-staffy-puppies-birmingham ───────
    [vp768] › tests/render/pages.spec.ts:109:3 › uk-locations/blue-staffy-puppies-uk ───────────────
    [vp768] › tests/render/pages.spec.ts:109:3 › blue-staffy-blog-guides ───────────────────────────
    [vp768] › tests/render/pages.spec.ts:109:3 › blog ──────────────────────────────────────────────
    [vp1280] › tests/render/pages.spec.ts:109:3 › index ────────────────────────────────────────────
    [vp1280] › tests/render/pages.spec.ts:109:3 › buy-blue-staffy-puppies-uk ───────────────────────
    [vp1280] › tests/render/pages.spec.ts:109:3 › blue-staffy-pup-sale-uk ──────────────────────────
    [vp1280] › tests/render/pages.spec.ts:109:3 › buy-staffy-puppies-for-sale-uk ───────────────────
    [vp1280] › tests/render/pages.spec.ts:109:3 › available-puppies/roman ──────────────────────────
    [vp1280] › tests/render/pages.spec.ts:109:3 › available-puppies ────────────────────────────────
    [vp1280] › tests/render/pages.spec.ts:109:3 › uk-blue-staffy-puppy-buying-guide ────────────────
    [vp1280] › tests/render/pages.spec.ts:109:3 › uk-staffordshire-bull-terrier-guide ──────────────
    [vp1280] › tests/render/pages.spec.ts:109:3 › blue-staffy-health-uk ────────────────────────────
    [vp1280] › tests/render/pages.spec.ts:109:3 › blue-staffy-uk-breeders ──────────────────────────
    [vp1280] › tests/render/pages.spec.ts:109:3 › privacy-policy-uk ────────────────────────────────
    [vp1280] › tests/render/pages.spec.ts:109:3 › uk-locations ─────────────────────────────────────
    [vp1280] › tests/render/pages.spec.ts:109:3 › uk-locations/blue-staffy-puppies-birmingham ──────
    [vp1280] › tests/render/pages.spec.ts:109:3 › uk-locations/blue-staffy-puppies-uk ──────────────
    [vp1280] › tests/render/pages.spec.ts:109:3 › blue-staffy-blog-guides ──────────────────────────
    [vp1280] › tests/render/pages.spec.ts:109:3 › blog ─────────────────────────────────────────────
  5 passed (4.4m)
--- EXIT 1 : npm run test:render:pages ---
--- STEP: npm run sweep ---

> bsuk@0.1.0 sweep
> bash scripts/health-sweep.sh

BSUK HEALTH SWEEP — 2026-09-17 02:37:45

[1m== 1. GIT / DEPLOY STATE ==[0m
  branch: system-transfer
  [32mPASS[0m  No token embedded in remote URL
  [32mPASS[0m  No API token committed in tracked files
  [32mPASS[0m  .claude/settings.local.json is not tracked
  [33mWARN[0m  ? commit(s) committed but NOT pushed/deployed
  [33mWARN[0m  1 uncommitted file(s) (not deployed) — run: git status --short

[1m== 2. AGENT SYSTEM INTEGRITY ==[0m
  agents found: 36
  [32mPASS[0m  All 36 agents have name + description + model frontmatter
examined 36 agents; 0 problems
  [32mPASS[0m  Agent registry in sync
examined docs/reference/system-registry.md; 0 problems
  [32mPASS[0m  System registry in sync
  skills found: 53
examined 233 files; 0 problems
examined render-baseline-project2.md; 0 problems
  [32mPASS[0m  Render baseline report in sync

[1m== 3. ASTRO BUILD ==[0m
  [32mPASS[0m  Build succeeded — 49 page(s) built

[1m== 4. LIVE SITE ==[0m
  [31mFAIL[0m  / -> 000
  [31mFAIL[0m  /buy-blue-staffy-puppies-uk/ -> 000
  [31mFAIL[0m  /available-puppies/ -> 000
  [33mWARN[0m  www -> 000 (expected 301/308)

[1m== 5. BUILT-OUTPUT HYGIENE (dist/) ==[0m
  [32mPASS[0m  49 built pages scanned
  [32mPASS[0m  broken lazy-load GIF images: 0
  [32mPASS[0m  pages missing canonical: 0
  [32mPASS[0m  relative canonicals: 0

[1m== RESULT ==[0m
[31mONE OR MORE CRITICAL CHECKS FAILED — see above[0m
--- EXIT 1 : npm run sweep ---
--- STEP: npm run registry ---

> bsuk@0.1.0 registry
> python3 scripts/build_system_registry.py --check

examined docs/reference/system-registry.md; 0 problems
--- EXIT 0 : npm run registry ---
--- STEP: npm run baseline ---

> bsuk@0.1.0 baseline
> python3 scripts/render_baseline.py --check

examined render-baseline-project2.md; 0 problems
--- EXIT 0 : npm run baseline ---
--- STEP: release placeholder probe ---

> bsuk@0.1.0 check:placeholders
> python3 scripts/placeholder_check.py

# Placeholders (release build)
  SITE_URL_PLACEHOLDER       891 occurrence(s) in 112 file(s)
  PHONE_PLACEHOLDER           19 occurrence(s) in 12 file(s)
  FORMSPREE_ID_PLACEHOLDER     0 occurrence(s) in 0 file(s)
  LICENCE_CLAIM_PLACEHOLDER   633 occurrence(s) in 70 file(s)
  LEGAL_CLAIM_PLACEHOLDER    149 occurrence(s) in 66 file(s)
  TOTAL                     1692
  SITE_URL_PLACEHOLDER — .claude/agents/bsuk-about-builder.md
  SITE_URL_PLACEHOLDER — .claude/agents/bsuk-accessibility-fixer.md
  SITE_URL_PLACEHOLDER — .claude/agents/bsuk-agent-system-qa.md
  SITE_URL_PLACEHOLDER — .claude/agents/bsuk-angle-agent.md
  SITE_URL_PLACEHOLDER — .claude/agents/bsuk-batch-rebuilder.md
  SITE_URL_PLACEHOLDER — .claude/agents/bsuk-blog-post-agent.md
  SITE_URL_PLACEHOLDER — .claude/agents/bsuk-canonical-fixer.md
  SITE_URL_PLACEHOLDER — .claude/agents/bsuk-comparison-builder.md
  SITE_URL_PLACEHOLDER — .claude/agents/bsuk-contact-form-updater.md
  SITE_URL_PLACEHOLDER — .claude/agents/bsuk-content-architect.md
  SITE_URL_PLACEHOLDER — .claude/agents/bsuk-content-audit-agent.md
  SITE_URL_PLACEHOLDER — .claude/agents/bsuk-deploy-verifier.md
  SITE_URL_PLACEHOLDER — .claude/agents/bsuk-faq-agent.md
  SITE_URL_PLACEHOLDER — .claude/agents/bsuk-footer-standardizer.md
  SITE_URL_PLACEHOLDER — .claude/agents/bsuk-framework-agent.md
  SITE_URL_PLACEHOLDER — .claude/agents/bsuk-gsc-analytics.md
  SITE_URL_PLACEHOLDER — .claude/agents/bsuk-homepage-builder.md
  SITE_URL_PLACEHOLDER — .claude/agents/bsuk-hub-builder.md
  SITE_URL_PLACEHOLDER — .claude/agents/bsuk-image-pipeline.md
  SITE_URL_PLACEHOLDER — .claude/agents/bsuk-infographic-builder.md
  SITE_URL_PLACEHOLDER — … and 92 more
  PHONE_PLACEHOLDER — .claude/agents/bsuk-about-builder.md
  PHONE_PLACEHOLDER — .claude/agents/bsuk-contact-form-updater.md
  PHONE_PLACEHOLDER — .claude/agents/bsuk-keyword-verifier.md
  PHONE_PLACEHOLDER — .claude/agents/bsuk-seo-content-writer.md
  PHONE_PLACEHOLDER — .claude/skills/bsuk-aeo-pass/SKILL.md
  PHONE_PLACEHOLDER — .claude/skills/bsuk-final-page-pass/SKILL.md
  PHONE_PLACEHOLDER — .claude/skills/bsuk-footer-agent/SKILL.md
  PHONE_PLACEHOLDER — .claude/skills/bsuk-puppy-page-builder/SKILL.md
  PHONE_PLACEHOLDER — .claude/skills/bsuk-seo-master-checklist/SKILL.md
  PHONE_PLACEHOLDER — docs/reference/WORKFLOW.md
  PHONE_PLACEHOLDER — docs/reference/seo-rules.md
  PHONE_PLACEHOLDER — docs/reference/session-log.md
  LICENCE_CLAIM_PLACEHOLDER — .claude/agents/bsuk-about-builder.md
  LICENCE_CLAIM_PLACEHOLDER — .claude/agents/bsuk-accessibility-fixer.md
  LICENCE_CLAIM_PLACEHOLDER — .claude/agents/bsuk-agent-system-qa.md
  LICENCE_CLAIM_PLACEHOLDER — .claude/agents/bsuk-angle-agent.md
  LICENCE_CLAIM_PLACEHOLDER — .claude/agents/bsuk-batch-rebuilder.md
  LICENCE_CLAIM_PLACEHOLDER — .claude/agents/bsuk-blog-post-agent.md
  LICENCE_CLAIM_PLACEHOLDER — .claude/agents/bsuk-canonical-fixer.md
  LICENCE_CLAIM_PLACEHOLDER — .claude/agents/bsuk-comparison-builder.md
  LICENCE_CLAIM_PLACEHOLDER — .claude/agents/bsuk-contact-form-updater.md
  LICENCE_CLAIM_PLACEHOLDER — .claude/agents/bsuk-content-architect.md
  LICENCE_CLAIM_PLACEHOLDER — .claude/agents/bsuk-content-audit-agent.md
  LICENCE_CLAIM_PLACEHOLDER — .claude/agents/bsuk-deploy-verifier.md
  LICENCE_CLAIM_PLACEHOLDER — .claude/agents/bsuk-faq-agent.md
  LICENCE_CLAIM_PLACEHOLDER — .claude/agents/bsuk-footer-standardizer.md
  LICENCE_CLAIM_PLACEHOLDER — .claude/agents/bsuk-framework-agent.md
  LICENCE_CLAIM_PLACEHOLDER — .claude/agents/bsuk-gsc-analytics.md
  LICENCE_CLAIM_PLACEHOLDER — .claude/agents/bsuk-homepage-builder.md
  LICENCE_CLAIM_PLACEHOLDER — .claude/agents/bsuk-hub-builder.md
  LICENCE_CLAIM_PLACEHOLDER — .claude/agents/bsuk-image-pipeline.md
  LICENCE_CLAIM_PLACEHOLDER — .claude/agents/bsuk-infographic-builder.md
  LICENCE_CLAIM_PLACEHOLDER — … and 50 more
  LEGAL_CLAIM_PLACEHOLDER — .claude/agents/bsuk-about-builder.md
  LEGAL_CLAIM_PLACEHOLDER — .claude/agents/bsuk-accessibility-fixer.md
  LEGAL_CLAIM_PLACEHOLDER — .claude/agents/bsuk-agent-system-qa.md
  LEGAL_CLAIM_PLACEHOLDER — .claude/agents/bsuk-angle-agent.md
  LEGAL_CLAIM_PLACEHOLDER — .claude/agents/bsuk-batch-rebuilder.md
  LEGAL_CLAIM_PLACEHOLDER — .claude/agents/bsuk-blog-post-agent.md
  LEGAL_CLAIM_PLACEHOLDER — .claude/agents/bsuk-canonical-fixer.md
  LEGAL_CLAIM_PLACEHOLDER — .claude/agents/bsuk-comparison-builder.md
  LEGAL_CLAIM_PLACEHOLDER — .claude/agents/bsuk-contact-form-updater.md
  LEGAL_CLAIM_PLACEHOLDER — .claude/agents/bsuk-content-architect.md
  LEGAL_CLAIM_PLACEHOLDER — .claude/agents/bsuk-content-audit-agent.md
  LEGAL_CLAIM_PLACEHOLDER — .claude/agents/bsuk-deploy-verifier.md
  LEGAL_CLAIM_PLACEHOLDER — .claude/agents/bsuk-faq-agent.md
  LEGAL_CLAIM_PLACEHOLDER — .claude/agents/bsuk-footer-standardizer.md
  LEGAL_CLAIM_PLACEHOLDER — .claude/agents/bsuk-framework-agent.md
  LEGAL_CLAIM_PLACEHOLDER — .claude/agents/bsuk-gsc-analytics.md
  LEGAL_CLAIM_PLACEHOLDER — .claude/agents/bsuk-homepage-builder.md
  LEGAL_CLAIM_PLACEHOLDER — .claude/agents/bsuk-hub-builder.md
  LEGAL_CLAIM_PLACEHOLDER — .claude/agents/bsuk-image-pipeline.md
  LEGAL_CLAIM_PLACEHOLDER — .claude/agents/bsuk-interactive-component.md
  LEGAL_CLAIM_PLACEHOLDER — … and 46 more
FAIL: BSUK_RELEASE=1 and 1692 placeholder occurrence(s) remain in dist/ and the instruction tree.
--- EXIT 1 : release placeholder probe ---
=================== END RUN 1 ===================
=========== PORTED GATES PASS 1 ===========
--- STEP: python3 scripts/final_page_audit.py ---
baseline-only FAIL pages: 0  (failing only all_six_levels, min_h5_5, min_h6_5 — the migration baseline)

Subjective (voice/humour/readability/tone) = manual spot-check.
--- EXIT 1 : python3 scripts/final_page_audit.py ---
--- STEP: python3 scripts/page_hardening_scan.py ---
      fix: ship a -320/-440/-760 sibling and add srcset+sizes

130 ERROR · 27 WARN
--- EXIT 0 : python3 scripts/page_hardening_scan.py ---
--- STEP: python3 scripts/dup_content_audit.py ---
  "you are we can get your new puppy to you safely frequently asked questions blue staffy puppies in"

FAIL — 135 duplicated passages ≥12 words.
--- EXIT 1 : python3 scripts/dup_content_audit.py ---
--- STEP: python3 scripts/aeo_audit.py --all ---

examined 49 pages; 37 problems (181 WARN)
baseline-only FAIL pages: 37  (failing only freshness — the migration baseline, excluded from the exit code); pages with a real ERROR: 0
--- EXIT 0 : python3 scripts/aeo_audit.py --all ---
--- STEP: python3 scripts/evidence_audit.py --all ---
  ERROR term budget: uk x53 in <main>, ceiling 6 for interior

examined 49 pages; 47 problems (2 WARN)
--- EXIT 1 : python3 scripts/evidence_audit.py --all ---
--- STEP: python3 scripts/form_contract_audit.py ---
examined 1 forms; 0 problems  (inquiry 1, in-scope 1, newsletter 0)
--- EXIT 0 : python3 scripts/form_contract_audit.py ---
=========== END PORTED GATES PASS 1 ===========
=================== RUN 2 ===================
--- STEP: npm run build ---

> bsuk@0.1.0 build
> astro build

02:39:25 [content] Syncing content
02:39:25 [content] Synced content
02:39:25 [types] Generated 604ms
02:39:25 [build] output: "static"
02:39:25 [build] mode: "static"
02:39:25 [build] directory: /Users/apple/Downloads/BSUK/dist/
02:39:25 [build] Collecting build info...
02:39:25 [build] ✓ Completed in 674ms.
02:39:25 [build] Building static entrypoints...
02:39:27 [vite] ✓ built in 2.19s
02:39:28 [vite] ✓ built in 985ms
02:39:28 [build] Rearranging server assets...

 generating static routes 
02:39:28   ├─ /available-puppies/roman/index.html (+13ms) 
02:39:28   ├─ /available-puppies/byrd/index.html (+3ms) 
02:39:28   ├─ /available-puppies/ince/index.html (+3ms) 
02:39:28   ├─ /available-puppies/vennie/index.html (+2ms) 
02:39:28   ├─ /available-puppies/christa/index.html (+2ms) 
02:39:28   ├─ /available-puppies/cheryl/index.html (+2ms) 
02:39:28   ├─ /available-puppies/index.html (+4ms) 
02:39:28   ├─ /blog/index.html (+4ms) 
02:39:28   ├─ /blue-staffy-health-uk/index.html (+7ms) 
02:39:28   ├─ /blue-staffy-pup-sale-uk/index.html (+4ms) 
02:39:28   ├─ /blue-staffy-uk-breeders/index.html (+6ms) 
02:39:28   ├─ /buy-blue-staffy-puppies-uk/index.html (+6ms) 
02:39:28   ├─ /buy-staffy-puppies-for-sale-uk/index.html (+7ms) 
02:39:28   ├─ /privacy-policy-uk/index.html (+4ms) 
02:39:28   ├─ /thank-you-blue-staffy-puppies-journey/index.html (+3ms) 
02:39:28   ├─ /uk-blue-staffy-breeders-contact/index.html (+4ms) 
02:39:28   ├─ /uk-blue-staffy-puppy-buying-guide/index.html (+8ms) 
02:39:28   ├─ /uk-locations/blue-staffies-newcastle-under-lyme/index.html (+2ms) 
02:39:28   ├─ /uk-locations/blue-staffy-puppies-aberdeen/index.html (+2ms) 
02:39:28   ├─ /uk-locations/blue-staffy-puppies-birmingham/index.html (+2ms) 
02:39:28   ├─ /uk-locations/blue-staffy-puppies-bristol-uk/index.html (+2ms) 
02:39:28   ├─ /uk-locations/blue-staffy-puppies-dundee/index.html (+2ms) 
02:39:28   ├─ /uk-locations/blue-staffy-puppies-edinburgh/index.html (+2ms) 
02:39:28   ├─ /uk-locations/blue-staffy-puppies-for-sale-in-leicester/index.html (+2ms) 
02:39:28   ├─ /uk-locations/blue-staffy-puppies-for-sale-leeds/index.html (+2ms) 
02:39:28   ├─ /uk-locations/blue-staffy-puppies-hull/index.html (+2ms) 
02:39:28   ├─ /uk-locations/blue-staffy-puppies-inverness/index.html (+2ms) 
02:39:28   ├─ /uk-locations/blue-staffy-puppies-london/index.html (+2ms) 
02:39:28   ├─ /uk-locations/blue-staffy-puppies-manchester-uk/index.html (+2ms) 
02:39:28   ├─ /uk-locations/blue-staffy-puppies-middlesbrough/index.html (+2ms) 
02:39:28   ├─ /uk-locations/blue-staffy-puppies-oxford/index.html (+2ms) 
02:39:28   ├─ /uk-locations/blue-staffy-puppies-south-yorkshire/index.html (+2ms) 
02:39:28   ├─ /uk-locations/blue-staffy-puppies-sunderland/index.html (+2ms) 
02:39:28   ├─ /uk-locations/blue-staffy-puppies-uk/index.html (+2ms) 
02:39:28   ├─ /uk-locations/blue-staffy-puppies-york/index.html (+2ms) 
02:39:28   ├─ /uk-locations/buy-blue-staffy-puppy-coventry-area/index.html (+7ms) 
02:39:28   ├─ /uk-locations/staffy-breeding-dogs-glasgow/index.html (+2ms) 
02:39:28   ├─ /uk-locations/staffy-puppies-cardiff-wales/index.html (+2ms) 
02:39:28   ├─ /uk-locations/staffy-puppies-for-sale-cornwall/index.html (+2ms) 
02:39:28   ├─ /uk-locations/staffy-puppies-for-sale-essex/index.html (+2ms) 
02:39:28   ├─ /uk-locations/staffy-puppies-for-sale-glasgow/index.html (+2ms) 
02:39:28   ├─ /uk-locations/staffy-puppies-for-sale-liverpool/index.html (+2ms) 
02:39:28   ├─ /uk-locations/staffy-puppies-for-sale-nottingham/index.html (+3ms) 
02:39:28   ├─ /uk-locations/staffy-puppies-wolverhampton/index.html (+3ms) 
02:39:28   ├─ /uk-locations/uk-staffordshire-bull-terrier-breeder/index.html (+2ms) 
02:39:28   ├─ /uk-locations/index.html (+4ms) 
02:39:28   ├─ /uk-staffordshire-bull-terrier-guide/index.html (+8ms) 
02:39:28   ├─ /index.html (+7ms) 
02:39:28   ├─ /blue-staffy-blog-guides/index.html (+2ms) 
02:39:28 ✓ Completed in 205ms.

02:39:28 [build] ✓ Completed in 3.45s.
02:39:28 [build] 49 page(s) built in 4.15s
02:39:28 [build] Complete!

> bsuk@0.1.0 postbuild
> python3 scripts/generate_sitemaps.py

WARNING: SITE_URL not set — sitemaps carry https://SITE_URL_PLACEHOLDER
page      13
post      1
location  11
puppy     6
video     4
index: page-sitemap.xml, post-sitemap.xml, location-sitemap.xml, puppy-sitemap.xml, video-sitemap.xml
--- EXIT 0 : npm run build ---
--- STEP: npm run check:all ---

> bsuk@0.1.0 check:all
> npm run check:parity && npm run check:redirects && npm run check:schema && npm run check:sitemaps && npm run check:placeholders && npm run check:markers && npm run agents


> bsuk@0.1.0 check:parity
> python3 scripts/migration_parity.py

# Migration parity

Built pages measured against what the extractor promised. `raw` is the old
`.entry-content` before the extractor's deliberate removals (dead WordPress forms,
the four sold pups' cards); `expected` is the same page after them; `built` is what
`article.prose-migrated` renders. Note that `raw` is itself measured after site
chrome and dead forms are stripped, so it slightly understates the WordPress body.
The gate compares expected → built with a 2% whitespace band; headings must match
exactly, embeds must never decrease, a built page missing its article scope fails,
and expected must keep at least 60% of raw's words.

| URL | words raw→expected→built | headings exp→built | images exp→built | embeds exp→built | cards removed | result |
| --- | --- | --- | --- | --- | --- | --- |
| /blue-staffy-blog-guides/ | 0→0→142 | 0→3 | 0→0 | 0→0 | 0 | PASS (archive) |
| /blue-staffy-health-uk/ | 3510→3165→3165 | 62→62 | 8→8 | 0→0 | 4 | PASS |
| /blue-staffy-pup-sale-uk/ | 1133→788→788 | 18→18 | 5→5 | 0→0 | 4 | PASS |
| /blue-staffy-uk-breeders/ | 2316→1780→1780 | 27→27 | 7→7 | 1→1 | 4 | PASS |
| /buy-blue-staffy-puppies-uk/ | 2488→2254→2254 | 27→27 | 7→7 | 1→1 | 5 | PASS |
| /buy-staffy-puppies-for-sale-uk/ | 4706→4706→4706 | 50→50 | 13→13 | 1→1 | 0 | PASS |
| / | 3369→3112→3112 | 59→59 | 14→14 | 2→2 | 4 | PASS |
| /privacy-policy-uk/ | 1015→1015→1015 | 23→23 | 3→3 | 0→0 | 0 | PASS |
| /thank-you-blue-staffy-puppies-journey/ | 422→422→422 | 5→5 | 1→1 | 0→0 | 0 | PASS |
| /uk-blue-staffy-breeders-contact/ | 397→397→397 | 6→6 | 1→1 | 0→0 | 0 | PASS |
| /uk-blue-staffy-puppy-buying-guide/ | 6117→6117→6117 | 68→68 | 17→17 | 1→1 | 0 | PASS |
| /uk-locations/blue-staffies-newcastle-under-lyme/ | 5→5→5 | 0→0 | 0→0 | 0→0 | 0 | PASS |
| /uk-locations/blue-staffy-puppies-aberdeen/ | 476→443→443 | 10→10 | 0→0 | 0→0 | 4 | PASS (puppy-grid-emptied) |
| /uk-locations/blue-staffy-puppies-birmingham/ | 4→4→4 | 0→0 | 0→0 | 0→0 | 0 | PASS |
| /uk-locations/blue-staffy-puppies-bristol-uk/ | 0→0→0 | 0→0 | 0→0 | 0→0 | 0 | PASS |
| /uk-locations/blue-staffy-puppies-dundee/ | 463→430→430 | 10→10 | 0→0 | 0→0 | 4 | PASS (puppy-grid-emptied) |
| /uk-locations/blue-staffy-puppies-edinburgh/ | 485→452→452 | 10→10 | 0→0 | 0→0 | 4 | PASS (puppy-grid-emptied) |
| /uk-locations/blue-staffy-puppies-for-sale-in-leicester/ | 7→7→7 | 0→0 | 0→0 | 0→0 | 0 | PASS |
| /uk-locations/blue-staffy-puppies-for-sale-leeds/ | 0→0→0 | 0→0 | 0→0 | 0→0 | 0 | PASS |
| /uk-locations/blue-staffy-puppies-hull/ | 470→437→437 | 10→10 | 0→0 | 0→0 | 4 | PASS (puppy-grid-emptied) |
| /uk-locations/blue-staffy-puppies-inverness/ | 469→436→436 | 10→10 | 0→0 | 0→0 | 4 | PASS (puppy-grid-emptied) |
| /uk-locations/blue-staffy-puppies-london/ | 4→4→4 | 0→0 | 0→0 | 0→0 | 0 | PASS |
| /uk-locations/blue-staffy-puppies-manchester-uk/ | 5→5→5 | 0→0 | 0→0 | 0→0 | 0 | PASS |
| /uk-locations/blue-staffy-puppies-middlesbrough/ | 449→416→416 | 10→10 | 0→0 | 0→0 | 4 | PASS (puppy-grid-emptied) |
| /uk-locations/blue-staffy-puppies-oxford/ | 473→440→440 | 10→10 | 0→0 | 0→0 | 4 | PASS (puppy-grid-emptied) |
| /uk-locations/blue-staffy-puppies-south-yorkshire/ | 0→0→0 | 0→0 | 0→0 | 0→0 | 0 | PASS |
| /uk-locations/blue-staffy-puppies-sunderland/ | 464→431→431 | 10→10 | 0→0 | 0→0 | 4 | PASS (puppy-grid-emptied) |
| /uk-locations/blue-staffy-puppies-uk/ | 2112→1767→1767 | 29→29 | 11→11 | 0→0 | 4 | PASS |
| /uk-locations/blue-staffy-puppies-york/ | 474→441→441 | 10→10 | 0→0 | 0→0 | 4 | PASS (puppy-grid-emptied) |
| /uk-locations/buy-blue-staffy-puppy-coventry-area/ | 0→0→0 | 0→0 | 0→0 | 0→0 | 0 | PASS |
| /uk-locations/staffy-breeding-dogs-glasgow/ | 1853→1508→1508 | 19→19 | 4→4 | 1→1 | 4 | PASS |
| /uk-locations/staffy-puppies-cardiff-wales/ | 4→4→4 | 0→0 | 0→0 | 0→0 | 0 | PASS |
| /uk-locations/staffy-puppies-for-sale-cornwall/ | 0→0→0 | 0→0 | 0→0 | 0→0 | 0 | PASS |
| /uk-locations/staffy-puppies-for-sale-essex/ | 0→0→0 | 0→0 | 0→0 | 0→0 | 0 | PASS |
| /uk-locations/staffy-puppies-for-sale-glasgow/ | 5→5→5 | 0→0 | 0→0 | 0→0 | 0 | PASS |
| /uk-locations/staffy-puppies-for-sale-liverpool/ | 5→5→5 | 0→0 | 0→0 | 0→0 | 0 | PASS |
| /uk-locations/staffy-puppies-for-sale-nottingham/ | 5→5→5 | 0→0 | 0→0 | 0→0 | 0 | PASS |
| /uk-locations/staffy-puppies-wolverhampton/ | 3→3→3 | 0→0 | 0→0 | 0→0 | 0 | PASS |
| /uk-locations/uk-staffordshire-bull-terrier-breeder/ | 0→0→0 | 0→0 | 0→0 | 0→0 | 0 | PASS |
| /uk-staffordshire-bull-terrier-guide/ | 4975→4630→4630 | 72→72 | 10→10 | 1→1 | 4 | PASS |

examined 40 pages, 0 failing

examined 40 pages, 0 failing

> bsuk@0.1.0 check:redirects
> python3 scripts/redirect_check.py

# Redirects and internal links

Every concrete redirect must reach a live page in exactly one hop; wildcard and
placeholder rules have only their target checked. Every root-relative reference in
every built page must resolve; one that resolves only *through* a redirect is
reported as a warning, since Foundation keeps two legacy in-body links verbatim and
the fix belongs in the extractor's rewrite map, not in generated HTML. WordPress
leftovers fail outright; `SITE_URL_PLACEHOLDER` is counted only, as it is expected
until the launch domain is set.

## Problems

None.


## Redirected references (warning)

None.

SITE_URL_PLACEHOLDER occurrences: 545 (expected until launch)

examined 18 redirects, 1964 internal refs (distinct per page); 0 redirected refs; 0 problems

examined 18 redirects, 1964 internal refs (distinct per page); 0 redirected refs; 0 problems

> bsuk@0.1.0 check:schema
> python3 scripts/schema_check.py

# Structured data

Every `application/ld+json` block in every built page. Blocking: a block that does
not parse, a `telephone` still holding PHONE_PLACEHOLDER, `InStock` on anything but
an available puppy's page, an `@id` reference no node on the page defines, a Product
with no `offers`, and an Offer stating price without priceCurrency (or the reverse).
An Offer stating neither is a bare availability statement and is left alone.
Advisory: duplicate sitewide nodes, empty `url`, a WebPage with no `name`, and the
InStock URL quoted outside any Offer node.

## Blocking

None.


## Advisory

None.


examined 49 pages; 0 blocking, 0 advisory

examined 49 pages; 0 blocking, 0 advisory

> bsuk@0.1.0 check:sitemaps
> python3 scripts/sitemap_check.py

WARNING: SITE_URL not set — auditing against https://SITE_URL_PLACEHOLDER
# Sitemaps

Every indexable built page appears in exactly one URL shard; `video-sitemap.xml` is
supplementary and excluded from that count. Every `<loc>` must be a built page (or a
served asset) that is not `noindex`, must start with the site base, and must not
repeat within its shard. The index must list every shard in dist/ and nothing else,
and robots.txt must point at exactly `<base>/sitemap_index.xml`.

## Problems

None.


## Shards

| shard | urls |
| --- | --- |
| location-sitemap.xml | 11 |
| page-sitemap.xml | 13 |
| post-sitemap.xml | 1 |
| puppy-sitemap.xml | 6 |
| video-sitemap.xml | 4 |

31 of 49 built pages are indexable; each must appear in exactly one URL shard.

examined 49 built pages, 5 shards, 35 sitemap urls; 0 problems

examined 49 built pages, 5 shards, 35 sitemap urls; 0 problems

> bsuk@0.1.0 check:placeholders
> python3 scripts/placeholder_check.py

# Placeholders (pre-launch build)
  SITE_URL_PLACEHOLDER       891 occurrence(s) in 112 file(s)
  PHONE_PLACEHOLDER           19 occurrence(s) in 12 file(s)
  FORMSPREE_ID_PLACEHOLDER     0 occurrence(s) in 0 file(s)
  LICENCE_CLAIM_PLACEHOLDER   633 occurrence(s) in 70 file(s)
  LEGAL_CLAIM_PLACEHOLDER    149 occurrence(s) in 66 file(s)
  TOTAL                     1692
placeholders: 1692 (advisory — set BSUK_RELEASE=1 to make this blocking)

> bsuk@0.1.0 check:markers
> python3 scripts/marker_check.py

examined 233 files; 0 problems

> bsuk@0.1.0 agents
> python3 scripts/build_agent_registry.py --check

examined 36 agents; 0 problems
--- EXIT 0 : npm run check:all ---
--- STEP: npm run test:py ---

> bsuk@0.1.0 test:py
> python3 -m pytest tests/py -q

........................................................................ [  5%]
........................................................................ [ 11%]
......................................................s..sssss..s....... [ 17%]
........................................................................ [ 23%]
........................................................................ [ 28%]
........................................................................ [ 34%]
........................................................................ [ 40%]
........................................................................ [ 46%]
........................................................................ [ 51%]
........................................................................ [ 57%]
........................................................................ [ 63%]
........................................................................ [ 69%]
........................................................................ [ 75%]
........................................................................ [ 80%]
........................................................................ [ 86%]
........................................................................ [ 92%]
........................................................................ [ 98%]
.......................                                                  [100%]
=============================== warnings summary ===============================
tests/py/test_extract_blog.py: 38 warnings
tests/py/test_extract_core.py: 6 warnings
tests/py/test_extract_writers.py: 43 warnings
tests/py/test_images.py: 8 warnings
tests/py/test_old_pups.py: 32 warnings
tests/py/test_parity.py: 19 warnings
  /Users/apple/Library/Python/3.9/lib/python/site-packages/bs4/builder/_lxml.py:124: DeprecationWarning: The 'strip_cdata' option of HTMLParser() has never done anything and will eventually be removed.
    parser = parser(

-- Docs: https://docs.pytest.org/en/stable/how-to/capture-warnings.html
1240 passed, 7 skipped, 146 warnings in 76.49s (0:01:16)
--- EXIT 0 : npm run test:py ---
--- STEP: python3 scripts/port_from_cag.py ---
examined 180 rows; applied 10, skipped-existing 129, deferred 41, missing 0, blocked 0
--- EXIT 0 : python3 scripts/port_from_cag.py ---
--- STEP: python3 scripts/board_gate.py index ---
board-gate index [build] — 14 sections, 15 headings, 49 live pages, 0 entity refs, 0 ledger siblings, 0 assets examined
  WARN ledger-examined-zero     the component ledger records 1 page(s) and no sibling of index — the five ledger-* checks examined nothing
  FAIL header-collision         shingle: 'Meet the Proud Parents of Our Blue Staffy Puppies' vs /uk-locations/staffy-breeding-dogs-glasgow/ 'Our Commitment: The Cornerstone of Our Blue Staffy Puppies'
  FAIL header-collision         shingle: 'Our Commitment to the Health of Our Blue Staffy Puppies' vs /uk-locations/staffy-breeding-dogs-glasgow/ 'Our Commitment: The Cornerstone of Our Blue Staffy Puppies'
  FAIL header-collision         shingle: 'How to Buy Your Blue Staffy Puppy' vs /uk-blue-staffy-puppy-buying-guide/ 'How to Buy Your Blue Staffy Puppy from BlueStaffyUK.uk'
  WARN min-h5-h6                H5 0 / H6 0 — floor is 5 each
3 FAIL · 2 WARN
--- EXIT 1 : python3 scripts/board_gate.py index ---
--- STEP: npm run quality ---

> bsuk@0.1.0 quality
> python3 scripts/quality_report.py

==============================================================================
BSUK QUALITY REPORT
==============================================================================

1. REWORK RATE  (lagging — spec target: under 15% at 90 days)
   no windows recorded — run scripts/rework_ledger.py --last-30-days (arrives with project 4)

2. FIRST-RUN DEFECTS  (leading — most recent 10 pages)
   page                                            rows   inst  by family
   uk-staffordshire-bull-terrier-guide               15    960  CSS:3 DUP:3 NAV:3 SEM:6
   uk-locations/blue-staffy-puppies-uk               15    690  CSS:3 DUP:3 NAV:3 SEM:6
   uk-locations/blue-staffy-puppies-birmingham        9     30  CSS:3 SCHEMA:3 SEM:3
   uk-locations                                       9     24  CSS:3 SCHEMA:3 SEM:3
   uk-blue-staffy-puppy-buying-guide                 20    879  A11Y:3 CSS:3 DUP:3 LAYOUT:2 SEM:9
   uk-blue-staffy-breeders-contact                   12    174  CSS:3 DUP:3 FORM:3 SEM:3
   privacy-policy-uk                                 15    351  CSS:3 SCHEMA:3 SEM:9
   index                                             21    908  CSS:3 DUP:3 IMG:3 NAV:3 SEM:9
   buy-staffy-puppies-for-sale-uk                    19    787  CSS:3 DUP:3 IMG:2 LAYOUT:2 SEM:9
   buy-blue-staffy-puppies-uk                        21    624  CSS:3 DUP:3 IMG:3 NAV:3 SEM:9

3. NEXT ACTION
   worst family: SEM (117 rows) — fix the check first if it looks impossible

4. OPEN OVERRIDES  (0 distinct, suppressing on 0 page-runs)
   none

5. RULES WITH NO BACKING TEST  (deletion candidates)
   no test and no justified judgment class: entity-4-move-loop, meaningful-words-no-stop-words, header-style-declared, image-keyword-distribution, uniform-inbody-image-sizing, link-first-anchors, src-pages-is-deployed, design-context-read-first, visual-first-workflow, same-content-on-redesign, verify-the-gate-first, puppies-extended-meta, delivery-band-on-every-card, design-system-nine, read-card-thumb-is-target-hero, release-guarded-publication, no-credential-in-a-committed-file, no-head-cropped-portraits

--- EXIT 0 : npm run quality ---
--- STEP: npm run test:render:meta ---

> bsuk@0.1.0 test:render:meta
> playwright test -c tests/render/playwright.config.ts meta.spec.ts


Running 351 tests using 2 workers

  ✓    1 [vp375] › tests/render/meta.spec.ts:59:1 › the registry is not empty (10ms)
  ✓    2 [vp768] › tests/render/meta.spec.ts:59:1 › the registry is not empty (6ms)
[WebServer] 127.0.0.1 - - [17/Sep/2026 02:41:02] "GET /tests/render/fixtures/known_broken/form-inquiry-contract.html HTTP/1.1" 200 -
[WebServer] 127.0.0.1 - - [17/Sep/2026 02:41:02] "GET /tests/render/fixtures/known_broken/form-inquiry-contract.html HTTP/1.1" 200 -
  ✓    4 [vp768] › tests/render/meta.spec.ts:96:5 › form-inquiry-contract [FORM] › fires on the known_broken fixture (519ms)
  ✓    3 [vp375] › tests/render/meta.spec.ts:96:5 › form-inquiry-contract [FORM] › fires on the known_broken fixture (565ms)
[WebServer] 127.0.0.1 - - [17/Sep/2026 02:41:02] "GET /tests/render/fixtures/known_good/form-inquiry-contract.html HTTP/1.1" 200 -
[WebServer] 127.0.0.1 - - [17/Sep/2026 02:41:02] "GET /tests/render/fixtures/known_good/form-inquiry-contract.html HTTP/1.1" 200 -
  ✓    5 [vp768] › tests/render/meta.spec.ts:112:5 › form-inquiry-contract [FORM] › is silent on the known_good fixture (300ms)
  ✓    6 [vp375] › tests/render/meta.spec.ts:112:5 › form-inquiry-contract [FORM] › is silent on the known_good fixture (202ms)
[WebServer] 127.0.0.1 - - [17/Sep/2026 02:41:02] "GET /tests/render/fixtures/known_broken/layout-no-horizontal-overflow.html HTTP/1.1" 200 -
[WebServer] 127.0.0.1 - - [17/Sep/2026 02:41:02] "GET /tests/render/fixtures/known_broken/layout-no-horizontal-overflow.html HTTP/1.1" 200 -
  ✓    8 [vp375] › tests/render/meta.spec.ts:96:5 › layout-no-horizontal-overflow [LAYOUT] › fires on the known_broken fixture (174ms)
  ✓    7 [vp768] › tests/render/meta.spec.ts:96:5 › layout-no-horizontal-overflow [LAYOUT] › fires on the known_broken fixture (260ms)
[WebServer] 127.0.0.1 - - [17/Sep/2026 02:41:02] "GET /tests/render/fixtures/known_good/layout-no-horizontal-overflow.html HTTP/1.1" 200 -
[WebServer] 127.0.0.1 - - [17/Sep/2026 02:41:02] "GET /tests/render/fixtures/known_good/layout-no-horizontal-overflow.html HTTP/1.1" 200 -
  ✓    9 [vp375] › tests/render/meta.spec.ts:112:5 › layout-no-horizontal-overflow [LAYOUT] › is silent on the known_good fixture (255ms)
  ✓   10 [vp768] › tests/render/meta.spec.ts:112:5 › layout-no-horizontal-overflow [LAYOUT] › is silent on the known_good fixture (228ms)
[WebServer] 127.0.0.1 - - [17/Sep/2026 02:41:03] "GET /tests/render/fixtures/known_broken/layout-min-font-size.html HTTP/1.1" 200 -
[WebServer] 127.0.0.1 - - [17/Sep/2026 02:41:03] "GET /tests/render/fixtures/known_broken/layout-min-font-size.html HTTP/1.1" 200 -
  ✓   11 [vp375] › tests/render/meta.spec.ts:96:5 › layout-min-font-size [LAYOUT] › fires on the known_broken fixture (218ms)
  ✓   12 [vp768] › tests/render/meta.spec.ts:96:5 › layout-min-font-size [LAYOUT] › fires on the known_broken fixture (221ms)
[WebServer] 127.0.0.1 - - [17/Sep/2026 02:41:03] "GET /tests/render/fixtures/known_good/layout-min-font-size.html HTTP/1.1" 200 -
[WebServer] 127.0.0.1 - - [17/Sep/2026 02:41:03] "GET /tests/render/fixtures/known_good/layout-min-font-size.html HTTP/1.1" 200 -
  ✓   13 [vp375] › tests/render/meta.spec.ts:112:5 › layout-min-font-size [LAYOUT] › is silent on the known_good fixture (197ms)
  ✓   14 [vp768] › tests/render/meta.spec.ts:112:5 › layout-min-font-size [LAYOUT] › is silent on the known_good fixture (221ms)
[WebServer] 127.0.0.1 - - [17/Sep/2026 02:41:03] "GET /tests/render/fixtures/known_broken/layout-tap-target-size.html HTTP/1.1" 200 -
[WebServer] 127.0.0.1 - - [17/Sep/2026 02:41:03] "GET /tests/render/fixtures/known_broken/layout-tap-target-size.html HTTP/1.1" 200 -
  ✓   16 [vp768] › tests/render/meta.spec.ts:96:5 › layout-tap-target-size [LAYOUT] › fires on the known_broken fixture (266ms)
  ✓   15 [vp375] › tests/render/meta.spec.ts:96:5 › layout-tap-target-size [LAYOUT] › fires on the known_broken fixture (275ms)
[WebServer] 127.0.0.1 - - [17/Sep/2026 02:41:03] "GET /tests/render/fixtures/known_good/layout-tap-target-size.html HTTP/1.1" 200 -
[WebServer] 127.0.0.1 - - [17/Sep/2026 02:41:03] "GET /tests/render/fixtures/known_good/layout-tap-target-size.html HTTP/1.1" 200 -
  ✓   17 [vp768] › tests/render/meta.spec.ts:112:5 › layout-tap-target-size [LAYOUT] › is silent on the known_good fixture (235ms)
  ✓   18 [vp375] › tests/render/meta.spec.ts:112:5 › layout-tap-target-size [LAYOUT] › is silent on the known_good fixture (282ms)
[WebServer] 127.0.0.1 - - [17/Sep/2026 02:41:04] "GET /tests/render/fixtures/known_broken/layout-hero-counter-separation.html HTTP/1.1" 200 -
[WebServer] 127.0.0.1 - - [17/Sep/2026 02:41:04] "GET /tests/render/fixtures/known_broken/layout-hero-counter-separation.html HTTP/1.1" 200 -
  ✓   19 [vp768] › tests/render/meta.spec.ts:96:5 › layout-hero-counter-separation [LAYOUT] › fires on the known_broken fixture (232ms)
  ✓   20 [vp375] › tests/render/meta.spec.ts:96:5 › layout-hero-counter-separation [LAYOUT] › fires on the known_broken fixture (184ms)
[WebServer] 127.0.0.1 - - [17/Sep/2026 02:41:04] "GET /tests/render/fixtures/known_good/layout-hero-counter-separation.html HTTP/1.1" 200 -
[WebServer] 127.0.0.1 - - [17/Sep/2026 02:41:04] "GET /tests/render/fixtures/known_good/layout-hero-counter-separation.html HTTP/1.1" 200 -
  ✓   22 [vp375] › tests/render/meta.spec.ts:112:5 › layout-hero-counter-separation [LAYOUT] › is silent on the known_good fixture (218ms)
  ✓   21 [vp768] › tests/render/meta.spec.ts:112:5 › layout-hero-counter-separation [LAYOUT] › is silent on the known_good fixture (237ms)
[WebServer] 127.0.0.1 - - [17/Sep/2026 02:41:04] "GET /tests/render/fixtures/known_broken/layout-h3-image-first.html HTTP/1.1" 200 -
[WebServer] 127.0.0.1 - - [17/Sep/2026 02:41:04] "GET /tests/render/fixtures/known_broken/layout-h3-image-first.html HTTP/1.1" 200 -
  ✓   23 [vp375] › tests/render/meta.spec.ts:96:5 › layout-h3-image-first [LAYOUT] › fires on the known_broken fixture (259ms)
  ✓   24 [vp768] › tests/render/meta.spec.ts:96:5 › layout-h3-image-first [LAYOUT] › fires on the known_broken fixture (274ms)
[WebServer] 127.0.0.1 - - [17/Sep/2026 02:41:04] "GET /tests/render/fixtures/known_good/layout-h3-image-first.html HTTP/1.1" 200 -
  ✓   25 [vp375] › tests/render/meta.spec.ts:112:5 › layout-h3-image-first [LAYOUT] › is silent on the known_good fixture (222ms)
[WebServer] 127.0.0.1 - - [17/Sep/2026 02:41:05] "GET /tests/render/fixtures/known_good/layout-h3-image-first.html HTTP/1.1" 200 -
  ✓   26 [vp768] › tests/render/meta.spec.ts:112:5 › layout-h3-image-first [LAYOUT] › is silent on the known_good fixture (201ms)
[WebServer] 127.0.0.1 - - [17/Sep/2026 02:41:05] "GET /tests/render/fixtures/known_broken/layout-image-box-reserved.html HTTP/1.1" 200 -
[WebServer] 127.0.0.1 - - [17/Sep/2026 02:41:05] "GET /tests/render/fixtures/assets/wide-1600.png HTTP/1.1" 200 -
[WebServer] 127.0.0.1 - - [17/Sep/2026 02:41:05] code 404, message File not found
[WebServer] 127.0.0.1 - - [17/Sep/2026 02:41:05] "GET /__bsuk_pending_image__/0.webp HTTP/1.1" 404 -
[WebServer] 127.0.0.1 - - [17/Sep/2026 02:41:05] "GET /tests/render/fixtures/known_broken/layout-image-box-reserved.html HTTP/1.1" 200 -
[WebServer] 127.0.0.1 - - [17/Sep/2026 02:41:05] "GET /tests/render/fixtures/assets/wide-1600.png HTTP/1.1" 200 -
  ✓   27 [vp375] › tests/render/meta.spec.ts:96:5 › layout-image-box-reserved [LAYOUT] › fires on the known_broken fixture (292ms)
[WebServer] 127.0.0.1 - - [17/Sep/2026 02:41:05] code 404, message File not found
[WebServer] 127.0.0.1 - - [17/Sep/2026 02:41:05] "GET /__bsuk_pending_image__/0.webp HTTP/1.1" 404 -
  ✓   28 [vp768] › tests/render/meta.spec.ts:96:5 › layout-image-box-reserved [LAYOUT] › fires on the known_broken fixture (204ms)
[WebServer] 127.0.0.1 - - [17/Sep/2026 02:41:05] "GET /tests/render/fixtures/known_good/layout-image-box-reserved.html HTTP/1.1" 200 -
[WebServer] 127.0.0.1 - - [17/Sep/2026 02:41:05] "GET /tests/render/fixtures/assets/wide-1600.png HTTP/1.1" 200 -
[WebServer] 127.0.0.1 - - [17/Sep/2026 02:41:05] code 404, message File not found
[WebServer] 127.0.0.1 - - [17/Sep/2026 02:41:05] "GET /__bsuk_pending_image__/0.webp HTTP/1.1" 404 -
  ✓   29 [vp375] › tests/render/meta.spec.ts:112:5 › layout-image-box-reserved [LAYOUT] › is silent on the known_good fixture (206ms)
[WebServer] 127.0.0.1 - - [17/Sep/2026 02:41:05] "GET /tests/render/fixtures/known_good/layout-image-box-reserved.html HTTP/1.1" 200 -
[WebServer] 127.0.0.1 - - [17/Sep/2026 02:41:05] "GET /tests/render/fixtures/assets/wide-1600.png HTTP/1.1" 200 -
[WebServer] 127.0.0.1 - - [17/Sep/2026 02:41:05] code 404, message File not found
[WebServer] 127.0.0.1 - - [17/Sep/2026 02:41:05] "GET /__bsuk_pending_image__/0.webp HTTP/1.1" 404 -
  ✓   30 [vp768] › tests/render/meta.spec.ts:112:5 › layout-image-box-reserved [LAYOUT] › is silent on the known_good fixture (310ms)
[WebServer] 127.0.0.1 - - [17/Sep/2026 02:41:05] "GET /tests/render/fixtures/known_broken/img-srcset-within-2x.html HTTP/1.1" 200 -
[WebServer] 127.0.0.1 - - [17/Sep/2026 02:41:05] "GET /tests/render/fixtures/assets/wide-1600.png HTTP/1.1" 200 -
[WebServer] 127.0.0.1 - - [17/Sep/2026 02:41:05] "GET /tests/render/fixtures/known_broken/img-srcset-within-2x.html HTTP/1.1" 200 -
[WebServer] 127.0.0.1 - - [17/Sep/2026 02:41:05] "GET /tests/render/fixtures/assets/wide-1600.png HTTP/1.1" 200 -
  ✓   31 [vp375] › tests/render/meta.spec.ts:96:5 › img-srcset-within-2x [IMG] › fires on the known_broken fixture (359ms)
[WebServer] 127.0.0.1 - - [17/Sep/2026 02:41:06] "GET /tests/render/fixtures/known_good/img-srcset-within-2x.html HTTP/1.1" 200 -
[WebServer] 127.0.0.1 - - [17/Sep/2026 02:41:06] "GET /tests/render/fixtures/assets/narrow-400.png HTTP/1.1" 200 -
  ✓   32 [vp768] › tests/render/meta.spec.ts:96:5 › img-srcset-within-2x [IMG] › fires on the known_broken fixture (344ms)
[WebServer] 127.0.0.1 - - [17/Sep/2026 02:41:06] "GET /tests/render/fixtures/known_good/img-srcset-within-2x.html HTTP/1.1" 200 -
[WebServer] 127.0.0.1 - - [17/Sep/2026 02:41:06] "GET /tests/render/fixtures/assets/narrow-400.png HTTP/1.1" 200 -
  ✓   33 [vp375] › tests/render/meta.spec.ts:112:5 › img-srcset-within-2x [IMG] › is silent on the known_good fixture (348ms)
[WebServer] 127.0.0.1 - - [17/Sep/2026 02:41:06] "GET /tests/render/fixtures/known_broken/img-alt-present-and-unique.html HTTP/1.1" 200 -
[WebServer] 127.0.0.1 - - [17/Sep/2026 02:41:06] "GET /tests/render/fixtures/assets/narrow-400.png HTTP/1.1" 200 -
  ✓   34 [vp768] › tests/render/meta.spec.ts:112:5 › img-srcset-within-2x [IMG] › is silent on the known_good fixture (349ms)
[WebServer] 127.0.0.1 - - [17/Sep/2026 02:41:06] "GET /tests/render/fixtures/known_broken/img-alt-present-and-unique.html HTTP/1.1" 200 -
[WebServer] 127.0.0.1 - - [17/Sep/2026 02:41:06] "GET /tests/render/fixtures/assets/narrow-400.png HTTP/1.1" 200 -
  ✓   35 [vp375] › tests/render/meta.spec.ts:96:5 › img-alt-present-and-unique [IMG] › fires on the known_broken fixture (320ms)
[WebServer] 127.0.0.1 - - [17/Sep/2026 02:41:06] "GET /tests/render/fixtures/known_good/img-alt-present-and-unique.html HTTP/1.1" 200 -
[WebServer] 127.0.0.1 - - [17/Sep/2026 02:41:06] "GET /tests/render/fixtures/assets/narrow-400.png HTTP/1.1" 200 -
  ✓   36 [vp768] › tests/render/meta.spec.ts:96:5 › img-alt-present-and-unique [IMG] › fires on the known_broken fixture (328ms)
[WebServer] 127.0.0.1 - - [17/Sep/2026 02:41:06] "GET /tests/render/fixtures/known_good/img-alt-present-and-unique.html HTTP/1.1" 200 -
[WebServer] 127.0.0.1 - - [17/Sep/2026 02:41:06] "GET /tests/render/fixtures/assets/narrow-400.png HTTP/1.1" 200 -
  ✓   37 [vp375] › tests/render/meta.spec.ts:112:5 › img-alt-present-and-unique [IMG] › is silent on the known_good fixture (353ms)
[WebServer] 127.0.0.1 - - [17/Sep/2026 02:41:07] "GET /tests/render/fixtures/known_broken/nav-anchors-resolve.html HTTP/1.1" 200 -
  ✓   39 [vp375] › tests/render/meta.spec.ts:96:5 › nav-anchors-resolve [NAV] › fires on the known_broken fixture (146ms)
  ✓   38 [vp768] › tests/render/meta.spec.ts:112:5 › img-alt-present-and-unique [IMG] › is silent on the known_good fixture (389ms)
[WebServer] 127.0.0.1 - - [17/Sep/2026 02:41:07] "GET /tests/render/fixtures/known_good/nav-anchors-resolve.html HTTP/1.1" 200 -
[WebServer] 127.0.0.1 - - [17/Sep/2026 02:41:07] "GET /tests/render/fixtures/known_broken/nav-anchors-resolve.html HTTP/1.1" 200 -
  ✓   40 [vp375] › tests/render/meta.spec.ts:112:5 › nav-anchors-resolve [NAV] › is silent on the known_good fixture (157ms)
  ✓   41 [vp768] › tests/render/meta.spec.ts:96:5 › nav-anchors-resolve [NAV] › fires on the known_broken fixture (187ms)
[WebServer] 127.0.0.1 - - [17/Sep/2026 02:41:07] "GET /tests/render/fixtures/known_broken/nav-jump-target-lands.html HTTP/1.1" 200 -
[WebServer] 127.0.0.1 - - [17/Sep/2026 02:41:07] "GET /tests/render/fixtures/known_good/nav-anchors-resolve.html HTTP/1.1" 200 -
  ✓   43 [vp768] › tests/render/meta.spec.ts:112:5 › nav-anchors-resolve [NAV] › is silent on the known_good fixture (200ms)
[WebServer] 127.0.0.1 - - [17/Sep/2026 02:41:07] "GET /tests/render/fixtures/known_broken/nav-jump-target-lands.html HTTP/1.1" 200 -
  ✓   42 [vp375] › tests/render/meta.spec.ts:96:5 › nav-jump-target-lands [NAV] › fires on the known_broken fixture (1.7s)
[WebServer] 127.0.0.1 - - [17/Sep/2026 02:41:09] "GET /tests/render/fixtures/known_good/nav-jump-target-lands.html HTTP/1.1" 200 -
  ✓   44 [vp768] › tests/render/meta.spec.ts:96:5 › nav-jump-target-lands [NAV] › fires on the known_broken fixture (1.6s)
[WebServer] 127.0.0.1 - - [17/Sep/2026 02:41:09] "GET /tests/render/fixtures/known_good/nav-jump-target-lands.html HTTP/1.1" 200 -
  ✓   45 [vp375] › tests/render/meta.spec.ts:112:5 › nav-jump-target-lands [NAV] › is silent on the known_good fixture (1.8s)
[WebServer] 127.0.0.1 - - [17/Sep/2026 02:41:11] "GET /tests/render/fixtures/known_broken/sem-heading-order.html HTTP/1.1" 200 -
  ✓   47 [vp375] › tests/render/meta.spec.ts:96:5 › sem-heading-order [SEM] › fires on the known_broken fixture (132ms)
  ✓   46 [vp768] › tests/render/meta.spec.ts:112:5 › nav-jump-target-lands [NAV] › is silent on the known_good fixture (1.8s)
[WebServer] 127.0.0.1 - - [17/Sep/2026 02:41:11] "GET /tests/render/fixtures/known_broken/sem-heading-order.html HTTP/1.1" 200 -
[WebServer] 127.0.0.1 - - [17/Sep/2026 02:41:11] "GET /tests/render/fixtures/known_good/sem-heading-order.html HTTP/1.1" 200 -
  ✓   48 [vp375] › tests/render/meta.spec.ts:112:5 › sem-heading-order [SEM] › is silent on the known_good fixture (177ms)
  ✓   49 [vp768] › tests/render/meta.spec.ts:96:5 › sem-heading-order [SEM] › fires on the known_broken fixture (196ms)
[WebServer] 127.0.0.1 - - [17/Sep/2026 02:41:11] "GET /tests/render/fixtures/known_broken/sem-all-six-levels.html HTTP/1.1" 200 -
[WebServer] 127.0.0.1 - - [17/Sep/2026 02:41:11] "GET /tests/render/fixtures/known_good/sem-heading-order.html HTTP/1.1" 200 -
  ✓   50 [vp375] › tests/render/meta.spec.ts:96:5 › sem-all-six-levels [SEM] › fires on the known_broken fixture (196ms)
  ✓   51 [vp768] › tests/render/meta.spec.ts:112:5 › sem-heading-order [SEM] › is silent on the known_good fixture (182ms)
[WebServer] 127.0.0.1 - - [17/Sep/2026 02:41:11] "GET /tests/render/fixtures/known_good/sem-all-six-levels.html HTTP/1.1" 200 -
[WebServer] 127.0.0.1 - - [17/Sep/2026 02:41:11] "GET /tests/render/fixtures/known_broken/sem-all-six-levels.html HTTP/1.1" 200 -
  ✓   52 [vp375] › tests/render/meta.spec.ts:112:5 › sem-all-six-levels [SEM] › is silent on the known_good fixture (186ms)
  ✓   53 [vp768] › tests/render/meta.spec.ts:96:5 › sem-all-six-levels [SEM] › fires on the known_broken fixture (185ms)
[WebServer] 127.0.0.1 - - [17/Sep/2026 02:41:11] "GET /tests/render/fixtures/known_broken/sem-title-case-headings.html HTTP/1.1" 200 -
  ✓   54 [vp375] › tests/render/meta.spec.ts:96:5 › sem-title-case-headings [SEM] › fires on the known_broken fixture (152ms)
[WebServer] 127.0.0.1 - - [17/Sep/2026 02:41:11] "GET /tests/render/fixtures/known_good/sem-all-six-levels.html HTTP/1.1" 200 -
  ✓   55 [vp768] › tests/render/meta.spec.ts:112:5 › sem-all-six-levels [SEM] › is silent on the known_good fixture (194ms)
[WebServer] 127.0.0.1 - - [17/Sep/2026 02:41:12] "GET /tests/render/fixtures/known_good/sem-title-case-headings.html HTTP/1.1" 200 -
  ✓   56 [vp375] › tests/render/meta.spec.ts:112:5 › sem-title-case-headings [SEM] › is silent on the known_good fixture (185ms)
[WebServer] 127.0.0.1 - - [17/Sep/2026 02:41:12] "GET /tests/render/fixtures/known_broken/sem-title-case-headings.html HTTP/1.1" 200 -
  ✓   57 [vp768] › tests/render/meta.spec.ts:96:5 › sem-title-case-headings [SEM] › fires on the known_broken fixture (194ms)
[WebServer] 127.0.0.1 - - [17/Sep/2026 02:41:12] "GET /tests/render/fixtures/known_broken/sem-section-opening-paragraph.html HTTP/1.1" 200 -
[WebServer] 127.0.0.1 - - [17/Sep/2026 02:41:12] "GET /tests/render/fixtures/known_good/sem-title-case-headings.html HTTP/1.1" 200 -
  ✓   58 [vp375] › tests/render/meta.spec.ts:96:5 › sem-section-opening-paragraph [SEM] › fires on the known_broken fixture (191ms)
  ✓   59 [vp768] › tests/render/meta.spec.ts:112:5 › sem-title-case-headings [SEM] › is silent on the known_good fixture (164ms)
[WebServer] 127.0.0.1 - - [17/Sep/2026 02:41:12] "GET /tests/render/fixtures/known_good/sem-section-opening-paragraph.html HTTP/1.1" 200 -
[WebServer] 127.0.0.1 - - [17/Sep/2026 02:41:12] "GET /tests/render/fixtures/known_broken/sem-section-opening-paragraph.html HTTP/1.1" 200 -
  ✓   60 [vp375] › tests/render/meta.spec.ts:112:5 › sem-section-opening-paragraph [SEM] › is silent on the known_good fixture (178ms)
  ✓   61 [vp768] › tests/render/meta.spec.ts:96:5 › sem-section-opening-paragraph [SEM] › fires on the known_broken fixture (184ms)
[WebServer] 127.0.0.1 - - [17/Sep/2026 02:41:12] "GET /tests/render/fixtures/known_broken/sem-statement-label-visible.html HTTP/1.1" 200 -
  ✓   62 [vp375] › tests/render/meta.spec.ts:96:5 › sem-statement-label-visible [SEM] › fires on the known_broken fixture (173ms)
[WebServer] 127.0.0.1 - - [17/Sep/2026 02:41:12] "GET /tests/render/fixtures/known_good/sem-section-opening-paragraph.html HTTP/1.1" 200 -
  ✓   63 [vp768] › tests/render/meta.spec.ts:112:5 › sem-section-opening-paragraph [SEM] › is silent on the known_good fixture (210ms)
[WebServer] 127.0.0.1 - - [17/Sep/2026 02:41:12] "GET /tests/render/fixtures/known_good/sem-statement-label-visible.html HTTP/1.1" 200 -
  ✓   64 [vp375] › tests/render/meta.spec.ts:112:5 › sem-statement-label-visible [SEM] › is silent on the known_good fixture (151ms)
[WebServer] 127.0.0.1 - - [17/Sep/2026 02:41:12] "GET /tests/render/fixtures/known_broken/sem-statement-label-visible.html HTTP/1.1" 200 -
  ✓   65 [vp768] › tests/render/meta.spec.ts:96:5 › sem-statement-label-visible [SEM] › fires on the known_broken fixture (158ms)
[WebServer] 127.0.0.1 - - [17/Sep/2026 02:41:13] "GET /tests/render/fixtures/known_broken/schema-single-product-offer.html HTTP/1.1" 200 -
  ✓   66 [vp375] › tests/render/meta.spec.ts:96:5 › schema-single-product-offer [SCHEMA] › fires on the known_broken fixture (187ms)
[WebServer] 127.0.0.1 - - [17/Sep/2026 02:41:13] "GET /tests/render/fixtures/known_good/sem-statement-label-visible.html HTTP/1.1" 200 -
  ✓   67 [vp768] › tests/render/meta.spec.ts:112:5 › sem-statement-label-visible [SEM] › is silent on the known_good fixture (191ms)
[WebServer] 127.0.0.1 - - [17/Sep/2026 02:41:13] "GET /tests/render/fixtures/known_good/schema-single-product-offer.html HTTP/1.1" 200 -
  ✓   68 [vp375] › tests/render/meta.spec.ts:112:5 › schema-single-product-offer [SCHEMA] › is silent on the known_good fixture (153ms)
[WebServer] 127.0.0.1 - - [17/Sep/2026 02:41:13] "GET /tests/render/fixtures/known_broken/schema-single-product-offer.html HTTP/1.1" 200 -
  ✓   69 [vp768] › tests/render/meta.spec.ts:96:5 › schema-single-product-offer [SCHEMA] › fires on the known_broken fixture (150ms)
[WebServer] 127.0.0.1 - - [17/Sep/2026 02:41:13] "GET /tests/render/fixtures/known_broken/schema-sold-not-instock.html HTTP/1.1" 200 -
  ✓   70 [vp375] › tests/render/meta.spec.ts:96:5 › schema-sold-not-instock [SCHEMA] › fires on the known_broken fixture (201ms)
[WebServer] 127.0.0.1 - - [17/Sep/2026 02:41:13] "GET /tests/render/fixtures/known_good/schema-single-product-offer.html HTTP/1.1" 200 -
  ✓   71 [vp768] › tests/render/meta.spec.ts:112:5 › schema-single-product-offer [SCHEMA] › is silent on the known_good fixture (169ms)
[WebServer] 127.0.0.1 - - [17/Sep/2026 02:41:13] "GET /tests/render/fixtures/known_good/schema-sold-not-instock.html HTTP/1.1" 200 -
[WebServer] 127.0.0.1 - - [17/Sep/2026 02:41:13] "GET /tests/render/fixtures/known_broken/schema-sold-not-instock.html HTTP/1.1" 200 -
  ✓   72 [vp375] › tests/render/meta.spec.ts:112:5 › schema-sold-not-instock [SCHEMA] › is silent on the known_good fixture (214ms)
  ✓   73 [vp768] › tests/render/meta.spec.ts:96:5 › schema-sold-not-instock [SCHEMA] › fires on the known_broken fixture (148ms)
[WebServer] 127.0.0.1 - - [17/Sep/2026 02:41:13] "GET /tests/render/fixtures/known_broken/schema-date-modified-present.html HTTP/1.1" 200 -
[WebServer] 127.0.0.1 - - [17/Sep/2026 02:41:13] "GET /tests/render/fixtures/known_good/schema-sold-not-instock.html HTTP/1.1" 200 -
  ✓   74 [vp375] › tests/render/meta.spec.ts:96:5 › schema-date-modified-present [SCHEMA] › fires on the known_broken fixture (162ms)
  ✓   75 [vp768] › tests/render/meta.spec.ts:112:5 › schema-sold-not-instock [SCHEMA] › is silent on the known_good fixture (185ms)
[WebServer] 127.0.0.1 - - [17/Sep/2026 02:41:14] "GET /tests/render/fixtures/known_good/schema-date-modified-present.html HTTP/1.1" 200 -
[WebServer] 127.0.0.1 - - [17/Sep/2026 02:41:14] "GET /tests/render/fixtures/known_broken/schema-date-modified-present.html HTTP/1.1" 200 -
  ✓   76 [vp375] › tests/render/meta.spec.ts:112:5 › schema-date-modified-present [SCHEMA] › is silent on the known_good fixture (177ms)
  ✓   77 [vp768] › tests/render/meta.spec.ts:96:5 › schema-date-modified-present [SCHEMA] › fires on the known_broken fixture (177ms)
[WebServer] 127.0.0.1 - - [17/Sep/2026 02:41:14] "GET /tests/render/fixtures/known_broken/schema-no-visible-date.html HTTP/1.1" 200 -
  ✓   78 [vp375] › tests/render/meta.spec.ts:96:5 › schema-no-visible-date [SCHEMA] › fires on the known_broken fixture (163ms)
[WebServer] 127.0.0.1 - - [17/Sep/2026 02:41:14] "GET /tests/render/fixtures/known_good/schema-date-modified-present.html HTTP/1.1" 200 -
  ✓   79 [vp768] › tests/render/meta.spec.ts:112:5 › schema-date-modified-present [SCHEMA] › is silent on the known_good fixture (180ms)
[WebServer] 127.0.0.1 - - [17/Sep/2026 02:41:14] "GET /tests/render/fixtures/known_good/schema-no-visible-date.html HTTP/1.1" 200 -
[WebServer] 127.0.0.1 - - [17/Sep/2026 02:41:14] "GET /tests/render/fixtures/known_broken/schema-no-visible-date.html HTTP/1.1" 200 -
  ✓   80 [vp375] › tests/render/meta.spec.ts:112:5 › schema-no-visible-date [SCHEMA] › is silent on the known_good fixture (185ms)
  ✓   81 [vp768] › tests/render/meta.spec.ts:96:5 › schema-no-visible-date [SCHEMA] › fires on the known_broken fixture (185ms)
[WebServer] 127.0.0.1 - - [17/Sep/2026 02:41:14] "GET /tests/render/fixtures/known_broken/css-class-resolves.html HTTP/1.1" 200 -
[WebServer] 127.0.0.1 - - [17/Sep/2026 02:41:14] "GET /tests/render/fixtures/known_good/schema-no-visible-date.html HTTP/1.1" 200 -
  ✓   82 [vp375] › tests/render/meta.spec.ts:96:5 › css-class-resolves [CSS] › fires on the known_broken fixture (187ms)
  ✓   83 [vp768] › tests/render/meta.spec.ts:112:5 › schema-no-visible-date [SCHEMA] › is silent on the known_good fixture (181ms)
[WebServer] 127.0.0.1 - - [17/Sep/2026 02:41:14] "GET /tests/render/fixtures/known_good/css-class-resolves.html HTTP/1.1" 200 -
[WebServer] 127.0.0.1 - - [17/Sep/2026 02:41:14] "GET /tests/render/fixtures/known_broken/css-class-resolves.html HTTP/1.1" 200 -
  ✓   84 [vp375] › tests/render/meta.spec.ts:112:5 › css-class-resolves [CSS] › is silent on the known_good fixture (205ms)
  ✓   85 [vp768] › tests/render/meta.spec.ts:96:5 › css-class-resolves [CSS] › fires on the known_broken fixture (185ms)
[WebServer] 127.0.0.1 - - [17/Sep/2026 02:41:15] "GET /tests/render/fixtures/known_good/css-class-resolves.html HTTP/1.1" 200 -
[WebServer] 127.0.0.1 - - [17/Sep/2026 02:41:15] "GET /tests/render/fixtures/known_broken/css-no-dead-component-rule.html HTTP/1.1" 200 -
  ✓   86 [vp375] › tests/render/meta.spec.ts:96:5 › css-no-dead-component-rule [CSS] › fires on the known_broken fixture (190ms)
  ✓   87 [vp768] › tests/render/meta.spec.ts:112:5 › css-class-resolves [CSS] › is silent on the known_good fixture (179ms)
[WebServer] 127.0.0.1 - - [17/Sep/2026 02:41:15] "GET /tests/render/fixtures/known_good/css-no-dead-component-rule.html HTTP/1.1" 200 -
[WebServer] 127.0.0.1 - - [17/Sep/2026 02:41:15] "GET /tests/render/fixtures/known_broken/css-no-dead-component-rule.html HTTP/1.1" 200 -
  ✓   88 [vp375] › tests/render/meta.spec.ts:112:5 › css-no-dead-component-rule [CSS] › is silent on the known_good fixture (179ms)
  ✓   89 [vp768] › tests/render/meta.spec.ts:96:5 › css-no-dead-component-rule [CSS] › fires on the known_broken fixture (195ms)
[WebServer] 127.0.0.1 - - [17/Sep/2026 02:41:15] "GET /tests/render/fixtures/known_broken/css-component-color-not-overridden.html HTTP/1.1" 200 -
[WebServer] 127.0.0.1 - - [17/Sep/2026 02:41:15] "GET /tests/render/fixtures/known_good/css-no-dead-component-rule.html HTTP/1.1" 200 -
  ✓   90 [vp375] › tests/render/meta.spec.ts:96:5 › css-component-color-not-overridden [CSS] › fires on the known_broken fixture (187ms)
  ✓   91 [vp768] › tests/render/meta.spec.ts:112:5 › css-no-dead-component-rule [CSS] › is silent on the known_good fixture (181ms)
[WebServer] 127.0.0.1 - - [17/Sep/2026 02:41:15] "GET /tests/render/fixtures/known_good/css-component-color-not-overridden.html HTTP/1.1" 200 -
  ✓   92 [vp375] › tests/render/meta.spec.ts:112:5 › css-component-color-not-overridden [CSS] › is silent on the known_good fixture (150ms)
[WebServer] 127.0.0.1 - - [17/Sep/2026 02:41:15] "GET /tests/render/fixtures/known_broken/css-component-color-not-overridden.html HTTP/1.1" 200 -
  ✓   93 [vp768] › tests/render/meta.spec.ts:96:5 › css-component-color-not-overridden [CSS] › fires on the known_broken fixture (187ms)
[WebServer] 127.0.0.1 - - [17/Sep/2026 02:41:15] "GET /tests/render/fixtures/known_broken/dup-no-sibling-crossover.html HTTP/1.1" 200 -
[WebServer] 127.0.0.1 - - [17/Sep/2026 02:41:15] "GET /tests/render/fixtures/known_good/css-component-color-not-overridden.html HTTP/1.1" 200 -
  ✓   94 [vp375] › tests/render/meta.spec.ts:96:5 › dup-no-sibling-crossover [DUP] › fires on the known_broken fixture (200ms)
  ✓   95 [vp768] › tests/render/meta.spec.ts:112:5 › css-component-color-not-overridden [CSS] › is silent on the known_good fixture (197ms)
[WebServer] 127.0.0.1 - - [17/Sep/2026 02:41:16] "GET /tests/render/fixtures/known_good/dup-no-sibling-crossover.html HTTP/1.1" 200 -
[WebServer] 127.0.0.1 - - [17/Sep/2026 02:41:16] "GET /tests/render/fixtures/known_broken/dup-no-sibling-crossover.html HTTP/1.1" 200 -
  ✓   97 [vp768] › tests/render/meta.spec.ts:96:5 › dup-no-sibling-crossover [DUP] › fires on the known_broken fixture (160ms)
  ✓   96 [vp375] › tests/render/meta.spec.ts:112:5 › dup-no-sibling-crossover [DUP] › is silent on the known_good fixture (208ms)
[WebServer] 127.0.0.1 - - [17/Sep/2026 02:41:16] "GET /tests/render/fixtures/known_broken/a11y-text-contrast-aa.html HTTP/1.1" 200 -
[WebServer] 127.0.0.1 - - [17/Sep/2026 02:41:16] "GET /tests/render/fixtures/known_good/dup-no-sibling-crossover.html HTTP/1.1" 200 -
  ✓   99 [vp375] › tests/render/meta.spec.ts:96:5 › a11y-text-contrast-aa [A11Y] › fires on the known_broken fixture (175ms)
  ✓   98 [vp768] › tests/render/meta.spec.ts:112:5 › dup-no-sibling-crossover [DUP] › is silent on the known_good fixture (218ms)
[WebServer] 127.0.0.1 - - [17/Sep/2026 02:41:16] "GET /tests/render/fixtures/known_good/a11y-text-contrast-aa.html HTTP/1.1" 200 -
[WebServer] 127.0.0.1 - - [17/Sep/2026 02:41:16] "GET /tests/render/fixtures/known_broken/a11y-text-contrast-aa.html HTTP/1.1" 200 -
  ✓  100 [vp375] › tests/render/meta.spec.ts:112:5 › a11y-text-contrast-aa [A11Y] › is silent on the known_good fixture (194ms)
  ✓  101 [vp768] › tests/render/meta.spec.ts:96:5 › a11y-text-contrast-aa [A11Y] › fires on the known_broken fixture (199ms)
[WebServer] 127.0.0.1 - - [17/Sep/2026 02:41:16] "GET /tests/render/fixtures/known_broken/dup-adjacent-to-whitelist.html HTTP/1.1" 200 -
[WebServer] 127.0.0.1 - - [17/Sep/2026 02:41:16] "GET /tests/render/fixtures/known_good/a11y-text-contrast-aa.html HTTP/1.1" 200 -
  ✓  102 [vp375] › tests/render/meta.spec.ts:149:3 › dup-no-sibling-crossover sees a crossover adjacent to a whitelisted line › reports each passage beside the shipping line, and never the line itself (199ms)
  ✓  103 [vp768] › tests/render/meta.spec.ts:112:5 › a11y-text-contrast-aa [A11Y] › is silent on the known_good fixture (184ms)
  ✓  104 [vp375] › tests/render/meta.spec.ts:190:3 › dup-no-sibling-crossover judges every page against the whole built site › every target is compared against every other built page (16ms)
  -  105 [vp768] › tests/render/meta.spec.ts:149:3 › dup-no-sibling-crossover sees a crossover adjacent to a whitelisted line › reports each passage beside the shipping line, and never the line itself
  -  107 [vp768] › tests/render/meta.spec.ts:190:3 › dup-no-sibling-crossover judges every page against the whole built site › every target is compared against every other built page
  -  108 [vp768] › tests/render/meta.spec.ts:262:3 › dup-no-sibling-crossover tokenises exactly like dup_content_audit.py › a run that is 12 words only because an apostrophe split a word is not a crossover
  -  109 [vp768] › tests/render/meta.spec.ts:279:3 › dup-no-sibling-crossover tokenises exactly like dup_content_audit.py › an apostrophe the corpus page writes as &#39; is the same word
[WebServer] 127.0.0.1 - - [17/Sep/2026 02:41:17] "GET /tests/render/fixtures/known_broken/dup-contraction-boundary.html HTTP/1.1" 200 -
  -  110 [vp768] › tests/render/meta.spec.ts:293:3 › dup-no-sibling-crossover tokenises exactly like dup_content_audit.py › normalise() and the whitelist stems match Python token for token
  ✓  106 [vp375] › tests/render/meta.spec.ts:262:3 › dup-no-sibling-crossover tokenises exactly like dup_content_audit.py › a run that is 12 words only because an apostrophe split a word is not a crossover (372ms)
  ✓  111 [vp768] › tests/render/meta.spec.ts:338:3 › dist/ freshness gate › a dist/ newer than src/ is fresh (7ms)
  ✓  113 [vp768] › tests/render/meta.spec.ts:347:3 › dist/ freshness gate › a src/ file newer than every dist/ file is STALE (10ms)
  ✓  114 [vp768] › tests/render/meta.spec.ts:359:3 › dist/ freshness gate › a newer package.json (the non-directory branch of newest()) forces refusal (3ms)
  ✓  115 [vp768] › tests/render/meta.spec.ts:374:3 › dist/ freshness gate › a missing dist/ is STALE, never fresh-by-default (2ms)
  ✓  116 [vp768] › tests/render/meta.spec.ts:386:3 › dist/ freshness gate › an empty dist/ is STALE (2ms)
  ✓  117 [vp768] › tests/render/meta.spec.ts:397:3 › dist/ freshness gate › vendored trees under src/ are not treated as source (2ms)
  ✓  118 [vp768] › tests/render/meta.spec.ts:413:3 › dist/ freshness gate › an unreadable path under src/ refuses rather than silently passing as fresh (2ms)
  ✓  119 [vp768] › tests/render/meta.spec.ts:425:3 › resetRaw › empties a populated raw dir, so a refused run cannot merge into a prior clean scorecard (2ms)
[WebServer] 127.0.0.1 - - [17/Sep/2026 02:41:17] "GET /tests/render/fixtures/known_broken/dup-contraction-entity.html HTTP/1.1" 200 -
  -  120 [vp768] › tests/render/meta.spec.ts:543:3 › globalSetup vs spec-module-scope regression probe › resetRaw() at spec module scope loses other workers' partials
  ✓  112 [vp375] › tests/render/meta.spec.ts:279:3 › dup-no-sibling-crossover tokenises exactly like dup_content_audit.py › an apostrophe the corpus page writes as &#39; is the same word (195ms)
  -  121 [vp768] › tests/render/meta.spec.ts:558:3 › globalSetup vs spec-module-scope regression probe › resetRaw() in globalSetup preserves every project’s partial
  ✓  123 [vp768] › tests/render/meta.spec.ts:576:3 › resetRaw placement — pins the actual production wiring › resetRaw() is called in global-setup.ts and nowhere in pages.spec.ts (2ms)
  ✓  122 [vp375] › tests/render/meta.spec.ts:293:3 › dup-no-sibling-crossover tokenises exactly like dup_content_audit.py › normalise() and the whitelist stems match Python token for token (190ms)
  ✓  125 [vp375] › tests/render/meta.spec.ts:338:3 › dist/ freshness gate › a dist/ newer than src/ is fresh (2ms)
  ✓  126 [vp375] › tests/render/meta.spec.ts:347:3 › dist/ freshness gate › a src/ file newer than every dist/ file is STALE (3ms)
  ✓  127 [vp375] › tests/render/meta.spec.ts:359:3 › dist/ freshness gate › a newer package.json (the non-directory branch of newest()) forces refusal (3ms)
  ✓  128 [vp375] › tests/render/meta.spec.ts:374:3 › dist/ freshness gate › a missing dist/ is STALE, never fresh-by-default (1ms)
  ✓  129 [vp375] › tests/render/meta.spec.ts:386:3 › dist/ freshness gate › an empty dist/ is STALE (2ms)
  ✓  130 [vp375] › tests/render/meta.spec.ts:397:3 › dist/ freshness gate › vendored trees under src/ are not treated as source (2ms)
  ✓  131 [vp375] › tests/render/meta.spec.ts:413:3 › dist/ freshness gate › an unreadable path under src/ refuses rather than silently passing as fresh (3ms)
  ✓  132 [vp375] › tests/render/meta.spec.ts:425:3 › resetRaw › empties a populated raw dir, so a refused run cannot merge into a prior clean scorecard (1ms)
  ✓  133 [vp375] › tests/render/meta.spec.ts:543:3 › globalSetup vs spec-module-scope regression probe › resetRaw() at spec module scope loses other workers' partials (2.7s)
  ✓  134 [vp375] › tests/render/meta.spec.ts:558:3 › globalSetup vs spec-module-scope regression probe › resetRaw() in globalSetup preserves every project’s partial (2.5s)
  ✓  135 [vp375] › tests/render/meta.spec.ts:576:3 › resetRaw placement — pins the actual production wiring › resetRaw() is called in global-setup.ts and nowhere in pages.spec.ts (1ms)
  ✓  124 [vp768] › tests/render/meta.spec.ts:600:3 › nav-jump-target-lands reports causes, not instances › a page with many broken anchors yields ONE row per failure mode (10.7s)
  -  137 [vp768] › tests/render/meta.spec.ts:669:3 › nav-jump-target-lands names the direction of failure › fires on a page whose targets overshoot the chrome band
  -  138 [vp768] › tests/render/meta.spec.ts:681:3 › nav-jump-target-lands names the direction of failure › stays silent when the same page lands inside the band
  -  139 [vp768] › tests/render/meta.spec.ts:697:3 › nav-jump-target-lands names the direction of failure › names both cohorts when targets fail in opposite directions
  -  140 [vp768] › tests/render/meta.spec.ts:716:3 › nav-jump-target-lands names the direction of failure › names an undershooting minority without claiming overshoot
  -  141 [vp768] › tests/render/meta.spec.ts:757:3 › nav-jump-target-lands measures geometry, not smooth-scroll timing › clicks under instant scrolling, restores the page, and still catches the real miss
  ✓  142 [vp768] › tests/render/meta.spec.ts:829:3 › the check-result contract › accepts a well-formed result (84ms)
  ✓  143 [vp768] › tests/render/meta.spec.ts:834:3 › the check-result contract › rejects more rows than MAX_DEFECT_ROWS (89ms)
  ✓  144 [vp768] › tests/render/meta.spec.ts:839:3 › the check-result contract › rejects a row with no count (80ms)
  ✓  145 [vp768] › tests/render/meta.spec.ts:843:3 › the check-result contract › rejects count: 0 — a defect row describes at least one failure (78ms)
  ✓  146 [vp768] › tests/render/meta.spec.ts:847:3 › the check-result contract › rejects a row attributed to a different check (80ms)
  ✓  147 [vp768] › tests/render/meta.spec.ts:853:3 › the check-result contract › rejects a row attributed to a different family (80ms)
  ✓  148 [vp768] › tests/render/meta.spec.ts:857:3 › the check-result contract › rejects a negative examined count (95ms)
  ✓  149 [vp768] › tests/render/meta.spec.ts:870:3 › nested slugs cannot silently lose a page › flattenSlug removes every path separator (2ms)
  ✓  150 [vp768] › tests/render/meta.spec.ts:879:3 › nested slugs cannot silently lose a page › writePartial actually lands a file for a nested slug (3ms)
  -  151 [vp768] › tests/render/meta.spec.ts:905:3 › measureTopChrome is deterministic and finds late-pinning chrome › finds a rail that only pins past 1.5 viewports
  -  152 [vp768] › tests/render/meta.spec.ts:919:3 › measureTopChrome is deterministic and finds late-pinning chrome › returns the same height however the page was left scrolled
  -  153 [vp768] › tests/render/meta.spec.ts:954:3 › waitForScrollSettle does not call an UNSTARTED scroll settled › waits out a scroll whose first frame lands after the stability threshold
  -  154 [vp768] › tests/render/meta.spec.ts:977:3 › waitForScrollSettle does not call an UNSTARTED scroll settled › still settles promptly when the scroll never needed to move
  -  155 [vp768] › tests/render/meta.spec.ts:998:3 › measureTopChrome does not absorb sticky page content › a sticky sidebar pinned at top:0 is not counted as chrome
  -  156 [vp768] › tests/render/meta.spec.ts:1022:3 › layout-tap-target-size honours WCAG 2.5.8 exemptions › is silent on skip links, prose links, labelled inputs and isolated targets
  ✓  157 [vp768] › tests/render/meta.spec.ts:1077:3 › dist/ freshness sees a DELETED source page › a built route whose source was deleted is reported by name (3ms)
  ✓  158 [vp768] › tests/render/meta.spec.ts:1085:3 › dist/ freshness sees a DELETED source page › matching source and built sets report no orphan (2ms)
  ✓  159 [vp768] › tests/render/meta.spec.ts:1096:3 › dist/ freshness sees a DELETED source page › checkDistFreshness refuses, and its reason names the orphaned route (3ms)
  ✓  160 [vp768] › tests/render/meta.spec.ts:1110:3 › dist/ freshness sees a DELETED source page › the real repo has no orphaned routes (5ms)
  ✓  161 [vp768] › tests/render/meta.spec.ts:1149:3 › every registered family is actually wired into targets.json › the predicate names a family that is registered but wired nowhere (1ms)
  ✓  162 [vp768] › tests/render/meta.spec.ts:1155:3 › every registered family is actually wired into targets.json › a family wired into even one page type is not reported (0ms)
  ✓  163 [vp768] › tests/render/meta.spec.ts:1163:3 › every registered family is actually wired into targets.json › the REAL repo wires every family it registers (1ms)
  ✓  164 [vp768] › tests/render/meta.spec.ts:1173:3 › every registered family is actually wired into targets.json › targets.json declares no family that no check registers (1ms)
[WebServer] 127.0.0.1 - - [17/Sep/2026 02:41:30] "GET /tests/render/fixtures/known_broken/img-broken-vs-still-loading.html HTTP/1.1" 200 -
[WebServer] 127.0.0.1 - - [17/Sep/2026 02:41:30] code 404, message File not found
[WebServer] 127.0.0.1 - - [17/Sep/2026 02:41:30] "GET /definitely-not-a-real-image-404.webp HTTP/1.1" 404 -
[WebServer] 127.0.0.1 - - [17/Sep/2026 02:41:30] code 404, message File not found
[WebServer] 127.0.0.1 - - [17/Sep/2026 02:41:30] "GET /definitely-not-a-real-image-404.webp HTTP/1.1" 404 -
  ✓  165 [vp768] › tests/render/meta.spec.ts:1209:3 › img-srcset-within-2x separates broken from still-loading › a 404 image is still reported — a broken page must not score clean (310ms)
[WebServer] 127.0.0.1 - - [17/Sep/2026 02:41:30] "GET /tests/render/fixtures/known_broken/img-broken-vs-still-loading.html HTTP/1.1" 200 -
[WebServer] 127.0.0.1 - - [17/Sep/2026 02:41:30] code 404, message File not found
[WebServer] 127.0.0.1 - - [17/Sep/2026 02:41:30] "GET /definitely-not-a-real-image-404.webp HTTP/1.1" 404 -
[WebServer] 127.0.0.1 - - [17/Sep/2026 02:41:30] code 404, message File not found
[WebServer] 127.0.0.1 - - [17/Sep/2026 02:41:30] "GET /definitely-not-a-real-image-404.webp HTTP/1.1" 404 -
  ✓  166 [vp768] › tests/render/meta.spec.ts:1222:3 › img-srcset-within-2x separates broken from still-loading › the decodable image is examined, not skipped (328ms)
[WebServer] 127.0.0.1 - - [17/Sep/2026 02:41:30] "GET /tests/render/fixtures/known_broken/img-broken-vs-still-loading.html HTTP/1.1" 200 -
[WebServer] 127.0.0.1 - - [17/Sep/2026 02:41:30] code 404, message File not found
[WebServer] 127.0.0.1 - - [17/Sep/2026 02:41:30] "GET /definitely-not-a-real-image-404.webp HTTP/1.1" 404 -
[WebServer] 127.0.0.1 - - [17/Sep/2026 02:41:30] code 404, message File not found
[WebServer] 127.0.0.1 - - [17/Sep/2026 02:41:30] "GET /definitely-not-a-real-image-404.webp HTTP/1.1" 404 -
  ✓  167 [vp768] › tests/render/meta.spec.ts:1233:3 › img-srcset-within-2x separates broken from still-loading › no defect row ever describes an image as merely still loading (317ms)
[WebServer] 127.0.0.1 - - [17/Sep/2026 02:41:31] "GET /tests/render/fixtures/form-inquiry-contract-noform.html HTTP/1.1" 200 -
  ✓  168 [vp768] › tests/render/meta.spec.ts:1281:3 › form-inquiry-contract: zero-examined is a defect only where a form is expected › the contact page with no non-search form fires one defect (113ms)
[WebServer] 127.0.0.1 - - [17/Sep/2026 02:41:31] "GET /tests/render/fixtures/form-inquiry-contract-noform.html HTTP/1.1" 200 -
  ✓  169 [vp768] › tests/render/meta.spec.ts:1297:3 › form-inquiry-contract: zero-examined is a defect only where a form is expected › a location page with no non-search form is silent (107ms)
[WebServer] 127.0.0.1 - - [17/Sep/2026 02:41:31] "GET /tests/render/fixtures/form-inquiry-contract-noform.html HTTP/1.1" 200 -
  ✓  170 [vp768] › tests/render/meta.spec.ts:1310:3 › form-inquiry-contract: zero-examined is a defect only where a form is expected › a hub page with no non-search form is silent (122ms)
  ✓  171 [vp768] › tests/render/meta.spec.ts:1335:3 › fieldChecksSkipped pins the field-contract exemption list › in scope: every rich and blog page, contact page included (3ms)
  ✓  172 [vp768] › tests/render/meta.spec.ts:1347:3 › fieldChecksSkipped pins the field-contract exemption list › exempt: the uk-locations cluster and the hubs (2ms)
  ✓  173 [vp768] › tests/render/meta.spec.ts:1364:3 › contractFor pins the per-slug field contract › full: rich pages (1ms)
  ✓  174 [vp768] › tests/render/meta.spec.ts:1369:3 › contractFor pins the per-slug field contract › short: blog-kind pages, and blog/* posts absent from the map (1ms)
  ✓  175 [vp768] › tests/render/meta.spec.ts:1373:3 › contractFor pins the per-slug field contract › none: the locations cluster and the hubs (1ms)
  ✓  176 [vp768] › tests/render/meta.spec.ts:1387:3 › formExpected pins the zero-examined exemption list › expected: the contact page only (0ms)
  ✓  177 [vp768] › tests/render/meta.spec.ts:1391:3 › formExpected pins the zero-examined exemption list › not expected: other interior pages, home, puppy, hub, location and blog (2ms)
[WebServer] 127.0.0.1 - - [17/Sep/2026 02:41:31] "GET /tests/render/fixtures/known_good/form-inquiry-contract-blog-short.html HTTP/1.1" 200 -
  ✓  178 [vp768] › tests/render/meta.spec.ts:1414:3 › form-inquiry-contract: the short (blog) contract is exercised › a blog-kind page with name/email/message only is clean (112ms)
[WebServer] 127.0.0.1 - - [17/Sep/2026 02:41:31] "GET /tests/render/fixtures/known_good/form-inquiry-contract-blog-short.html HTTP/1.1" 200 -
  ✓  179 [vp768] › tests/render/meta.spec.ts:1429:3 › form-inquiry-contract: the short (blog) contract is exercised › the same form missing `message` fires (115ms)
  ✓  180 [vp768] › tests/render/meta.spec.ts:1467:3 › every deferred check is registered and still passes both fixtures › every deferred id names a check the registry actually holds (1ms)
  ✓  181 [vp768] › tests/render/meta.spec.ts:1487:3 › every deferred check is registered and still passes both fixtures › every deferred id carries a reason that states its promotion condition (3ms)
  ✓  182 [vp768] › tests/render/meta.spec.ts:1510:3 › every deferred check is registered and still passes both fixtures › no deferred check is actually examining nodes in the latest run (3ms)
[WebServer] 127.0.0.1 - - [17/Sep/2026 02:41:31] "GET /tests/render/fixtures/known_broken/layout-hero-counter-separation.html HTTP/1.1" 200 -
[WebServer] 127.0.0.1 - - [17/Sep/2026 02:41:31] "GET /tests/render/fixtures/known_good/layout-hero-counter-separation.html HTTP/1.1" 200 -
  ✓  183 [vp768] › tests/render/meta.spec.ts:1548:5 › every deferred check is registered and still passes both fixtures › layout-hero-counter-separation still fires on known_broken and is silent on known_good (125ms)
[WebServer] 127.0.0.1 - - [17/Sep/2026 02:41:31] "GET /tests/render/fixtures/known_broken/layout-h3-image-first.html HTTP/1.1" 200 -
[WebServer] 127.0.0.1 - - [17/Sep/2026 02:41:31] "GET /tests/render/fixtures/known_good/layout-h3-image-first.html HTTP/1.1" 200 -
  ✓  184 [vp768] › tests/render/meta.spec.ts:1548:5 › every deferred check is registered and still passes both fixtures › layout-h3-image-first still fires on known_broken and is silent on known_good (130ms)
[WebServer] 127.0.0.1 - - [17/Sep/2026 02:41:32] "GET /tests/render/fixtures/known_broken/sem-statement-label-visible.html HTTP/1.1" 200 -
[WebServer] 127.0.0.1 - - [17/Sep/2026 02:41:32] "GET /tests/render/fixtures/known_good/sem-statement-label-visible.html HTTP/1.1" 200 -
  ✓  185 [vp768] › tests/render/meta.spec.ts:1548:5 › every deferred check is registered and still passes both fixtures › sem-statement-label-visible still fires on known_broken and is silent on known_good (119ms)
  ✓  186 [vp1280] › tests/render/meta.spec.ts:59:1 › the registry is not empty (6ms)
[WebServer] 127.0.0.1 - - [17/Sep/2026 02:41:33] "GET /tests/render/fixtures/known_broken/form-inquiry-contract.html HTTP/1.1" 200 -
  ✓  187 [vp1280] › tests/render/meta.spec.ts:96:5 › form-inquiry-contract [FORM] › fires on the known_broken fixture (308ms)
[WebServer] 127.0.0.1 - - [17/Sep/2026 02:41:33] "GET /tests/render/fixtures/known_good/form-inquiry-contract.html HTTP/1.1" 200 -
  ✓  188 [vp1280] › tests/render/meta.spec.ts:112:5 › form-inquiry-contract [FORM] › is silent on the known_good fixture (131ms)
[WebServer] 127.0.0.1 - - [17/Sep/2026 02:41:33] "GET /tests/render/fixtures/known_broken/layout-no-horizontal-overflow.html HTTP/1.1" 200 -
  ✓  189 [vp1280] › tests/render/meta.spec.ts:96:5 › layout-no-horizontal-overflow [LAYOUT] › fires on the known_broken fixture (124ms)
  ✓  136 [vp375] › tests/render/meta.spec.ts:600:3 › nav-jump-target-lands reports causes, not instances › a page with many broken anchors yields ONE row per failure mode (10.8s)
[WebServer] 127.0.0.1 - - [17/Sep/2026 02:41:33] "GET /tests/render/fixtures/known_good/layout-no-horizontal-overflow.html HTTP/1.1" 200 -
[WebServer] 127.0.0.1 - - [17/Sep/2026 02:41:33] "GET /tests/render/fixtures/known_broken/nav-overshoot.html HTTP/1.1" 200 -
  ✓  190 [vp1280] › tests/render/meta.spec.ts:112:5 › layout-no-horizontal-overflow [LAYOUT] › is silent on the known_good fixture (222ms)
[WebServer] 127.0.0.1 - - [17/Sep/2026 02:41:33] "GET /tests/render/fixtures/known_broken/layout-min-font-size.html HTTP/1.1" 200 -
  ✓  192 [vp1280] › tests/render/meta.spec.ts:96:5 › layout-min-font-size [LAYOUT] › fires on the known_broken fixture (132ms)
[WebServer] 127.0.0.1 - - [17/Sep/2026 02:41:34] "GET /tests/render/fixtures/known_good/layout-min-font-size.html HTTP/1.1" 200 -
  ✓  193 [vp1280] › tests/render/meta.spec.ts:112:5 › layout-min-font-size [LAYOUT] › is silent on the known_good fixture (124ms)
[WebServer] 127.0.0.1 - - [17/Sep/2026 02:41:34] "GET /tests/render/fixtures/known_broken/layout-tap-target-size.html HTTP/1.1" 200 -
  ✓  194 [vp1280] › tests/render/meta.spec.ts:96:5 › layout-tap-target-size [LAYOUT] › fires on the known_broken fixture (126ms)
[WebServer] 127.0.0.1 - - [17/Sep/2026 02:41:34] "GET /tests/render/fixtures/known_good/layout-tap-target-size.html HTTP/1.1" 200 -
  ✓  195 [vp1280] › tests/render/meta.spec.ts:112:5 › layout-tap-target-size [LAYOUT] › is silent on the known_good fixture (151ms)
[WebServer] 127.0.0.1 - - [17/Sep/2026 02:41:34] "GET /tests/render/fixtures/known_broken/layout-hero-counter-separation.html HTTP/1.1" 200 -
  ✓  196 [vp1280] › tests/render/meta.spec.ts:96:5 › layout-hero-counter-separation [LAYOUT] › fires on the known_broken fixture (129ms)
[WebServer] 127.0.0.1 - - [17/Sep/2026 02:41:34] "GET /tests/render/fixtures/known_good/layout-hero-counter-separation.html HTTP/1.1" 200 -
  ✓  197 [vp1280] › tests/render/meta.spec.ts:112:5 › layout-hero-counter-separation [LAYOUT] › is silent on the known_good fixture (126ms)
[WebServer] 127.0.0.1 - - [17/Sep/2026 02:41:34] "GET /tests/render/fixtures/known_broken/layout-h3-image-first.html HTTP/1.1" 200 -
  ✓  198 [vp1280] › tests/render/meta.spec.ts:96:5 › layout-h3-image-first [LAYOUT] › fires on the known_broken fixture (146ms)
[WebServer] 127.0.0.1 - - [17/Sep/2026 02:41:35] "GET /tests/render/fixtures/known_good/layout-h3-image-first.html HTTP/1.1" 200 -
  ✓  199 [vp1280] › tests/render/meta.spec.ts:112:5 › layout-h3-image-first [LAYOUT] › is silent on the known_good fixture (125ms)
[WebServer] 127.0.0.1 - - [17/Sep/2026 02:41:35] "GET /tests/render/fixtures/known_broken/layout-image-box-reserved.html HTTP/1.1" 200 -
[WebServer] 127.0.0.1 - - [17/Sep/2026 02:41:35] "GET /tests/render/fixtures/assets/wide-1600.png HTTP/1.1" 200 -
[WebServer] 127.0.0.1 - - [17/Sep/2026 02:41:35] code 404, message File not found
[WebServer] 127.0.0.1 - - [17/Sep/2026 02:41:35] "GET /__bsuk_pending_image__/0.webp HTTP/1.1" 404 -
  ✓  200 [vp1280] › tests/render/meta.spec.ts:96:5 › layout-image-box-reserved [LAYOUT] › fires on the known_broken fixture (168ms)
[WebServer] 127.0.0.1 - - [17/Sep/2026 02:41:35] "GET /tests/render/fixtures/known_good/layout-image-box-reserved.html HTTP/1.1" 200 -
[WebServer] 127.0.0.1 - - [17/Sep/2026 02:41:35] "GET /tests/render/fixtures/assets/wide-1600.png HTTP/1.1" 200 -
[WebServer] 127.0.0.1 - - [17/Sep/2026 02:41:35] code 404, message File not found
[WebServer] 127.0.0.1 - - [17/Sep/2026 02:41:35] "GET /__bsuk_pending_image__/0.webp HTTP/1.1" 404 -
  ✓  201 [vp1280] › tests/render/meta.spec.ts:112:5 › layout-image-box-reserved [LAYOUT] › is silent on the known_good fixture (150ms)
[WebServer] 127.0.0.1 - - [17/Sep/2026 02:41:35] "GET /tests/render/fixtures/known_broken/img-srcset-within-2x.html HTTP/1.1" 200 -
[WebServer] 127.0.0.1 - - [17/Sep/2026 02:41:35] "GET /tests/render/fixtures/assets/wide-1600.png HTTP/1.1" 200 -
  ✓  202 [vp1280] › tests/render/meta.spec.ts:96:5 › img-srcset-within-2x [IMG] › fires on the known_broken fixture (320ms)
[WebServer] 127.0.0.1 - - [17/Sep/2026 02:41:35] "GET /tests/render/fixtures/known_good/img-srcset-within-2x.html HTTP/1.1" 200 -
[WebServer] 127.0.0.1 - - [17/Sep/2026 02:41:35] "GET /tests/render/fixtures/assets/narrow-400.png HTTP/1.1" 200 -
  ✓  191 [vp375] › tests/render/meta.spec.ts:669:3 › nav-jump-target-lands names the direction of failure › fires on a page whose targets overshoot the chrome band (2.3s)
  ✓  203 [vp1280] › tests/render/meta.spec.ts:112:5 › img-srcset-within-2x [IMG] › is silent on the known_good fixture (319ms)
[WebServer] 127.0.0.1 - - [17/Sep/2026 02:41:36] "GET /tests/render/fixtures/known_good/nav-overshoot-fixed.html HTTP/1.1" 200 -
[WebServer] 127.0.0.1 - - [17/Sep/2026 02:41:36] "GET /tests/render/fixtures/known_broken/img-alt-present-and-unique.html HTTP/1.1" 200 -
[WebServer] 127.0.0.1 - - [17/Sep/2026 02:41:36] "GET /tests/render/fixtures/assets/narrow-400.png HTTP/1.1" 200 -
  ✓  205 [vp1280] › tests/render/meta.spec.ts:96:5 › img-alt-present-and-unique [IMG] › fires on the known_broken fixture (361ms)
[WebServer] 127.0.0.1 - - [17/Sep/2026 02:41:36] "GET /tests/render/fixtures/known_good/img-alt-present-and-unique.html HTTP/1.1" 200 -
[WebServer] 127.0.0.1 - - [17/Sep/2026 02:41:36] "GET /tests/render/fixtures/assets/narrow-400.png HTTP/1.1" 200 -
  ✓  206 [vp1280] › tests/render/meta.spec.ts:112:5 › img-alt-present-and-unique [IMG] › is silent on the known_good fixture (316ms)
[WebServer] 127.0.0.1 - - [17/Sep/2026 02:41:36] "GET /tests/render/fixtures/known_broken/nav-anchors-resolve.html HTTP/1.1" 200 -
  ✓  207 [vp1280] › tests/render/meta.spec.ts:96:5 › nav-anchors-resolve [NAV] › fires on the known_broken fixture (127ms)
[WebServer] 127.0.0.1 - - [17/Sep/2026 02:41:36] "GET /tests/render/fixtures/known_good/nav-anchors-resolve.html HTTP/1.1" 200 -
  ✓  208 [vp1280] › tests/render/meta.spec.ts:112:5 › nav-anchors-resolve [NAV] › is silent on the known_good fixture (105ms)
[WebServer] 127.0.0.1 - - [17/Sep/2026 02:41:37] "GET /tests/render/fixtures/known_broken/nav-jump-target-lands.html HTTP/1.1" 200 -
  ✓  204 [vp375] › tests/render/meta.spec.ts:681:3 › nav-jump-target-lands names the direction of failure › stays silent when the same page lands inside the band (2.2s)
[WebServer] 127.0.0.1 - - [17/Sep/2026 02:41:38] "GET /tests/render/fixtures/known_broken/nav-overshoot-mixed.html HTTP/1.1" 200 -
  ✓  209 [vp1280] › tests/render/meta.spec.ts:96:5 › nav-jump-target-lands [NAV] › fires on the known_broken fixture (1.6s)
[WebServer] 127.0.0.1 - - [17/Sep/2026 02:41:38] "GET /tests/render/fixtures/known_good/nav-jump-target-lands.html HTTP/1.1" 200 -
  ✓  211 [vp1280] › tests/render/meta.spec.ts:112:5 › nav-jump-target-lands [NAV] › is silent on the known_good fixture (1.8s)
[WebServer] 127.0.0.1 - - [17/Sep/2026 02:41:40] "GET /tests/render/fixtures/known_broken/sem-heading-order.html HTTP/1.1" 200 -
  ✓  212 [vp1280] › tests/render/meta.spec.ts:96:5 › sem-heading-order [SEM] › fires on the known_broken fixture (122ms)
[WebServer] 127.0.0.1 - - [17/Sep/2026 02:41:40] "GET /tests/render/fixtures/known_good/sem-heading-order.html HTTP/1.1" 200 -
  ✓  213 [vp1280] › tests/render/meta.spec.ts:112:5 › sem-heading-order [SEM] › is silent on the known_good fixture (115ms)
[WebServer] 127.0.0.1 - - [17/Sep/2026 02:41:40] "GET /tests/render/fixtures/known_broken/sem-all-six-levels.html HTTP/1.1" 200 -
  ✓  214 [vp1280] › tests/render/meta.spec.ts:96:5 › sem-all-six-levels [SEM] › fires on the known_broken fixture (105ms)
[WebServer] 127.0.0.1 - - [17/Sep/2026 02:41:40] "GET /tests/render/fixtures/known_good/sem-all-six-levels.html HTTP/1.1" 200 -
  ✓  215 [vp1280] › tests/render/meta.spec.ts:112:5 › sem-all-six-levels [SEM] › is silent on the known_good fixture (109ms)
[WebServer] 127.0.0.1 - - [17/Sep/2026 02:41:41] "GET /tests/render/fixtures/known_broken/sem-title-case-headings.html HTTP/1.1" 200 -
  ✓  216 [vp1280] › tests/render/meta.spec.ts:96:5 › sem-title-case-headings [SEM] › fires on the known_broken fixture (118ms)
[WebServer] 127.0.0.1 - - [17/Sep/2026 02:41:41] "GET /tests/render/fixtures/known_good/sem-title-case-headings.html HTTP/1.1" 200 -
  ✓  217 [vp1280] › tests/render/meta.spec.ts:112:5 › sem-title-case-headings [SEM] › is silent on the known_good fixture (117ms)
[WebServer] 127.0.0.1 - - [17/Sep/2026 02:41:41] "GET /tests/render/fixtures/known_broken/sem-section-opening-paragraph.html HTTP/1.1" 200 -
  ✓  218 [vp1280] › tests/render/meta.spec.ts:96:5 › sem-section-opening-paragraph [SEM] › fires on the known_broken fixture (109ms)
[WebServer] 127.0.0.1 - - [17/Sep/2026 02:41:41] "GET /tests/render/fixtures/known_good/sem-section-opening-paragraph.html HTTP/1.1" 200 -
  ✓  219 [vp1280] › tests/render/meta.spec.ts:112:5 › sem-section-opening-paragraph [SEM] › is silent on the known_good fixture (113ms)
[WebServer] 127.0.0.1 - - [17/Sep/2026 02:41:41] "GET /tests/render/fixtures/known_broken/sem-statement-label-visible.html HTTP/1.1" 200 -
  ✓  220 [vp1280] › tests/render/meta.spec.ts:96:5 › sem-statement-label-visible [SEM] › fires on the known_broken fixture (123ms)
[WebServer] 127.0.0.1 - - [17/Sep/2026 02:41:41] "GET /tests/render/fixtures/known_good/sem-statement-label-visible.html HTTP/1.1" 200 -
  ✓  221 [vp1280] › tests/render/meta.spec.ts:112:5 › sem-statement-label-visible [SEM] › is silent on the known_good fixture (124ms)
[WebServer] 127.0.0.1 - - [17/Sep/2026 02:41:41] "GET /tests/render/fixtures/known_broken/schema-single-product-offer.html HTTP/1.1" 200 -
  ✓  222 [vp1280] › tests/render/meta.spec.ts:96:5 › schema-single-product-offer [SCHEMA] › fires on the known_broken fixture (105ms)
[WebServer] 127.0.0.1 - - [17/Sep/2026 02:41:41] "GET /tests/render/fixtures/known_good/schema-single-product-offer.html HTTP/1.1" 200 -
  ✓  223 [vp1280] › tests/render/meta.spec.ts:112:5 › schema-single-product-offer [SCHEMA] › is silent on the known_good fixture (106ms)
[WebServer] 127.0.0.1 - - [17/Sep/2026 02:41:42] "GET /tests/render/fixtures/known_broken/schema-sold-not-instock.html HTTP/1.1" 200 -
  ✓  224 [vp1280] › tests/render/meta.spec.ts:96:5 › schema-sold-not-instock [SCHEMA] › fires on the known_broken fixture (109ms)
[WebServer] 127.0.0.1 - - [17/Sep/2026 02:41:42] "GET /tests/render/fixtures/known_good/schema-sold-not-instock.html HTTP/1.1" 200 -
  ✓  225 [vp1280] › tests/render/meta.spec.ts:112:5 › schema-sold-not-instock [SCHEMA] › is silent on the known_good fixture (116ms)
[WebServer] 127.0.0.1 - - [17/Sep/2026 02:41:42] "GET /tests/render/fixtures/known_broken/schema-date-modified-present.html HTTP/1.1" 200 -
  ✓  226 [vp1280] › tests/render/meta.spec.ts:96:5 › schema-date-modified-present [SCHEMA] › fires on the known_broken fixture (108ms)
[WebServer] 127.0.0.1 - - [17/Sep/2026 02:41:42] "GET /tests/render/fixtures/known_good/schema-date-modified-present.html HTTP/1.1" 200 -
  ✓  227 [vp1280] › tests/render/meta.spec.ts:112:5 › schema-date-modified-present [SCHEMA] › is silent on the known_good fixture (101ms)
[WebServer] 127.0.0.1 - - [17/Sep/2026 02:41:42] "GET /tests/render/fixtures/known_broken/schema-no-visible-date.html HTTP/1.1" 200 -
  ✓  228 [vp1280] › tests/render/meta.spec.ts:96:5 › schema-no-visible-date [SCHEMA] › fires on the known_broken fixture (106ms)
[WebServer] 127.0.0.1 - - [17/Sep/2026 02:41:42] "GET /tests/render/fixtures/known_good/schema-no-visible-date.html HTTP/1.1" 200 -
  ✓  229 [vp1280] › tests/render/meta.spec.ts:112:5 › schema-no-visible-date [SCHEMA] › is silent on the known_good fixture (113ms)
[WebServer] 127.0.0.1 - - [17/Sep/2026 02:41:42] "GET /tests/render/fixtures/known_broken/css-class-resolves.html HTTP/1.1" 200 -
  ✓  230 [vp1280] › tests/render/meta.spec.ts:96:5 › css-class-resolves [CSS] › fires on the known_broken fixture (110ms)
[WebServer] 127.0.0.1 - - [17/Sep/2026 02:41:42] "GET /tests/render/fixtures/known_good/css-class-resolves.html HTTP/1.1" 200 -
  ✓  231 [vp1280] › tests/render/meta.spec.ts:112:5 › css-class-resolves [CSS] › is silent on the known_good fixture (108ms)
[WebServer] 127.0.0.1 - - [17/Sep/2026 02:41:42] "GET /tests/render/fixtures/known_broken/css-no-dead-component-rule.html HTTP/1.1" 200 -
  ✓  232 [vp1280] › tests/render/meta.spec.ts:96:5 › css-no-dead-component-rule [CSS] › fires on the known_broken fixture (114ms)
[WebServer] 127.0.0.1 - - [17/Sep/2026 02:41:43] "GET /tests/render/fixtures/known_good/css-no-dead-component-rule.html HTTP/1.1" 200 -
  ✓  233 [vp1280] › tests/render/meta.spec.ts:112:5 › css-no-dead-component-rule [CSS] › is silent on the known_good fixture (115ms)
[WebServer] 127.0.0.1 - - [17/Sep/2026 02:41:43] "GET /tests/render/fixtures/known_broken/css-component-color-not-overridden.html HTTP/1.1" 200 -
  ✓  234 [vp1280] › tests/render/meta.spec.ts:96:5 › css-component-color-not-overridden [CSS] › fires on the known_broken fixture (105ms)
[WebServer] 127.0.0.1 - - [17/Sep/2026 02:41:43] "GET /tests/render/fixtures/known_good/css-component-color-not-overridden.html HTTP/1.1" 200 -
  ✓  235 [vp1280] › tests/render/meta.spec.ts:112:5 › css-component-color-not-overridden [CSS] › is silent on the known_good fixture (110ms)
[WebServer] 127.0.0.1 - - [17/Sep/2026 02:41:43] "GET /tests/render/fixtures/known_broken/dup-no-sibling-crossover.html HTTP/1.1" 200 -
  ✓  236 [vp1280] › tests/render/meta.spec.ts:96:5 › dup-no-sibling-crossover [DUP] › fires on the known_broken fixture (107ms)
[WebServer] 127.0.0.1 - - [17/Sep/2026 02:41:43] "GET /tests/render/fixtures/known_good/dup-no-sibling-crossover.html HTTP/1.1" 200 -
  ✓  237 [vp1280] › tests/render/meta.spec.ts:112:5 › dup-no-sibling-crossover [DUP] › is silent on the known_good fixture (116ms)
[WebServer] 127.0.0.1 - - [17/Sep/2026 02:41:43] "GET /tests/render/fixtures/known_broken/a11y-text-contrast-aa.html HTTP/1.1" 200 -
  ✓  238 [vp1280] › tests/render/meta.spec.ts:96:5 › a11y-text-contrast-aa [A11Y] › fires on the known_broken fixture (134ms)
[WebServer] 127.0.0.1 - - [17/Sep/2026 02:41:43] "GET /tests/render/fixtures/known_good/a11y-text-contrast-aa.html HTTP/1.1" 200 -
  ✓  239 [vp1280] › tests/render/meta.spec.ts:112:5 › a11y-text-contrast-aa [A11Y] › is silent on the known_good fixture (115ms)
  -  240 [vp1280] › tests/render/meta.spec.ts:149:3 › dup-no-sibling-crossover sees a crossover adjacent to a whitelisted line › reports each passage beside the shipping line, and never the line itself
  -  241 [vp1280] › tests/render/meta.spec.ts:190:3 › dup-no-sibling-crossover judges every page against the whole built site › every target is compared against every other built page
  -  242 [vp1280] › tests/render/meta.spec.ts:262:3 › dup-no-sibling-crossover tokenises exactly like dup_content_audit.py › a run that is 12 words only because an apostrophe split a word is not a crossover
  -  243 [vp1280] › tests/render/meta.spec.ts:279:3 › dup-no-sibling-crossover tokenises exactly like dup_content_audit.py › an apostrophe the corpus page writes as &#39; is the same word
  -  244 [vp1280] › tests/render/meta.spec.ts:293:3 › dup-no-sibling-crossover tokenises exactly like dup_content_audit.py › normalise() and the whitelist stems match Python token for token
  ✓  245 [vp1280] › tests/render/meta.spec.ts:338:3 › dist/ freshness gate › a dist/ newer than src/ is fresh (2ms)
  ✓  246 [vp1280] › tests/render/meta.spec.ts:347:3 › dist/ freshness gate › a src/ file newer than every dist/ file is STALE (3ms)
  ✓  247 [vp1280] › tests/render/meta.spec.ts:359:3 › dist/ freshness gate › a newer package.json (the non-directory branch of newest()) forces refusal (2ms)
  ✓  248 [vp1280] › tests/render/meta.spec.ts:374:3 › dist/ freshness gate › a missing dist/ is STALE, never fresh-by-default (2ms)
  ✓  249 [vp1280] › tests/render/meta.spec.ts:386:3 › dist/ freshness gate › an empty dist/ is STALE (2ms)
  ✓  250 [vp1280] › tests/render/meta.spec.ts:397:3 › dist/ freshness gate › vendored trees under src/ are not treated as source (2ms)
  ✓  251 [vp1280] › tests/render/meta.spec.ts:413:3 › dist/ freshness gate › an unreadable path under src/ refuses rather than silently passing as fresh (2ms)
  ✓  252 [vp1280] › tests/render/meta.spec.ts:425:3 › resetRaw › empties a populated raw dir, so a refused run cannot merge into a prior clean scorecard (1ms)
  -  253 [vp1280] › tests/render/meta.spec.ts:543:3 › globalSetup vs spec-module-scope regression probe › resetRaw() at spec module scope loses other workers' partials
  -  254 [vp1280] › tests/render/meta.spec.ts:558:3 › globalSetup vs spec-module-scope regression probe › resetRaw() in globalSetup preserves every project’s partial
  ✓  255 [vp1280] › tests/render/meta.spec.ts:576:3 › resetRaw placement — pins the actual production wiring › resetRaw() is called in global-setup.ts and nowhere in pages.spec.ts (1ms)
  ✓  210 [vp375] › tests/render/meta.spec.ts:697:3 › nav-jump-target-lands names the direction of failure › names both cohorts when targets fail in opposite directions (10.3s)
[WebServer] 127.0.0.1 - - [17/Sep/2026 02:41:48] "GET /tests/render/fixtures/known_broken/nav-undershoot-minority.html HTTP/1.1" 200 -
  ✓  256 [vp1280] › tests/render/meta.spec.ts:600:3 › nav-jump-target-lands reports causes, not instances › a page with many broken anchors yields ONE row per failure mode (10.7s)
  -  258 [vp1280] › tests/render/meta.spec.ts:669:3 › nav-jump-target-lands names the direction of failure › fires on a page whose targets overshoot the chrome band
  -  259 [vp1280] › tests/render/meta.spec.ts:681:3 › nav-jump-target-lands names the direction of failure › stays silent when the same page lands inside the band
  -  260 [vp1280] › tests/render/meta.spec.ts:697:3 › nav-jump-target-lands names the direction of failure › names both cohorts when targets fail in opposite directions
  -  261 [vp1280] › tests/render/meta.spec.ts:716:3 › nav-jump-target-lands names the direction of failure › names an undershooting minority without claiming overshoot
  -  262 [vp1280] › tests/render/meta.spec.ts:757:3 › nav-jump-target-lands measures geometry, not smooth-scroll timing › clicks under instant scrolling, restores the page, and still catches the real miss
  ✓  263 [vp1280] › tests/render/meta.spec.ts:829:3 › the check-result contract › accepts a well-formed result (78ms)
  ✓  264 [vp1280] › tests/render/meta.spec.ts:834:3 › the check-result contract › rejects more rows than MAX_DEFECT_ROWS (83ms)
  ✓  265 [vp1280] › tests/render/meta.spec.ts:839:3 › the check-result contract › rejects a row with no count (81ms)
  ✓  266 [vp1280] › tests/render/meta.spec.ts:843:3 › the check-result contract › rejects count: 0 — a defect row describes at least one failure (85ms)
  ✓  267 [vp1280] › tests/render/meta.spec.ts:847:3 › the check-result contract › rejects a row attributed to a different check (88ms)
  ✓  268 [vp1280] › tests/render/meta.spec.ts:853:3 › the check-result contract › rejects a row attributed to a different family (80ms)
  ✓  269 [vp1280] › tests/render/meta.spec.ts:857:3 › the check-result contract › rejects a negative examined count (81ms)
  ✓  270 [vp1280] › tests/render/meta.spec.ts:870:3 › nested slugs cannot silently lose a page › flattenSlug removes every path separator (2ms)
  ✓  271 [vp1280] › tests/render/meta.spec.ts:879:3 › nested slugs cannot silently lose a page › writePartial actually lands a file for a nested slug (7ms)
  -  272 [vp1280] › tests/render/meta.spec.ts:905:3 › measureTopChrome is deterministic and finds late-pinning chrome › finds a rail that only pins past 1.5 viewports
  -  273 [vp1280] › tests/render/meta.spec.ts:919:3 › measureTopChrome is deterministic and finds late-pinning chrome › returns the same height however the page was left scrolled
  -  274 [vp1280] › tests/render/meta.spec.ts:954:3 › waitForScrollSettle does not call an UNSTARTED scroll settled › waits out a scroll whose first frame lands after the stability threshold
  -  275 [vp1280] › tests/render/meta.spec.ts:977:3 › waitForScrollSettle does not call an UNSTARTED scroll settled › still settles promptly when the scroll never needed to move
  -  276 [vp1280] › tests/render/meta.spec.ts:998:3 › measureTopChrome does not absorb sticky page content › a sticky sidebar pinned at top:0 is not counted as chrome
  -  277 [vp1280] › tests/render/meta.spec.ts:1022:3 › layout-tap-target-size honours WCAG 2.5.8 exemptions › is silent on skip links, prose links, labelled inputs and isolated targets
  ✓  278 [vp1280] › tests/render/meta.spec.ts:1077:3 › dist/ freshness sees a DELETED source page › a built route whose source was deleted is reported by name (2ms)
  ✓  279 [vp1280] › tests/render/meta.spec.ts:1085:3 › dist/ freshness sees a DELETED source page › matching source and built sets report no orphan (2ms)
  ✓  280 [vp1280] › tests/render/meta.spec.ts:1096:3 › dist/ freshness sees a DELETED source page › checkDistFreshness refuses, and its reason names the orphaned route (3ms)
  ✓  281 [vp1280] › tests/render/meta.spec.ts:1110:3 › dist/ freshness sees a DELETED source page › the real repo has no orphaned routes (4ms)
  ✓  282 [vp1280] › tests/render/meta.spec.ts:1149:3 › every registered family is actually wired into targets.json › the predicate names a family that is registered but wired nowhere (1ms)
  ✓  283 [vp1280] › tests/render/meta.spec.ts:1155:3 › every registered family is actually wired into targets.json › a family wired into even one page type is not reported (0ms)
  ✓  284 [vp1280] › tests/render/meta.spec.ts:1163:3 › every registered family is actually wired into targets.json › the REAL repo wires every family it registers (1ms)
  ✓  285 [vp1280] › tests/render/meta.spec.ts:1173:3 › every registered family is actually wired into targets.json › targets.json declares no family that no check registers (1ms)
[WebServer] 127.0.0.1 - - [17/Sep/2026 02:41:56] "GET /tests/render/fixtures/known_broken/img-broken-vs-still-loading.html HTTP/1.1" 200 -
[WebServer] 127.0.0.1 - - [17/Sep/2026 02:41:56] code 404, message File not found
[WebServer] 127.0.0.1 - - [17/Sep/2026 02:41:56] "GET /definitely-not-a-real-image-404.webp HTTP/1.1" 404 -
[WebServer] 127.0.0.1 - - [17/Sep/2026 02:41:57] code 404, message File not found
[WebServer] 127.0.0.1 - - [17/Sep/2026 02:41:57] "GET /definitely-not-a-real-image-404.webp HTTP/1.1" 404 -
  ✓  286 [vp1280] › tests/render/meta.spec.ts:1209:3 › img-srcset-within-2x separates broken from still-loading › a 404 image is still reported — a broken page must not score clean (317ms)
[WebServer] 127.0.0.1 - - [17/Sep/2026 02:41:57] "GET /tests/render/fixtures/known_broken/img-broken-vs-still-loading.html HTTP/1.1" 200 -
[WebServer] 127.0.0.1 - - [17/Sep/2026 02:41:57] code 404, message File not found
[WebServer] 127.0.0.1 - - [17/Sep/2026 02:41:57] "GET /definitely-not-a-real-image-404.webp HTTP/1.1" 404 -
[WebServer] 127.0.0.1 - - [17/Sep/2026 02:41:57] code 404, message File not found
[WebServer] 127.0.0.1 - - [17/Sep/2026 02:41:57] "GET /definitely-not-a-real-image-404.webp HTTP/1.1" 404 -
  ✓  287 [vp1280] › tests/render/meta.spec.ts:1222:3 › img-srcset-within-2x separates broken from still-loading › the decodable image is examined, not skipped (312ms)
[WebServer] 127.0.0.1 - - [17/Sep/2026 02:41:57] "GET /tests/render/fixtures/known_broken/img-broken-vs-still-loading.html HTTP/1.1" 200 -
[WebServer] 127.0.0.1 - - [17/Sep/2026 02:41:57] code 404, message File not found
[WebServer] 127.0.0.1 - - [17/Sep/2026 02:41:57] "GET /definitely-not-a-real-image-404.webp HTTP/1.1" 404 -
[WebServer] 127.0.0.1 - - [17/Sep/2026 02:41:57] code 404, message File not found
[WebServer] 127.0.0.1 - - [17/Sep/2026 02:41:57] "GET /definitely-not-a-real-image-404.webp HTTP/1.1" 404 -
  ✓  288 [vp1280] › tests/render/meta.spec.ts:1233:3 › img-srcset-within-2x separates broken from still-loading › no defect row ever describes an image as merely still loading (311ms)
[WebServer] 127.0.0.1 - - [17/Sep/2026 02:41:57] "GET /tests/render/fixtures/form-inquiry-contract-noform.html HTTP/1.1" 200 -
  ✓  289 [vp1280] › tests/render/meta.spec.ts:1281:3 › form-inquiry-contract: zero-examined is a defect only where a form is expected › the contact page with no non-search form fires one defect (123ms)
[WebServer] 127.0.0.1 - - [17/Sep/2026 02:41:58] "GET /tests/render/fixtures/form-inquiry-contract-noform.html HTTP/1.1" 200 -
  ✓  290 [vp1280] › tests/render/meta.spec.ts:1297:3 › form-inquiry-contract: zero-examined is a defect only where a form is expected › a location page with no non-search form is silent (117ms)
[WebServer] 127.0.0.1 - - [17/Sep/2026 02:41:58] "GET /tests/render/fixtures/form-inquiry-contract-noform.html HTTP/1.1" 200 -
  ✓  291 [vp1280] › tests/render/meta.spec.ts:1310:3 › form-inquiry-contract: zero-examined is a defect only where a form is expected › a hub page with no non-search form is silent (109ms)
  ✓  292 [vp1280] › tests/render/meta.spec.ts:1335:3 › fieldChecksSkipped pins the field-contract exemption list › in scope: every rich and blog page, contact page included (2ms)
  ✓  293 [vp1280] › tests/render/meta.spec.ts:1347:3 › fieldChecksSkipped pins the field-contract exemption list › exempt: the uk-locations cluster and the hubs (3ms)
  ✓  294 [vp1280] › tests/render/meta.spec.ts:1364:3 › contractFor pins the per-slug field contract › full: rich pages (1ms)
  ✓  295 [vp1280] › tests/render/meta.spec.ts:1369:3 › contractFor pins the per-slug field contract › short: blog-kind pages, and blog/* posts absent from the map (1ms)
  ✓  296 [vp1280] › tests/render/meta.spec.ts:1373:3 › contractFor pins the per-slug field contract › none: the locations cluster and the hubs (1ms)
  ✓  297 [vp1280] › tests/render/meta.spec.ts:1387:3 › formExpected pins the zero-examined exemption list › expected: the contact page only (0ms)
  ✓  298 [vp1280] › tests/render/meta.spec.ts:1391:3 › formExpected pins the zero-examined exemption list › not expected: other interior pages, home, puppy, hub, location and blog (2ms)
[WebServer] 127.0.0.1 - - [17/Sep/2026 02:41:58] "GET /tests/render/fixtures/known_good/form-inquiry-contract-blog-short.html HTTP/1.1" 200 -
  ✓  299 [vp1280] › tests/render/meta.spec.ts:1414:3 › form-inquiry-contract: the short (blog) contract is exercised › a blog-kind page with name/email/message only is clean (114ms)
[WebServer] 127.0.0.1 - - [17/Sep/2026 02:41:58] "GET /tests/render/fixtures/known_good/form-inquiry-contract-blog-short.html HTTP/1.1" 200 -
  ✓  300 [vp1280] › tests/render/meta.spec.ts:1429:3 › form-inquiry-contract: the short (blog) contract is exercised › the same form missing `message` fires (123ms)
  ✓  301 [vp1280] › tests/render/meta.spec.ts:1467:3 › every deferred check is registered and still passes both fixtures › every deferred id names a check the registry actually holds (0ms)
  ✓  302 [vp1280] › tests/render/meta.spec.ts:1487:3 › every deferred check is registered and still passes both fixtures › every deferred id carries a reason that states its promotion condition (3ms)
  ✓  303 [vp1280] › tests/render/meta.spec.ts:1510:3 › every deferred check is registered and still passes both fixtures › no deferred check is actually examining nodes in the latest run (4ms)
[WebServer] 127.0.0.1 - - [17/Sep/2026 02:41:58] "GET /tests/render/fixtures/known_broken/layout-hero-counter-separation.html HTTP/1.1" 200 -
[WebServer] 127.0.0.1 - - [17/Sep/2026 02:41:58] "GET /tests/render/fixtures/known_good/layout-hero-counter-separation.html HTTP/1.1" 200 -
  ✓  304 [vp1280] › tests/render/meta.spec.ts:1548:5 › every deferred check is registered and still passes both fixtures › layout-hero-counter-separation still fires on known_broken and is silent on known_good (131ms)
[WebServer] 127.0.0.1 - - [17/Sep/2026 02:41:58] "GET /tests/render/fixtures/known_broken/layout-h3-image-first.html HTTP/1.1" 200 -
[WebServer] 127.0.0.1 - - [17/Sep/2026 02:41:58] "GET /tests/render/fixtures/known_good/layout-h3-image-first.html HTTP/1.1" 200 -
  ✓  305 [vp1280] › tests/render/meta.spec.ts:1548:5 › every deferred check is registered and still passes both fixtures › layout-h3-image-first still fires on known_broken and is silent on known_good (121ms)
[WebServer] 127.0.0.1 - - [17/Sep/2026 02:41:58] "GET /tests/render/fixtures/known_broken/sem-statement-label-visible.html HTTP/1.1" 200 -
[WebServer] 127.0.0.1 - - [17/Sep/2026 02:41:58] "GET /tests/render/fixtures/known_good/sem-statement-label-visible.html HTTP/1.1" 200 -
  ✓  257 [vp375] › tests/render/meta.spec.ts:716:3 › nav-jump-target-lands names the direction of failure › names an undershooting minority without claiming overshoot (10.3s)
  ✓  306 [vp1280] › tests/render/meta.spec.ts:1548:5 › every deferred check is registered and still passes both fixtures › sem-statement-label-visible still fires on known_broken and is silent on known_good (146ms)
[WebServer] 127.0.0.1 - - [17/Sep/2026 02:41:59] "GET /tests/render/fixtures/known_broken/nav-smooth-scroll-landing.html HTTP/1.1" 200 -
  ✓  307 [vp375] › tests/render/meta.spec.ts:757:3 › nav-jump-target-lands measures geometry, not smooth-scroll timing › clicks under instant scrolling, restores the page, and still catches the real miss (15.8s)
  ✓  308 [vp375] › tests/render/meta.spec.ts:829:3 › the check-result contract › accepts a well-formed result (88ms)
  ✓  309 [vp375] › tests/render/meta.spec.ts:834:3 › the check-result contract › rejects more rows than MAX_DEFECT_ROWS (81ms)
  ✓  310 [vp375] › tests/render/meta.spec.ts:839:3 › the check-result contract › rejects a row with no count (80ms)
  ✓  311 [vp375] › tests/render/meta.spec.ts:843:3 › the check-result contract › rejects count: 0 — a defect row describes at least one failure (84ms)
  ✓  312 [vp375] › tests/render/meta.spec.ts:847:3 › the check-result contract › rejects a row attributed to a different check (77ms)
  ✓  313 [vp375] › tests/render/meta.spec.ts:853:3 › the check-result contract › rejects a row attributed to a different family (80ms)
  ✓  314 [vp375] › tests/render/meta.spec.ts:857:3 › the check-result contract › rejects a negative examined count (82ms)
  ✓  315 [vp375] › tests/render/meta.spec.ts:870:3 › nested slugs cannot silently lose a page › flattenSlug removes every path separator (1ms)
  ✓  316 [vp375] › tests/render/meta.spec.ts:879:3 › nested slugs cannot silently lose a page › writePartial actually lands a file for a nested slug (7ms)
[WebServer] 127.0.0.1 - - [17/Sep/2026 02:42:15] "GET /tests/render/fixtures/known_broken/chrome-late-rail.html HTTP/1.1" 200 -
  ✓  317 [vp375] › tests/render/meta.spec.ts:905:3 › measureTopChrome is deterministic and finds late-pinning chrome › finds a rail that only pins past 1.5 viewports (788ms)
[WebServer] 127.0.0.1 - - [17/Sep/2026 02:42:16] "GET /tests/render/fixtures/known_broken/chrome-late-rail.html HTTP/1.1" 200 -
  ✓  318 [vp375] › tests/render/meta.spec.ts:919:3 › measureTopChrome is deterministic and finds late-pinning chrome › returns the same height however the page was left scrolled (2.5s)
[WebServer] 127.0.0.1 - - [17/Sep/2026 02:42:18] "GET /tests/render/fixtures/known_broken/scroll-late-start.html HTTP/1.1" 200 -
  ✓  319 [vp375] › tests/render/meta.spec.ts:954:3 › waitForScrollSettle does not call an UNSTARTED scroll settled › waits out a scroll whose first frame lands after the stability threshold (565ms)
[WebServer] 127.0.0.1 - - [17/Sep/2026 02:42:19] "GET /tests/render/fixtures/known_broken/scroll-late-start.html HTTP/1.1" 200 -
  ✓  320 [vp375] › tests/render/meta.spec.ts:977:3 › waitForScrollSettle does not call an UNSTARTED scroll settled › still settles promptly when the scroll never needed to move (556ms)
[WebServer] 127.0.0.1 - - [17/Sep/2026 02:42:19] "GET /tests/render/fixtures/known_broken/chrome-sticky-sidebar.html HTTP/1.1" 200 -
  ✓  321 [vp375] › tests/render/meta.spec.ts:998:3 › measureTopChrome does not absorb sticky page content › a sticky sidebar pinned at top:0 is not counted as chrome (792ms)
[WebServer] 127.0.0.1 - - [17/Sep/2026 02:42:20] "GET /tests/render/fixtures/known_good/layout-tap-target-exemptions.html HTTP/1.1" 200 -
  ✓  322 [vp375] › tests/render/meta.spec.ts:1022:3 › layout-tap-target-size honours WCAG 2.5.8 exemptions › is silent on skip links, prose links, labelled inputs and isolated targets (123ms)
  ✓  323 [vp375] › tests/render/meta.spec.ts:1077:3 › dist/ freshness sees a DELETED source page › a built route whose source was deleted is reported by name (3ms)
  ✓  324 [vp375] › tests/render/meta.spec.ts:1085:3 › dist/ freshness sees a DELETED source page › matching source and built sets report no orphan (3ms)
  ✓  325 [vp375] › tests/render/meta.spec.ts:1096:3 › dist/ freshness sees a DELETED source page › checkDistFreshness refuses, and its reason names the orphaned route (3ms)
  ✓  326 [vp375] › tests/render/meta.spec.ts:1110:3 › dist/ freshness sees a DELETED source page › the real repo has no orphaned routes (4ms)
  ✓  327 [vp375] › tests/render/meta.spec.ts:1149:3 › every registered family is actually wired into targets.json › the predicate names a family that is registered but wired nowhere (0ms)
  ✓  328 [vp375] › tests/render/meta.spec.ts:1155:3 › every registered family is actually wired into targets.json › a family wired into even one page type is not reported (0ms)
  ✓  329 [vp375] › tests/render/meta.spec.ts:1163:3 › every registered family is actually wired into targets.json › the REAL repo wires every family it registers (1ms)
  ✓  330 [vp375] › tests/render/meta.spec.ts:1173:3 › every registered family is actually wired into targets.json › targets.json declares no family that no check registers (1ms)
[WebServer] 127.0.0.1 - - [17/Sep/2026 02:42:20] "GET /tests/render/fixtures/known_broken/img-broken-vs-still-loading.html HTTP/1.1" 200 -
[WebServer] 127.0.0.1 - - [17/Sep/2026 02:42:20] code 404, message File not found
[WebServer] 127.0.0.1 - - [17/Sep/2026 02:42:20] "GET /definitely-not-a-real-image-404.webp HTTP/1.1" 404 -
[WebServer] 127.0.0.1 - - [17/Sep/2026 02:42:21] code 404, message File not found
[WebServer] 127.0.0.1 - - [17/Sep/2026 02:42:21] "GET /definitely-not-a-real-image-404.webp HTTP/1.1" 404 -
  ✓  331 [vp375] › tests/render/meta.spec.ts:1209:3 › img-srcset-within-2x separates broken from still-loading › a 404 image is still reported — a broken page must not score clean (313ms)
[WebServer] 127.0.0.1 - - [17/Sep/2026 02:42:21] "GET /tests/render/fixtures/known_broken/img-broken-vs-still-loading.html HTTP/1.1" 200 -
[WebServer] 127.0.0.1 - - [17/Sep/2026 02:42:21] code 404, message File not found
[WebServer] 127.0.0.1 - - [17/Sep/2026 02:42:21] "GET /definitely-not-a-real-image-404.webp HTTP/1.1" 404 -
[WebServer] 127.0.0.1 - - [17/Sep/2026 02:42:21] code 404, message File not found
[WebServer] 127.0.0.1 - - [17/Sep/2026 02:42:21] "GET /definitely-not-a-real-image-404.webp HTTP/1.1" 404 -
  ✓  332 [vp375] › tests/render/meta.spec.ts:1222:3 › img-srcset-within-2x separates broken from still-loading › the decodable image is examined, not skipped (315ms)
[WebServer] 127.0.0.1 - - [17/Sep/2026 02:42:21] "GET /tests/render/fixtures/known_broken/img-broken-vs-still-loading.html HTTP/1.1" 200 -
[WebServer] 127.0.0.1 - - [17/Sep/2026 02:42:21] code 404, message File not found
[WebServer] 127.0.0.1 - - [17/Sep/2026 02:42:21] "GET /definitely-not-a-real-image-404.webp HTTP/1.1" 404 -
[WebServer] 127.0.0.1 - - [17/Sep/2026 02:42:21] code 404, message File not found
[WebServer] 127.0.0.1 - - [17/Sep/2026 02:42:21] "GET /definitely-not-a-real-image-404.webp HTTP/1.1" 404 -
  ✓  333 [vp375] › tests/render/meta.spec.ts:1233:3 › img-srcset-within-2x separates broken from still-loading › no defect row ever describes an image as merely still loading (310ms)
[WebServer] 127.0.0.1 - - [17/Sep/2026 02:42:21] "GET /tests/render/fixtures/form-inquiry-contract-noform.html HTTP/1.1" 200 -
  ✓  334 [vp375] › tests/render/meta.spec.ts:1281:3 › form-inquiry-contract: zero-examined is a defect only where a form is expected › the contact page with no non-search form fires one defect (111ms)
[WebServer] 127.0.0.1 - - [17/Sep/2026 02:42:21] "GET /tests/render/fixtures/form-inquiry-contract-noform.html HTTP/1.1" 200 -
  ✓  335 [vp375] › tests/render/meta.spec.ts:1297:3 › form-inquiry-contract: zero-examined is a defect only where a form is expected › a location page with no non-search form is silent (116ms)
[WebServer] 127.0.0.1 - - [17/Sep/2026 02:42:22] "GET /tests/render/fixtures/form-inquiry-contract-noform.html HTTP/1.1" 200 -
  ✓  336 [vp375] › tests/render/meta.spec.ts:1310:3 › form-inquiry-contract: zero-examined is a defect only where a form is expected › a hub page with no non-search form is silent (105ms)
  ✓  337 [vp375] › tests/render/meta.spec.ts:1335:3 › fieldChecksSkipped pins the field-contract exemption list › in scope: every rich and blog page, contact page included (2ms)
  ✓  338 [vp375] › tests/render/meta.spec.ts:1347:3 › fieldChecksSkipped pins the field-contract exemption list › exempt: the uk-locations cluster and the hubs (2ms)
  ✓  339 [vp375] › tests/render/meta.spec.ts:1364:3 › contractFor pins the per-slug field contract › full: rich pages (1ms)
  ✓  340 [vp375] › tests/render/meta.spec.ts:1369:3 › contractFor pins the per-slug field contract › short: blog-kind pages, and blog/* posts absent from the map (1ms)
  ✓  341 [vp375] › tests/render/meta.spec.ts:1373:3 › contractFor pins the per-slug field contract › none: the locations cluster and the hubs (1ms)
  ✓  342 [vp375] › tests/render/meta.spec.ts:1387:3 › formExpected pins the zero-examined exemption list › expected: the contact page only (0ms)
  ✓  343 [vp375] › tests/render/meta.spec.ts:1391:3 › formExpected pins the zero-examined exemption list › not expected: other interior pages, home, puppy, hub, location and blog (2ms)
[WebServer] 127.0.0.1 - - [17/Sep/2026 02:42:22] "GET /tests/render/fixtures/known_good/form-inquiry-contract-blog-short.html HTTP/1.1" 200 -
  ✓  344 [vp375] › tests/render/meta.spec.ts:1414:3 › form-inquiry-contract: the short (blog) contract is exercised › a blog-kind page with name/email/message only is clean (114ms)
[WebServer] 127.0.0.1 - - [17/Sep/2026 02:42:22] "GET /tests/render/fixtures/known_good/form-inquiry-contract-blog-short.html HTTP/1.1" 200 -
  ✓  345 [vp375] › tests/render/meta.spec.ts:1429:3 › form-inquiry-contract: the short (blog) contract is exercised › the same form missing `message` fires (113ms)
  ✓  346 [vp375] › tests/render/meta.spec.ts:1467:3 › every deferred check is registered and still passes both fixtures › every deferred id names a check the registry actually holds (1ms)
  ✓  347 [vp375] › tests/render/meta.spec.ts:1487:3 › every deferred check is registered and still passes both fixtures › every deferred id carries a reason that states its promotion condition (2ms)
  ✓  348 [vp375] › tests/render/meta.spec.ts:1510:3 › every deferred check is registered and still passes both fixtures › no deferred check is actually examining nodes in the latest run (4ms)
[WebServer] 127.0.0.1 - - [17/Sep/2026 02:42:22] "GET /tests/render/fixtures/known_broken/layout-hero-counter-separation.html HTTP/1.1" 200 -
[WebServer] 127.0.0.1 - - [17/Sep/2026 02:42:22] "GET /tests/render/fixtures/known_good/layout-hero-counter-separation.html HTTP/1.1" 200 -
  ✓  349 [vp375] › tests/render/meta.spec.ts:1548:5 › every deferred check is registered and still passes both fixtures › layout-hero-counter-separation still fires on known_broken and is silent on known_good (118ms)
[WebServer] 127.0.0.1 - - [17/Sep/2026 02:42:22] "GET /tests/render/fixtures/known_broken/layout-h3-image-first.html HTTP/1.1" 200 -
[WebServer] 127.0.0.1 - - [17/Sep/2026 02:42:22] "GET /tests/render/fixtures/known_good/layout-h3-image-first.html HTTP/1.1" 200 -
  ✓  350 [vp375] › tests/render/meta.spec.ts:1548:5 › every deferred check is registered and still passes both fixtures › layout-h3-image-first still fires on known_broken and is silent on known_good (125ms)
[WebServer] 127.0.0.1 - - [17/Sep/2026 02:42:22] "GET /tests/render/fixtures/known_broken/sem-statement-label-visible.html HTTP/1.1" 200 -
[WebServer] 127.0.0.1 - - [17/Sep/2026 02:42:22] "GET /tests/render/fixtures/known_good/sem-statement-label-visible.html HTTP/1.1" 200 -
  ✓  351 [vp375] › tests/render/meta.spec.ts:1548:5 › every deferred check is registered and still passes both fixtures › sem-statement-label-visible still fires on known_broken and is silent on known_good (159ms)

  36 skipped
  315 passed (1.4m)
--- EXIT 0 : npm run test:render:meta ---
--- STEP: npm run test:render:pages ---

> bsuk@0.1.0 test:render:pages
> playwright test -c tests/render/playwright.config.ts pages.spec.ts


Running 51 tests using 2 workers

[freshness] dist/ is current (newest: dist/robots.txt)
[freshness] dist/ is current (newest: dist/robots.txt)
[WebServer] 127.0.0.1 - - [17/Sep/2026 02:42:25] "GET / HTTP/1.1" 200 -
[WebServer] 127.0.0.1 - - [17/Sep/2026 02:42:25] "GET /images/kc-registered-blue-staffy-pups-london.webp HTTP/1.1" 200 -
[WebServer] 127.0.0.1 - - [17/Sep/2026 02:42:25] "GET /images/blue-staffy-uk-header-logo-88.webp HTTP/1.1" 200 -
[WebServer] 127.0.0.1 - - [17/Sep/2026 02:42:25] "GET /videos/playful-blue-staffy-puppies-uk.mp4 HTTP/1.1" 200 -
[WebServer] 127.0.0.1 - - [17/Sep/2026 02:42:25] "GET / HTTP/1.1" 200 -
[WebServer] 127.0.0.1 - - [17/Sep/2026 02:42:25] "GET /images/kc-registered-blue-staffy-pups-london.webp HTTP/1.1" 200 -
[WebServer] 127.0.0.1 - - [17/Sep/2026 02:42:25] "GET /images/blue-staffy-puppy-for-sale-uk.webp HTTP/1.1" 200 -
[WebServer] 127.0.0.1 - - [17/Sep/2026 02:42:25] "GET /images/blue-staffy-uk-header-logo-88.webp HTTP/1.1" 200 -
[WebServer] 127.0.0.1 - - [17/Sep/2026 02:42:26] "GET /images/blue-staffy-puppy-for-sale-uk.webp HTTP/1.1" 200 -
[WebServer] 127.0.0.1 - - [17/Sep/2026 02:42:26] "GET /videos/playful-blue-staffy-puppies-uk.mp4 HTTP/1.1" 200 -
[WebServer] 127.0.0.1 - - [17/Sep/2026 02:42:27] code 404, message File not found
[WebServer] 127.0.0.1 - - [17/Sep/2026 02:42:27] "GET /__bsuk_pending_image__/0.webp HTTP/1.1" 404 -
[WebServer] 127.0.0.1 - - [17/Sep/2026 02:42:27] code 404, message File not found
[WebServer] 127.0.0.1 - - [17/Sep/2026 02:42:27] "GET /__bsuk_pending_image__/0.webp HTTP/1.1" 404 -
[WebServer] 127.0.0.1 - - [17/Sep/2026 02:42:27] "GET /images/buy-staffy-health-guarantee-uk-760.webp HTTP/1.1" 200 -
[WebServer] 127.0.0.1 - - [17/Sep/2026 02:42:27] "GET /images/healthy-staffy-breed-guide-1.webp HTTP/1.1" 200 -
[WebServer] 127.0.0.1 - - [17/Sep/2026 02:42:27] "GET /images/kc-staffy-puppies-for-rehoming-uk.webp HTTP/1.1" 200 -
[WebServer] 127.0.0.1 - - [17/Sep/2026 02:42:27] "GET /images/playful-blue-staffy-lawn-uk-760.webp HTTP/1.1" 200 -
[WebServer] 127.0.0.1 - - [17/Sep/2026 02:42:27] "GET /images/victoria-family-blue-staffy-manchester.webp HTTP/1.1" 200 -
[WebServer] 127.0.0.1 - - [17/Sep/2026 02:42:27] "GET /images/mark-blue-staffy-london.webp HTTP/1.1" 200 -
[WebServer] 127.0.0.1 - - [17/Sep/2026 02:42:27] "GET /images/playful-staffy-puppies-uk-sale.webp HTTP/1.1" 200 -
[WebServer] 127.0.0.1 - - [17/Sep/2026 02:42:27] "GET /images/maggie-blue-staffy-dam-with-pups-760.webp HTTP/1.1" 200 -
[WebServer] 127.0.0.1 - - [17/Sep/2026 02:42:27] "GET /images/buy-staffy-health-guarantee-uk.webp HTTP/1.1" 200 -
[WebServer] 127.0.0.1 - - [17/Sep/2026 02:42:27] "GET /images/healthy-staffy-breed-guide-1.webp HTTP/1.1" 200 -
[WebServer] 127.0.0.1 - - [17/Sep/2026 02:42:27] "GET /images/blue-staffy-family-dog-uk.webp HTTP/1.1" 200 -
[WebServer] 127.0.0.1 - - [17/Sep/2026 02:42:27] "GET /images/bluestaffyuk-nationwide-delivery-760.webp HTTP/1.1" 200 -
[WebServer] 127.0.0.1 - - [17/Sep/2026 02:42:27] "GET /images/blue-staffy-puppy-vet-check-uk-760.webp HTTP/1.1" 200 -
[WebServer] 127.0.0.1 - - [17/Sep/2026 02:42:27] "GET /images/kc-staffy-puppies-for-rehoming-uk.webp HTTP/1.1" 200 -
[WebServer] 127.0.0.1 - - [17/Sep/2026 02:42:27] "GET /images/playful-blue-staffy-lawn-uk.webp HTTP/1.1" 200 -
[WebServer] 127.0.0.1 - - [17/Sep/2026 02:42:27] "GET /images/puppies/roman-card-800.webp HTTP/1.1" 200 -
[WebServer] 127.0.0.1 - - [17/Sep/2026 02:42:27] "GET /images/puppies/byrd-card-800.webp HTTP/1.1" 200 -
[WebServer] 127.0.0.1 - - [17/Sep/2026 02:42:27] "GET /images/blue-staffy-puppy-delivery-uk-760.webp HTTP/1.1" 200 -
[WebServer] 127.0.0.1 - - [17/Sep/2026 02:42:27] "GET /images/victoria-family-blue-staffy-manchester.webp HTTP/1.1" 200 -
[WebServer] 127.0.0.1 - - [17/Sep/2026 02:42:27] "GET /images/mark-blue-staffy-london.webp HTTP/1.1" 200 -
[WebServer] 127.0.0.1 - - [17/Sep/2026 02:42:27] "GET /images/puppies/ince-card-800.webp HTTP/1.1" 200 -
[WebServer] 127.0.0.1 - - [17/Sep/2026 02:42:27] "GET /images/puppies/vennie-card-800.webp HTTP/1.1" 200 -
[WebServer] 127.0.0.1 - - [17/Sep/2026 02:42:27] "GET /images/playful-staffy-puppies-uk-sale.webp HTTP/1.1" 200 -
[WebServer] 127.0.0.1 - - [17/Sep/2026 02:42:27] "GET /images/maggie-blue-staffy-dam-with-pups.webp HTTP/1.1" 200 -
[WebServer] 127.0.0.1 - - [17/Sep/2026 02:42:27] "GET /images/blue-staffy-family-dog-uk.webp HTTP/1.1" 200 -
[WebServer] 127.0.0.1 - - [17/Sep/2026 02:42:27] "GET /images/blue-staffy-puppy-vet-check-uk.webp HTTP/1.1" 200 -
[WebServer] 127.0.0.1 - - [17/Sep/2026 02:42:27] "GET /images/bluestaffyuk-nationwide-delivery.webp HTTP/1.1" 200 -
[WebServer] 127.0.0.1 - - [17/Sep/2026 02:42:27] "GET /images/blue-staffy-puppy-delivery-uk.webp HTTP/1.1" 200 -
[WebServer] 127.0.0.1 - - [17/Sep/2026 02:42:27] "GET /images/puppies/roman-card-800.webp HTTP/1.1" 200 -
[WebServer] 127.0.0.1 - - [17/Sep/2026 02:42:27] "GET /images/puppies/byrd-card-800.webp HTTP/1.1" 200 -
[WebServer] 127.0.0.1 - - [17/Sep/2026 02:42:27] "GET /images/puppies/christa-card-800.webp HTTP/1.1" 200 -
[WebServer] 127.0.0.1 - - [17/Sep/2026 02:42:27] "GET /images/puppies/vennie-card-800.webp HTTP/1.1" 200 -
[WebServer] 127.0.0.1 - - [17/Sep/2026 02:42:27] "GET /images/puppies/ince-card-800.webp HTTP/1.1" 200 -
[WebServer] 127.0.0.1 - - [17/Sep/2026 02:42:27] "GET /images/puppies/cheryl-card-800.webp HTTP/1.1" 200 -
[WebServer] 127.0.0.1 - - [17/Sep/2026 02:42:27] "GET /images/puppies/christa-card-800.webp HTTP/1.1" 200 -
[WebServer] 127.0.0.1 - - [17/Sep/2026 02:42:27] "GET /images/puppies/cheryl-card-800.webp HTTP/1.1" 200 -
[WebServer] ----------------------------------------
[WebServer] Exception occurred during processing of request from ('127.0.0.1', 60095)
[WebServer] Traceback (most recent call last):
[WebServer]   File "/Library/Developer/CommandLineTools/Library/Frameworks/Python3.framework/Versions/3.9/lib/python3.9/socketserver.py", line 683, in process_request_thread
[WebServer]     self.finish_request(request, client_address)
[WebServer]   File "/Library/Developer/CommandLineTools/Library/Frameworks/Python3.framework/Versions/3.9/lib/python3.9/socketserver.py", line 360, in finish_request
[WebServer]     self.RequestHandlerClass(request, client_address, self)
[WebServer]   File "/Library/Developer/CommandLineTools/Library/Frameworks/Python3.framework/Versions/3.9/lib/python3.9/http/server.py", line 660, in __init__
[WebServer]     super().__init__(*args, **kwargs)
[WebServer]   File "/Library/Developer/CommandLineTools/Library/Frameworks/Python3.framework/Versions/3.9/lib/python3.9/socketserver.py", line 747, in __init__
[WebServer]     self.handle()
[WebServer]   File "/Library/Developer/CommandLineTools/Library/Frameworks/Python3.framework/Versions/3.9/lib/python3.9/http/server.py", line 434, in handle
[WebServer]     self.handle_one_request()
[WebServer]   File "/Library/Developer/CommandLineTools/Library/Frameworks/Python3.framework/Versions/3.9/lib/python3.9/http/server.py", line 422, in handle_one_request
[WebServer]     method()
[WebServer]   File "/Library/Developer/CommandLineTools/Library/Frameworks/Python3.framework/Versions/3.9/lib/python3.9/http/server.py", line 667, in do_GET
[WebServer]     self.copyfile(f, self.wfile)
[WebServer]   File "/Library/Developer/CommandLineTools/Library/Frameworks/Python3.framework/Versions/3.9/lib/python3.9/http/server.py", line 867, in copyfile
[WebServer]     shutil.copyfileobj(source, outputfile)
[WebServer]   File "/Library/Developer/CommandLineTools/Library/Frameworks/Python3.framework/Versions/3.9/lib/python3.9/shutil.py", line 208, in copyfileobj
[WebServer]     fdst_write(buf)
[WebServer]   File "/Library/Developer/CommandLineTools/Library/Frameworks/Python3.framework/Versions/3.9/lib/python3.9/socketserver.py", line 826, in write
[WebServer]     self._sock.sendall(b)
[WebServer] BrokenPipeError: [Errno 32] Broken pipe
[WebServer] ----------------------------------------
  ✘   1 [vp375] › tests/render/pages.spec.ts:109:3 › index (9.8s)
[WebServer] ----------------------------------------
[WebServer] Exception occurred during processing of request from ('127.0.0.1', 60101)
[WebServer] Traceback (most recent call last):
[WebServer]   File "/Library/Developer/CommandLineTools/Library/Frameworks/Python3.framework/Versions/3.9/lib/python3.9/socketserver.py", line 683, in process_request_thread
[WebServer]     self.finish_request(request, client_address)
[WebServer]   File "/Library/Developer/CommandLineTools/Library/Frameworks/Python3.framework/Versions/3.9/lib/python3.9/socketserver.py", line 360, in finish_request
[WebServer]     self.RequestHandlerClass(request, client_address, self)
[WebServer]   File "/Library/Developer/CommandLineTools/Library/Frameworks/Python3.framework/Versions/3.9/lib/python3.9/http/server.py", line 660, in __init__
[WebServer]     super().__init__(*args, **kwargs)
[WebServer]   File "/Library/Developer/CommandLineTools/Library/Frameworks/Python3.framework/Versions/3.9/lib/python3.9/socketserver.py", line 747, in __init__
[WebServer]     self.handle()
[WebServer]   File "/Library/Developer/CommandLineTools/Library/Frameworks/Python3.framework/Versions/3.9/lib/python3.9/http/server.py", line 434, in handle
[WebServer]     self.handle_one_request()
[WebServer]   File "/Library/Developer/CommandLineTools/Library/Frameworks/Python3.framework/Versions/3.9/lib/python3.9/http/server.py", line 422, in handle_one_request
[WebServer]     method()
[WebServer]   File "/Library/Developer/CommandLineTools/Library/Frameworks/Python3.framework/Versions/3.9/lib/python3.9/http/server.py", line 667, in do_GET
[WebServer]     self.copyfile(f, self.wfile)
[WebServer]   File "/Library/Developer/CommandLineTools/Library/Frameworks/Python3.framework/Versions/3.9/lib/python3.9/http/server.py", line 867, in copyfile
[WebServer]     shutil.copyfileobj(source, outputfile)
[WebServer]   File "/Library/Developer/CommandLineTools/Library/Frameworks/Python3.framework/Versions/3.9/lib/python3.9/shutil.py", line 208, in copyfileobj
[WebServer]     fdst_write(buf)
[WebServer]   File "/Library/Developer/CommandLineTools/Library/Frameworks/Python3.framework/Versions/3.9/lib/python3.9/socketserver.py", line 826, in write
[WebServer]     self._sock.sendall(b)
[WebServer] BrokenPipeError: [Errno 32] Broken pipe
[WebServer] ----------------------------------------
  ✘   2 [vp768] › tests/render/pages.spec.ts:109:3 › index (10.2s)
[freshness] dist/ is current (newest: dist/robots.txt)
[WebServer] 127.0.0.1 - - [17/Sep/2026 02:42:37] "GET /buy-blue-staffy-puppies-uk/ HTTP/1.1" 200 -
[WebServer] 127.0.0.1 - - [17/Sep/2026 02:42:37] "GET /images/blue-staffy-puppies-uk-litter1.webp HTTP/1.1" 200 -
[WebServer] 127.0.0.1 - - [17/Sep/2026 02:42:37] "GET /images/blue-staffy-uk-header-logo-88.webp HTTP/1.1" 200 -
[WebServer] 127.0.0.1 - - [17/Sep/2026 02:42:37] "GET /videos/best-blue-staffy-puppies-uk.mp4 HTTP/1.1" 200 -
[freshness] dist/ is current (newest: dist/robots.txt)
[WebServer] 127.0.0.1 - - [17/Sep/2026 02:42:37] "GET /buy-blue-staffy-puppies-uk/ HTTP/1.1" 200 -
[WebServer] 127.0.0.1 - - [17/Sep/2026 02:42:37] "GET /images/blue-staffy-puppies-uk-litter1.webp HTTP/1.1" 200 -
[WebServer] 127.0.0.1 - - [17/Sep/2026 02:42:37] "GET /images/blue-staffy-uk-header-logo-88.webp HTTP/1.1" 200 -
[WebServer] 127.0.0.1 - - [17/Sep/2026 02:42:37] "GET /videos/best-blue-staffy-puppies-uk.mp4 HTTP/1.1" 200 -
[WebServer] 127.0.0.1 - - [17/Sep/2026 02:42:38] code 404, message File not found
[WebServer] 127.0.0.1 - - [17/Sep/2026 02:42:38] "GET /__bsuk_pending_image__/0.webp HTTP/1.1" 404 -
[WebServer] 127.0.0.1 - - [17/Sep/2026 02:42:38] "GET /images/staffordshire-bull-terrier-for-sale-uk-ready-760.webp HTTP/1.1" 200 -
[WebServer] 127.0.0.1 - - [17/Sep/2026 02:42:38] "GET /images/buy-staffordshire-bull-terrier-uk-now-760.webp HTTP/1.1" 200 -
[WebServer] 127.0.0.1 - - [17/Sep/2026 02:42:38] "GET /images/blue-staffy-pups-near-you-760.webp HTTP/1.1" 200 -
[WebServer] 127.0.0.1 - - [17/Sep/2026 02:42:38] "GET /images/uk-blue-staffy-breeders-trust-760.webp HTTP/1.1" 200 -
[WebServer] 127.0.0.1 - - [17/Sep/2026 02:42:38] "GET /images/blue-staffy-puppy-delivery-uk-760.webp HTTP/1.1" 200 -
[WebServer] 127.0.0.1 - - [17/Sep/2026 02:42:38] "GET /images/blue-staffy-testimonial-london-happy-owner.webp HTTP/1.1" 200 -
[WebServer] 127.0.0.1 - - [17/Sep/2026 02:42:38] "GET /images/blue-staffy-puppy-testimonial-cardiff-daniel.webp HTTP/1.1" 200 -
[WebServer] 127.0.0.1 - - [17/Sep/2026 02:42:38] "GET /images/puppies/roman-card-800.webp HTTP/1.1" 200 -
[WebServer] 127.0.0.1 - - [17/Sep/2026 02:42:38] "GET /images/puppies/byrd-card-800.webp HTTP/1.1" 200 -
[WebServer] 127.0.0.1 - - [17/Sep/2026 02:42:38] "GET /images/puppies/ince-card-800.webp HTTP/1.1" 200 -
[WebServer] 127.0.0.1 - - [17/Sep/2026 02:42:38] "GET /images/puppies/vennie-card-800.webp HTTP/1.1" 200 -
[WebServer] 127.0.0.1 - - [17/Sep/2026 02:42:38] "GET /images/puppies/christa-card-800.webp HTTP/1.1" 200 -
[WebServer] 127.0.0.1 - - [17/Sep/2026 02:42:38] "GET /images/puppies/cheryl-card-800.webp HTTP/1.1" 200 -
[WebServer] 127.0.0.1 - - [17/Sep/2026 02:42:38] code 404, message File not found
[WebServer] 127.0.0.1 - - [17/Sep/2026 02:42:38] "GET /__bsuk_pending_image__/0.webp HTTP/1.1" 404 -
[WebServer] 127.0.0.1 - - [17/Sep/2026 02:42:38] "GET /images/buy-staffordshire-bull-terrier-uk-now.webp HTTP/1.1" 200 -
[WebServer] 127.0.0.1 - - [17/Sep/2026 02:42:38] "GET /images/staffordshire-bull-terrier-for-sale-uk-ready.webp HTTP/1.1" 200 -
[WebServer] 127.0.0.1 - - [17/Sep/2026 02:42:39] "GET /images/blue-staffy-pups-near-you.webp HTTP/1.1" 200 -
[WebServer] 127.0.0.1 - - [17/Sep/2026 02:42:39] "GET /images/uk-blue-staffy-breeders-trust.webp HTTP/1.1" 200 -
[WebServer] 127.0.0.1 - - [17/Sep/2026 02:42:39] "GET /images/blue-staffy-puppy-delivery-uk.webp HTTP/1.1" 200 -
[WebServer] 127.0.0.1 - - [17/Sep/2026 02:42:39] "GET /images/blue-staffy-testimonial-london-happy-owner.webp HTTP/1.1" 200 -
[WebServer] 127.0.0.1 - - [17/Sep/2026 02:42:39] "GET /images/blue-staffy-puppy-testimonial-cardiff-daniel.webp HTTP/1.1" 200 -
[WebServer] 127.0.0.1 - - [17/Sep/2026 02:42:39] "GET /images/puppies/roman-card-800.webp HTTP/1.1" 200 -
[WebServer] 127.0.0.1 - - [17/Sep/2026 02:42:39] "GET /images/puppies/byrd-card-800.webp HTTP/1.1" 200 -
[WebServer] 127.0.0.1 - - [17/Sep/2026 02:42:39] "GET /images/puppies/ince-card-800.webp HTTP/1.1" 200 -
[WebServer] 127.0.0.1 - - [17/Sep/2026 02:42:39] "GET /images/puppies/vennie-card-800.webp HTTP/1.1" 200 -
[WebServer] 127.0.0.1 - - [17/Sep/2026 02:42:39] "GET /images/puppies/christa-card-800.webp HTTP/1.1" 200 -
[WebServer] 127.0.0.1 - - [17/Sep/2026 02:42:39] "GET /images/puppies/cheryl-card-800.webp HTTP/1.1" 200 -
[WebServer] ----------------------------------------
[WebServer] Exception occurred during processing of request from ('127.0.0.1', 60156)
[WebServer] Traceback (most recent call last):
[WebServer]   File "/Library/Developer/CommandLineTools/Library/Frameworks/Python3.framework/Versions/3.9/lib/python3.9/socketserver.py", line 683, in process_request_thread
[WebServer]     self.finish_request(request, client_address)
[WebServer]   File "/Library/Developer/CommandLineTools/Library/Frameworks/Python3.framework/Versions/3.9/lib/python3.9/socketserver.py", line 360, in finish_request
[WebServer]     self.RequestHandlerClass(request, client_address, self)
[WebServer]   File "/Library/Developer/CommandLineTools/Library/Frameworks/Python3.framework/Versions/3.9/lib/python3.9/http/server.py", line 660, in __init__
[WebServer]     super().__init__(*args, **kwargs)
[WebServer]   File "/Library/Developer/CommandLineTools/Library/Frameworks/Python3.framework/Versions/3.9/lib/python3.9/socketserver.py", line 747, in __init__
[WebServer]     self.handle()
[WebServer]   File "/Library/Developer/CommandLineTools/Library/Frameworks/Python3.framework/Versions/3.9/lib/python3.9/http/server.py", line 434, in handle
[WebServer]     self.handle_one_request()
[WebServer]   File "/Library/Developer/CommandLineTools/Library/Frameworks/Python3.framework/Versions/3.9/lib/python3.9/http/server.py", line 422, in handle_one_request
[WebServer]     method()
[WebServer]   File "/Library/Developer/CommandLineTools/Library/Frameworks/Python3.framework/Versions/3.9/lib/python3.9/http/server.py", line 667, in do_GET
[WebServer]     self.copyfile(f, self.wfile)
[WebServer]   File "/Library/Developer/CommandLineTools/Library/Frameworks/Python3.framework/Versions/3.9/lib/python3.9/http/server.py", line 867, in copyfile
[WebServer]     shutil.copyfileobj(source, outputfile)
[WebServer]   File "/Library/Developer/CommandLineTools/Library/Frameworks/Python3.framework/Versions/3.9/lib/python3.9/shutil.py", line 208, in copyfileobj
[WebServer]     fdst_write(buf)
[WebServer]   File "/Library/Developer/CommandLineTools/Library/Frameworks/Python3.framework/Versions/3.9/lib/python3.9/socketserver.py", line 826, in write
[WebServer]     self._sock.sendall(b)
[WebServer] BrokenPipeError: [Errno 32] Broken pipe
[WebServer] ----------------------------------------
[WebServer] 127.0.0.1 - - [17/Sep/2026 02:42:45] "GET /videos/best-blue-staffy-puppies-uk.mp4 HTTP/1.1" 200 -
[WebServer] ----------------------------------------
[WebServer] Exception occurred during processing of request from ('127.0.0.1', 60189)
[WebServer] Traceback (most recent call last):
[WebServer]   File "/Library/Developer/CommandLineTools/Library/Frameworks/Python3.framework/Versions/3.9/lib/python3.9/socketserver.py", line 683, in process_request_thread
[WebServer]     self.finish_request(request, client_address)
[WebServer]   File "/Library/Developer/CommandLineTools/Library/Frameworks/Python3.framework/Versions/3.9/lib/python3.9/socketserver.py", line 360, in finish_request
[WebServer]     self.RequestHandlerClass(request, client_address, self)
[WebServer]   File "/Library/Developer/CommandLineTools/Library/Frameworks/Python3.framework/Versions/3.9/lib/python3.9/http/server.py", line 660, in __init__
[WebServer]     super().__init__(*args, **kwargs)
[WebServer]   File "/Library/Developer/CommandLineTools/Library/Frameworks/Python3.framework/Versions/3.9/lib/python3.9/socketserver.py", line 747, in __init__
[WebServer]     self.handle()
[WebServer]   File "/Library/Developer/CommandLineTools/Library/Frameworks/Python3.framework/Versions/3.9/lib/python3.9/http/server.py", line 434, in handle
[WebServer]     self.handle_one_request()
[WebServer]   File "/Library/Developer/CommandLineTools/Library/Frameworks/Python3.framework/Versions/3.9/lib/python3.9/http/server.py", line 422, in handle_one_request
[WebServer]     method()
[WebServer]   File "/Library/Developer/CommandLineTools/Library/Frameworks/Python3.framework/Versions/3.9/lib/python3.9/http/server.py", line 667, in do_GET
[WebServer]     self.copyfile(f, self.wfile)
[WebServer]   File "/Library/Developer/CommandLineTools/Library/Frameworks/Python3.framework/Versions/3.9/lib/python3.9/http/server.py", line 867, in copyfile
[WebServer]     shutil.copyfileobj(source, outputfile)
[WebServer]   File "/Library/Developer/CommandLineTools/Library/Frameworks/Python3.framework/Versions/3.9/lib/python3.9/shutil.py", line 208, in copyfileobj
[WebServer]     fdst_write(buf)
[WebServer]   File "/Library/Developer/CommandLineTools/Library/Frameworks/Python3.framework/Versions/3.9/lib/python3.9/socketserver.py", line 826, in write
[WebServer]     self._sock.sendall(b)
[WebServer] BrokenPipeError: [Errno 32] Broken pipe
[WebServer] ----------------------------------------
  ✘   3 [vp375] › tests/render/pages.spec.ts:109:3 › buy-blue-staffy-puppies-uk (8.5s)
[WebServer] ----------------------------------------
[WebServer] Exception occurred during processing of request from ('127.0.0.1', 60160)
[WebServer] Traceback (most recent call last):
[WebServer]   File "/Library/Developer/CommandLineTools/Library/Frameworks/Python3.framework/Versions/3.9/lib/python3.9/socketserver.py", line 683, in process_request_thread
[WebServer]     self.finish_request(request, client_address)
[WebServer]   File "/Library/Developer/CommandLineTools/Library/Frameworks/Python3.framework/Versions/3.9/lib/python3.9/socketserver.py", line 360, in finish_request
[WebServer]     self.RequestHandlerClass(request, client_address, self)
[WebServer]   File "/Library/Developer/CommandLineTools/Library/Frameworks/Python3.framework/Versions/3.9/lib/python3.9/http/server.py", line 660, in __init__
[WebServer]     super().__init__(*args, **kwargs)
[WebServer]   File "/Library/Developer/CommandLineTools/Library/Frameworks/Python3.framework/Versions/3.9/lib/python3.9/socketserver.py", line 747, in __init__
[WebServer]     self.handle()
[WebServer]   File "/Library/Developer/CommandLineTools/Library/Frameworks/Python3.framework/Versions/3.9/lib/python3.9/http/server.py", line 434, in handle
[WebServer]     self.handle_one_request()
[WebServer]   File "/Library/Developer/CommandLineTools/Library/Frameworks/Python3.framework/Versions/3.9/lib/python3.9/http/server.py", line 422, in handle_one_request
[WebServer]     method()
[WebServer]   File "/Library/Developer/CommandLineTools/Library/Frameworks/Python3.framework/Versions/3.9/lib/python3.9/http/server.py", line 667, in do_GET
[WebServer]     self.copyfile(f, self.wfile)
[WebServer]   File "/Library/Developer/CommandLineTools/Library/Frameworks/Python3.framework/Versions/3.9/lib/python3.9/http/server.py", line 867, in copyfile
[WebServer]     shutil.copyfileobj(source, outputfile)
[WebServer]   File "/Library/Developer/CommandLineTools/Library/Frameworks/Python3.framework/Versions/3.9/lib/python3.9/shutil.py", line 208, in copyfileobj
[WebServer]     fdst_write(buf)
[WebServer]   File "/Library/Developer/CommandLineTools/Library/Frameworks/Python3.framework/Versions/3.9/lib/python3.9/socketserver.py", line 826, in write
[WebServer]     self._sock.sendall(b)
[WebServer] BrokenPipeError: [Errno 32] Broken pipe
[WebServer] ----------------------------------------
  ✘   4 [vp768] › tests/render/pages.spec.ts:109:3 › buy-blue-staffy-puppies-uk (8.7s)
[freshness] dist/ is current (newest: dist/robots.txt)
[WebServer] 127.0.0.1 - - [17/Sep/2026 02:42:47] "GET /blue-staffy-pup-sale-uk/ HTTP/1.1" 200 -
[WebServer] 127.0.0.1 - - [17/Sep/2026 02:42:47] "GET /images/blue-staffy-uk-header-logo-88.webp HTTP/1.1" 200 -
[WebServer] 127.0.0.1 - - [17/Sep/2026 02:42:47] "GET /images/buy-staffordshire-bull-terrier-uk-now-760.webp HTTP/1.1" 200 -
[freshness] dist/ is current (newest: dist/robots.txt)
[WebServer] 127.0.0.1 - - [17/Sep/2026 02:42:47] code 404, message File not found
[WebServer] 127.0.0.1 - - [17/Sep/2026 02:42:47] "GET /__bsuk_pending_image__/0.webp HTTP/1.1" 404 -
[WebServer] 127.0.0.1 - - [17/Sep/2026 02:42:47] "GET /images/bluestaffyuk-nationwide-delivery-760.webp HTTP/1.1" 200 -
[WebServer] 127.0.0.1 - - [17/Sep/2026 02:42:47] "GET /images/maggie-blue-staffy-dam-with-pups-760.webp HTTP/1.1" 200 -
[WebServer] 127.0.0.1 - - [17/Sep/2026 02:42:47] "GET /images/blue-staffy-testimonial-london-happy-owner.webp HTTP/1.1" 200 -
[WebServer] 127.0.0.1 - - [17/Sep/2026 02:42:47] "GET /images/mark-blue-staffy-london.webp HTTP/1.1" 200 -
[WebServer] 127.0.0.1 - - [17/Sep/2026 02:42:48] "GET /blue-staffy-pup-sale-uk/ HTTP/1.1" 200 -
[WebServer] 127.0.0.1 - - [17/Sep/2026 02:42:48] "GET /images/blue-staffy-uk-header-logo-88.webp HTTP/1.1" 200 -
[WebServer] 127.0.0.1 - - [17/Sep/2026 02:42:48] code 404, message File not found
[WebServer] 127.0.0.1 - - [17/Sep/2026 02:42:48] "GET /__bsuk_pending_image__/0.webp HTTP/1.1" 404 -
[WebServer] 127.0.0.1 - - [17/Sep/2026 02:42:48] "GET /images/blue-staffy-testimonial-london-happy-owner.webp HTTP/1.1" 200 -
[WebServer] 127.0.0.1 - - [17/Sep/2026 02:42:48] "GET /images/buy-staffordshire-bull-terrier-uk-now.webp HTTP/1.1" 200 -
[WebServer] 127.0.0.1 - - [17/Sep/2026 02:42:48] "GET /images/bluestaffyuk-nationwide-delivery.webp HTTP/1.1" 200 -
[WebServer] 127.0.0.1 - - [17/Sep/2026 02:42:48] "GET /images/maggie-blue-staffy-dam-with-pups.webp HTTP/1.1" 200 -
[WebServer] 127.0.0.1 - - [17/Sep/2026 02:42:48] "GET /images/mark-blue-staffy-london.webp HTTP/1.1" 200 -
  ✓   5 [vp375] › tests/render/pages.spec.ts:109:3 › blue-staffy-pup-sale-uk (6.0s)
[WebServer] 127.0.0.1 - - [17/Sep/2026 02:42:52] "GET /buy-staffy-puppies-for-sale-uk/ HTTP/1.1" 200 -
[WebServer] 127.0.0.1 - - [17/Sep/2026 02:42:52] "GET /images/blue-staffy-uk-header-logo-88.webp HTTP/1.1" 200 -
[WebServer] 127.0.0.1 - - [17/Sep/2026 02:42:54] code 404, message File not found
[WebServer] 127.0.0.1 - - [17/Sep/2026 02:42:54] "GET /__bsuk_pending_image__/0.webp HTTP/1.1" 404 -
[WebServer] 127.0.0.1 - - [17/Sep/2026 02:42:54] "GET /images/avoid-staffordshire-bull-terrier-temperament-problems-bluestaffyuk.webp HTTP/1.1" 200 -
[WebServer] 127.0.0.1 - - [17/Sep/2026 02:42:54] "GET /images/best-blue-staffy-breeder-reviews-puppy-for-sale-uk.webp HTTP/1.1" 200 -
[WebServer] 127.0.0.1 - - [17/Sep/2026 02:42:54] "GET /images/buy-staffy-puppies-for-sale-uk-bluestaffyuk.webp HTTP/1.1" 200 -
[WebServer] 127.0.0.1 - - [17/Sep/2026 02:42:54] "GET /images/healthy-staffy-puppy-for-sale-uk.webp HTTP/1.1" 200 -
[WebServer] 127.0.0.1 - - [17/Sep/2026 02:42:54] "GET /images/vet-checked-blue-staffy-puppy-near-me.webp HTTP/1.1" 200 -
[WebServer] 127.0.0.1 - - [17/Sep/2026 02:42:54] "GET /images/trusted-blue-staffy-breeder-reviews-satisfied-owners.webp HTTP/1.1" 200 -
[WebServer] 127.0.0.1 - - [17/Sep/2026 02:42:54] "GET /images/kennel-club-assured-breeder-vs-others-bluestaffyuk.webp HTTP/1.1" 200 -
[WebServer] 127.0.0.1 - - [17/Sep/2026 02:42:54] "GET /images/english-blue-staffy-for-sale-puppy.webp HTTP/1.1" 200 -
[WebServer] 127.0.0.1 - - [17/Sep/2026 02:42:54] "GET /images/local-blue-staffy-breeders-near-me-uk.webp HTTP/1.1" 200 -
[WebServer] 127.0.0.1 - - [17/Sep/2026 02:42:54] "GET /images/staffy-puppies-norwich-for-sale-uk.webp HTTP/1.1" 200 -
[WebServer] 127.0.0.1 - - [17/Sep/2026 02:42:54] "GET /images/premium-staffy-puppy-for-sale-in-the-uk-ready-now.webp HTTP/1.1" 200 -
[WebServer] 127.0.0.1 - - [17/Sep/2026 02:42:54] "GET /images/affordable-vs-premium-blue-staffy-breeders-comparison.webp HTTP/1.1" 200 -
[WebServer] 127.0.0.1 - - [17/Sep/2026 02:42:54] "GET /images/blue-staffy-bully-puppies-for-sale-uk-kc-certified.webp HTTP/1.1" 200 -
  ✘   6 [vp768] › tests/render/pages.spec.ts:109:3 › blue-staffy-pup-sale-uk (6.5s)
[freshness] dist/ is current (newest: dist/robots.txt)
[WebServer] 127.0.0.1 - - [17/Sep/2026 02:42:55] "GET /buy-staffy-puppies-for-sale-uk/ HTTP/1.1" 200 -
[WebServer] 127.0.0.1 - - [17/Sep/2026 02:42:55] "GET /images/blue-staffy-uk-header-logo-88.webp HTTP/1.1" 200 -
[WebServer] 127.0.0.1 - - [17/Sep/2026 02:42:57] code 404, message File not found
[WebServer] 127.0.0.1 - - [17/Sep/2026 02:42:57] "GET /__bsuk_pending_image__/0.webp HTTP/1.1" 404 -
[WebServer] 127.0.0.1 - - [17/Sep/2026 02:42:57] "GET /images/kennel-club-assured-breeder-vs-others-bluestaffyuk.webp HTTP/1.1" 200 -
[WebServer] 127.0.0.1 - - [17/Sep/2026 02:42:57] "GET /images/avoid-staffordshire-bull-terrier-temperament-problems-bluestaffyuk.webp HTTP/1.1" 200 -
[WebServer] 127.0.0.1 - - [17/Sep/2026 02:42:57] "GET /images/best-blue-staffy-breeder-reviews-puppy-for-sale-uk.webp HTTP/1.1" 200 -
[WebServer] 127.0.0.1 - - [17/Sep/2026 02:42:57] "GET /images/buy-staffy-puppies-for-sale-uk-bluestaffyuk.webp HTTP/1.1" 200 -
[WebServer] 127.0.0.1 - - [17/Sep/2026 02:42:57] "GET /images/healthy-staffy-puppy-for-sale-uk.webp HTTP/1.1" 200 -
[WebServer] 127.0.0.1 - - [17/Sep/2026 02:42:57] "GET /images/trusted-blue-staffy-breeder-reviews-satisfied-owners.webp HTTP/1.1" 200 -
[WebServer] 127.0.0.1 - - [17/Sep/2026 02:42:57] "GET /images/vet-checked-blue-staffy-puppy-near-me.webp HTTP/1.1" 200 -
[WebServer] 127.0.0.1 - - [17/Sep/2026 02:42:57] "GET /images/english-blue-staffy-for-sale-puppy.webp HTTP/1.1" 200 -
[WebServer] 127.0.0.1 - - [17/Sep/2026 02:42:57] "GET /images/staffy-puppies-norwich-for-sale-uk.webp HTTP/1.1" 200 -
[WebServer] 127.0.0.1 - - [17/Sep/2026 02:42:57] "GET /images/premium-staffy-puppy-for-sale-in-the-uk-ready-now.webp HTTP/1.1" 200 -
[WebServer] 127.0.0.1 - - [17/Sep/2026 02:42:57] "GET /images/local-blue-staffy-breeders-near-me-uk.webp HTTP/1.1" 200 -
[WebServer] 127.0.0.1 - - [17/Sep/2026 02:42:57] "GET /images/blue-staffy-bully-puppies-for-sale-uk-kc-certified.webp HTTP/1.1" 200 -
[WebServer] 127.0.0.1 - - [17/Sep/2026 02:42:57] "GET /images/affordable-vs-premium-blue-staffy-breeders-comparison.webp HTTP/1.1" 200 -
  ✓   7 [vp375] › tests/render/pages.spec.ts:109:3 › buy-staffy-puppies-for-sale-uk (8.9s)
[WebServer] 127.0.0.1 - - [17/Sep/2026 02:43:01] "GET /available-puppies/roman/ HTTP/1.1" 200 -
[WebServer] 127.0.0.1 - - [17/Sep/2026 02:43:01] "GET /images/blue-staffy-uk-header-logo-88.webp HTTP/1.1" 200 -
[WebServer] 127.0.0.1 - - [17/Sep/2026 02:43:01] "GET /images/puppies/roman-portrait-4x5.webp HTTP/1.1" 200 -
[WebServer] 127.0.0.1 - - [17/Sep/2026 02:43:01] "GET /images/puppies/roman-roman1-760.webp HTTP/1.1" 200 -
[WebServer] 127.0.0.1 - - [17/Sep/2026 02:43:01] "GET /images/puppies/roman-roman2-760.webp HTTP/1.1" 200 -
[WebServer] 127.0.0.1 - - [17/Sep/2026 02:43:02] code 404, message File not found
[WebServer] 127.0.0.1 - - [17/Sep/2026 02:43:02] "GET /__bsuk_pending_image__/1.webp HTTP/1.1" 404 -
[WebServer] 127.0.0.1 - - [17/Sep/2026 02:43:02] code 404, message File not found
[WebServer] 127.0.0.1 - - [17/Sep/2026 02:43:02] "GET /__bsuk_pending_image__/0.webp HTTP/1.1" 404 -
[WebServer] 127.0.0.1 - - [17/Sep/2026 02:43:02] code 404, message File not found
[WebServer] 127.0.0.1 - - [17/Sep/2026 02:43:02] "GET /__bsuk_pending_image__/2.webp HTTP/1.1" 404 -
[WebServer] 127.0.0.1 - - [17/Sep/2026 02:43:02] code 404, message File not found
[WebServer] 127.0.0.1 - - [17/Sep/2026 02:43:02] "GET /__bsuk_pending_image__/3.webp HTTP/1.1" 404 -
  ✘   8 [vp768] › tests/render/pages.spec.ts:109:3 › buy-staffy-puppies-for-sale-uk (9.5s)
  ✘   9 [vp375] › tests/render/pages.spec.ts:109:3 › available-puppies/roman (3.3s)
[freshness] dist/ is current (newest: dist/robots.txt)
[freshness] dist/ is current (newest: dist/robots.txt)
[WebServer] 127.0.0.1 - - [17/Sep/2026 02:43:06] "GET /available-puppies/roman/ HTTP/1.1" 200 -
[WebServer] 127.0.0.1 - - [17/Sep/2026 02:43:06] "GET /available-puppies/ HTTP/1.1" 200 -
[WebServer] 127.0.0.1 - - [17/Sep/2026 02:43:06] "GET /images/blue-staffy-uk-header-logo-88.webp HTTP/1.1" 200 -
[WebServer] 127.0.0.1 - - [17/Sep/2026 02:43:06] "GET /images/puppies/roman-portrait-4x5.webp HTTP/1.1" 200 -
[WebServer] 127.0.0.1 - - [17/Sep/2026 02:43:06] "GET /images/blue-staffy-uk-header-logo-88.webp HTTP/1.1" 200 -
[WebServer] 127.0.0.1 - - [17/Sep/2026 02:43:06] "GET /images/puppies/roman-card-800.webp HTTP/1.1" 200 -
[WebServer] 127.0.0.1 - - [17/Sep/2026 02:43:06] "GET /images/puppies/ince-card-800.webp HTTP/1.1" 200 -
[WebServer] 127.0.0.1 - - [17/Sep/2026 02:43:06] "GET /images/puppies/vennie-card-800.webp HTTP/1.1" 200 -
[WebServer] 127.0.0.1 - - [17/Sep/2026 02:43:06] "GET /images/puppies/christa-card-800.webp HTTP/1.1" 200 -
[WebServer] 127.0.0.1 - - [17/Sep/2026 02:43:06] "GET /images/puppies/byrd-card-800.webp HTTP/1.1" 200 -
[WebServer] 127.0.0.1 - - [17/Sep/2026 02:43:06] "GET /images/puppies/cheryl-card-800.webp HTTP/1.1" 200 -
[WebServer] 127.0.0.1 - - [17/Sep/2026 02:43:06] "GET /images/puppies/roman-roman1-760.webp HTTP/1.1" 200 -
[WebServer] 127.0.0.1 - - [17/Sep/2026 02:43:06] "GET /images/puppies/roman-roman2-760.webp HTTP/1.1" 200 -
[WebServer] 127.0.0.1 - - [17/Sep/2026 02:43:07] code 404, message File not found
[WebServer] 127.0.0.1 - - [17/Sep/2026 02:43:07] "GET /__bsuk_pending_image__/0.webp HTTP/1.1" 404 -
[WebServer] 127.0.0.1 - - [17/Sep/2026 02:43:07] code 404, message File not found
[WebServer] 127.0.0.1 - - [17/Sep/2026 02:43:07] "GET /__bsuk_pending_image__/1.webp HTTP/1.1" 404 -
[WebServer] 127.0.0.1 - - [17/Sep/2026 02:43:07] code 404, message File not found
[WebServer] 127.0.0.1 - - [17/Sep/2026 02:43:07] "GET /__bsuk_pending_image__/2.webp HTTP/1.1" 404 -
[WebServer] 127.0.0.1 - - [17/Sep/2026 02:43:07] code 404, message File not found
[WebServer] 127.0.0.1 - - [17/Sep/2026 02:43:07] "GET /__bsuk_pending_image__/1.webp HTTP/1.1" 404 -
[WebServer] 127.0.0.1 - - [17/Sep/2026 02:43:07] code 404, message File not found
[WebServer] 127.0.0.1 - - [17/Sep/2026 02:43:07] "GET /__bsuk_pending_image__/0.webp HTTP/1.1" 404 -
[WebServer] 127.0.0.1 - - [17/Sep/2026 02:43:07] code 404, message File not found
[WebServer] 127.0.0.1 - - [17/Sep/2026 02:43:07] "GET /__bsuk_pending_image__/2.webp HTTP/1.1" 404 -
[WebServer] 127.0.0.1 - - [17/Sep/2026 02:43:07] code 404, message File not found
[WebServer] 127.0.0.1 - - [17/Sep/2026 02:43:07] "GET /__bsuk_pending_image__/3.webp HTTP/1.1" 404 -
  ✘  10 [vp768] › tests/render/pages.spec.ts:109:3 › available-puppies/roman (3.7s)
  ✘  11 [vp375] › tests/render/pages.spec.ts:109:3 › available-puppies (4.1s)
[freshness] dist/ is current (newest: dist/robots.txt)
[WebServer] 127.0.0.1 - - [17/Sep/2026 02:43:11] "GET /available-puppies/ HTTP/1.1" 200 -
[WebServer] 127.0.0.1 - - [17/Sep/2026 02:43:11] "GET /images/blue-staffy-uk-header-logo-88.webp HTTP/1.1" 200 -
[WebServer] 127.0.0.1 - - [17/Sep/2026 02:43:11] "GET /images/puppies/roman-card-800.webp HTTP/1.1" 200 -
[WebServer] 127.0.0.1 - - [17/Sep/2026 02:43:11] "GET /images/puppies/vennie-card-800.webp HTTP/1.1" 200 -
[WebServer] 127.0.0.1 - - [17/Sep/2026 02:43:11] "GET /images/puppies/byrd-card-800.webp HTTP/1.1" 200 -
[WebServer] 127.0.0.1 - - [17/Sep/2026 02:43:11] "GET /images/puppies/christa-card-800.webp HTTP/1.1" 200 -
[WebServer] 127.0.0.1 - - [17/Sep/2026 02:43:11] "GET /images/puppies/ince-card-800.webp HTTP/1.1" 200 -
[WebServer] 127.0.0.1 - - [17/Sep/2026 02:43:11] "GET /images/puppies/cheryl-card-800.webp HTTP/1.1" 200 -
[freshness] dist/ is current (newest: dist/robots.txt)
[WebServer] 127.0.0.1 - - [17/Sep/2026 02:43:12] code 404, message File not found
[WebServer] 127.0.0.1 - - [17/Sep/2026 02:43:12] "GET /__bsuk_pending_image__/0.webp HTTP/1.1" 404 -
[WebServer] 127.0.0.1 - - [17/Sep/2026 02:43:12] code 404, message File not found
[WebServer] 127.0.0.1 - - [17/Sep/2026 02:43:12] "GET /__bsuk_pending_image__/1.webp HTTP/1.1" 404 -
[WebServer] 127.0.0.1 - - [17/Sep/2026 02:43:12] code 404, message File not found
[WebServer] 127.0.0.1 - - [17/Sep/2026 02:43:12] code 404, message File not found
[WebServer] 127.0.0.1 - - [17/Sep/2026 02:43:12] "GET /__bsuk_pending_image__/2.webp HTTP/1.1" 404 -
[WebServer] 127.0.0.1 - - [17/Sep/2026 02:43:12] "GET /__bsuk_pending_image__/3.webp HTTP/1.1" 404 -
[WebServer] 127.0.0.1 - - [17/Sep/2026 02:43:12] code 404, message File not found
[WebServer] 127.0.0.1 - - [17/Sep/2026 02:43:12] "GET /__bsuk_pending_image__/4.webp HTTP/1.1" 404 -
[WebServer] 127.0.0.1 - - [17/Sep/2026 02:43:12] "GET /uk-blue-staffy-puppy-buying-guide/ HTTP/1.1" 200 -
[WebServer] 127.0.0.1 - - [17/Sep/2026 02:43:12] "GET /images/blue-staffy-uk-header-logo-88.webp HTTP/1.1" 200 -
[WebServer] 127.0.0.1 - - [17/Sep/2026 02:43:14] code 404, message File not found
[WebServer] 127.0.0.1 - - [17/Sep/2026 02:43:14] "GET /__bsuk_pending_image__/0.webp HTTP/1.1" 404 -
[WebServer] 127.0.0.1 - - [17/Sep/2026 02:43:14] "GET /images/purebred-blue-male-staffy-available-for-rehoming.webp HTTP/1.1" 200 -
[WebServer] 127.0.0.1 - - [17/Sep/2026 02:43:14] "GET /images/how-to-buy-blue-staffy-puppy-uk-steps1.webp HTTP/1.1" 200 -
[WebServer] 127.0.0.1 - - [17/Sep/2026 02:43:14] "GET /images/blue-staffy-uk-reviews-owner-testimonials.webp HTTP/1.1" 200 -
[WebServer] 127.0.0.1 - - [17/Sep/2026 02:43:14] "GET /images/blue-staffy-research.webp HTTP/1.1" 200 -
[WebServer] 127.0.0.1 - - [17/Sep/2026 02:43:14] "GET /images/pros-and-cons-of-owning-a-blue-staffy-uk.webp HTTP/1.1" 200 -
[WebServer] 127.0.0.1 - - [17/Sep/2026 02:43:14] "GET /images/blue-staffy-health-prioritising-wellbeing.webp HTTP/1.1" 200 -
[WebServer] 127.0.0.1 - - [17/Sep/2026 02:43:14] "GET /images/blue-staffy-vet-check.webp HTTP/1.1" 200 -
[WebServer] 127.0.0.1 - - [17/Sep/2026 02:43:14] "GET /images/blue-staffy-puppy-preparation.webp HTTP/1.1" 200 -
[WebServer] 127.0.0.1 - - [17/Sep/2026 02:43:14] "GET /images/1blue-staffy-family-breeder.webp HTTP/1.1" 200 -
[WebServer] 127.0.0.1 - - [17/Sep/2026 02:43:14] "GET /images/1blue-staffy-socialisation-checklist.webp HTTP/1.1" 200 -
[WebServer] 127.0.0.1 - - [17/Sep/2026 02:43:14] "GET /images/blue-staffy-training-socialisation.webp HTTP/1.1" 200 -
[WebServer] 127.0.0.1 - - [17/Sep/2026 02:43:14] "GET /images/bluestaffyuk-nationwide-infographic.webp HTTP/1.1" 200 -
[WebServer] 127.0.0.1 - - [17/Sep/2026 02:43:14] "GET /images/defra-pet-transport-process.webp HTTP/1.1" 200 -
[WebServer] 127.0.0.1 - - [17/Sep/2026 02:43:14] "GET /images/uk-family-blue-staffy.webp HTTP/1.1" 200 -
[WebServer] 127.0.0.1 - - [17/Sep/2026 02:43:14] "GET /images/healthy-blue-staffy-pups-for-sale-certified.webp HTTP/1.1" 200 -
[WebServer] 127.0.0.1 - - [17/Sep/2026 02:43:14] "GET /images/blue-staffy-adoption-vs-buying-infographic.webp HTTP/1.1" 200 -
[WebServer] 127.0.0.1 - - [17/Sep/2026 02:43:14] "GET /images/ready-to-welcome-blue-staffy-infographic.webp HTTP/1.1" 200 -
  ✘  12 [vp768] › tests/render/pages.spec.ts:109:3 › available-puppies (3.9s)
[freshness] dist/ is current (newest: dist/robots.txt)
[WebServer] 127.0.0.1 - - [17/Sep/2026 02:43:16] "GET /uk-blue-staffy-puppy-buying-guide/ HTTP/1.1" 200 -
[WebServer] 127.0.0.1 - - [17/Sep/2026 02:43:16] "GET /images/blue-staffy-uk-header-logo-88.webp HTTP/1.1" 200 -
[WebServer] 127.0.0.1 - - [17/Sep/2026 02:43:18] code 404, message File not found
[WebServer] 127.0.0.1 - - [17/Sep/2026 02:43:18] "GET /__bsuk_pending_image__/0.webp HTTP/1.1" 404 -
[WebServer] 127.0.0.1 - - [17/Sep/2026 02:43:18] "GET /images/purebred-blue-male-staffy-available-for-rehoming.webp HTTP/1.1" 200 -
[WebServer] 127.0.0.1 - - [17/Sep/2026 02:43:18] "GET /images/how-to-buy-blue-staffy-puppy-uk-steps1.webp HTTP/1.1" 200 -
[WebServer] 127.0.0.1 - - [17/Sep/2026 02:43:18] "GET /images/pros-and-cons-of-owning-a-blue-staffy-uk.webp HTTP/1.1" 200 -
[WebServer] 127.0.0.1 - - [17/Sep/2026 02:43:18] "GET /images/blue-staffy-vet-check.webp HTTP/1.1" 200 -
[WebServer] 127.0.0.1 - - [17/Sep/2026 02:43:18] "GET /images/blue-staffy-health-prioritising-wellbeing.webp HTTP/1.1" 200 -
[WebServer] 127.0.0.1 - - [17/Sep/2026 02:43:18] "GET /images/blue-staffy-uk-reviews-owner-testimonials.webp HTTP/1.1" 200 -
[WebServer] 127.0.0.1 - - [17/Sep/2026 02:43:18] "GET /images/blue-staffy-research.webp HTTP/1.1" 200 -
[WebServer] 127.0.0.1 - - [17/Sep/2026 02:43:18] "GET /images/1blue-staffy-family-breeder.webp HTTP/1.1" 200 -
[WebServer] 127.0.0.1 - - [17/Sep/2026 02:43:18] "GET /images/1blue-staffy-socialisation-checklist.webp HTTP/1.1" 200 -
[WebServer] 127.0.0.1 - - [17/Sep/2026 02:43:18] "GET /images/blue-staffy-training-socialisation.webp HTTP/1.1" 200 -
[WebServer] 127.0.0.1 - - [17/Sep/2026 02:43:18] "GET /images/blue-staffy-puppy-preparation.webp HTTP/1.1" 200 -
[WebServer] 127.0.0.1 - - [17/Sep/2026 02:43:18] "GET /images/bluestaffyuk-nationwide-infographic.webp HTTP/1.1" 200 -
[WebServer] 127.0.0.1 - - [17/Sep/2026 02:43:18] "GET /images/uk-family-blue-staffy.webp HTTP/1.1" 200 -
[WebServer] 127.0.0.1 - - [17/Sep/2026 02:43:18] "GET /images/defra-pet-transport-process.webp HTTP/1.1" 200 -
[WebServer] 127.0.0.1 - - [17/Sep/2026 02:43:18] "GET /images/healthy-blue-staffy-pups-for-sale-certified.webp HTTP/1.1" 200 -
[WebServer] 127.0.0.1 - - [17/Sep/2026 02:43:18] "GET /images/ready-to-welcome-blue-staffy-infographic.webp HTTP/1.1" 200 -
[WebServer] 127.0.0.1 - - [17/Sep/2026 02:43:18] "GET /images/blue-staffy-adoption-vs-buying-infographic.webp HTTP/1.1" 200 -
  ✘  13 [vp375] › tests/render/pages.spec.ts:109:3 › uk-blue-staffy-puppy-buying-guide (11.3s)
[freshness] dist/ is current (newest: dist/robots.txt)
[WebServer] 127.0.0.1 - - [17/Sep/2026 02:43:24] "GET /uk-staffordshire-bull-terrier-guide/ HTTP/1.1" 200 -
[WebServer] 127.0.0.1 - - [17/Sep/2026 02:43:24] "GET /images/blue-staffy-uk-header-logo-88.webp HTTP/1.1" 200 -
[WebServer] 127.0.0.1 - - [17/Sep/2026 02:43:26] code 404, message File not found
[WebServer] 127.0.0.1 - - [17/Sep/2026 02:43:26] "GET /__bsuk_pending_image__/0.webp HTTP/1.1" 404 -
[WebServer] 127.0.0.1 - - [17/Sep/2026 02:43:26] "GET /images/sbt-history-heritage-from-pit-to-pet.webp HTTP/1.1" 200 -
[WebServer] 127.0.0.1 - - [17/Sep/2026 02:43:26] "GET /images/comprehensive-uk-staffordshire-bull-terrier-guide-book.webp HTTP/1.1" 200 -
[WebServer] 127.0.0.1 - - [17/Sep/2026 02:43:26] "GET /images/true-cost-of-a-staffy-lifetime-budget-planning.webp HTTP/1.1" 200 -
[WebServer] 127.0.0.1 - - [17/Sep/2026 02:43:26] "GET /images/sbt-uk-legal-status-public-perception.webp HTTP/1.1" 200 -
[WebServer] 127.0.0.1 - - [17/Sep/2026 02:43:26] "GET /images/find-health-certified-staffy-breeders-uk.webp HTTP/1.1" 200 -
[WebServer] 127.0.0.1 - - [17/Sep/2026 02:43:26] "GET /images/blue-staffy-puppy-for-sale-uk.webp HTTP/1.1" 200 -
[WebServer] 127.0.0.1 - - [17/Sep/2026 02:43:26] "GET /images/kc-registered-staffy-puppies.webp HTTP/1.1" 200 -
[WebServer] 127.0.0.1 - - [17/Sep/2026 02:43:26] "GET /images/busting-common-staffy-myths-loving-family-dog.webp HTTP/1.1" 200 -
[WebServer] 127.0.0.1 - - [17/Sep/2026 02:43:26] "GET /images/staffordshire-bull-terrier-vs-american-bully-comparison.webp HTTP/1.1" 200 -
[WebServer] 127.0.0.1 - - [17/Sep/2026 02:43:26] "GET /images/dedicated-blue-staffy-pup-care-glasgow.webp HTTP/1.1" 200 -
  ✘  14 [vp768] › tests/render/pages.spec.ts:109:3 › uk-blue-staffy-puppy-buying-guide (11.3s)
[freshness] dist/ is current (newest: dist/robots.txt)
[WebServer] 127.0.0.1 - - [17/Sep/2026 02:43:29] "GET /uk-staffordshire-bull-terrier-guide/ HTTP/1.1" 200 -
[WebServer] 127.0.0.1 - - [17/Sep/2026 02:43:29] "GET /images/blue-staffy-uk-header-logo-88.webp HTTP/1.1" 200 -
[WebServer] 127.0.0.1 - - [17/Sep/2026 02:43:30] code 404, message File not found
[WebServer] 127.0.0.1 - - [17/Sep/2026 02:43:30] "GET /__bsuk_pending_image__/0.webp HTTP/1.1" 404 -
[WebServer] 127.0.0.1 - - [17/Sep/2026 02:43:30] "GET /images/sbt-history-heritage-from-pit-to-pet.webp HTTP/1.1" 200 -
[WebServer] 127.0.0.1 - - [17/Sep/2026 02:43:30] "GET /images/blue-staffy-puppy-for-sale-uk.webp HTTP/1.1" 200 -
[WebServer] 127.0.0.1 - - [17/Sep/2026 02:43:30] "GET /images/comprehensive-uk-staffordshire-bull-terrier-guide-book.webp HTTP/1.1" 200 -
[WebServer] 127.0.0.1 - - [17/Sep/2026 02:43:30] "GET /images/find-health-certified-staffy-breeders-uk.webp HTTP/1.1" 200 -
[WebServer] 127.0.0.1 - - [17/Sep/2026 02:43:30] "GET /images/true-cost-of-a-staffy-lifetime-budget-planning.webp HTTP/1.1" 200 -
[WebServer] 127.0.0.1 - - [17/Sep/2026 02:43:30] "GET /images/sbt-uk-legal-status-public-perception.webp HTTP/1.1" 200 -
[WebServer] 127.0.0.1 - - [17/Sep/2026 02:43:30] "GET /images/kc-registered-staffy-puppies.webp HTTP/1.1" 200 -
[WebServer] 127.0.0.1 - - [17/Sep/2026 02:43:30] "GET /images/busting-common-staffy-myths-loving-family-dog.webp HTTP/1.1" 200 -
[WebServer] 127.0.0.1 - - [17/Sep/2026 02:43:30] "GET /images/staffordshire-bull-terrier-vs-american-bully-comparison.webp HTTP/1.1" 200 -
[WebServer] 127.0.0.1 - - [17/Sep/2026 02:43:30] "GET /images/dedicated-blue-staffy-pup-care-glasgow.webp HTTP/1.1" 200 -
  ✘  15 [vp375] › tests/render/pages.spec.ts:109:3 › uk-staffordshire-bull-terrier-guide (9.6s)
[freshness] dist/ is current (newest: dist/robots.txt)
[WebServer] 127.0.0.1 - - [17/Sep/2026 02:43:35] "GET /blue-staffy-health-uk/ HTTP/1.1" 200 -
[WebServer] 127.0.0.1 - - [17/Sep/2026 02:43:35] "GET /images/blue-staffy-uk-header-logo-88.webp HTTP/1.1" 200 -
[WebServer] 127.0.0.1 - - [17/Sep/2026 02:43:35] code 404, message File not found
[WebServer] 127.0.0.1 - - [17/Sep/2026 02:43:35] "GET /__bsuk_pending_image__/0.webp HTTP/1.1" 404 -
[WebServer] 127.0.0.1 - - [17/Sep/2026 02:43:36] "GET /images/what-health-tests-blue-staffies-need.webp HTTP/1.1" 200 -
[WebServer] 127.0.0.1 - - [17/Sep/2026 02:43:36] "GET /images/blue-staffy-puppies-uk-litter1-760.webp HTTP/1.1" 200 -
[WebServer] 127.0.0.1 - - [17/Sep/2026 02:43:36] "GET /images/blue-staffy-puppy-vet-check-uk-760.webp HTTP/1.1" 200 -
[WebServer] 127.0.0.1 - - [17/Sep/2026 02:43:36] "GET /images/find-health-certified-staffy-breeders-uk.webp HTTP/1.1" 200 -
[WebServer] 127.0.0.1 - - [17/Sep/2026 02:43:36] "GET /images/what-to-feed-new-blue-staffy-puppy.webp HTTP/1.1" 200 -
[WebServer] 127.0.0.1 - - [17/Sep/2026 02:43:36] "GET /images/puppy-vaccinations-uk.webp HTTP/1.1" 200 -
[WebServer] 127.0.0.1 - - [17/Sep/2026 02:43:36] "GET /images/kc-registered-staffy-puppies.webp HTTP/1.1" 200 -
[WebServer] 127.0.0.1 - - [17/Sep/2026 02:43:36] "GET /images/maggie-blue-staffy-dam-with-pups-760.webp HTTP/1.1" 200 -
  ✘  16 [vp768] › tests/render/pages.spec.ts:109:3 › uk-staffordshire-bull-terrier-guide (9.6s)
[freshness] dist/ is current (newest: dist/robots.txt)
[WebServer] 127.0.0.1 - - [17/Sep/2026 02:43:39] "GET /blue-staffy-health-uk/ HTTP/1.1" 200 -
[WebServer] 127.0.0.1 - - [17/Sep/2026 02:43:39] "GET /images/blue-staffy-uk-header-logo-88.webp HTTP/1.1" 200 -
[WebServer] 127.0.0.1 - - [17/Sep/2026 02:43:40] code 404, message File not found
[WebServer] 127.0.0.1 - - [17/Sep/2026 02:43:40] "GET /__bsuk_pending_image__/0.webp HTTP/1.1" 404 -
[WebServer] 127.0.0.1 - - [17/Sep/2026 02:43:40] "GET /images/blue-staffy-puppy-vet-check-uk.webp HTTP/1.1" 200 -
[WebServer] 127.0.0.1 - - [17/Sep/2026 02:43:40] "GET /images/find-health-certified-staffy-breeders-uk.webp HTTP/1.1" 200 -
[WebServer] 127.0.0.1 - - [17/Sep/2026 02:43:40] "GET /images/what-to-feed-new-blue-staffy-puppy.webp HTTP/1.1" 200 -
[WebServer] 127.0.0.1 - - [17/Sep/2026 02:43:40] "GET /images/blue-staffy-puppies-uk-litter1.webp HTTP/1.1" 200 -
[WebServer] 127.0.0.1 - - [17/Sep/2026 02:43:40] "GET /images/what-health-tests-blue-staffies-need.webp HTTP/1.1" 200 -
[WebServer] 127.0.0.1 - - [17/Sep/2026 02:43:40] "GET /images/puppy-vaccinations-uk.webp HTTP/1.1" 200 -
[WebServer] 127.0.0.1 - - [17/Sep/2026 02:43:40] "GET /images/kc-registered-staffy-puppies.webp HTTP/1.1" 200 -
[WebServer] 127.0.0.1 - - [17/Sep/2026 02:43:40] "GET /images/maggie-blue-staffy-dam-with-pups.webp HTTP/1.1" 200 -
  ✘  17 [vp375] › tests/render/pages.spec.ts:109:3 › blue-staffy-health-uk (7.1s)
[freshness] dist/ is current (newest: dist/robots.txt)
[WebServer] 127.0.0.1 - - [17/Sep/2026 02:43:43] "GET /blue-staffy-uk-breeders/ HTTP/1.1" 200 -
[WebServer] 127.0.0.1 - - [17/Sep/2026 02:43:43] "GET /images/blue-staffy-uk-header-logo-88.webp HTTP/1.1" 200 -
[WebServer] 127.0.0.1 - - [17/Sep/2026 02:43:43] "GET /images/family-friendly-blue-staffy-glasgow.webp HTTP/1.1" 200 -
[WebServer] 127.0.0.1 - - [17/Sep/2026 02:43:44] code 404, message File not found
[WebServer] 127.0.0.1 - - [17/Sep/2026 02:43:44] "GET /__bsuk_pending_image__/0.webp HTTP/1.1" 404 -
[WebServer] 127.0.0.1 - - [17/Sep/2026 02:43:44] "GET /images/bluestaffyuk-nationwide-delivery-760.webp HTTP/1.1" 200 -
[WebServer] 127.0.0.1 - - [17/Sep/2026 02:43:44] "GET /images/trusted-uk-breeders-blue-staffy-family.webp HTTP/1.1" 200 -
[WebServer] 127.0.0.1 - - [17/Sep/2026 02:43:44] "GET /images/breeder-sitting-blue-staffy-puppy-home.webp HTTP/1.1" 200 -
[WebServer] 127.0.0.1 - - [17/Sep/2026 02:43:44] "GET /images/blue-staffy-family-dog-uk.webp HTTP/1.1" 200 -
[WebServer] 127.0.0.1 - - [17/Sep/2026 02:43:44] "GET /images/testimonial-david-southampton-staffy-pup.webp HTTP/1.1" 200 -
[WebServer] 127.0.0.1 - - [17/Sep/2026 02:43:44] "GET /images/playful-blue-staffy-lawn-uk-760.webp HTTP/1.1" 200 -
  ✘  18 [vp768] › tests/render/pages.spec.ts:109:3 › blue-staffy-health-uk (7.3s)
[freshness] dist/ is current (newest: dist/robots.txt)
[WebServer] 127.0.0.1 - - [17/Sep/2026 02:43:48] "GET /blue-staffy-uk-breeders/ HTTP/1.1" 200 -
[WebServer] 127.0.0.1 - - [17/Sep/2026 02:43:48] "GET /images/blue-staffy-uk-header-logo-88.webp HTTP/1.1" 200 -
[WebServer] 127.0.0.1 - - [17/Sep/2026 02:43:48] "GET /images/family-friendly-blue-staffy-glasgow.webp HTTP/1.1" 200 -
[WebServer] 127.0.0.1 - - [17/Sep/2026 02:43:49] code 404, message File not found
[WebServer] 127.0.0.1 - - [17/Sep/2026 02:43:49] "GET /__bsuk_pending_image__/0.webp HTTP/1.1" 404 -
[WebServer] 127.0.0.1 - - [17/Sep/2026 02:43:49] "GET /images/testimonial-david-southampton-staffy-pup.webp HTTP/1.1" 200 -
[WebServer] 127.0.0.1 - - [17/Sep/2026 02:43:49] "GET /images/blue-staffy-family-dog-uk.webp HTTP/1.1" 200 -
[WebServer] 127.0.0.1 - - [17/Sep/2026 02:43:49] "GET /images/trusted-uk-breeders-blue-staffy-family.webp HTTP/1.1" 200 -
[WebServer] 127.0.0.1 - - [17/Sep/2026 02:43:49] "GET /images/playful-blue-staffy-lawn-uk.webp HTTP/1.1" 200 -
[WebServer] 127.0.0.1 - - [17/Sep/2026 02:43:49] "GET /images/breeder-sitting-blue-staffy-puppy-home.webp HTTP/1.1" 200 -
[WebServer] 127.0.0.1 - - [17/Sep/2026 02:43:49] "GET /images/bluestaffyuk-nationwide-delivery.webp HTTP/1.1" 200 -
  ✘  19 [vp375] › tests/render/pages.spec.ts:109:3 › blue-staffy-uk-breeders (6.9s)
[freshness] dist/ is current (newest: dist/robots.txt)
[WebServer] 127.0.0.1 - - [17/Sep/2026 02:43:51] "GET /uk-blue-staffy-breeders-contact/ HTTP/1.1" 200 -
[WebServer] 127.0.0.1 - - [17/Sep/2026 02:43:51] "GET /images/blue-staffy-uk-header-logo-88.webp HTTP/1.1" 200 -
[WebServer] 127.0.0.1 - - [17/Sep/2026 02:43:51] "GET /images/uk-blue-staffy-breeders-contact-form-support.webp HTTP/1.1" 200 -
[WebServer] 127.0.0.1 - - [17/Sep/2026 02:43:52] code 404, message File not found
[WebServer] 127.0.0.1 - - [17/Sep/2026 02:43:52] "GET /__bsuk_pending_image__/1.webp HTTP/1.1" 404 -
[WebServer] 127.0.0.1 - - [17/Sep/2026 02:43:52] code 404, message File not found
[WebServer] 127.0.0.1 - - [17/Sep/2026 02:43:52] "GET /__bsuk_pending_image__/0.webp HTTP/1.1" 404 -
  ✘  20 [vp768] › tests/render/pages.spec.ts:109:3 › blue-staffy-uk-breeders (7.5s)
  ✓  21 [vp375] › tests/render/pages.spec.ts:109:3 › uk-blue-staffy-breeders-contact (4.3s)
[WebServer] 127.0.0.1 - - [17/Sep/2026 02:43:56] "GET /privacy-policy-uk/ HTTP/1.1" 200 -
[WebServer] 127.0.0.1 - - [17/Sep/2026 02:43:56] "GET /images/blue-staffy-uk-header-logo-88.webp HTTP/1.1" 200 -
[WebServer] 127.0.0.1 - - [17/Sep/2026 02:43:56] "GET /images/privacy-policy-staffy-silhouette-bluestaffyuk.webp HTTP/1.1" 200 -
[WebServer] 127.0.0.1 - - [17/Sep/2026 02:43:56] "GET /images/blue-staffy-privacy-policy-info-discussion.webp HTTP/1.1" 200 -
[freshness] dist/ is current (newest: dist/robots.txt)
[WebServer] 127.0.0.1 - - [17/Sep/2026 02:43:56] code 404, message File not found
[WebServer] 127.0.0.1 - - [17/Sep/2026 02:43:56] "GET /__bsuk_pending_image__/0.webp HTTP/1.1" 404 -
[WebServer] 127.0.0.1 - - [17/Sep/2026 02:43:56] "GET /images/breeder-sitting-blue-staffy-puppy-home.webp HTTP/1.1" 200 -
[WebServer] 127.0.0.1 - - [17/Sep/2026 02:43:56] "GET /uk-blue-staffy-breeders-contact/ HTTP/1.1" 200 -
[WebServer] 127.0.0.1 - - [17/Sep/2026 02:43:56] "GET /images/blue-staffy-uk-header-logo-88.webp HTTP/1.1" 200 -
[WebServer] 127.0.0.1 - - [17/Sep/2026 02:43:56] "GET /images/uk-blue-staffy-breeders-contact-form-support.webp HTTP/1.1" 200 -
[WebServer] 127.0.0.1 - - [17/Sep/2026 02:43:57] code 404, message File not found
[WebServer] 127.0.0.1 - - [17/Sep/2026 02:43:57] "GET /__bsuk_pending_image__/1.webp HTTP/1.1" 404 -
[WebServer] 127.0.0.1 - - [17/Sep/2026 02:43:57] code 404, message File not found
[WebServer] 127.0.0.1 - - [17/Sep/2026 02:43:57] "GET /__bsuk_pending_image__/0.webp HTTP/1.1" 404 -
  ✓  23 [vp768] › tests/render/pages.spec.ts:109:3 › uk-blue-staffy-breeders-contact (3.7s)
[WebServer] 127.0.0.1 - - [17/Sep/2026 02:44:00] "GET /privacy-policy-uk/ HTTP/1.1" 200 -
[WebServer] 127.0.0.1 - - [17/Sep/2026 02:44:00] "GET /images/blue-staffy-uk-header-logo-88.webp HTTP/1.1" 200 -
[WebServer] 127.0.0.1 - - [17/Sep/2026 02:44:00] "GET /images/privacy-policy-staffy-silhouette-bluestaffyuk.webp HTTP/1.1" 200 -
[WebServer] 127.0.0.1 - - [17/Sep/2026 02:44:00] "GET /images/blue-staffy-privacy-policy-info-discussion.webp HTTP/1.1" 200 -
  ✘  22 [vp375] › tests/render/pages.spec.ts:109:3 › privacy-policy-uk (4.5s)
[WebServer] 127.0.0.1 - - [17/Sep/2026 02:44:01] code 404, message File not found
[WebServer] 127.0.0.1 - - [17/Sep/2026 02:44:01] "GET /__bsuk_pending_image__/0.webp HTTP/1.1" 404 -
[WebServer] 127.0.0.1 - - [17/Sep/2026 02:44:01] "GET /images/breeder-sitting-blue-staffy-puppy-home.webp HTTP/1.1" 200 -
[freshness] dist/ is current (newest: dist/robots.txt)
[WebServer] 127.0.0.1 - - [17/Sep/2026 02:44:01] "GET /uk-locations/ HTTP/1.1" 200 -
[WebServer] 127.0.0.1 - - [17/Sep/2026 02:44:01] "GET /images/blue-staffy-uk-header-logo-88.webp HTTP/1.1" 200 -
[WebServer] 127.0.0.1 - - [17/Sep/2026 02:44:02] code 404, message File not found
[WebServer] 127.0.0.1 - - [17/Sep/2026 02:44:02] "GET /__bsuk_pending_image__/0.webp HTTP/1.1" 404 -
  ✘  24 [vp768] › tests/render/pages.spec.ts:109:3 › privacy-policy-uk (4.6s)
  ✘  25 [vp375] › tests/render/pages.spec.ts:109:3 › uk-locations (3.8s)
[freshness] dist/ is current (newest: dist/robots.txt)
[WebServer] 127.0.0.1 - - [17/Sep/2026 02:44:06] "GET /uk-locations/ HTTP/1.1" 200 -
[WebServer] 127.0.0.1 - - [17/Sep/2026 02:44:06] "GET /images/blue-staffy-uk-header-logo-88.webp HTTP/1.1" 200 -
[freshness] dist/ is current (newest: dist/robots.txt)
[WebServer] 127.0.0.1 - - [17/Sep/2026 02:44:07] "GET /uk-locations/blue-staffy-puppies-birmingham/ HTTP/1.1" 200 -
[WebServer] 127.0.0.1 - - [17/Sep/2026 02:44:07] "GET /images/blue-staffy-uk-header-logo-88.webp HTTP/1.1" 200 -
[WebServer] 127.0.0.1 - - [17/Sep/2026 02:44:07] code 404, message File not found
[WebServer] 127.0.0.1 - - [17/Sep/2026 02:44:07] "GET /__bsuk_pending_image__/0.webp HTTP/1.1" 404 -
[WebServer] 127.0.0.1 - - [17/Sep/2026 02:44:07] code 404, message File not found
[WebServer] 127.0.0.1 - - [17/Sep/2026 02:44:07] "GET /__bsuk_pending_image__/0.webp HTTP/1.1" 404 -
  ✘  26 [vp768] › tests/render/pages.spec.ts:109:3 › uk-locations (3.7s)
  ✘  27 [vp375] › tests/render/pages.spec.ts:109:3 › uk-locations/blue-staffy-puppies-birmingham (3.4s)
[freshness] dist/ is current (newest: dist/robots.txt)
[WebServer] 127.0.0.1 - - [17/Sep/2026 02:44:11] "GET /uk-locations/blue-staffy-puppies-birmingham/ HTTP/1.1" 200 -
[WebServer] 127.0.0.1 - - [17/Sep/2026 02:44:11] "GET /images/blue-staffy-uk-header-logo-88.webp HTTP/1.1" 200 -
[freshness] dist/ is current (newest: dist/robots.txt)
[WebServer] 127.0.0.1 - - [17/Sep/2026 02:44:12] "GET /uk-locations/blue-staffy-puppies-uk/ HTTP/1.1" 200 -
[WebServer] 127.0.0.1 - - [17/Sep/2026 02:44:12] "GET /images/blue-staffy-uk-header-logo-88.webp HTTP/1.1" 200 -
[WebServer] 127.0.0.1 - - [17/Sep/2026 02:44:12] code 404, message File not found
[WebServer] 127.0.0.1 - - [17/Sep/2026 02:44:12] "GET /__bsuk_pending_image__/0.webp HTTP/1.1" 404 -
[WebServer] 127.0.0.1 - - [17/Sep/2026 02:44:12] "GET /images/blue-staffy-puppies-near-me-uk-available.webp HTTP/1.1" 200 -
[WebServer] 127.0.0.1 - - [17/Sep/2026 02:44:12] "GET /images/bluestaffyuk-nationwide-delivery-760.webp HTTP/1.1" 200 -
[WebServer] 127.0.0.1 - - [17/Sep/2026 02:44:12] "GET /images/blue-staffy-uk-map-city-overview-1.webp HTTP/1.1" 200 -
[WebServer] 127.0.0.1 - - [17/Sep/2026 02:44:12] code 404, message File not found
[WebServer] 127.0.0.1 - - [17/Sep/2026 02:44:12] "GET /__bsuk_pending_image__/1.webp HTTP/1.1" 404 -
[WebServer] 127.0.0.1 - - [17/Sep/2026 02:44:12] code 404, message File not found
[WebServer] 127.0.0.1 - - [17/Sep/2026 02:44:12] "GET /__bsuk_pending_image__/0.webp HTTP/1.1" 404 -
[WebServer] 127.0.0.1 - - [17/Sep/2026 02:44:12] "GET /images/blue-staffy-puppy-delivery-uk-760.webp HTTP/1.1" 200 -
[WebServer] 127.0.0.1 - - [17/Sep/2026 02:44:12] "GET /images/buy-blue-staffy-puppy-uk-ethical-purchase-760.webp HTTP/1.1" 200 -
[WebServer] 127.0.0.1 - - [17/Sep/2026 02:44:12] "GET /images/dedicated-blue-staffy-pup-care-glasgow.webp HTTP/1.1" 200 -
[WebServer] 127.0.0.1 - - [17/Sep/2026 02:44:12] "GET /images/bluestaffyuk-puppy-delivery-cornwall.webp HTTP/1.1" 200 -
[WebServer] 127.0.0.1 - - [17/Sep/2026 02:44:12] "GET /images/family-friendly-blue-staffy-glasgow.webp HTTP/1.1" 200 -
[WebServer] 127.0.0.1 - - [17/Sep/2026 02:44:12] "GET /images/maggie-blue-staffy-dam-with-pups-760.webp HTTP/1.1" 200 -
[WebServer] 127.0.0.1 - - [17/Sep/2026 02:44:12] "GET /images/reputable-blue-staffy-breeder-manchester-pup.webp HTTP/1.1" 200 -
[WebServer] 127.0.0.1 - - [17/Sep/2026 02:44:12] "GET /images/ethical-staffy-puppy-london-delivery.webp HTTP/1.1" 200 -
  ✘  28 [vp768] › tests/render/pages.spec.ts:109:3 › uk-locations/blue-staffy-puppies-birmingham (3.4s)
[freshness] dist/ is current (newest: dist/robots.txt)
[WebServer] 127.0.0.1 - - [17/Sep/2026 02:44:15] "GET /uk-locations/blue-staffy-puppies-uk/ HTTP/1.1" 200 -
[WebServer] 127.0.0.1 - - [17/Sep/2026 02:44:16] "GET /images/blue-staffy-uk-header-logo-88.webp HTTP/1.1" 200 -
[WebServer] 127.0.0.1 - - [17/Sep/2026 02:44:16] "GET /images/blue-staffy-puppies-near-me-uk-available.webp HTTP/1.1" 200 -
[WebServer] 127.0.0.1 - - [17/Sep/2026 02:44:16] "GET /images/bluestaffyuk-nationwide-delivery.webp HTTP/1.1" 200 -
[WebServer] 127.0.0.1 - - [17/Sep/2026 02:44:16] code 404, message File not found
[WebServer] 127.0.0.1 - - [17/Sep/2026 02:44:16] "GET /__bsuk_pending_image__/1.webp HTTP/1.1" 404 -
[WebServer] 127.0.0.1 - - [17/Sep/2026 02:44:16] code 404, message File not found
[WebServer] 127.0.0.1 - - [17/Sep/2026 02:44:16] "GET /__bsuk_pending_image__/0.webp HTTP/1.1" 404 -
[WebServer] 127.0.0.1 - - [17/Sep/2026 02:44:16] "GET /images/blue-staffy-uk-map-city-overview-1.webp HTTP/1.1" 200 -
[WebServer] 127.0.0.1 - - [17/Sep/2026 02:44:16] "GET /images/blue-staffy-puppy-delivery-uk.webp HTTP/1.1" 200 -
[WebServer] 127.0.0.1 - - [17/Sep/2026 02:44:16] "GET /images/dedicated-blue-staffy-pup-care-glasgow.webp HTTP/1.1" 200 -
[WebServer] 127.0.0.1 - - [17/Sep/2026 02:44:16] "GET /images/family-friendly-blue-staffy-glasgow.webp HTTP/1.1" 200 -
[WebServer] 127.0.0.1 - - [17/Sep/2026 02:44:16] "GET /images/buy-blue-staffy-puppy-uk-ethical-purchase.webp HTTP/1.1" 200 -
[WebServer] 127.0.0.1 - - [17/Sep/2026 02:44:16] "GET /images/maggie-blue-staffy-dam-with-pups.webp HTTP/1.1" 200 -
[WebServer] 127.0.0.1 - - [17/Sep/2026 02:44:16] "GET /images/bluestaffyuk-puppy-delivery-cornwall.webp HTTP/1.1" 200 -
[WebServer] 127.0.0.1 - - [17/Sep/2026 02:44:16] "GET /images/reputable-blue-staffy-breeder-manchester-pup.webp HTTP/1.1" 200 -
[WebServer] 127.0.0.1 - - [17/Sep/2026 02:44:16] "GET /images/ethical-staffy-puppy-london-delivery.webp HTTP/1.1" 200 -
  ✘  29 [vp375] › tests/render/pages.spec.ts:109:3 › uk-locations/blue-staffy-puppies-uk (7.1s)
[freshness] dist/ is current (newest: dist/robots.txt)
[WebServer] 127.0.0.1 - - [17/Sep/2026 02:44:20] "GET /blue-staffy-blog-guides/ HTTP/1.1" 200 -
[WebServer] 127.0.0.1 - - [17/Sep/2026 02:44:20] "GET /images/blue-staffy-uk-header-logo-88.webp HTTP/1.1" 200 -
[WebServer] 127.0.0.1 - - [17/Sep/2026 02:44:20] code 404, message File not found
[WebServer] 127.0.0.1 - - [17/Sep/2026 02:44:20] "GET /__bsuk_pending_image__/0.webp HTTP/1.1" 404 -
  ✘  31 [vp375] › tests/render/pages.spec.ts:109:3 › blue-staffy-blog-guides (3.5s)
  ✘  30 [vp768] › tests/render/pages.spec.ts:109:3 › uk-locations/blue-staffy-puppies-uk (7.8s)
[freshness] dist/ is current (newest: dist/robots.txt)
[freshness] dist/ is current (newest: dist/robots.txt)
[WebServer] 127.0.0.1 - - [17/Sep/2026 02:44:25] "GET /blog/ HTTP/1.1" 200 -
[WebServer] 127.0.0.1 - - [17/Sep/2026 02:44:25] "GET /blue-staffy-blog-guides/ HTTP/1.1" 200 -
[WebServer] 127.0.0.1 - - [17/Sep/2026 02:44:25] "GET /images/blue-staffy-uk-header-logo-88.webp HTTP/1.1" 200 -
[WebServer] 127.0.0.1 - - [17/Sep/2026 02:44:25] "GET /images/blue-staffy-uk-header-logo-88.webp HTTP/1.1" 200 -
[WebServer] 127.0.0.1 - - [17/Sep/2026 02:44:25] code 404, message File not found
[WebServer] 127.0.0.1 - - [17/Sep/2026 02:44:25] "GET /__bsuk_pending_image__/0.webp HTTP/1.1" 404 -
[WebServer] 127.0.0.1 - - [17/Sep/2026 02:44:25] code 404, message File not found
[WebServer] 127.0.0.1 - - [17/Sep/2026 02:44:25] "GET /__bsuk_pending_image__/0.webp HTTP/1.1" 404 -
  ✘  33 [vp768] › tests/render/pages.spec.ts:109:3 › blue-staffy-blog-guides (3.7s)
  ✘  32 [vp375] › tests/render/pages.spec.ts:109:3 › blog (3.8s)
[freshness] dist/ is current (newest: dist/robots.txt)
[freshness] dist/ is current (newest: dist/robots.txt)
[WebServer] 127.0.0.1 - - [17/Sep/2026 02:44:30] "GET /blog/ HTTP/1.1" 200 -
[WebServer] 127.0.0.1 - - [17/Sep/2026 02:44:30] "GET /images/blue-staffy-uk-header-logo-88.webp HTTP/1.1" 200 -
[WebServer] 127.0.0.1 - - [17/Sep/2026 02:44:30] "GET / HTTP/1.1" 200 -
[WebServer] 127.0.0.1 - - [17/Sep/2026 02:44:30] "GET /images/kc-registered-blue-staffy-pups-london.webp HTTP/1.1" 200 -
[WebServer] 127.0.0.1 - - [17/Sep/2026 02:44:30] "GET /images/blue-staffy-uk-header-logo-88.webp HTTP/1.1" 200 -
[WebServer] 127.0.0.1 - - [17/Sep/2026 02:44:30] "GET /videos/playful-blue-staffy-puppies-uk.mp4 HTTP/1.1" 200 -
[WebServer] 127.0.0.1 - - [17/Sep/2026 02:44:30] "GET /images/blue-staffy-puppy-for-sale-uk.webp HTTP/1.1" 200 -
[WebServer] 127.0.0.1 - - [17/Sep/2026 02:44:30] code 404, message File not found
[WebServer] 127.0.0.1 - - [17/Sep/2026 02:44:30] "GET /__bsuk_pending_image__/0.webp HTTP/1.1" 404 -
[WebServer] 127.0.0.1 - - [17/Sep/2026 02:44:31] code 404, message File not found
[WebServer] 127.0.0.1 - - [17/Sep/2026 02:44:31] "GET /__bsuk_pending_image__/0.webp HTTP/1.1" 404 -
[WebServer] 127.0.0.1 - - [17/Sep/2026 02:44:31] "GET /images/buy-staffy-health-guarantee-uk-760.webp HTTP/1.1" 200 -
[WebServer] 127.0.0.1 - - [17/Sep/2026 02:44:31] "GET /images/kc-staffy-puppies-for-rehoming-uk.webp HTTP/1.1" 200 -
[WebServer] 127.0.0.1 - - [17/Sep/2026 02:44:31] "GET /images/playful-blue-staffy-lawn-uk-760.webp HTTP/1.1" 200 -
[WebServer] 127.0.0.1 - - [17/Sep/2026 02:44:31] "GET /images/healthy-staffy-breed-guide-1.webp HTTP/1.1" 200 -
[WebServer] 127.0.0.1 - - [17/Sep/2026 02:44:31] "GET /images/victoria-family-blue-staffy-manchester.webp HTTP/1.1" 200 -
[WebServer] 127.0.0.1 - - [17/Sep/2026 02:44:31] "GET /images/mark-blue-staffy-london.webp HTTP/1.1" 200 -
[WebServer] 127.0.0.1 - - [17/Sep/2026 02:44:31] "GET /images/playful-staffy-puppies-uk-sale.webp HTTP/1.1" 200 -
[WebServer] 127.0.0.1 - - [17/Sep/2026 02:44:31] "GET /images/maggie-blue-staffy-dam-with-pups-760.webp HTTP/1.1" 200 -
[WebServer] 127.0.0.1 - - [17/Sep/2026 02:44:31] "GET /images/blue-staffy-family-dog-uk.webp HTTP/1.1" 200 -
[WebServer] 127.0.0.1 - - [17/Sep/2026 02:44:31] "GET /images/blue-staffy-puppy-vet-check-uk-760.webp HTTP/1.1" 200 -
[WebServer] 127.0.0.1 - - [17/Sep/2026 02:44:31] "GET /images/bluestaffyuk-nationwide-delivery-760.webp HTTP/1.1" 200 -
[WebServer] 127.0.0.1 - - [17/Sep/2026 02:44:31] "GET /images/blue-staffy-puppy-delivery-uk-760.webp HTTP/1.1" 200 -
[WebServer] 127.0.0.1 - - [17/Sep/2026 02:44:31] "GET /images/puppies/roman-card-800.webp HTTP/1.1" 200 -
[WebServer] 127.0.0.1 - - [17/Sep/2026 02:44:31] "GET /images/puppies/byrd-card-800.webp HTTP/1.1" 200 -
[WebServer] 127.0.0.1 - - [17/Sep/2026 02:44:31] "GET /images/puppies/ince-card-800.webp HTTP/1.1" 200 -
[WebServer] 127.0.0.1 - - [17/Sep/2026 02:44:31] "GET /images/puppies/vennie-card-800.webp HTTP/1.1" 200 -
[WebServer] 127.0.0.1 - - [17/Sep/2026 02:44:31] "GET /images/puppies/christa-card-800.webp HTTP/1.1" 200 -
[WebServer] 127.0.0.1 - - [17/Sep/2026 02:44:31] "GET /images/puppies/cheryl-card-800.webp HTTP/1.1" 200 -
  ✘  35 [vp768] › tests/render/pages.spec.ts:109:3 › blog (3.7s)
[WebServer] ----------------------------------------
[WebServer] Exception occurred during processing of request from ('127.0.0.1', 60540)
[WebServer] Traceback (most recent call last):
[WebServer]   File "/Library/Developer/CommandLineTools/Library/Frameworks/Python3.framework/Versions/3.9/lib/python3.9/socketserver.py", line 683, in process_request_thread
[WebServer]     self.finish_request(request, client_address)
[WebServer]   File "/Library/Developer/CommandLineTools/Library/Frameworks/Python3.framework/Versions/3.9/lib/python3.9/socketserver.py", line 360, in finish_request
[WebServer]     self.RequestHandlerClass(request, client_address, self)
[WebServer]   File "/Library/Developer/CommandLineTools/Library/Frameworks/Python3.framework/Versions/3.9/lib/python3.9/http/server.py", line 660, in __init__
[WebServer]     super().__init__(*args, **kwargs)
[WebServer]   File "/Library/Developer/CommandLineTools/Library/Frameworks/Python3.framework/Versions/3.9/lib/python3.9/socketserver.py", line 747, in __init__
[WebServer]     self.handle()
[WebServer]   File "/Library/Developer/CommandLineTools/Library/Frameworks/Python3.framework/Versions/3.9/lib/python3.9/http/server.py", line 434, in handle
[WebServer]     self.handle_one_request()
[WebServer]   File "/Library/Developer/CommandLineTools/Library/Frameworks/Python3.framework/Versions/3.9/lib/python3.9/http/server.py", line 422, in handle_one_request
[WebServer]     method()
[WebServer]   File "/Library/Developer/CommandLineTools/Library/Frameworks/Python3.framework/Versions/3.9/lib/python3.9/http/server.py", line 667, in do_GET
[WebServer]     self.copyfile(f, self.wfile)
[WebServer]   File "/Library/Developer/CommandLineTools/Library/Frameworks/Python3.framework/Versions/3.9/lib/python3.9/http/server.py", line 867, in copyfile
[WebServer]     shutil.copyfileobj(source, outputfile)
[WebServer]   File "/Library/Developer/CommandLineTools/Library/Frameworks/Python3.framework/Versions/3.9/lib/python3.9/shutil.py", line 208, in copyfileobj
[WebServer]     fdst_write(buf)
[WebServer]   File "/Library/Developer/CommandLineTools/Library/Frameworks/Python3.framework/Versions/3.9/lib/python3.9/socketserver.py", line 826, in write
[WebServer]     self._sock.sendall(b)
[WebServer] BrokenPipeError: [Errno 32] Broken pipe
[WebServer] ----------------------------------------
[WebServer] 127.0.0.1 - - [17/Sep/2026 02:44:41] "GET /videos/playful-blue-staffy-puppies-uk.mp4 HTTP/1.1" 200 -
[WebServer] ----------------------------------------
[WebServer] Exception occurred during processing of request from ('127.0.0.1', 60569)
[WebServer] Traceback (most recent call last):
[WebServer]   File "/Library/Developer/CommandLineTools/Library/Frameworks/Python3.framework/Versions/3.9/lib/python3.9/socketserver.py", line 683, in process_request_thread
[WebServer]     self.finish_request(request, client_address)
[WebServer]   File "/Library/Developer/CommandLineTools/Library/Frameworks/Python3.framework/Versions/3.9/lib/python3.9/socketserver.py", line 360, in finish_request
[WebServer]     self.RequestHandlerClass(request, client_address, self)
[WebServer]   File "/Library/Developer/CommandLineTools/Library/Frameworks/Python3.framework/Versions/3.9/lib/python3.9/http/server.py", line 660, in __init__
[WebServer]     super().__init__(*args, **kwargs)
[WebServer]   File "/Library/Developer/CommandLineTools/Library/Frameworks/Python3.framework/Versions/3.9/lib/python3.9/socketserver.py", line 747, in __init__
[WebServer]     self.handle()
[WebServer]   File "/Library/Developer/CommandLineTools/Library/Frameworks/Python3.framework/Versions/3.9/lib/python3.9/http/server.py", line 434, in handle
[WebServer]     self.handle_one_request()
[WebServer]   File "/Library/Developer/CommandLineTools/Library/Frameworks/Python3.framework/Versions/3.9/lib/python3.9/http/server.py", line 422, in handle_one_request
[WebServer]     method()
[WebServer]   File "/Library/Developer/CommandLineTools/Library/Frameworks/Python3.framework/Versions/3.9/lib/python3.9/http/server.py", line 667, in do_GET
[WebServer]     self.copyfile(f, self.wfile)
[WebServer]   File "/Library/Developer/CommandLineTools/Library/Frameworks/Python3.framework/Versions/3.9/lib/python3.9/http/server.py", line 867, in copyfile
[WebServer]     shutil.copyfileobj(source, outputfile)
[WebServer]   File "/Library/Developer/CommandLineTools/Library/Frameworks/Python3.framework/Versions/3.9/lib/python3.9/shutil.py", line 208, in copyfileobj
[WebServer]     fdst_write(buf)
[WebServer]   File "/Library/Developer/CommandLineTools/Library/Frameworks/Python3.framework/Versions/3.9/lib/python3.9/socketserver.py", line 826, in write
[WebServer]     self._sock.sendall(b)
[WebServer] BrokenPipeError: [Errno 32] Broken pipe
[WebServer] ----------------------------------------
  ✘  34 [vp1280] › tests/render/pages.spec.ts:109:3 › index (11.3s)
[freshness] dist/ is current (newest: dist/robots.txt)
[WebServer] 127.0.0.1 - - [17/Sep/2026 02:44:42] "GET /buy-blue-staffy-puppies-uk/ HTTP/1.1" 200 -
[WebServer] 127.0.0.1 - - [17/Sep/2026 02:44:42] "GET /images/blue-staffy-uk-header-logo-88.webp HTTP/1.1" 200 -
[WebServer] 127.0.0.1 - - [17/Sep/2026 02:44:42] "GET /images/blue-staffy-puppies-uk-litter1.webp HTTP/1.1" 200 -
[WebServer] 127.0.0.1 - - [17/Sep/2026 02:44:42] "GET /videos/best-blue-staffy-puppies-uk.mp4 HTTP/1.1" 200 -
[WebServer] 127.0.0.1 - - [17/Sep/2026 02:44:43] code 404, message File not found
[WebServer] 127.0.0.1 - - [17/Sep/2026 02:44:43] "GET /__bsuk_pending_image__/0.webp HTTP/1.1" 404 -
[WebServer] 127.0.0.1 - - [17/Sep/2026 02:44:43] "GET /images/staffordshire-bull-terrier-for-sale-uk-ready-760.webp HTTP/1.1" 200 -
[WebServer] 127.0.0.1 - - [17/Sep/2026 02:44:43] "GET /images/uk-blue-staffy-breeders-trust-760.webp HTTP/1.1" 200 -
[WebServer] 127.0.0.1 - - [17/Sep/2026 02:44:43] "GET /images/buy-staffordshire-bull-terrier-uk-now-760.webp HTTP/1.1" 200 -
[WebServer] 127.0.0.1 - - [17/Sep/2026 02:44:43] "GET /images/blue-staffy-pups-near-you-760.webp HTTP/1.1" 200 -
[WebServer] 127.0.0.1 - - [17/Sep/2026 02:44:43] "GET /images/blue-staffy-testimonial-london-happy-owner.webp HTTP/1.1" 200 -
[WebServer] 127.0.0.1 - - [17/Sep/2026 02:44:43] "GET /images/blue-staffy-puppy-delivery-uk-760.webp HTTP/1.1" 200 -
[WebServer] 127.0.0.1 - - [17/Sep/2026 02:44:43] "GET /images/puppies/roman-card-800.webp HTTP/1.1" 200 -
[WebServer] 127.0.0.1 - - [17/Sep/2026 02:44:43] "GET /images/blue-staffy-puppy-testimonial-cardiff-daniel.webp HTTP/1.1" 200 -
[WebServer] 127.0.0.1 - - [17/Sep/2026 02:44:43] "GET /images/puppies/byrd-card-800.webp HTTP/1.1" 200 -
[WebServer] 127.0.0.1 - - [17/Sep/2026 02:44:43] "GET /images/puppies/ince-card-800.webp HTTP/1.1" 200 -
[WebServer] 127.0.0.1 - - [17/Sep/2026 02:44:43] "GET /images/puppies/vennie-card-800.webp HTTP/1.1" 200 -
[WebServer] 127.0.0.1 - - [17/Sep/2026 02:44:43] "GET /images/puppies/christa-card-800.webp HTTP/1.1" 200 -
[WebServer] 127.0.0.1 - - [17/Sep/2026 02:44:43] "GET /images/puppies/cheryl-card-800.webp HTTP/1.1" 200 -
[WebServer] 127.0.0.1 - - [17/Sep/2026 02:44:51] "GET /videos/best-blue-staffy-puppies-uk.mp4 HTTP/1.1" 200 -
[WebServer] ----------------------------------------
[WebServer] Exception occurred during processing of request from ('127.0.0.1', 60588)
[WebServer] Traceback (most recent call last):
[WebServer]   File "/Library/Developer/CommandLineTools/Library/Frameworks/Python3.framework/Versions/3.9/lib/python3.9/socketserver.py", line 683, in process_request_thread
[WebServer]     self.finish_request(request, client_address)
[WebServer]   File "/Library/Developer/CommandLineTools/Library/Frameworks/Python3.framework/Versions/3.9/lib/python3.9/socketserver.py", line 360, in finish_request
[WebServer]     self.RequestHandlerClass(request, client_address, self)
[WebServer]   File "/Library/Developer/CommandLineTools/Library/Frameworks/Python3.framework/Versions/3.9/lib/python3.9/http/server.py", line 660, in __init__
[WebServer]     super().__init__(*args, **kwargs)
[WebServer]   File "/Library/Developer/CommandLineTools/Library/Frameworks/Python3.framework/Versions/3.9/lib/python3.9/socketserver.py", line 747, in __init__
[WebServer]     self.handle()
[WebServer]   File "/Library/Developer/CommandLineTools/Library/Frameworks/Python3.framework/Versions/3.9/lib/python3.9/http/server.py", line 434, in handle
[WebServer]     self.handle_one_request()
[WebServer]   File "/Library/Developer/CommandLineTools/Library/Frameworks/Python3.framework/Versions/3.9/lib/python3.9/http/server.py", line 422, in handle_one_request
[WebServer]     method()
[WebServer]   File "/Library/Developer/CommandLineTools/Library/Frameworks/Python3.framework/Versions/3.9/lib/python3.9/http/server.py", line 667, in do_GET
[WebServer]     self.copyfile(f, self.wfile)
[WebServer]   File "/Library/Developer/CommandLineTools/Library/Frameworks/Python3.framework/Versions/3.9/lib/python3.9/http/server.py", line 867, in copyfile
[WebServer]     shutil.copyfileobj(source, outputfile)
[WebServer]   File "/Library/Developer/CommandLineTools/Library/Frameworks/Python3.framework/Versions/3.9/lib/python3.9/shutil.py", line 208, in copyfileobj
[WebServer]     fdst_write(buf)
[WebServer]   File "/Library/Developer/CommandLineTools/Library/Frameworks/Python3.framework/Versions/3.9/lib/python3.9/socketserver.py", line 826, in write
[WebServer]     self._sock.sendall(b)
[WebServer] BrokenPipeError: [Errno 32] Broken pipe
[WebServer] ----------------------------------------
  ✘  36 [vp1280] › tests/render/pages.spec.ts:109:3 › buy-blue-staffy-puppies-uk (9.2s)
[freshness] dist/ is current (newest: dist/robots.txt)
[WebServer] 127.0.0.1 - - [17/Sep/2026 02:44:52] "GET /blue-staffy-pup-sale-uk/ HTTP/1.1" 200 -
[WebServer] 127.0.0.1 - - [17/Sep/2026 02:44:52] "GET /images/blue-staffy-uk-header-logo-88.webp HTTP/1.1" 200 -
[WebServer] 127.0.0.1 - - [17/Sep/2026 02:44:53] code 404, message File not found
[WebServer] 127.0.0.1 - - [17/Sep/2026 02:44:53] "GET /__bsuk_pending_image__/0.webp HTTP/1.1" 404 -
[WebServer] 127.0.0.1 - - [17/Sep/2026 02:44:53] "GET /images/buy-staffordshire-bull-terrier-uk-now-760.webp HTTP/1.1" 200 -
[WebServer] 127.0.0.1 - - [17/Sep/2026 02:44:53] "GET /images/blue-staffy-testimonial-london-happy-owner.webp HTTP/1.1" 200 -
[WebServer] 127.0.0.1 - - [17/Sep/2026 02:44:53] "GET /images/maggie-blue-staffy-dam-with-pups-760.webp HTTP/1.1" 200 -
[WebServer] 127.0.0.1 - - [17/Sep/2026 02:44:53] "GET /images/mark-blue-staffy-london.webp HTTP/1.1" 200 -
[WebServer] 127.0.0.1 - - [17/Sep/2026 02:44:53] "GET /images/bluestaffyuk-nationwide-delivery-760.webp HTTP/1.1" 200 -
  ✘  37 [vp1280] › tests/render/pages.spec.ts:109:3 › blue-staffy-pup-sale-uk (6.6s)
[freshness] dist/ is current (newest: dist/robots.txt)
[WebServer] 127.0.0.1 - - [17/Sep/2026 02:45:00] "GET /buy-staffy-puppies-for-sale-uk/ HTTP/1.1" 200 -
[WebServer] 127.0.0.1 - - [17/Sep/2026 02:45:00] "GET /images/blue-staffy-uk-header-logo-88.webp HTTP/1.1" 200 -
[WebServer] 127.0.0.1 - - [17/Sep/2026 02:45:01] code 404, message File not found
[WebServer] 127.0.0.1 - - [17/Sep/2026 02:45:01] "GET /__bsuk_pending_image__/0.webp HTTP/1.1" 404 -
[WebServer] 127.0.0.1 - - [17/Sep/2026 02:45:01] "GET /images/avoid-staffordshire-bull-terrier-temperament-problems-bluestaffyuk.webp HTTP/1.1" 200 -
[WebServer] 127.0.0.1 - - [17/Sep/2026 02:45:01] "GET /images/buy-staffy-puppies-for-sale-uk-bluestaffyuk.webp HTTP/1.1" 200 -
[WebServer] 127.0.0.1 - - [17/Sep/2026 02:45:01] "GET /images/best-blue-staffy-breeder-reviews-puppy-for-sale-uk.webp HTTP/1.1" 200 -
[WebServer] 127.0.0.1 - - [17/Sep/2026 02:45:01] "GET /images/kennel-club-assured-breeder-vs-others-bluestaffyuk.webp HTTP/1.1" 200 -
[WebServer] 127.0.0.1 - - [17/Sep/2026 02:45:01] "GET /images/trusted-blue-staffy-breeder-reviews-satisfied-owners.webp HTTP/1.1" 200 -
[WebServer] 127.0.0.1 - - [17/Sep/2026 02:45:01] "GET /images/healthy-staffy-puppy-for-sale-uk.webp HTTP/1.1" 200 -
[WebServer] 127.0.0.1 - - [17/Sep/2026 02:45:01] "GET /images/english-blue-staffy-for-sale-puppy.webp HTTP/1.1" 200 -
[WebServer] 127.0.0.1 - - [17/Sep/2026 02:45:01] "GET /images/staffy-puppies-norwich-for-sale-uk.webp HTTP/1.1" 200 -
[WebServer] 127.0.0.1 - - [17/Sep/2026 02:45:01] "GET /images/vet-checked-blue-staffy-puppy-near-me.webp HTTP/1.1" 200 -
[WebServer] 127.0.0.1 - - [17/Sep/2026 02:45:01] "GET /images/local-blue-staffy-breeders-near-me-uk.webp HTTP/1.1" 200 -
[WebServer] 127.0.0.1 - - [17/Sep/2026 02:45:01] "GET /images/premium-staffy-puppy-for-sale-in-the-uk-ready-now.webp HTTP/1.1" 200 -
[WebServer] 127.0.0.1 - - [17/Sep/2026 02:45:01] "GET /images/affordable-vs-premium-blue-staffy-breeders-comparison.webp HTTP/1.1" 200 -
[WebServer] 127.0.0.1 - - [17/Sep/2026 02:45:01] "GET /images/blue-staffy-bully-puppies-for-sale-uk-kc-certified.webp HTTP/1.1" 200 -
  ✘  38 [vp1280] › tests/render/pages.spec.ts:109:3 › buy-staffy-puppies-for-sale-uk (10.3s)
[freshness] dist/ is current (newest: dist/robots.txt)
[WebServer] 127.0.0.1 - - [17/Sep/2026 02:45:11] "GET /available-puppies/roman/ HTTP/1.1" 200 -
[WebServer] 127.0.0.1 - - [17/Sep/2026 02:45:11] "GET /images/puppies/roman-portrait-4x5.webp HTTP/1.1" 200 -
[WebServer] 127.0.0.1 - - [17/Sep/2026 02:45:11] "GET /images/blue-staffy-uk-header-logo-88.webp HTTP/1.1" 200 -
[WebServer] 127.0.0.1 - - [17/Sep/2026 02:45:11] "GET /images/puppies/roman-roman1-760.webp HTTP/1.1" 200 -
[WebServer] 127.0.0.1 - - [17/Sep/2026 02:45:11] "GET /images/puppies/roman-roman2-760.webp HTTP/1.1" 200 -
[WebServer] 127.0.0.1 - - [17/Sep/2026 02:45:11] code 404, message File not found
[WebServer] 127.0.0.1 - - [17/Sep/2026 02:45:11] "GET /__bsuk_pending_image__/1.webp HTTP/1.1" 404 -
[WebServer] 127.0.0.1 - - [17/Sep/2026 02:45:11] code 404, message File not found
[WebServer] 127.0.0.1 - - [17/Sep/2026 02:45:11] "GET /__bsuk_pending_image__/0.webp HTTP/1.1" 404 -
  ✘  39 [vp1280] › tests/render/pages.spec.ts:109:3 › available-puppies/roman (3.3s)
[freshness] dist/ is current (newest: dist/robots.txt)
[WebServer] 127.0.0.1 - - [17/Sep/2026 02:45:15] "GET /available-puppies/ HTTP/1.1" 200 -
[WebServer] 127.0.0.1 - - [17/Sep/2026 02:45:15] "GET /images/blue-staffy-uk-header-logo-88.webp HTTP/1.1" 200 -
[WebServer] 127.0.0.1 - - [17/Sep/2026 02:45:15] "GET /images/puppies/roman-card-800.webp HTTP/1.1" 200 -
[WebServer] 127.0.0.1 - - [17/Sep/2026 02:45:15] "GET /images/puppies/byrd-card-800.webp HTTP/1.1" 200 -
[WebServer] 127.0.0.1 - - [17/Sep/2026 02:45:15] "GET /images/puppies/ince-card-800.webp HTTP/1.1" 200 -
[WebServer] 127.0.0.1 - - [17/Sep/2026 02:45:15] "GET /images/puppies/vennie-card-800.webp HTTP/1.1" 200 -
[WebServer] 127.0.0.1 - - [17/Sep/2026 02:45:15] "GET /images/puppies/christa-card-800.webp HTTP/1.1" 200 -
[WebServer] 127.0.0.1 - - [17/Sep/2026 02:45:15] "GET /images/puppies/cheryl-card-800.webp HTTP/1.1" 200 -
[WebServer] 127.0.0.1 - - [17/Sep/2026 02:45:16] code 404, message File not found
[WebServer] 127.0.0.1 - - [17/Sep/2026 02:45:16] "GET /__bsuk_pending_image__/0.webp HTTP/1.1" 404 -
[WebServer] 127.0.0.1 - - [17/Sep/2026 02:45:16] code 404, message File not found
[WebServer] 127.0.0.1 - - [17/Sep/2026 02:45:16] "GET /__bsuk_pending_image__/1.webp HTTP/1.1" 404 -
[WebServer] 127.0.0.1 - - [17/Sep/2026 02:45:16] code 404, message File not found
[WebServer] 127.0.0.1 - - [17/Sep/2026 02:45:16] "GET /__bsuk_pending_image__/2.webp HTTP/1.1" 404 -
[WebServer] 127.0.0.1 - - [17/Sep/2026 02:45:16] code 404, message File not found
[WebServer] 127.0.0.1 - - [17/Sep/2026 02:45:16] "GET /__bsuk_pending_image__/3.webp HTTP/1.1" 404 -
[WebServer] 127.0.0.1 - - [17/Sep/2026 02:45:16] code 404, message File not found
[WebServer] 127.0.0.1 - - [17/Sep/2026 02:45:16] "GET /__bsuk_pending_image__/4.webp HTTP/1.1" 404 -
[WebServer] 127.0.0.1 - - [17/Sep/2026 02:45:16] code 404, message File not found
[WebServer] 127.0.0.1 - - [17/Sep/2026 02:45:16] "GET /__bsuk_pending_image__/5.webp HTTP/1.1" 404 -
[WebServer] 127.0.0.1 - - [17/Sep/2026 02:45:16] code 404, message File not found
[WebServer] 127.0.0.1 - - [17/Sep/2026 02:45:16] "GET /__bsuk_pending_image__/6.webp HTTP/1.1" 404 -
  ✘  40 [vp1280] › tests/render/pages.spec.ts:109:3 › available-puppies (3.4s)
[freshness] dist/ is current (newest: dist/robots.txt)
[WebServer] 127.0.0.1 - - [17/Sep/2026 02:45:20] "GET /uk-blue-staffy-puppy-buying-guide/ HTTP/1.1" 200 -
[WebServer] 127.0.0.1 - - [17/Sep/2026 02:45:20] "GET /images/blue-staffy-uk-header-logo-88.webp HTTP/1.1" 200 -
[WebServer] 127.0.0.1 - - [17/Sep/2026 02:45:21] code 404, message File not found
[WebServer] 127.0.0.1 - - [17/Sep/2026 02:45:21] "GET /__bsuk_pending_image__/0.webp HTTP/1.1" 404 -
[WebServer] 127.0.0.1 - - [17/Sep/2026 02:45:21] "GET /images/purebred-blue-male-staffy-available-for-rehoming.webp HTTP/1.1" 200 -
[WebServer] 127.0.0.1 - - [17/Sep/2026 02:45:21] "GET /images/how-to-buy-blue-staffy-puppy-uk-steps1.webp HTTP/1.1" 200 -
[WebServer] 127.0.0.1 - - [17/Sep/2026 02:45:21] "GET /images/pros-and-cons-of-owning-a-blue-staffy-uk.webp HTTP/1.1" 200 -
[WebServer] 127.0.0.1 - - [17/Sep/2026 02:45:21] "GET /images/blue-staffy-vet-check.webp HTTP/1.1" 200 -
[WebServer] 127.0.0.1 - - [17/Sep/2026 02:45:21] "GET /images/blue-staffy-health-prioritising-wellbeing.webp HTTP/1.1" 200 -
[WebServer] 127.0.0.1 - - [17/Sep/2026 02:45:21] "GET /images/blue-staffy-uk-reviews-owner-testimonials.webp HTTP/1.1" 200 -
[WebServer] 127.0.0.1 - - [17/Sep/2026 02:45:21] "GET /images/blue-staffy-research.webp HTTP/1.1" 200 -
[WebServer] 127.0.0.1 - - [17/Sep/2026 02:45:21] "GET /images/1blue-staffy-family-breeder.webp HTTP/1.1" 200 -
[WebServer] 127.0.0.1 - - [17/Sep/2026 02:45:21] "GET /images/1blue-staffy-socialisation-checklist.webp HTTP/1.1" 200 -
[WebServer] 127.0.0.1 - - [17/Sep/2026 02:45:21] "GET /images/blue-staffy-training-socialisation.webp HTTP/1.1" 200 -
[WebServer] 127.0.0.1 - - [17/Sep/2026 02:45:21] "GET /images/blue-staffy-puppy-preparation.webp HTTP/1.1" 200 -
[WebServer] 127.0.0.1 - - [17/Sep/2026 02:45:21] "GET /images/defra-pet-transport-process.webp HTTP/1.1" 200 -
[WebServer] 127.0.0.1 - - [17/Sep/2026 02:45:21] "GET /images/uk-family-blue-staffy.webp HTTP/1.1" 200 -
[WebServer] 127.0.0.1 - - [17/Sep/2026 02:45:21] "GET /images/bluestaffyuk-nationwide-infographic.webp HTTP/1.1" 200 -
[WebServer] 127.0.0.1 - - [17/Sep/2026 02:45:21] "GET /images/healthy-blue-staffy-pups-for-sale-certified.webp HTTP/1.1" 200 -
[WebServer] 127.0.0.1 - - [17/Sep/2026 02:45:21] "GET /images/blue-staffy-adoption-vs-buying-infographic.webp HTTP/1.1" 200 -
[WebServer] 127.0.0.1 - - [17/Sep/2026 02:45:21] "GET /images/ready-to-welcome-blue-staffy-infographic.webp HTTP/1.1" 200 -
  ✘  41 [vp1280] › tests/render/pages.spec.ts:109:3 › uk-blue-staffy-puppy-buying-guide (12.0s)
[freshness] dist/ is current (newest: dist/robots.txt)
[WebServer] 127.0.0.1 - - [17/Sep/2026 02:45:33] "GET /uk-staffordshire-bull-terrier-guide/ HTTP/1.1" 200 -
[WebServer] 127.0.0.1 - - [17/Sep/2026 02:45:33] "GET /images/blue-staffy-uk-header-logo-88.webp HTTP/1.1" 200 -
[WebServer] 127.0.0.1 - - [17/Sep/2026 02:45:34] code 404, message File not found
[WebServer] 127.0.0.1 - - [17/Sep/2026 02:45:34] "GET /__bsuk_pending_image__/0.webp HTTP/1.1" 404 -
[WebServer] 127.0.0.1 - - [17/Sep/2026 02:45:34] "GET /images/comprehensive-uk-staffordshire-bull-terrier-guide-book.webp HTTP/1.1" 200 -
[WebServer] 127.0.0.1 - - [17/Sep/2026 02:45:34] "GET /images/blue-staffy-puppy-for-sale-uk.webp HTTP/1.1" 200 -
[WebServer] 127.0.0.1 - - [17/Sep/2026 02:45:34] "GET /images/sbt-history-heritage-from-pit-to-pet.webp HTTP/1.1" 200 -
[WebServer] 127.0.0.1 - - [17/Sep/2026 02:45:34] "GET /images/find-health-certified-staffy-breeders-uk.webp HTTP/1.1" 200 -
[WebServer] 127.0.0.1 - - [17/Sep/2026 02:45:34] "GET /images/true-cost-of-a-staffy-lifetime-budget-planning.webp HTTP/1.1" 200 -
[WebServer] 127.0.0.1 - - [17/Sep/2026 02:45:34] "GET /images/sbt-uk-legal-status-public-perception.webp HTTP/1.1" 200 -
[WebServer] 127.0.0.1 - - [17/Sep/2026 02:45:34] "GET /images/kc-registered-staffy-puppies.webp HTTP/1.1" 200 -
[WebServer] 127.0.0.1 - - [17/Sep/2026 02:45:34] "GET /images/busting-common-staffy-myths-loving-family-dog.webp HTTP/1.1" 200 -
[WebServer] 127.0.0.1 - - [17/Sep/2026 02:45:34] "GET /images/staffordshire-bull-terrier-vs-american-bully-comparison.webp HTTP/1.1" 200 -
[WebServer] 127.0.0.1 - - [17/Sep/2026 02:45:34] "GET /images/dedicated-blue-staffy-pup-care-glasgow.webp HTTP/1.1" 200 -
  ✘  42 [vp1280] › tests/render/pages.spec.ts:109:3 › uk-staffordshire-bull-terrier-guide (9.9s)
[freshness] dist/ is current (newest: dist/robots.txt)
[WebServer] 127.0.0.1 - - [17/Sep/2026 02:45:43] "GET /blue-staffy-health-uk/ HTTP/1.1" 200 -
[WebServer] 127.0.0.1 - - [17/Sep/2026 02:45:43] "GET /images/blue-staffy-uk-header-logo-88.webp HTTP/1.1" 200 -
[WebServer] 127.0.0.1 - - [17/Sep/2026 02:45:44] code 404, message File not found
[WebServer] 127.0.0.1 - - [17/Sep/2026 02:45:44] "GET /__bsuk_pending_image__/0.webp HTTP/1.1" 404 -
[WebServer] 127.0.0.1 - - [17/Sep/2026 02:45:44] "GET /images/blue-staffy-puppies-uk-litter1-760.webp HTTP/1.1" 200 -
[WebServer] 127.0.0.1 - - [17/Sep/2026 02:45:44] "GET /images/what-health-tests-blue-staffies-need.webp HTTP/1.1" 200 -
[WebServer] 127.0.0.1 - - [17/Sep/2026 02:45:44] "GET /images/find-health-certified-staffy-breeders-uk.webp HTTP/1.1" 200 -
[WebServer] 127.0.0.1 - - [17/Sep/2026 02:45:44] "GET /images/blue-staffy-puppy-vet-check-uk-760.webp HTTP/1.1" 200 -
[WebServer] 127.0.0.1 - - [17/Sep/2026 02:45:44] "GET /images/what-to-feed-new-blue-staffy-puppy.webp HTTP/1.1" 200 -
[WebServer] 127.0.0.1 - - [17/Sep/2026 02:45:44] "GET /images/puppy-vaccinations-uk.webp HTTP/1.1" 200 -
[WebServer] 127.0.0.1 - - [17/Sep/2026 02:45:44] "GET /images/maggie-blue-staffy-dam-with-pups-760.webp HTTP/1.1" 200 -
[WebServer] 127.0.0.1 - - [17/Sep/2026 02:45:44] "GET /images/kc-registered-staffy-puppies.webp HTTP/1.1" 200 -
  ✘  43 [vp1280] › tests/render/pages.spec.ts:109:3 › blue-staffy-health-uk (7.7s)
[freshness] dist/ is current (newest: dist/robots.txt)
[WebServer] 127.0.0.1 - - [17/Sep/2026 02:45:52] "GET /blue-staffy-uk-breeders/ HTTP/1.1" 200 -
[WebServer] 127.0.0.1 - - [17/Sep/2026 02:45:52] "GET /images/blue-staffy-uk-header-logo-88.webp HTTP/1.1" 200 -
[WebServer] 127.0.0.1 - - [17/Sep/2026 02:45:52] "GET /images/family-friendly-blue-staffy-glasgow.webp HTTP/1.1" 200 -
[WebServer] 127.0.0.1 - - [17/Sep/2026 02:45:54] code 404, message File not found
[WebServer] 127.0.0.1 - - [17/Sep/2026 02:45:54] "GET /__bsuk_pending_image__/0.webp HTTP/1.1" 404 -
[WebServer] 127.0.0.1 - - [17/Sep/2026 02:45:54] "GET /images/playful-blue-staffy-lawn-uk-760.webp HTTP/1.1" 200 -
[WebServer] 127.0.0.1 - - [17/Sep/2026 02:45:54] "GET /images/blue-staffy-family-dog-uk.webp HTTP/1.1" 200 -
[WebServer] 127.0.0.1 - - [17/Sep/2026 02:45:54] "GET /images/trusted-uk-breeders-blue-staffy-family.webp HTTP/1.1" 200 -
[WebServer] 127.0.0.1 - - [17/Sep/2026 02:45:54] "GET /images/testimonial-david-southampton-staffy-pup.webp HTTP/1.1" 200 -
[WebServer] 127.0.0.1 - - [17/Sep/2026 02:45:54] "GET /images/bluestaffyuk-nationwide-delivery-760.webp HTTP/1.1" 200 -
[WebServer] 127.0.0.1 - - [17/Sep/2026 02:45:54] "GET /images/breeder-sitting-blue-staffy-puppy-home.webp HTTP/1.1" 200 -
  ✘  44 [vp1280] › tests/render/pages.spec.ts:109:3 › blue-staffy-uk-breeders (7.8s)
[freshness] dist/ is current (newest: dist/robots.txt)
[WebServer] 127.0.0.1 - - [17/Sep/2026 02:46:01] "GET /uk-blue-staffy-breeders-contact/ HTTP/1.1" 200 -
[WebServer] 127.0.0.1 - - [17/Sep/2026 02:46:01] "GET /images/blue-staffy-uk-header-logo-88.webp HTTP/1.1" 200 -
[WebServer] 127.0.0.1 - - [17/Sep/2026 02:46:01] "GET /images/uk-blue-staffy-breeders-contact-form-support.webp HTTP/1.1" 200 -
[WebServer] 127.0.0.1 - - [17/Sep/2026 02:46:01] code 404, message File not found
[WebServer] 127.0.0.1 - - [17/Sep/2026 02:46:01] "GET /__bsuk_pending_image__/1.webp HTTP/1.1" 404 -
[WebServer] 127.0.0.1 - - [17/Sep/2026 02:46:01] code 404, message File not found
[WebServer] 127.0.0.1 - - [17/Sep/2026 02:46:01] "GET /__bsuk_pending_image__/0.webp HTTP/1.1" 404 -
  ✓  45 [vp1280] › tests/render/pages.spec.ts:109:3 › uk-blue-staffy-breeders-contact (3.7s)
[WebServer] 127.0.0.1 - - [17/Sep/2026 02:46:04] "GET /privacy-policy-uk/ HTTP/1.1" 200 -
[WebServer] 127.0.0.1 - - [17/Sep/2026 02:46:04] "GET /images/blue-staffy-uk-header-logo-88.webp HTTP/1.1" 200 -
[WebServer] 127.0.0.1 - - [17/Sep/2026 02:46:04] "GET /images/privacy-policy-staffy-silhouette-bluestaffyuk.webp HTTP/1.1" 200 -
[WebServer] 127.0.0.1 - - [17/Sep/2026 02:46:04] "GET /images/blue-staffy-privacy-policy-info-discussion.webp HTTP/1.1" 200 -
[WebServer] 127.0.0.1 - - [17/Sep/2026 02:46:05] code 404, message File not found
[WebServer] 127.0.0.1 - - [17/Sep/2026 02:46:05] "GET /__bsuk_pending_image__/0.webp HTTP/1.1" 404 -
[WebServer] 127.0.0.1 - - [17/Sep/2026 02:46:05] "GET /images/breeder-sitting-blue-staffy-puppy-home.webp HTTP/1.1" 200 -
  ✘  46 [vp1280] › tests/render/pages.spec.ts:109:3 › privacy-policy-uk (5.0s)
[freshness] dist/ is current (newest: dist/robots.txt)
[WebServer] 127.0.0.1 - - [17/Sep/2026 02:46:10] "GET /uk-locations/ HTTP/1.1" 200 -
[WebServer] 127.0.0.1 - - [17/Sep/2026 02:46:10] "GET /images/blue-staffy-uk-header-logo-88.webp HTTP/1.1" 200 -
[WebServer] 127.0.0.1 - - [17/Sep/2026 02:46:11] code 404, message File not found
[WebServer] 127.0.0.1 - - [17/Sep/2026 02:46:11] "GET /__bsuk_pending_image__/0.webp HTTP/1.1" 404 -
  ✘  47 [vp1280] › tests/render/pages.spec.ts:109:3 › uk-locations (3.3s)
[freshness] dist/ is current (newest: dist/robots.txt)
[WebServer] 127.0.0.1 - - [17/Sep/2026 02:46:15] "GET /uk-locations/blue-staffy-puppies-birmingham/ HTTP/1.1" 200 -
[WebServer] 127.0.0.1 - - [17/Sep/2026 02:46:15] "GET /images/blue-staffy-uk-header-logo-88.webp HTTP/1.1" 200 -
[WebServer] 127.0.0.1 - - [17/Sep/2026 02:46:15] code 404, message File not found
[WebServer] 127.0.0.1 - - [17/Sep/2026 02:46:15] "GET /__bsuk_pending_image__/0.webp HTTP/1.1" 404 -
  ✘  48 [vp1280] › tests/render/pages.spec.ts:109:3 › uk-locations/blue-staffy-puppies-birmingham (3.0s)
[freshness] dist/ is current (newest: dist/robots.txt)
[WebServer] 127.0.0.1 - - [17/Sep/2026 02:46:19] "GET /uk-locations/blue-staffy-puppies-uk/ HTTP/1.1" 200 -
[WebServer] 127.0.0.1 - - [17/Sep/2026 02:46:19] "GET /images/blue-staffy-uk-header-logo-88.webp HTTP/1.1" 200 -
[WebServer] 127.0.0.1 - - [17/Sep/2026 02:46:19] "GET /images/blue-staffy-puppies-near-me-uk-available.webp HTTP/1.1" 200 -
[WebServer] 127.0.0.1 - - [17/Sep/2026 02:46:19] "GET /images/bluestaffyuk-nationwide-delivery-760.webp HTTP/1.1" 200 -
[WebServer] 127.0.0.1 - - [17/Sep/2026 02:46:19] code 404, message File not found
[WebServer] 127.0.0.1 - - [17/Sep/2026 02:46:19] code 404, message File not found
[WebServer] 127.0.0.1 - - [17/Sep/2026 02:46:19] "GET /__bsuk_pending_image__/0.webp HTTP/1.1" 404 -
[WebServer] 127.0.0.1 - - [17/Sep/2026 02:46:19] "GET /__bsuk_pending_image__/1.webp HTTP/1.1" 404 -
[WebServer] 127.0.0.1 - - [17/Sep/2026 02:46:19] "GET /images/blue-staffy-uk-map-city-overview-1.webp HTTP/1.1" 200 -
[WebServer] 127.0.0.1 - - [17/Sep/2026 02:46:19] "GET /images/dedicated-blue-staffy-pup-care-glasgow.webp HTTP/1.1" 200 -
[WebServer] 127.0.0.1 - - [17/Sep/2026 02:46:19] "GET /images/maggie-blue-staffy-dam-with-pups-760.webp HTTP/1.1" 200 -
[WebServer] 127.0.0.1 - - [17/Sep/2026 02:46:19] "GET /images/family-friendly-blue-staffy-glasgow.webp HTTP/1.1" 200 -
[WebServer] 127.0.0.1 - - [17/Sep/2026 02:46:19] "GET /images/blue-staffy-puppy-delivery-uk-760.webp HTTP/1.1" 200 -
[WebServer] 127.0.0.1 - - [17/Sep/2026 02:46:19] "GET /images/buy-blue-staffy-puppy-uk-ethical-purchase-760.webp HTTP/1.1" 200 -
[WebServer] 127.0.0.1 - - [17/Sep/2026 02:46:19] "GET /images/reputable-blue-staffy-breeder-manchester-pup.webp HTTP/1.1" 200 -
[WebServer] 127.0.0.1 - - [17/Sep/2026 02:46:19] "GET /images/bluestaffyuk-puppy-delivery-cornwall.webp HTTP/1.1" 200 -
[WebServer] 127.0.0.1 - - [17/Sep/2026 02:46:19] "GET /images/ethical-staffy-puppy-london-delivery.webp HTTP/1.1" 200 -
  ✘  49 [vp1280] › tests/render/pages.spec.ts:109:3 › uk-locations/blue-staffy-puppies-uk (8.5s)
[freshness] dist/ is current (newest: dist/robots.txt)
[WebServer] 127.0.0.1 - - [17/Sep/2026 02:46:28] "GET /blue-staffy-blog-guides/ HTTP/1.1" 200 -
[WebServer] 127.0.0.1 - - [17/Sep/2026 02:46:28] "GET /images/blue-staffy-uk-header-logo-88.webp HTTP/1.1" 200 -
[WebServer] 127.0.0.1 - - [17/Sep/2026 02:46:29] code 404, message File not found
[WebServer] 127.0.0.1 - - [17/Sep/2026 02:46:29] "GET /__bsuk_pending_image__/0.webp HTTP/1.1" 404 -
  ✘  50 [vp1280] › tests/render/pages.spec.ts:109:3 › blue-staffy-blog-guides (3.3s)
[freshness] dist/ is current (newest: dist/robots.txt)
[WebServer] 127.0.0.1 - - [17/Sep/2026 02:46:32] "GET /blog/ HTTP/1.1" 200 -
[WebServer] 127.0.0.1 - - [17/Sep/2026 02:46:32] "GET /images/blue-staffy-uk-header-logo-88.webp HTTP/1.1" 200 -
[WebServer] 127.0.0.1 - - [17/Sep/2026 02:46:33] code 404, message File not found
[WebServer] 127.0.0.1 - - [17/Sep/2026 02:46:33] "GET /__bsuk_pending_image__/0.webp HTTP/1.1" 404 -
  ✘  51 [vp1280] › tests/render/pages.spec.ts:109:3 › blog (3.3s)


  1) [vp375] › tests/render/pages.spec.ts:109:3 › index ────────────────────────────────────────────

    Error: index @ 375px

    [2mexpect([22m[31mreceived[39m[2m).[22mtoEqual[2m([22m[32mexpected[39m[2m) // deep equality[22m

    [32m- Expected  - 1[39m
    [31m+ Received  + 4[39m

    [32m- Array [][39m
    [31m+ Array [[39m
    [31m+   "[IMG] 6 oversized image(s): roman-card-800.webp natural=800 painted=325 2.46x | byrd-card-800.webp natural=800 painted=325 2.46x | ince-card-800.webp natural=800 painted=325 2.46x | vennie-card-800.webp natural=800 painted=325 2.46x | christa-card-800.webp natural=800 painted=325 2.46x | cheryl-card-800.webp natural=800 painted=325 2.46x",[39m
    [31m+   "[NAV] 1 of 3 in-page links land outside 113-181px (measured chrome 121px = header:121) — no single page-level cause identified; first: #Our-Blue-Staffies@3941px",[39m
    [31m+ ][39m

      168 |       blocking.map((d) => `[${d.family}] ${d.message}`),
      169 |       `${target.slug} @ ${viewport}px`,
    > 170 |     ).toEqual([]);
          |       ^
      171 |   });
      172 | }
      173 |
        at /Users/apple/Downloads/BSUK/tests/render/pages.spec.ts:170:7

    Error Context: test-results/pages-index-vp375/error-context.md

  2) [vp375] › tests/render/pages.spec.ts:109:3 › buy-blue-staffy-puppies-uk ───────────────────────

    Error: buy-blue-staffy-puppies-uk @ 375px

    [2mexpect([22m[31mreceived[39m[2m).[22mtoEqual[2m([22m[32mexpected[39m[2m) // deep equality[22m

    [32m- Expected  - 1[39m
    [31m+ Received  + 4[39m

    [32m- Array [][39m
    [31m+ Array [[39m
    [31m+   "[IMG] 6 oversized image(s): roman-card-800.webp natural=800 painted=325 2.46x | byrd-card-800.webp natural=800 painted=325 2.46x | ince-card-800.webp natural=800 painted=325 2.46x | vennie-card-800.webp natural=800 painted=325 2.46x | christa-card-800.webp natural=800 painted=325 2.46x | cheryl-card-800.webp natural=800 painted=325 2.46x",[39m
    [31m+   "[NAV] 2 of 3 in-page links land outside 113-181px (measured chrome 121px = header:121) — no single page-level cause identified; first: #get-staffy@1715px, #contact-now@30738px",[39m
    [31m+ ][39m

      168 |       blocking.map((d) => `[${d.family}] ${d.message}`),
      169 |       `${target.slug} @ ${viewport}px`,
    > 170 |     ).toEqual([]);
          |       ^
      171 |   });
      172 | }
      173 |
        at /Users/apple/Downloads/BSUK/tests/render/pages.spec.ts:170:7

    Error Context: test-results/pages-buy-blue-staffy-puppies-uk-vp375/error-context.md

  3) [vp375] › tests/render/pages.spec.ts:109:3 › available-puppies/roman ──────────────────────────

    Error: available-puppies/roman @ 375px

    [2mexpect([22m[31mreceived[39m[2m).[22mtoEqual[2m([22m[32mexpected[39m[2m) // deep equality[22m

    [32m- Expected  - 1[39m
    [31m+ Received  + 4[39m

    [32m- Array [][39m
    [31m+ Array [[39m
    [31m+   "[IMG] 1 oversized image(s): roman-portrait-4x5.webp natural=800 painted=327 2.45x",[39m
    [31m+   "[SCHEMA] no dateModified in any of the 4 JSON-LD block(s) — scripts/generate_page_dates.py feeds this",[39m
    [31m+ ][39m

      168 |       blocking.map((d) => `[${d.family}] ${d.message}`),
      169 |       `${target.slug} @ ${viewport}px`,
    > 170 |     ).toEqual([]);
          |       ^
      171 |   });
      172 | }
      173 |
        at /Users/apple/Downloads/BSUK/tests/render/pages.spec.ts:170:7

    Error Context: test-results/pages-available-puppies-roman-vp375/error-context.md

  4) [vp375] › tests/render/pages.spec.ts:109:3 › available-puppies ────────────────────────────────

    Error: available-puppies @ 375px

    [2mexpect([22m[31mreceived[39m[2m).[22mtoEqual[2m([22m[32mexpected[39m[2m) // deep equality[22m

    [32m- Expected  - 1[39m
    [31m+ Received  + 5[39m

    [32m- Array [][39m
    [31m+ Array [[39m
    [31m+   "[IMG] 6 oversized image(s): roman-card-800.webp natural=800 painted=325 2.46x | byrd-card-800.webp natural=800 painted=325 2.46x | ince-card-800.webp natural=800 painted=325 2.46x | vennie-card-800.webp natural=800 painted=325 2.46x | christa-card-800.webp natural=800 painted=325 2.46x | cheryl-card-800.webp natural=800 painted=325 2.46x",[39m
    [31m+   "[SEM] 1 skipped heading level(s): H1→H3 at \"Roman\"",[39m
    [31m+   "[SCHEMA] no dateModified in any of the 3 JSON-LD block(s) — scripts/generate_page_dates.py feeds this",[39m
    [31m+ ][39m

      168 |       blocking.map((d) => `[${d.family}] ${d.message}`),
      169 |       `${target.slug} @ ${viewport}px`,
    > 170 |     ).toEqual([]);
          |       ^
      171 |   });
      172 | }
      173 |
        at /Users/apple/Downloads/BSUK/tests/render/pages.spec.ts:170:7

    Error Context: test-results/pages-available-puppies-vp375/error-context.md

  5) [vp375] › tests/render/pages.spec.ts:109:3 › uk-blue-staffy-puppy-buying-guide ────────────────

    Error: uk-blue-staffy-puppy-buying-guide @ 375px

    [2mexpect([22m[31mreceived[39m[2m).[22mtoEqual[2m([22m[32mexpected[39m[2m) // deep equality[22m

    [32m- Expected  - 1[39m
    [31m+ Received  + 3[39m

    [32m- Array [][39m
    [31m+ Array [[39m
    [31m+   "[SEM] 1 skipped heading level(s): H2→H4 at \"Preparing Your Home Checklist\"",[39m
    [31m+ ][39m

      168 |       blocking.map((d) => `[${d.family}] ${d.message}`),
      169 |       `${target.slug} @ ${viewport}px`,
    > 170 |     ).toEqual([]);
          |       ^
      171 |   });
      172 | }
      173 |
        at /Users/apple/Downloads/BSUK/tests/render/pages.spec.ts:170:7

    Error Context: test-results/pages-uk-blue-staffy-puppy-buying-guide-vp375/error-context.md

  6) [vp375] › tests/render/pages.spec.ts:109:3 › uk-staffordshire-bull-terrier-guide ──────────────

    Error: uk-staffordshire-bull-terrier-guide @ 375px

    [2mexpect([22m[31mreceived[39m[2m).[22mtoEqual[2m([22m[32mexpected[39m[2m) // deep equality[22m

    [32m- Expected  - 1[39m
    [31m+ Received  + 3[39m

    [32m- Array [][39m
    [31m+ Array [[39m
    [31m+   "[NAV] 1 of 2 in-page links land outside 113-181px (measured chrome 121px = header:121) — no single page-level cause identified; first: #Staffy-sales@3210px",[39m
    [31m+ ][39m

      168 |       blocking.map((d) => `[${d.family}] ${d.message}`),
      169 |       `${target.slug} @ ${viewport}px`,
    > 170 |     ).toEqual([]);
          |       ^
      171 |   });
      172 | }
      173 |
        at /Users/apple/Downloads/BSUK/tests/render/pages.spec.ts:170:7

    Error Context: test-results/pages-uk-staffordshire-bull-terrier-guide-vp375/error-context.md

  7) [vp375] › tests/render/pages.spec.ts:109:3 › blue-staffy-health-uk ────────────────────────────

    Error: blue-staffy-health-uk @ 375px

    [2mexpect([22m[31mreceived[39m[2m).[22mtoEqual[2m([22m[32mexpected[39m[2m) // deep equality[22m

    [32m- Expected  - 1[39m
    [31m+ Received  + 3[39m

    [32m- Array [][39m
    [31m+ Array [[39m
    [31m+   "[NAV] 1 of 2 in-page links land outside 113-181px (measured chrome 121px = header:121) — no single page-level cause identified; first: #Staffy-sale@4426px",[39m
    [31m+ ][39m

      168 |       blocking.map((d) => `[${d.family}] ${d.message}`),
      169 |       `${target.slug} @ ${viewport}px`,
    > 170 |     ).toEqual([]);
          |       ^
      171 |   });
      172 | }
      173 |
        at /Users/apple/Downloads/BSUK/tests/render/pages.spec.ts:170:7

    Error Context: test-results/pages-blue-staffy-health-uk-vp375/error-context.md

  8) [vp375] › tests/render/pages.spec.ts:109:3 › blue-staffy-uk-breeders ──────────────────────────

    Error: blue-staffy-uk-breeders @ 375px

    [2mexpect([22m[31mreceived[39m[2m).[22mtoEqual[2m([22m[32mexpected[39m[2m) // deep equality[22m

    [32m- Expected  - 1[39m
    [31m+ Received  + 4[39m

    [32m- Array [][39m
    [31m+ Array [[39m
    [31m+   "[NAV] 1 of 2 in-page links land outside 113-181px (measured chrome 121px = header:121) — no single page-level cause identified; first: #Staffies-for-sale@1603px",[39m
    [31m+   "[SEM] 1 skipped heading level(s): H2→H4 at \"Uncompromising Health & Transparency\"",[39m
    [31m+ ][39m

      168 |       blocking.map((d) => `[${d.family}] ${d.message}`),
      169 |       `${target.slug} @ ${viewport}px`,
    > 170 |     ).toEqual([]);
          |       ^
      171 |   });
      172 | }
      173 |
        at /Users/apple/Downloads/BSUK/tests/render/pages.spec.ts:170:7

    Error Context: test-results/pages-blue-staffy-uk-breeders-vp375/error-context.md

  9) [vp375] › tests/render/pages.spec.ts:109:3 › privacy-policy-uk ────────────────────────────────

    Error: privacy-policy-uk @ 375px

    [2mexpect([22m[31mreceived[39m[2m).[22mtoEqual[2m([22m[32mexpected[39m[2m) // deep equality[22m

    [32m- Expected  - 1[39m
    [31m+ Received  + 3[39m

    [32m- Array [][39m
    [31m+ Array [[39m
    [31m+   "[SCHEMA] 1 visible date stamp(s): Last Updated: June 20, 2025 — freshness belongs in JSON-LD only",[39m
    [31m+ ][39m

      168 |       blocking.map((d) => `[${d.family}] ${d.message}`),
      169 |       `${target.slug} @ ${viewport}px`,
    > 170 |     ).toEqual([]);
          |       ^
      171 |   });
      172 | }
      173 |
        at /Users/apple/Downloads/BSUK/tests/render/pages.spec.ts:170:7

    Error Context: test-results/pages-privacy-policy-uk-vp375/error-context.md

  10) [vp375] › tests/render/pages.spec.ts:109:3 › uk-locations ────────────────────────────────────

    Error: uk-locations @ 375px

    [2mexpect([22m[31mreceived[39m[2m).[22mtoEqual[2m([22m[32mexpected[39m[2m) // deep equality[22m

    [32m- Expected  - 1[39m
    [31m+ Received  + 3[39m

    [32m- Array [][39m
    [31m+ Array [[39m
    [31m+   "[SCHEMA] no dateModified in any of the 3 JSON-LD block(s) — scripts/generate_page_dates.py feeds this",[39m
    [31m+ ][39m

      168 |       blocking.map((d) => `[${d.family}] ${d.message}`),
      169 |       `${target.slug} @ ${viewport}px`,
    > 170 |     ).toEqual([]);
          |       ^
      171 |   });
      172 | }
      173 |
        at /Users/apple/Downloads/BSUK/tests/render/pages.spec.ts:170:7

    Error Context: test-results/pages-uk-locations-vp375/error-context.md

  11) [vp375] › tests/render/pages.spec.ts:109:3 › uk-locations/blue-staffy-puppies-birmingham ─────

    Error: uk-locations/blue-staffy-puppies-birmingham @ 375px

    [2mexpect([22m[31mreceived[39m[2m).[22mtoEqual[2m([22m[32mexpected[39m[2m) // deep equality[22m

    [32m- Expected  - 1[39m
    [31m+ Received  + 3[39m

    [32m- Array [][39m
    [31m+ Array [[39m
    [31m+   "[SCHEMA] no dateModified in any of the 3 JSON-LD block(s) — scripts/generate_page_dates.py feeds this",[39m
    [31m+ ][39m

      168 |       blocking.map((d) => `[${d.family}] ${d.message}`),
      169 |       `${target.slug} @ ${viewport}px`,
    > 170 |     ).toEqual([]);
          |       ^
      171 |   });
      172 | }
      173 |
        at /Users/apple/Downloads/BSUK/tests/render/pages.spec.ts:170:7

    Error Context: test-results/pages-uk-locations-blue-staffy-puppies-birmingham-vp375/error-context.md

  12) [vp375] › tests/render/pages.spec.ts:109:3 › uk-locations/blue-staffy-puppies-uk ─────────────

    Error: uk-locations/blue-staffy-puppies-uk @ 375px

    [2mexpect([22m[31mreceived[39m[2m).[22mtoEqual[2m([22m[32mexpected[39m[2m) // deep equality[22m

    [32m- Expected  - 1[39m
    [31m+ Received  + 3[39m

    [32m- Array [][39m
    [31m+ Array [[39m
    [31m+   "[NAV] 1 of 2 in-page links land outside 113-181px (measured chrome 121px = header:121) — no single page-level cause identified; first: #Staffy-adoption@2729px",[39m
    [31m+ ][39m

      168 |       blocking.map((d) => `[${d.family}] ${d.message}`),
      169 |       `${target.slug} @ ${viewport}px`,
    > 170 |     ).toEqual([]);
          |       ^
      171 |   });
      172 | }
      173 |
        at /Users/apple/Downloads/BSUK/tests/render/pages.spec.ts:170:7

    Error Context: test-results/pages-uk-locations-blue-staffy-puppies-uk-vp375/error-context.md

  13) [vp375] › tests/render/pages.spec.ts:109:3 › blue-staffy-blog-guides ─────────────────────────

    Error: blue-staffy-blog-guides @ 375px

    [2mexpect([22m[31mreceived[39m[2m).[22mtoEqual[2m([22m[32mexpected[39m[2m) // deep equality[22m

    [32m- Expected  - 1[39m
    [31m+ Received  + 3[39m

    [32m- Array [][39m
    [31m+ Array [[39m
    [31m+   "[SCHEMA] no dateModified in any of the 4 JSON-LD block(s) — scripts/generate_page_dates.py feeds this",[39m
    [31m+ ][39m

      168 |       blocking.map((d) => `[${d.family}] ${d.message}`),
      169 |       `${target.slug} @ ${viewport}px`,
    > 170 |     ).toEqual([]);
          |       ^
      171 |   });
      172 | }
      173 |
        at /Users/apple/Downloads/BSUK/tests/render/pages.spec.ts:170:7

    Error Context: test-results/pages-blue-staffy-blog-guides-vp375/error-context.md

  14) [vp375] › tests/render/pages.spec.ts:109:3 › blog ────────────────────────────────────────────

    Error: blog @ 375px

    [2mexpect([22m[31mreceived[39m[2m).[22mtoEqual[2m([22m[32mexpected[39m[2m) // deep equality[22m

    [32m- Expected  - 1[39m
    [31m+ Received  + 3[39m

    [32m- Array [][39m
    [31m+ Array [[39m
    [31m+   "[SCHEMA] no dateModified in any of the 3 JSON-LD block(s) — scripts/generate_page_dates.py feeds this",[39m
    [31m+ ][39m

      168 |       blocking.map((d) => `[${d.family}] ${d.message}`),
      169 |       `${target.slug} @ ${viewport}px`,
    > 170 |     ).toEqual([]);
          |       ^
      171 |   });
      172 | }
      173 |
        at /Users/apple/Downloads/BSUK/tests/render/pages.spec.ts:170:7

    Error Context: test-results/pages-blog-vp375/error-context.md

  15) [vp768] › tests/render/pages.spec.ts:109:3 › index ───────────────────────────────────────────

    Error: index @ 768px

    [2mexpect([22m[31mreceived[39m[2m).[22mtoEqual[2m([22m[32mexpected[39m[2m) // deep equality[22m

    [32m- Expected  - 1[39m
    [31m+ Received  + 4[39m

    [32m- Array [][39m
    [31m+ Array [[39m
    [31m+   "[IMG] 7 oversized image(s): mark-blue-staffy-london.webp natural=767 painted=319 2.40x | roman-card-800.webp natural=800 painted=348 2.30x | byrd-card-800.webp natural=800 painted=348 2.30x | ince-card-800.webp natural=800 painted=348 2.30x | vennie-card-800.webp natural=800 painted=348 2.30x | christa-card-800.webp natural=800 painted=348 2.30x | cheryl-card-800.webp natural=800 painted=348 2.30x",[39m
    [31m+   "[NAV] 1 of 3 in-page links land outside 67-135px (measured chrome 75px = header:75) — no single page-level cause identified; first: #Our-Blue-Staffies@4100px",[39m
    [31m+ ][39m

      168 |       blocking.map((d) => `[${d.family}] ${d.message}`),
      169 |       `${target.slug} @ ${viewport}px`,
    > 170 |     ).toEqual([]);
          |       ^
      171 |   });
      172 | }
      173 |
        at /Users/apple/Downloads/BSUK/tests/render/pages.spec.ts:170:7

    Error Context: test-results/pages-index-vp768/error-context.md

  16) [vp768] › tests/render/pages.spec.ts:109:3 › buy-blue-staffy-puppies-uk ──────────────────────

    Error: buy-blue-staffy-puppies-uk @ 768px

    [2mexpect([22m[31mreceived[39m[2m).[22mtoEqual[2m([22m[32mexpected[39m[2m) // deep equality[22m

    [32m- Expected  - 1[39m
    [31m+ Received  + 4[39m

    [32m- Array [][39m
    [31m+ Array [[39m
    [31m+   "[IMG] 6 oversized image(s): roman-card-800.webp natural=800 painted=348 2.30x | byrd-card-800.webp natural=800 painted=348 2.30x | ince-card-800.webp natural=800 painted=348 2.30x | vennie-card-800.webp natural=800 painted=348 2.30x | christa-card-800.webp natural=800 painted=348 2.30x | cheryl-card-800.webp natural=800 painted=348 2.30x",[39m
    [31m+   "[NAV] 2 of 3 in-page links land outside 67-135px (measured chrome 75px = header:75) — no single page-level cause identified; first: #get-staffy@1439px, #contact-now@47381px",[39m
    [31m+ ][39m

      168 |       blocking.map((d) => `[${d.family}] ${d.message}`),
      169 |       `${target.slug} @ ${viewport}px`,
    > 170 |     ).toEqual([]);
          |       ^
      171 |   });
      172 | }
      173 |
        at /Users/apple/Downloads/BSUK/tests/render/pages.spec.ts:170:7

    Error Context: test-results/pages-buy-blue-staffy-puppies-uk-vp768/error-context.md

  17) [vp768] › tests/render/pages.spec.ts:109:3 › blue-staffy-pup-sale-uk ─────────────────────────

    Error: blue-staffy-pup-sale-uk @ 768px

    [2mexpect([22m[31mreceived[39m[2m).[22mtoEqual[2m([22m[32mexpected[39m[2m) // deep equality[22m

    [32m- Expected  - 1[39m
    [31m+ Received  + 3[39m

    [32m- Array [][39m
    [31m+ Array [[39m
    [31m+   "[IMG] 1 oversized image(s): mark-blue-staffy-london.webp natural=767 painted=319 2.40x",[39m
    [31m+ ][39m

      168 |       blocking.map((d) => `[${d.family}] ${d.message}`),
      169 |       `${target.slug} @ ${viewport}px`,
    > 170 |     ).toEqual([]);
          |       ^
      171 |   });
      172 | }
      173 |
        at /Users/apple/Downloads/BSUK/tests/render/pages.spec.ts:170:7

    Error Context: test-results/pages-blue-staffy-pup-sale-uk-vp768/error-context.md

  18) [vp768] › tests/render/pages.spec.ts:109:3 › buy-staffy-puppies-for-sale-uk ──────────────────

    Error: buy-staffy-puppies-for-sale-uk @ 768px

    [2mexpect([22m[31mreceived[39m[2m).[22mtoEqual[2m([22m[32mexpected[39m[2m) // deep equality[22m

    [32m- Expected  - 1[39m
    [31m+ Received  + 4[39m

    [32m- Array [][39m
    [31m+ Array [[39m
    [31m+   "[LAYOUT] 1 control(s) under 24x24: a 105x20 \"Pets4Homes\"",[39m
    [31m+   "[IMG] 1 oversized image(s): best-blue-staffy-breeder-reviews-puppy-for-sale-uk.webp natural=768 painted=333 2.31x",[39m
    [31m+ ][39m

      168 |       blocking.map((d) => `[${d.family}] ${d.message}`),
      169 |       `${target.slug} @ ${viewport}px`,
    > 170 |     ).toEqual([]);
          |       ^
      171 |   });
      172 | }
      173 |
        at /Users/apple/Downloads/BSUK/tests/render/pages.spec.ts:170:7

    Error Context: test-results/pages-buy-staffy-puppies-for-sale-uk-vp768/error-context.md

  19) [vp768] › tests/render/pages.spec.ts:109:3 › available-puppies/roman ─────────────────────────

    Error: available-puppies/roman @ 768px

    [2mexpect([22m[31mreceived[39m[2m).[22mtoEqual[2m([22m[32mexpected[39m[2m) // deep equality[22m

    [32m- Expected  - 1[39m
    [31m+ Received  + 4[39m

    [32m- Array [][39m
    [31m+ Array [[39m
    [31m+   "[IMG] 1 oversized image(s): roman-portrait-4x5.webp natural=800 painted=344 2.33x",[39m
    [31m+   "[SCHEMA] no dateModified in any of the 4 JSON-LD block(s) — scripts/generate_page_dates.py feeds this",[39m
    [31m+ ][39m

      168 |       blocking.map((d) => `[${d.family}] ${d.message}`),
      169 |       `${target.slug} @ ${viewport}px`,
    > 170 |     ).toEqual([]);
          |       ^
      171 |   });
      172 | }
      173 |
        at /Users/apple/Downloads/BSUK/tests/render/pages.spec.ts:170:7

    Error Context: test-results/pages-available-puppies-roman-vp768/error-context.md

  20) [vp768] › tests/render/pages.spec.ts:109:3 › available-puppies ───────────────────────────────

    Error: available-puppies @ 768px

    [2mexpect([22m[31mreceived[39m[2m).[22mtoEqual[2m([22m[32mexpected[39m[2m) // deep equality[22m

    [32m- Expected  - 1[39m
    [31m+ Received  + 5[39m

    [32m- Array [][39m
    [31m+ Array [[39m
    [31m+   "[IMG] 6 oversized image(s): roman-card-800.webp natural=800 painted=348 2.30x | byrd-card-800.webp natural=800 painted=348 2.30x | ince-card-800.webp natural=800 painted=348 2.30x | vennie-card-800.webp natural=800 painted=348 2.30x | christa-card-800.webp natural=800 painted=348 2.30x | cheryl-card-800.webp natural=800 painted=348 2.30x",[39m
    [31m+   "[SEM] 1 skipped heading level(s): H1→H3 at \"Roman\"",[39m
    [31m+   "[SCHEMA] no dateModified in any of the 3 JSON-LD block(s) — scripts/generate_page_dates.py feeds this",[39m
    [31m+ ][39m

      168 |       blocking.map((d) => `[${d.family}] ${d.message}`),
      169 |       `${target.slug} @ ${viewport}px`,
    > 170 |     ).toEqual([]);
          |       ^
      171 |   });
      172 | }
      173 |
        at /Users/apple/Downloads/BSUK/tests/render/pages.spec.ts:170:7

    Error Context: test-results/pages-available-puppies-vp768/error-context.md

  21) [vp768] › tests/render/pages.spec.ts:109:3 › uk-blue-staffy-puppy-buying-guide ───────────────

    Error: uk-blue-staffy-puppy-buying-guide @ 768px

    [2mexpect([22m[31mreceived[39m[2m).[22mtoEqual[2m([22m[32mexpected[39m[2m) // deep equality[22m

    [32m- Expected  - 1[39m
    [31m+ Received  + 4[39m

    [32m- Array [][39m
    [31m+ Array [[39m
    [31m+   "[LAYOUT] 12 control(s) under 24x24: input 478x20 \"\" | input 323x20 \"\" | input 393x20 \"\" | input 267x20 \"\" | input 560x20 \"\" | input 518x20 \"\" | input 463x20 \"\" | input 530x20 \"\" | input 243x20 \"\" | input 600x20 \"\"",[39m
    [31m+   "[SEM] 1 skipped heading level(s): H2→H4 at \"Preparing Your Home Checklist\"",[39m
    [31m+ ][39m

      168 |       blocking.map((d) => `[${d.family}] ${d.message}`),
      169 |       `${target.slug} @ ${viewport}px`,
    > 170 |     ).toEqual([]);
          |       ^
      171 |   });
      172 | }
      173 |
        at /Users/apple/Downloads/BSUK/tests/render/pages.spec.ts:170:7

    Error Context: test-results/pages-uk-blue-staffy-puppy-buying-guide-vp768/error-context.md

  22) [vp768] › tests/render/pages.spec.ts:109:3 › uk-staffordshire-bull-terrier-guide ─────────────

    Error: uk-staffordshire-bull-terrier-guide @ 768px

    [2mexpect([22m[31mreceived[39m[2m).[22mtoEqual[2m([22m[32mexpected[39m[2m) // deep equality[22m

    [32m- Expected  - 1[39m
    [31m+ Received  + 3[39m

    [32m- Array [][39m
    [31m+ Array [[39m
    [31m+   "[NAV] 1 of 2 in-page links land outside 67-135px (measured chrome 75px = header:75) — no single page-level cause identified; first: #Staffy-sales@4722px",[39m
    [31m+ ][39m

      168 |       blocking.map((d) => `[${d.family}] ${d.message}`),
      169 |       `${target.slug} @ ${viewport}px`,
    > 170 |     ).toEqual([]);
          |       ^
      171 |   });
      172 | }
      173 |
        at /Users/apple/Downloads/BSUK/tests/render/pages.spec.ts:170:7

    Error Context: test-results/pages-uk-staffordshire-bull-terrier-guide-vp768/error-context.md

  23) [vp768] › tests/render/pages.spec.ts:109:3 › blue-staffy-health-uk ───────────────────────────

    Error: blue-staffy-health-uk @ 768px

    [2mexpect([22m[31mreceived[39m[2m).[22mtoEqual[2m([22m[32mexpected[39m[2m) // deep equality[22m

    [32m- Expected  - 1[39m
    [31m+ Received  + 3[39m

    [32m- Array [][39m
    [31m+ Array [[39m
    [31m+   "[NAV] 1 of 2 in-page links land outside 67-135px (measured chrome 75px = header:75) — no single page-level cause identified; first: #Staffy-sale@3413px",[39m
    [31m+ ][39m

      168 |       blocking.map((d) => `[${d.family}] ${d.message}`),
      169 |       `${target.slug} @ ${viewport}px`,
    > 170 |     ).toEqual([]);
          |       ^
      171 |   });
      172 | }
      173 |
        at /Users/apple/Downloads/BSUK/tests/render/pages.spec.ts:170:7

    Error Context: test-results/pages-blue-staffy-health-uk-vp768/error-context.md

  24) [vp768] › tests/render/pages.spec.ts:109:3 › blue-staffy-uk-breeders ─────────────────────────

    Error: blue-staffy-uk-breeders @ 768px

    [2mexpect([22m[31mreceived[39m[2m).[22mtoEqual[2m([22m[32mexpected[39m[2m) // deep equality[22m

    [32m- Expected  - 1[39m
    [31m+ Received  + 4[39m

    [32m- Array [][39m
    [31m+ Array [[39m
    [31m+   "[NAV] 1 of 2 in-page links land outside 67-135px (measured chrome 75px = header:75) — no single page-level cause identified; first: #Staffies-for-sale@1355px",[39m
    [31m+   "[SEM] 1 skipped heading level(s): H2→H4 at \"Uncompromising Health & Transparency\"",[39m
    [31m+ ][39m

      168 |       blocking.map((d) => `[${d.family}] ${d.message}`),
      169 |       `${target.slug} @ ${viewport}px`,
    > 170 |     ).toEqual([]);
          |       ^
      171 |   });
      172 | }
      173 |
        at /Users/apple/Downloads/BSUK/tests/render/pages.spec.ts:170:7

    Error Context: test-results/pages-blue-staffy-uk-breeders-vp768/error-context.md

  25) [vp768] › tests/render/pages.spec.ts:109:3 › privacy-policy-uk ───────────────────────────────

    Error: privacy-policy-uk @ 768px

    [2mexpect([22m[31mreceived[39m[2m).[22mtoEqual[2m([22m[32mexpected[39m[2m) // deep equality[22m

    [32m- Expected  - 1[39m
    [31m+ Received  + 3[39m

    [32m- Array [][39m
    [31m+ Array [[39m
    [31m+   "[SCHEMA] 1 visible date stamp(s): Last Updated: June 20, 2025 — freshness belongs in JSON-LD only",[39m
    [31m+ ][39m

      168 |       blocking.map((d) => `[${d.family}] ${d.message}`),
      169 |       `${target.slug} @ ${viewport}px`,
    > 170 |     ).toEqual([]);
          |       ^
      171 |   });
      172 | }
      173 |
        at /Users/apple/Downloads/BSUK/tests/render/pages.spec.ts:170:7

    Error Context: test-results/pages-privacy-policy-uk-vp768/error-context.md

  26) [vp768] › tests/render/pages.spec.ts:109:3 › uk-locations ────────────────────────────────────

    Error: uk-locations @ 768px

    [2mexpect([22m[31mreceived[39m[2m).[22mtoEqual[2m([22m[32mexpected[39m[2m) // deep equality[22m

    [32m- Expected  - 1[39m
    [31m+ Received  + 3[39m

    [32m- Array [][39m
    [31m+ Array [[39m
    [31m+   "[SCHEMA] no dateModified in any of the 3 JSON-LD block(s) — scripts/generate_page_dates.py feeds this",[39m
    [31m+ ][39m

      168 |       blocking.map((d) => `[${d.family}] ${d.message}`),
      169 |       `${target.slug} @ ${viewport}px`,
    > 170 |     ).toEqual([]);
          |       ^
      171 |   });
      172 | }
      173 |
        at /Users/apple/Downloads/BSUK/tests/render/pages.spec.ts:170:7

    Error Context: test-results/pages-uk-locations-vp768/error-context.md

  27) [vp768] › tests/render/pages.spec.ts:109:3 › uk-locations/blue-staffy-puppies-birmingham ─────

    Error: uk-locations/blue-staffy-puppies-birmingham @ 768px

    [2mexpect([22m[31mreceived[39m[2m).[22mtoEqual[2m([22m[32mexpected[39m[2m) // deep equality[22m

    [32m- Expected  - 1[39m
    [31m+ Received  + 3[39m

    [32m- Array [][39m
    [31m+ Array [[39m
    [31m+   "[SCHEMA] no dateModified in any of the 3 JSON-LD block(s) — scripts/generate_page_dates.py feeds this",[39m
    [31m+ ][39m

      168 |       blocking.map((d) => `[${d.family}] ${d.message}`),
      169 |       `${target.slug} @ ${viewport}px`,
    > 170 |     ).toEqual([]);
          |       ^
      171 |   });
      172 | }
      173 |
        at /Users/apple/Downloads/BSUK/tests/render/pages.spec.ts:170:7

    Error Context: test-results/pages-uk-locations-blue-staffy-puppies-birmingham-vp768/error-context.md

  28) [vp768] › tests/render/pages.spec.ts:109:3 › uk-locations/blue-staffy-puppies-uk ─────────────

    Error: uk-locations/blue-staffy-puppies-uk @ 768px

    [2mexpect([22m[31mreceived[39m[2m).[22mtoEqual[2m([22m[32mexpected[39m[2m) // deep equality[22m

    [32m- Expected  - 1[39m
    [31m+ Received  + 3[39m

    [32m- Array [][39m
    [31m+ Array [[39m
    [31m+   "[NAV] 1 of 2 in-page links land outside 67-135px (measured chrome 75px = header:75) — no single page-level cause identified; first: #Staffy-adoption@3431px",[39m
    [31m+ ][39m

      168 |       blocking.map((d) => `[${d.family}] ${d.message}`),
      169 |       `${target.slug} @ ${viewport}px`,
    > 170 |     ).toEqual([]);
          |       ^
      171 |   });
      172 | }
      173 |
        at /Users/apple/Downloads/BSUK/tests/render/pages.spec.ts:170:7

    Error Context: test-results/pages-uk-locations-blue-staffy-puppies-uk-vp768/error-context.md

  29) [vp768] › tests/render/pages.spec.ts:109:3 › blue-staffy-blog-guides ─────────────────────────

    Error: blue-staffy-blog-guides @ 768px

    [2mexpect([22m[31mreceived[39m[2m).[22mtoEqual[2m([22m[32mexpected[39m[2m) // deep equality[22m

    [32m- Expected  - 1[39m
    [31m+ Received  + 3[39m

    [32m- Array [][39m
    [31m+ Array [[39m
    [31m+   "[SCHEMA] no dateModified in any of the 4 JSON-LD block(s) — scripts/generate_page_dates.py feeds this",[39m
    [31m+ ][39m

      168 |       blocking.map((d) => `[${d.family}] ${d.message}`),
      169 |       `${target.slug} @ ${viewport}px`,
    > 170 |     ).toEqual([]);
          |       ^
      171 |   });
      172 | }
      173 |
        at /Users/apple/Downloads/BSUK/tests/render/pages.spec.ts:170:7

    Error Context: test-results/pages-blue-staffy-blog-guides-vp768/error-context.md

  30) [vp768] › tests/render/pages.spec.ts:109:3 › blog ────────────────────────────────────────────

    Error: blog @ 768px

    [2mexpect([22m[31mreceived[39m[2m).[22mtoEqual[2m([22m[32mexpected[39m[2m) // deep equality[22m

    [32m- Expected  - 1[39m
    [31m+ Received  + 3[39m

    [32m- Array [][39m
    [31m+ Array [[39m
    [31m+   "[SCHEMA] no dateModified in any of the 3 JSON-LD block(s) — scripts/generate_page_dates.py feeds this",[39m
    [31m+ ][39m

      168 |       blocking.map((d) => `[${d.family}] ${d.message}`),
      169 |       `${target.slug} @ ${viewport}px`,
    > 170 |     ).toEqual([]);
          |       ^
      171 |   });
      172 | }
      173 |
        at /Users/apple/Downloads/BSUK/tests/render/pages.spec.ts:170:7

    Error Context: test-results/pages-blog-vp768/error-context.md

  31) [vp1280] › tests/render/pages.spec.ts:109:3 › index ──────────────────────────────────────────

    Error: index @ 1280px

    [2mexpect([22m[31mreceived[39m[2m).[22mtoEqual[2m([22m[32mexpected[39m[2m) // deep equality[22m

    [32m- Expected  - 1[39m
    [31m+ Received  + 4[39m

    [32m- Array [][39m
    [31m+ Array [[39m
    [31m+   "[IMG] 7 oversized image(s): mark-blue-staffy-london.webp natural=760 painted=319 2.38x | roman-card-800.webp natural=800 painted=271 2.95x | byrd-card-800.webp natural=800 painted=271 2.95x | ince-card-800.webp natural=800 painted=271 2.95x | vennie-card-800.webp natural=800 painted=271 2.95x | christa-card-800.webp natural=800 painted=271 2.95x | cheryl-card-800.webp natural=800 painted=271 2.95x",[39m
    [31m+   "[NAV] 1 of 3 in-page links land outside 65-133px (measured chrome 73px = header:73) — no single page-level cause identified; first: #Our-Blue-Staffies@4097px",[39m
    [31m+ ][39m

      168 |       blocking.map((d) => `[${d.family}] ${d.message}`),
      169 |       `${target.slug} @ ${viewport}px`,
    > 170 |     ).toEqual([]);
          |       ^
      171 |   });
      172 | }
      173 |
        at /Users/apple/Downloads/BSUK/tests/render/pages.spec.ts:170:7

    Error Context: test-results/pages-index-vp1280/error-context.md

  32) [vp1280] › tests/render/pages.spec.ts:109:3 › buy-blue-staffy-puppies-uk ─────────────────────

    Error: buy-blue-staffy-puppies-uk @ 1280px

    [2mexpect([22m[31mreceived[39m[2m).[22mtoEqual[2m([22m[32mexpected[39m[2m) // deep equality[22m

    [32m- Expected  - 1[39m
    [31m+ Received  + 4[39m

    [32m- Array [][39m
    [31m+ Array [[39m
    [31m+   "[IMG] 6 oversized image(s): roman-card-800.webp natural=800 painted=271 2.95x | byrd-card-800.webp natural=800 painted=271 2.95x | ince-card-800.webp natural=800 painted=271 2.95x | vennie-card-800.webp natural=800 painted=271 2.95x | christa-card-800.webp natural=800 painted=271 2.95x | cheryl-card-800.webp natural=800 painted=271 2.95x",[39m
    [31m+   "[NAV] 2 of 3 in-page links land outside 65-133px (measured chrome 73px = header:73) — no single page-level cause identified; first: #get-staffy@1437px, #contact-now@47378px",[39m
    [31m+ ][39m

      168 |       blocking.map((d) => `[${d.family}] ${d.message}`),
      169 |       `${target.slug} @ ${viewport}px`,
    > 170 |     ).toEqual([]);
          |       ^
      171 |   });
      172 | }
      173 |
        at /Users/apple/Downloads/BSUK/tests/render/pages.spec.ts:170:7

    Error Context: test-results/pages-buy-blue-staffy-puppies-uk-vp1280/error-context.md

  33) [vp1280] › tests/render/pages.spec.ts:109:3 › blue-staffy-pup-sale-uk ────────────────────────

    Error: blue-staffy-pup-sale-uk @ 1280px

    [2mexpect([22m[31mreceived[39m[2m).[22mtoEqual[2m([22m[32mexpected[39m[2m) // deep equality[22m

    [32m- Expected  - 1[39m
    [31m+ Received  + 3[39m

    [32m- Array [][39m
    [31m+ Array [[39m
    [31m+   "[IMG] 1 oversized image(s): mark-blue-staffy-london.webp natural=760 painted=319 2.38x",[39m
    [31m+ ][39m

      168 |       blocking.map((d) => `[${d.family}] ${d.message}`),
      169 |       `${target.slug} @ ${viewport}px`,
    > 170 |     ).toEqual([]);
          |       ^
      171 |   });
      172 | }
      173 |
        at /Users/apple/Downloads/BSUK/tests/render/pages.spec.ts:170:7

    Error Context: test-results/pages-blue-staffy-pup-sale-uk-vp1280/error-context.md

  34) [vp1280] › tests/render/pages.spec.ts:109:3 › buy-staffy-puppies-for-sale-uk ─────────────────

    Error: buy-staffy-puppies-for-sale-uk @ 1280px

    [2mexpect([22m[31mreceived[39m[2m).[22mtoEqual[2m([22m[32mexpected[39m[2m) // deep equality[22m

    [32m- Expected  - 1[39m
    [31m+ Received  + 4[39m

    [32m- Array [][39m
    [31m+ Array [[39m
    [31m+   "[LAYOUT] 1 control(s) under 24x24: a 105x20 \"Pets4Homes\"",[39m
    [31m+   "[IMG] 1 oversized image(s): best-blue-staffy-breeder-reviews-puppy-for-sale-uk.webp natural=760 painted=333 2.28x",[39m
    [31m+ ][39m

      168 |       blocking.map((d) => `[${d.family}] ${d.message}`),
      169 |       `${target.slug} @ ${viewport}px`,
    > 170 |     ).toEqual([]);
          |       ^
      171 |   });
      172 | }
      173 |
        at /Users/apple/Downloads/BSUK/tests/render/pages.spec.ts:170:7

    Error Context: test-results/pages-buy-staffy-puppies-for-sale-uk-vp1280/error-context.md

  35) [vp1280] › tests/render/pages.spec.ts:109:3 › available-puppies/roman ────────────────────────

    Error: available-puppies/roman @ 1280px

    [2mexpect([22m[31mreceived[39m[2m).[22mtoEqual[2m([22m[32mexpected[39m[2m) // deep equality[22m

    [32m- Expected  - 1[39m
    [31m+ Received  + 3[39m

    [32m- Array [][39m
    [31m+ Array [[39m
    [31m+   "[SCHEMA] no dateModified in any of the 4 JSON-LD block(s) — scripts/generate_page_dates.py feeds this",[39m
    [31m+ ][39m

      168 |       blocking.map((d) => `[${d.family}] ${d.message}`),
      169 |       `${target.slug} @ ${viewport}px`,
    > 170 |     ).toEqual([]);
          |       ^
      171 |   });
      172 | }
      173 |
        at /Users/apple/Downloads/BSUK/tests/render/pages.spec.ts:170:7

    Error Context: test-results/pages-available-puppies-roman-vp1280/error-context.md

  36) [vp1280] › tests/render/pages.spec.ts:109:3 › available-puppies ──────────────────────────────

    Error: available-puppies @ 1280px

    [2mexpect([22m[31mreceived[39m[2m).[22mtoEqual[2m([22m[32mexpected[39m[2m) // deep equality[22m

    [32m- Expected  - 1[39m
    [31m+ Received  + 5[39m

    [32m- Array [][39m
    [31m+ Array [[39m
    [31m+   "[IMG] 6 oversized image(s): roman-card-800.webp natural=800 painted=271 2.95x | byrd-card-800.webp natural=800 painted=271 2.95x | ince-card-800.webp natural=800 painted=271 2.95x | vennie-card-800.webp natural=800 painted=271 2.95x | christa-card-800.webp natural=800 painted=271 2.95x | cheryl-card-800.webp natural=800 painted=271 2.95x",[39m
    [31m+   "[SEM] 1 skipped heading level(s): H1→H3 at \"Roman\"",[39m
    [31m+   "[SCHEMA] no dateModified in any of the 3 JSON-LD block(s) — scripts/generate_page_dates.py feeds this",[39m
    [31m+ ][39m

      168 |       blocking.map((d) => `[${d.family}] ${d.message}`),
      169 |       `${target.slug} @ ${viewport}px`,
    > 170 |     ).toEqual([]);
          |       ^
      171 |   });
      172 | }
      173 |
        at /Users/apple/Downloads/BSUK/tests/render/pages.spec.ts:170:7

    Error Context: test-results/pages-available-puppies-vp1280/error-context.md

  37) [vp1280] › tests/render/pages.spec.ts:109:3 › uk-blue-staffy-puppy-buying-guide ──────────────

    Error: uk-blue-staffy-puppy-buying-guide @ 1280px

    [2mexpect([22m[31mreceived[39m[2m).[22mtoEqual[2m([22m[32mexpected[39m[2m) // deep equality[22m

    [32m- Expected  - 1[39m
    [31m+ Received  + 4[39m

    [32m- Array [][39m
    [31m+ Array [[39m
    [31m+   "[LAYOUT] 12 control(s) under 24x24: input 478x20 \"\" | input 323x20 \"\" | input 393x20 \"\" | input 267x20 \"\" | input 560x20 \"\" | input 518x20 \"\" | input 463x20 \"\" | input 530x20 \"\" | input 243x20 \"\" | input 600x20 \"\"",[39m
    [31m+   "[SEM] 1 skipped heading level(s): H2→H4 at \"Preparing Your Home Checklist\"",[39m
    [31m+ ][39m

      168 |       blocking.map((d) => `[${d.family}] ${d.message}`),
      169 |       `${target.slug} @ ${viewport}px`,
    > 170 |     ).toEqual([]);
          |       ^
      171 |   });
      172 | }
      173 |
        at /Users/apple/Downloads/BSUK/tests/render/pages.spec.ts:170:7

    Error Context: test-results/pages-uk-blue-staffy-puppy-buying-guide-vp1280/error-context.md

  38) [vp1280] › tests/render/pages.spec.ts:109:3 › uk-staffordshire-bull-terrier-guide ────────────

    Error: uk-staffordshire-bull-terrier-guide @ 1280px

    [2mexpect([22m[31mreceived[39m[2m).[22mtoEqual[2m([22m[32mexpected[39m[2m) // deep equality[22m

    [32m- Expected  - 1[39m
    [31m+ Received  + 3[39m

    [32m- Array [][39m
    [31m+ Array [[39m
    [31m+   "[NAV] 1 of 2 in-page links land outside 65-133px (measured chrome 73px = header:73) — no single page-level cause identified; first: #Staffy-sales@4720px",[39m
    [31m+ ][39m

      168 |       blocking.map((d) => `[${d.family}] ${d.message}`),
      169 |       `${target.slug} @ ${viewport}px`,
    > 170 |     ).toEqual([]);
          |       ^
      171 |   });
      172 | }
      173 |
        at /Users/apple/Downloads/BSUK/tests/render/pages.spec.ts:170:7

    Error Context: test-results/pages-uk-staffordshire-bull-terrier-guide-vp1280/error-context.md

  39) [vp1280] › tests/render/pages.spec.ts:109:3 › blue-staffy-health-uk ──────────────────────────

    Error: blue-staffy-health-uk @ 1280px

    [2mexpect([22m[31mreceived[39m[2m).[22mtoEqual[2m([22m[32mexpected[39m[2m) // deep equality[22m

    [32m- Expected  - 1[39m
    [31m+ Received  + 3[39m

    [32m- Array [][39m
    [31m+ Array [[39m
    [31m+   "[NAV] 1 of 2 in-page links land outside 65-133px (measured chrome 73px = header:73) — no single page-level cause identified; first: #Staffy-sale@3411px",[39m
    [31m+ ][39m

      168 |       blocking.map((d) => `[${d.family}] ${d.message}`),
      169 |       `${target.slug} @ ${viewport}px`,
    > 170 |     ).toEqual([]);
          |       ^
      171 |   });
      172 | }
      173 |
        at /Users/apple/Downloads/BSUK/tests/render/pages.spec.ts:170:7

    Error Context: test-results/pages-blue-staffy-health-uk-vp1280/error-context.md

  40) [vp1280] › tests/render/pages.spec.ts:109:3 › blue-staffy-uk-breeders ────────────────────────

    Error: blue-staffy-uk-breeders @ 1280px

    [2mexpect([22m[31mreceived[39m[2m).[22mtoEqual[2m([22m[32mexpected[39m[2m) // deep equality[22m

    [32m- Expected  - 1[39m
    [31m+ Received  + 4[39m

    [32m- Array [][39m
    [31m+ Array [[39m
    [31m+   "[NAV] 1 of 2 in-page links land outside 65-133px (measured chrome 73px = header:73) — no single page-level cause identified; first: #Staffies-for-sale@1353px",[39m
    [31m+   "[SEM] 1 skipped heading level(s): H2→H4 at \"Uncompromising Health & Transparency\"",[39m
    [31m+ ][39m

      168 |       blocking.map((d) => `[${d.family}] ${d.message}`),
      169 |       `${target.slug} @ ${viewport}px`,
    > 170 |     ).toEqual([]);
          |       ^
      171 |   });
      172 | }
      173 |
        at /Users/apple/Downloads/BSUK/tests/render/pages.spec.ts:170:7

    Error Context: test-results/pages-blue-staffy-uk-breeders-vp1280/error-context.md

  41) [vp1280] › tests/render/pages.spec.ts:109:3 › privacy-policy-uk ──────────────────────────────

    Error: privacy-policy-uk @ 1280px

    [2mexpect([22m[31mreceived[39m[2m).[22mtoEqual[2m([22m[32mexpected[39m[2m) // deep equality[22m

    [32m- Expected  - 1[39m
    [31m+ Received  + 3[39m

    [32m- Array [][39m
    [31m+ Array [[39m
    [31m+   "[SCHEMA] 1 visible date stamp(s): Last Updated: June 20, 2025 — freshness belongs in JSON-LD only",[39m
    [31m+ ][39m

      168 |       blocking.map((d) => `[${d.family}] ${d.message}`),
      169 |       `${target.slug} @ ${viewport}px`,
    > 170 |     ).toEqual([]);
          |       ^
      171 |   });
      172 | }
      173 |
        at /Users/apple/Downloads/BSUK/tests/render/pages.spec.ts:170:7

    Error Context: test-results/pages-privacy-policy-uk-vp1280/error-context.md

  42) [vp1280] › tests/render/pages.spec.ts:109:3 › uk-locations ───────────────────────────────────

    Error: uk-locations @ 1280px

    [2mexpect([22m[31mreceived[39m[2m).[22mtoEqual[2m([22m[32mexpected[39m[2m) // deep equality[22m

    [32m- Expected  - 1[39m
    [31m+ Received  + 3[39m

    [32m- Array [][39m
    [31m+ Array [[39m
    [31m+   "[SCHEMA] no dateModified in any of the 3 JSON-LD block(s) — scripts/generate_page_dates.py feeds this",[39m
    [31m+ ][39m

      168 |       blocking.map((d) => `[${d.family}] ${d.message}`),
      169 |       `${target.slug} @ ${viewport}px`,
    > 170 |     ).toEqual([]);
          |       ^
      171 |   });
      172 | }
      173 |
        at /Users/apple/Downloads/BSUK/tests/render/pages.spec.ts:170:7

    Error Context: test-results/pages-uk-locations-vp1280/error-context.md

  43) [vp1280] › tests/render/pages.spec.ts:109:3 › uk-locations/blue-staffy-puppies-birmingham ────

    Error: uk-locations/blue-staffy-puppies-birmingham @ 1280px

    [2mexpect([22m[31mreceived[39m[2m).[22mtoEqual[2m([22m[32mexpected[39m[2m) // deep equality[22m

    [32m- Expected  - 1[39m
    [31m+ Received  + 3[39m

    [32m- Array [][39m
    [31m+ Array [[39m
    [31m+   "[SCHEMA] no dateModified in any of the 3 JSON-LD block(s) — scripts/generate_page_dates.py feeds this",[39m
    [31m+ ][39m

      168 |       blocking.map((d) => `[${d.family}] ${d.message}`),
      169 |       `${target.slug} @ ${viewport}px`,
    > 170 |     ).toEqual([]);
          |       ^
      171 |   });
      172 | }
      173 |
        at /Users/apple/Downloads/BSUK/tests/render/pages.spec.ts:170:7

    Error Context: test-results/pages-uk-locations-blue-staffy-puppies-birmingham-vp1280/error-context.md

  44) [vp1280] › tests/render/pages.spec.ts:109:3 › uk-locations/blue-staffy-puppies-uk ────────────

    Error: uk-locations/blue-staffy-puppies-uk @ 1280px

    [2mexpect([22m[31mreceived[39m[2m).[22mtoEqual[2m([22m[32mexpected[39m[2m) // deep equality[22m

    [32m- Expected  - 1[39m
    [31m+ Received  + 3[39m

    [32m- Array [][39m
    [31m+ Array [[39m
    [31m+   "[NAV] 1 of 2 in-page links land outside 65-133px (measured chrome 73px = header:73) — no single page-level cause identified; first: #Staffy-adoption@3428px",[39m
    [31m+ ][39m

      168 |       blocking.map((d) => `[${d.family}] ${d.message}`),
      169 |       `${target.slug} @ ${viewport}px`,
    > 170 |     ).toEqual([]);
          |       ^
      171 |   });
      172 | }
      173 |
        at /Users/apple/Downloads/BSUK/tests/render/pages.spec.ts:170:7

    Error Context: test-results/pages-uk-locations-blue-staffy-puppies-uk-vp1280/error-context.md

  45) [vp1280] › tests/render/pages.spec.ts:109:3 › blue-staffy-blog-guides ────────────────────────

    Error: blue-staffy-blog-guides @ 1280px

    [2mexpect([22m[31mreceived[39m[2m).[22mtoEqual[2m([22m[32mexpected[39m[2m) // deep equality[22m

    [32m- Expected  - 1[39m
    [31m+ Received  + 3[39m

    [32m- Array [][39m
    [31m+ Array [[39m
    [31m+   "[SCHEMA] no dateModified in any of the 4 JSON-LD block(s) — scripts/generate_page_dates.py feeds this",[39m
    [31m+ ][39m

      168 |       blocking.map((d) => `[${d.family}] ${d.message}`),
      169 |       `${target.slug} @ ${viewport}px`,
    > 170 |     ).toEqual([]);
          |       ^
      171 |   });
      172 | }
      173 |
        at /Users/apple/Downloads/BSUK/tests/render/pages.spec.ts:170:7

    Error Context: test-results/pages-blue-staffy-blog-guides-vp1280/error-context.md

  46) [vp1280] › tests/render/pages.spec.ts:109:3 › blog ───────────────────────────────────────────

    Error: blog @ 1280px

    [2mexpect([22m[31mreceived[39m[2m).[22mtoEqual[2m([22m[32mexpected[39m[2m) // deep equality[22m

    [32m- Expected  - 1[39m
    [31m+ Received  + 3[39m

    [32m- Array [][39m
    [31m+ Array [[39m
    [31m+   "[SCHEMA] no dateModified in any of the 3 JSON-LD block(s) — scripts/generate_page_dates.py feeds this",[39m
    [31m+ ][39m

      168 |       blocking.map((d) => `[${d.family}] ${d.message}`),
      169 |       `${target.slug} @ ${viewport}px`,
    > 170 |     ).toEqual([]);
          |       ^
      171 |   });
      172 | }
      173 |
        at /Users/apple/Downloads/BSUK/tests/render/pages.spec.ts:170:7

    Error Context: test-results/pages-blog-vp1280/error-context.md

  46 failed
    [vp375] › tests/render/pages.spec.ts:109:3 › index ─────────────────────────────────────────────
    [vp375] › tests/render/pages.spec.ts:109:3 › buy-blue-staffy-puppies-uk ────────────────────────
    [vp375] › tests/render/pages.spec.ts:109:3 › available-puppies/roman ───────────────────────────
    [vp375] › tests/render/pages.spec.ts:109:3 › available-puppies ─────────────────────────────────
    [vp375] › tests/render/pages.spec.ts:109:3 › uk-blue-staffy-puppy-buying-guide ─────────────────
    [vp375] › tests/render/pages.spec.ts:109:3 › uk-staffordshire-bull-terrier-guide ───────────────
    [vp375] › tests/render/pages.spec.ts:109:3 › blue-staffy-health-uk ─────────────────────────────
    [vp375] › tests/render/pages.spec.ts:109:3 › blue-staffy-uk-breeders ───────────────────────────
    [vp375] › tests/render/pages.spec.ts:109:3 › privacy-policy-uk ─────────────────────────────────
    [vp375] › tests/render/pages.spec.ts:109:3 › uk-locations ──────────────────────────────────────
    [vp375] › tests/render/pages.spec.ts:109:3 › uk-locations/blue-staffy-puppies-birmingham ───────
    [vp375] › tests/render/pages.spec.ts:109:3 › uk-locations/blue-staffy-puppies-uk ───────────────
    [vp375] › tests/render/pages.spec.ts:109:3 › blue-staffy-blog-guides ───────────────────────────
    [vp375] › tests/render/pages.spec.ts:109:3 › blog ──────────────────────────────────────────────
    [vp768] › tests/render/pages.spec.ts:109:3 › index ─────────────────────────────────────────────
    [vp768] › tests/render/pages.spec.ts:109:3 › buy-blue-staffy-puppies-uk ────────────────────────
    [vp768] › tests/render/pages.spec.ts:109:3 › blue-staffy-pup-sale-uk ───────────────────────────
    [vp768] › tests/render/pages.spec.ts:109:3 › buy-staffy-puppies-for-sale-uk ────────────────────
    [vp768] › tests/render/pages.spec.ts:109:3 › available-puppies/roman ───────────────────────────
    [vp768] › tests/render/pages.spec.ts:109:3 › available-puppies ─────────────────────────────────
    [vp768] › tests/render/pages.spec.ts:109:3 › uk-blue-staffy-puppy-buying-guide ─────────────────
    [vp768] › tests/render/pages.spec.ts:109:3 › uk-staffordshire-bull-terrier-guide ───────────────
    [vp768] › tests/render/pages.spec.ts:109:3 › blue-staffy-health-uk ─────────────────────────────
    [vp768] › tests/render/pages.spec.ts:109:3 › blue-staffy-uk-breeders ───────────────────────────
    [vp768] › tests/render/pages.spec.ts:109:3 › privacy-policy-uk ─────────────────────────────────
    [vp768] › tests/render/pages.spec.ts:109:3 › uk-locations ──────────────────────────────────────
    [vp768] › tests/render/pages.spec.ts:109:3 › uk-locations/blue-staffy-puppies-birmingham ───────
    [vp768] › tests/render/pages.spec.ts:109:3 › uk-locations/blue-staffy-puppies-uk ───────────────
    [vp768] › tests/render/pages.spec.ts:109:3 › blue-staffy-blog-guides ───────────────────────────
    [vp768] › tests/render/pages.spec.ts:109:3 › blog ──────────────────────────────────────────────
    [vp1280] › tests/render/pages.spec.ts:109:3 › index ────────────────────────────────────────────
    [vp1280] › tests/render/pages.spec.ts:109:3 › buy-blue-staffy-puppies-uk ───────────────────────
    [vp1280] › tests/render/pages.spec.ts:109:3 › blue-staffy-pup-sale-uk ──────────────────────────
    [vp1280] › tests/render/pages.spec.ts:109:3 › buy-staffy-puppies-for-sale-uk ───────────────────
    [vp1280] › tests/render/pages.spec.ts:109:3 › available-puppies/roman ──────────────────────────
    [vp1280] › tests/render/pages.spec.ts:109:3 › available-puppies ────────────────────────────────
    [vp1280] › tests/render/pages.spec.ts:109:3 › uk-blue-staffy-puppy-buying-guide ────────────────
    [vp1280] › tests/render/pages.spec.ts:109:3 › uk-staffordshire-bull-terrier-guide ──────────────
    [vp1280] › tests/render/pages.spec.ts:109:3 › blue-staffy-health-uk ────────────────────────────
    [vp1280] › tests/render/pages.spec.ts:109:3 › blue-staffy-uk-breeders ──────────────────────────
    [vp1280] › tests/render/pages.spec.ts:109:3 › privacy-policy-uk ────────────────────────────────
    [vp1280] › tests/render/pages.spec.ts:109:3 › uk-locations ─────────────────────────────────────
    [vp1280] › tests/render/pages.spec.ts:109:3 › uk-locations/blue-staffy-puppies-birmingham ──────
    [vp1280] › tests/render/pages.spec.ts:109:3 › uk-locations/blue-staffy-puppies-uk ──────────────
    [vp1280] › tests/render/pages.spec.ts:109:3 › blue-staffy-blog-guides ──────────────────────────
    [vp1280] › tests/render/pages.spec.ts:109:3 › blog ─────────────────────────────────────────────
  5 passed (4.2m)
--- EXIT 1 : npm run test:render:pages ---
--- STEP: npm run sweep ---

> bsuk@0.1.0 sweep
> bash scripts/health-sweep.sh

BSUK HEALTH SWEEP — 2026-09-17 02:46:36

[1m== 1. GIT / DEPLOY STATE ==[0m
  branch: system-transfer
  [32mPASS[0m  No token embedded in remote URL
  [32mPASS[0m  No API token committed in tracked files
  [32mPASS[0m  .claude/settings.local.json is not tracked
  [33mWARN[0m  ? commit(s) committed but NOT pushed/deployed
  [33mWARN[0m  6 uncommitted file(s) (not deployed) — run: git status --short

[1m== 2. AGENT SYSTEM INTEGRITY ==[0m
  agents found: 36
  [32mPASS[0m  All 36 agents have name + description + model frontmatter
examined 36 agents; 0 problems
  [32mPASS[0m  Agent registry in sync
examined docs/reference/system-registry.md; 0 problems
  [32mPASS[0m  System registry in sync
  skills found: 53
examined 233 files; 0 problems
examined render-baseline-project2.md; 0 problems
  [32mPASS[0m  Render baseline report in sync

[1m== 3. ASTRO BUILD ==[0m
  [32mPASS[0m  Build succeeded — 49 page(s) built

[1m== 4. LIVE SITE ==[0m
  [31mFAIL[0m  / -> 000
  [31mFAIL[0m  /buy-blue-staffy-puppies-uk/ -> 000
  [31mFAIL[0m  /available-puppies/ -> 000
  [33mWARN[0m  www -> 000 (expected 301/308)

[1m== 5. BUILT-OUTPUT HYGIENE (dist/) ==[0m
  [32mPASS[0m  49 built pages scanned
  [32mPASS[0m  broken lazy-load GIF images: 0
  [32mPASS[0m  pages missing canonical: 0
  [32mPASS[0m  relative canonicals: 0

[1m== RESULT ==[0m
[31mONE OR MORE CRITICAL CHECKS FAILED — see above[0m
--- EXIT 1 : npm run sweep ---
--- STEP: npm run registry ---

> bsuk@0.1.0 registry
> python3 scripts/build_system_registry.py --check

examined docs/reference/system-registry.md; 0 problems
--- EXIT 0 : npm run registry ---
--- STEP: npm run baseline ---

> bsuk@0.1.0 baseline
> python3 scripts/render_baseline.py --check

examined render-baseline-project2.md; 0 problems
--- EXIT 0 : npm run baseline ---
--- STEP: release placeholder probe ---

> bsuk@0.1.0 check:placeholders
> python3 scripts/placeholder_check.py

# Placeholders (release build)
  SITE_URL_PLACEHOLDER       891 occurrence(s) in 112 file(s)
  PHONE_PLACEHOLDER           19 occurrence(s) in 12 file(s)
  FORMSPREE_ID_PLACEHOLDER     1 occurrence(s) in 1 file(s)
  LICENCE_CLAIM_PLACEHOLDER   634 occurrence(s) in 71 file(s)
  LEGAL_CLAIM_PLACEHOLDER    150 occurrence(s) in 67 file(s)
  TOTAL                     1695
  SITE_URL_PLACEHOLDER — .claude/agents/bsuk-about-builder.md
  SITE_URL_PLACEHOLDER — .claude/agents/bsuk-accessibility-fixer.md
  SITE_URL_PLACEHOLDER — .claude/agents/bsuk-agent-system-qa.md
  SITE_URL_PLACEHOLDER — .claude/agents/bsuk-angle-agent.md
  SITE_URL_PLACEHOLDER — .claude/agents/bsuk-batch-rebuilder.md
  SITE_URL_PLACEHOLDER — .claude/agents/bsuk-blog-post-agent.md
  SITE_URL_PLACEHOLDER — .claude/agents/bsuk-canonical-fixer.md
  SITE_URL_PLACEHOLDER — .claude/agents/bsuk-comparison-builder.md
  SITE_URL_PLACEHOLDER — .claude/agents/bsuk-contact-form-updater.md
  SITE_URL_PLACEHOLDER — .claude/agents/bsuk-content-architect.md
  SITE_URL_PLACEHOLDER — .claude/agents/bsuk-content-audit-agent.md
  SITE_URL_PLACEHOLDER — .claude/agents/bsuk-deploy-verifier.md
  SITE_URL_PLACEHOLDER — .claude/agents/bsuk-faq-agent.md
  SITE_URL_PLACEHOLDER — .claude/agents/bsuk-footer-standardizer.md
  SITE_URL_PLACEHOLDER — .claude/agents/bsuk-framework-agent.md
  SITE_URL_PLACEHOLDER — .claude/agents/bsuk-gsc-analytics.md
  SITE_URL_PLACEHOLDER — .claude/agents/bsuk-homepage-builder.md
  SITE_URL_PLACEHOLDER — .claude/agents/bsuk-hub-builder.md
  SITE_URL_PLACEHOLDER — .claude/agents/bsuk-image-pipeline.md
  SITE_URL_PLACEHOLDER — .claude/agents/bsuk-infographic-builder.md
  SITE_URL_PLACEHOLDER — … and 92 more
  PHONE_PLACEHOLDER — .claude/agents/bsuk-about-builder.md
  PHONE_PLACEHOLDER — .claude/agents/bsuk-contact-form-updater.md
  PHONE_PLACEHOLDER — .claude/agents/bsuk-keyword-verifier.md
  PHONE_PLACEHOLDER — .claude/agents/bsuk-seo-content-writer.md
  PHONE_PLACEHOLDER — .claude/skills/bsuk-aeo-pass/SKILL.md
  PHONE_PLACEHOLDER — .claude/skills/bsuk-final-page-pass/SKILL.md
  PHONE_PLACEHOLDER — .claude/skills/bsuk-footer-agent/SKILL.md
  PHONE_PLACEHOLDER — .claude/skills/bsuk-puppy-page-builder/SKILL.md
  PHONE_PLACEHOLDER — .claude/skills/bsuk-seo-master-checklist/SKILL.md
  PHONE_PLACEHOLDER — docs/reference/WORKFLOW.md
  PHONE_PLACEHOLDER — docs/reference/seo-rules.md
  PHONE_PLACEHOLDER — docs/reference/session-log.md
  FORMSPREE_ID_PLACEHOLDER — docs/reference/session-log.md
  LICENCE_CLAIM_PLACEHOLDER — .claude/agents/bsuk-about-builder.md
  LICENCE_CLAIM_PLACEHOLDER — .claude/agents/bsuk-accessibility-fixer.md
  LICENCE_CLAIM_PLACEHOLDER — .claude/agents/bsuk-agent-system-qa.md
  LICENCE_CLAIM_PLACEHOLDER — .claude/agents/bsuk-angle-agent.md
  LICENCE_CLAIM_PLACEHOLDER — .claude/agents/bsuk-batch-rebuilder.md
  LICENCE_CLAIM_PLACEHOLDER — .claude/agents/bsuk-blog-post-agent.md
  LICENCE_CLAIM_PLACEHOLDER — .claude/agents/bsuk-canonical-fixer.md
  LICENCE_CLAIM_PLACEHOLDER — .claude/agents/bsuk-comparison-builder.md
  LICENCE_CLAIM_PLACEHOLDER — .claude/agents/bsuk-contact-form-updater.md
  LICENCE_CLAIM_PLACEHOLDER — .claude/agents/bsuk-content-architect.md
  LICENCE_CLAIM_PLACEHOLDER — .claude/agents/bsuk-content-audit-agent.md
  LICENCE_CLAIM_PLACEHOLDER — .claude/agents/bsuk-deploy-verifier.md
  LICENCE_CLAIM_PLACEHOLDER — .claude/agents/bsuk-faq-agent.md
  LICENCE_CLAIM_PLACEHOLDER — .claude/agents/bsuk-footer-standardizer.md
  LICENCE_CLAIM_PLACEHOLDER — .claude/agents/bsuk-framework-agent.md
  LICENCE_CLAIM_PLACEHOLDER — .claude/agents/bsuk-gsc-analytics.md
  LICENCE_CLAIM_PLACEHOLDER — .claude/agents/bsuk-homepage-builder.md
  LICENCE_CLAIM_PLACEHOLDER — .claude/agents/bsuk-hub-builder.md
  LICENCE_CLAIM_PLACEHOLDER — .claude/agents/bsuk-image-pipeline.md
  LICENCE_CLAIM_PLACEHOLDER — .claude/agents/bsuk-infographic-builder.md
  LICENCE_CLAIM_PLACEHOLDER — … and 51 more
  LEGAL_CLAIM_PLACEHOLDER — .claude/agents/bsuk-about-builder.md
  LEGAL_CLAIM_PLACEHOLDER — .claude/agents/bsuk-accessibility-fixer.md
  LEGAL_CLAIM_PLACEHOLDER — .claude/agents/bsuk-agent-system-qa.md
  LEGAL_CLAIM_PLACEHOLDER — .claude/agents/bsuk-angle-agent.md
  LEGAL_CLAIM_PLACEHOLDER — .claude/agents/bsuk-batch-rebuilder.md
  LEGAL_CLAIM_PLACEHOLDER — .claude/agents/bsuk-blog-post-agent.md
  LEGAL_CLAIM_PLACEHOLDER — .claude/agents/bsuk-canonical-fixer.md
  LEGAL_CLAIM_PLACEHOLDER — .claude/agents/bsuk-comparison-builder.md
  LEGAL_CLAIM_PLACEHOLDER — .claude/agents/bsuk-contact-form-updater.md
  LEGAL_CLAIM_PLACEHOLDER — .claude/agents/bsuk-content-architect.md
  LEGAL_CLAIM_PLACEHOLDER — .claude/agents/bsuk-content-audit-agent.md
  LEGAL_CLAIM_PLACEHOLDER — .claude/agents/bsuk-deploy-verifier.md
  LEGAL_CLAIM_PLACEHOLDER — .claude/agents/bsuk-faq-agent.md
  LEGAL_CLAIM_PLACEHOLDER — .claude/agents/bsuk-footer-standardizer.md
  LEGAL_CLAIM_PLACEHOLDER — .claude/agents/bsuk-framework-agent.md
  LEGAL_CLAIM_PLACEHOLDER — .claude/agents/bsuk-gsc-analytics.md
  LEGAL_CLAIM_PLACEHOLDER — .claude/agents/bsuk-homepage-builder.md
  LEGAL_CLAIM_PLACEHOLDER — .claude/agents/bsuk-hub-builder.md
  LEGAL_CLAIM_PLACEHOLDER — .claude/agents/bsuk-image-pipeline.md
  LEGAL_CLAIM_PLACEHOLDER — .claude/agents/bsuk-interactive-component.md
  LEGAL_CLAIM_PLACEHOLDER — … and 47 more
FAIL: BSUK_RELEASE=1 and 1695 placeholder occurrence(s) remain in dist/ and the instruction tree.
--- EXIT 1 : release placeholder probe ---
=================== END RUN 2 ===================
=========== PORTED GATES PASS 2 ===========
--- STEP: python3 scripts/final_page_audit.py ---
baseline-only FAIL pages: 0  (failing only all_six_levels, min_h5_5, min_h6_5 — the migration baseline)

Subjective (voice/humour/readability/tone) = manual spot-check.
--- EXIT 1 : python3 scripts/final_page_audit.py ---
--- STEP: python3 scripts/page_hardening_scan.py ---
      fix: ship a -320/-440/-760 sibling and add srcset+sizes

130 ERROR · 27 WARN
--- EXIT 0 : python3 scripts/page_hardening_scan.py ---
--- STEP: python3 scripts/dup_content_audit.py ---
  "you are we can get your new puppy to you safely frequently asked questions blue staffy puppies in"

FAIL — 135 duplicated passages ≥12 words.
--- EXIT 1 : python3 scripts/dup_content_audit.py ---
--- STEP: python3 scripts/aeo_audit.py --all ---

examined 49 pages; 37 problems (181 WARN)
baseline-only FAIL pages: 37  (failing only freshness — the migration baseline, excluded from the exit code); pages with a real ERROR: 0
--- EXIT 0 : python3 scripts/aeo_audit.py --all ---
--- STEP: python3 scripts/evidence_audit.py --all ---
  ERROR term budget: uk x53 in <main>, ceiling 6 for interior

examined 49 pages; 47 problems (2 WARN)
--- EXIT 1 : python3 scripts/evidence_audit.py --all ---
--- STEP: python3 scripts/form_contract_audit.py ---
examined 1 forms; 0 problems  (inquiry 1, in-scope 1, newsletter 0)
--- EXIT 0 : python3 scripts/form_contract_audit.py ---
=========== END PORTED GATES PASS 2 ===========
